Index,demand
0,0.024296615280792855
1,0.015635767519587958
2,0.0294325672228641
3,0.0664252476481622
4,0.1351909525679319
5,0.0
6,0.0203950759491599
7,0.219997
8,0.05189640694732897
9,0.0743373448819041
10,0.04207891475956081
11,0.27606356061040827
12,0.220016
13,0.0452764492629534
14,0.16082206710745928
15,0.0
16,0.11771888343089006
17,0.020008329868005
18,0.06353505105900902
19,0.08529147593340922
20,0.012876305057223645
21,0.030475451208704953
22,0.16018882232074594
23,0.09648987339581268
24,0.45740669438038095
25,0.20768160932031324
26,0.043628056806365084
27,0.10795353566498139
28,0.0221748755879852
29,0.012640584905613934
30,0.009037671593040315
31,0.031943080538210517
32,0.0028440370234091416
33,0.11901525087611205
34,0.220016
35,0.40681518712073683
36,0.1050365670768258
37,0.0
38,0.15508770634719948
39,0.12396718160558527
40,0.026012110588274996
41,0.02012939529905617
42,0.006795172546188314
43,0.01457034562868206
44,0.00272113806726108
45,0.03686139155791697
46,0.08050077037705955
47,0.350009
48,0.0898186276784242
49,0.19830485627406136
50,0.25612561108702125
51,0.0
52,0.0
53,0.219997
54,0.0017974509679313
55,0.06267227795567004
56,0.11316088297105936
57,0.023344190100009238
58,0.03495460648111248
59,0.04239490032100355
60,0.0
61,0.07059634936509498
62,0.15936711448035729
63,0.0411059674528331
64,0.00777559006409545
65,0.350009
66,0.03788515192251067
67,0.026757078799379302
68,0.05198204318594561
69,0.03890904022675186
70,0.01493335341049055
71,0.01979012348646648
72,0.00611659925178308
73,0.07095329038830529
74,0.08524403713842044
75,0.0402676953355742
76,0.05166815904023216
77,0.012344179543377728
78,0.20791366959223123
79,0.10257450284911655
80,0.002823942221996018
81,0.0044390897518506
82,0.007894238083853575
83,0.055253513330823484
84,0.013906024752856745
85,0.08790302293294176
86,0.15384734472936512
87,0.350009
88,0.09343168011605507
89,0.0196022213263769
90,0.01859770364731614
91,0.10012878357494635
92,0.11230993144151337
93,0.14173523798936533
94,0.219997
95,0.008824035487355823
96,0.009927333779599801
97,0.03056168196558216
98,0.010251114971807704
99,0.00886818331687304
100,0.04839249193620163
101,0.050781103959224985
102,0.025951303471800722
103,0.17073085831815846
104,0.05997526699304504
105,0.06485286571153796
106,0.0021581761260851436
107,0.07137099060118453
108,0.4485568402785091
109,0.04133947922977077
110,0.020870544929110182
111,0.0036774638524142496
112,0.06836446511601976
113,0.02880117272522154
114,0.0
115,0.1302028057599244
116,0.1192007346629913
117,0.17610352272016294
118,0.10047234711070424
119,0.01823923881052702
120,0.0
121,0.03798095414698492
122,0.04106102505838534
123,0.05371813345427927
124,0.00412049596839452
125,0.04740197255018836
126,0.05186846401958963
127,0.220016
128,0.04112478174688002
129,0.07457450146132155
130,0.05869966682406935
131,0.01789810007077968
132,0.03013925943333304
133,0.025806317737688413
134,0.07098072634181982
135,0.03943123691478913
136,0.08280122205337956
137,0.14886658530274824
138,0.280245617174011
139,0.056448995518805056
140,0.050978504550920664
141,0.05764808444435887
142,0.030055719469732234
143,0.007869323827739201
144,0.16308419547206982
145,0.04272714561655737
146,0.019356339599133625
147,0.02297426834231285
148,0.09011425041622403
149,0.039410997437781745
150,0.007341375716811628
151,0.041738183146364155
152,0.07837350419445135
153,0.10280526461593026
154,0.1860714917153854
155,0.18405579547403952
156,0.220016
157,0.10030178549607241
158,0.07720605598875464
159,0.013403385507702058
160,0.04714117308389017
161,0.061610874439466556
162,0.07947674766211729
163,0.028776054210773505
164,0.7877889299716263
165,0.21283093390627034
166,0.043657186297997544
167,0.15463435201124295
168,0.06866215120896849
169,0.09361809749107812
170,0.0009737791816419976
171,0.04025378290206956
172,0.008509663156947428
173,0.027919161581875178
174,0.026194766605319025
175,0.026703085691785287
176,0.05030837040532239
177,0.04328510871338451
178,0.11606559472770625
179,0.07815271973943712
180,0.1483229382148489
181,0.22199194574821923
182,0.350009
183,0.08722405471165517
184,0.03515453988655262
185,0.1025367993982464
186,0.025009794152296518
187,0.059851628101851
188,0.00784173055140315
189,0.022715868904017375
190,0.03409874170564449
191,0.1988023597809736
192,0.06445425020227318
193,0.13402495248751595
194,0.051693684874707664
195,0.11927214184626708
196,0.02978475488953511
197,0.015544537774421382
198,0.12027525636889017
199,0.048643646889645654
200,0.06481862704738404
201,0.0364936552738594
202,0.01765054652979079
203,0.038501747047655875
204,0.025757886243493854
205,0.06580938050993015
206,0.09950697603952063
207,0.1616996862281827
208,0.18890168849170494
209,0.219997
210,0.14047612233784823
211,0.10114407979512405
212,0.03927171931848261
213,0.12632628836441773
214,0.05315119490515391
215,0.009496776356394867
216,0.05666651593079572
217,0.11938941279370295
218,0.06808841854442153
219,0.028671711170122814
220,0.05694531992529636
221,0.05336146999073928
222,0.0
223,0.07569291066113312
224,0.12144065583429967
225,0.049757650320952425
226,0.08754212303302554
227,0.010205201688578754
228,0.0
229,0.05260038539530597
230,0.042458153240183934
231,0.04131175990124428
232,0.09551246449518294
233,0.1866614862351937
234,0.3022382158544948
235,0.1672320670101383
236,0.15955116408813397
237,0.07331119938195108
238,0.07108336737319354
239,0.13877802448261484
240,0.10897935549158404
241,0.09104091843086806
242,0.01249939139854181
243,0.33980779291754537
244,0.11056340947242857
245,0.12906233814413376
246,0.02368089950199162
247,0.14482067791379788
248,0.017985739620861342
249,0.05490446379963005
250,0.008634548278242378
251,0.015135585925130627
252,0.0370116095433048
253,0.055564948563481424
254,0.12611244722650314
255,0.08550114683502132
256,0.05385624863868903
257,0.1640093543195949
258,0.720986986448663
259,0.14224299790517353
260,0.012796428408147582
261,0.220016
262,0.09311739582251533
263,0.350009
264,0.17956398066341295
265,0.11341561129911276
266,0.006625288081407952
267,0.09230399826346336
268,0.0020174656385793
269,0.10831106688806726
270,0.220016
271,0.09966154491456697
272,0.350009
273,0.14601534202025127
274,0.061794767238571455
275,0.0035124282599837834
276,0.03366687384246674
277,0.054548837700072864
278,0.08524698201540205
279,0.0224150741681277
280,0.17574242527641246
281,0.25025428488889345
282,0.15885773411817006
283,0.07991459034931057
284,0.022623006438603356
285,0.14211549806497736
286,0.219997
287,0.220016
288,0.10663917377317364
289,0.09791404140655213
290,0.02522374321149987
291,0.01730409857344742
292,0.4744503291283737
293,0.005947137054589512
294,0.13540039435494938
295,0.26014032298791556
296,0.27211146580183593
297,0.0
298,0.0
299,0.03504558999661705
300,0.07431112258584245
301,0.1384600031393074
302,0.220016
303,0.1754477297283799
304,0.16715425762384784
305,0.349908
306,0.264379589424884
307,0.16296137246955306
308,0.23820436427148442
309,0.350009
310,0.0677586361622915
311,0.020433586058118985
312,0.07686271087082693
313,0.1278887719011108
314,0.04715998892578753
315,0.219997
316,0.8189511863008994
317,0.08094062637364575
318,0.11319160286551125
319,0.44487302120256844
320,0.0
321,0.03050237249266153
322,0.331106841465464
323,0.011584915551770849
324,0.05552609210775672
325,0.09765394079281031
326,0.035896454786307735
327,0.025522324355855844
328,0.18114240635206025
329,0.08275548478380114
330,0.12964349074480383
331,0.219997
332,0.219997
333,0.31619646085016895
334,0.339501853537856
335,0.14081765912509758
336,0.044625912913109494
337,0.30510060289398233
338,0.220016
339,0.1717740639248651
340,1.0
341,0.350009
342,0.3085048842527971
343,0.0292900086978575
344,0.13590426709563858
345,0.1154858077903822
346,0.029920979548166866
347,0.008902408015210833
348,0.01731188734299352
349,0.08553810417736106
350,0.007393641051607515
351,0.007024335167216122
352,0.031324534847080025
353,0.10604564272409384
354,0.17988933692525122
355,0.1920125899718331
356,0.1700416880961127
357,0.1067595757109174
358,0.21008908090845713
359,0.12362840927572302
360,0.03634566587606258
361,0.16300166190974458
362,0.220016
363,0.0402161757147134
364,0.07209349661725126
365,0.7589653898527005
366,0.8328079218904169
367,0.350009
368,0.008201799900660018
369,0.023738064909363
370,0.017170292357710018
371,0.02200793207830062
372,0.2711101165865474
373,0.04104370599728349
374,0.018375750661746213
375,0.05122377636690044
376,0.0317317015049464
377,0.05762687057148588
378,0.09158267724911856
379,0.0950556109513079
380,0.027933232744584428
381,0.26042138007788396
382,0.05210223258978516
383,0.06552838726712353
384,0.184151151728701
385,0.1917030096933714
386,0.10829282721596914
387,0.09341118017930533
388,0.11958629762647013
389,0.1140899938585683
390,0.026771859020748
391,0.14208106506684232
392,0.10562647158082876
393,0.1273434876678165
394,0.6845041135963046
395,1.0
396,0.350009
397,0.12628485277933682
398,0.030053581752671296
399,0.07776622920592831
400,0.08398486400570172
401,0.26851442353459437
402,0.03976436898643783
403,0.08067193682075939
404,0.040473998668093376
405,0.04297645159873775
406,0.14594509864904948
407,0.24801810655053722
408,0.07658723058334202
409,0.6280594571356416
410,0.220016
411,0.219997
412,0.219997
413,0.1815589392923804
414,0.08033314823006397
415,0.18649825667420622
416,0.05846507849223368
417,0.03601848697427756
418,0.012407026295831732
419,0.1260859516012799
420,0.11249440765200003
421,0.040954102417376015
422,0.09113100350918169
423,0.03703657205777435
424,0.9460460397553776
425,0.9987129917049317
426,0.8758172834243962
427,0.09975746945401202
428,0.03437822774926458
429,0.23091048003263506
430,0.19748857298336847
431,0.040651208082289544
432,0.004965315497115257
433,0.009381304552229333
434,0.010355044533872043
435,0.09767463809261057
436,0.16500829938604505
437,0.08821974082562849
438,0.417022989757837
439,0.6300891533684639
440,0.12606116903074077
441,0.19171791009188566
442,0.219997
443,0.3351699521126955
444,0.1247579301398394
445,0.220016
446,0.12462875991139957
447,0.042109126806064774
448,0.0657579342199309
449,0.12984830978317968
450,0.17840981360048516
451,0.09731502126984296
452,0.01915335291557254
453,0.34751576016398966
454,0.4003619884529311
455,0.1523943599746395
456,0.09295528476620044
457,0.026375726657517123
458,0.220016
459,0.0656159522022651
460,0.3183597861809634
461,0.018868231621533678
462,0.026694145219779388
463,0.03990829601996677
464,0.01423982394684994
465,0.031157096357558707
466,0.08967057235519471
467,0.059096274426945136
468,0.26200659513555397
469,1.0
470,0.4619141397656419
471,0.3812038179690597
472,0.18899165837554016
473,0.219997
474,0.26119698549816545
475,0.40618669438996935
476,0.12214522444566081
477,0.03435693105914172
478,0.052458248735790705
479,0.01086788210321961
480,0.220016
481,0.2121713727897176
482,0.07636523465110984
483,0.220016
484,0.28416373872319856
485,0.301530985098185
486,1.0
487,0.09493019911079027
488,0.05753468094649096
489,0.17885931409260764
490,0.220016
491,0.01636233389444601
492,0.055460074572920466
493,0.42551469049841484
494,0.006666784866839933
495,0.08686884596829388
496,0.09125832579590343
497,0.0667227167019155
498,0.07906559396616902
499,0.27612469107849624
500,0.5467162711690882
501,0.4221376265545208
502,0.8181963165634936
503,0.5092619771332166
504,0.219997
505,0.219997
506,0.31028138686173945
507,0.018944773175954374
508,0.0028656493704707995
509,0.1938524089576063
510,0.11642017583440763
511,0.06007202133551953
512,0.219997
513,0.18241201180934438
514,0.5539304219955181
515,0.219997
516,0.0007984792806468993
517,0.041462915598029004
518,0.16761219042065337
519,0.15973968188207305
520,0.10617221097187035
521,0.0262876936358271
522,0.0105039890110288
523,0.015687316026290046
524,0.0375213890730898
525,0.07403583997276203
526,0.1437274411274865
527,0.17262308255799186
528,0.21091251691170307
529,0.5485847842933782
530,1.0
531,0.5589470213777114
532,0.5123949261566167
533,0.9400156759631924
534,0.13102559529928848
535,0.004453697483630838
536,0.0021812764498004775
537,0.042553064048354156
538,0.1492107284313367
539,0.219997
540,0.04352300577021831
541,0.016195090640798448
542,0.05475931023772272
543,0.219997
544,0.054354473742520615
545,0.0017953374754754667
546,0.03988714537801193
547,0.18860799216595753
548,0.017545442835841
549,0.008552089203091667
550,0.06582435476851409
551,0.013133307613778398
552,0.0043004579689204766
553,0.05454834705054799
554,0.14815630741575705
555,0.06605208142542704
556,0.1505279381335935
557,0.33049354343151816
558,0.39982647917503644
559,0.350009
560,1.0
561,0.8380985150764837
562,0.44530797912951203
563,0.042482643513712434
564,0.0
565,0.038950918365887245
566,0.07154934248934644
567,0.1625298851527805
568,0.0
569,0.015909839556385932
570,0.47384563163235094
571,0.04407610570214716
572,0.03423789835599733
573,0.09032186153972509
574,0.09668019840973505
575,0.10228738468955029
576,0.028968782053998422
577,0.06249787608508663
578,0.016183298411655386
579,0.08755141218351709
580,0.012206238588908463
581,0.019891908885473535
582,0.02733249432917838
583,0.1301418136001543
584,0.21679128730036387
585,0.5243410271867646
586,0.4552892589064984
587,0.220016
588,1.0
589,0.48039797769879167
590,0.6443794145832947
591,0.219997
592,0.07847956734330246
593,0.040152356765739174
594,0.06010896898578183
595,0.06498352520072184
596,0.10282391478267386
597,0.07595558080443174
598,0.026740007799265123
599,0.5394004731087858
600,0.14672407504429666
601,0.2464841623789521
602,0.05256907812738122
603,0.07955278016636014
604,0.18133834549191263
605,0.21726766081498416
606,0.24889875293299193
607,0.02288435662607495
608,0.040954629020033516
609,0.05785081827742475
610,0.219997
611,0.6470951128760789
612,0.350009
613,0.349908
614,0.20065515025570993
615,0.4369577024913437
616,0.219997
617,0.1017245009787959
618,0.014303261218236562
619,0.09517279489268285
620,0.04159116985509709
621,0.13461240264934168
622,0.27564782851693037
623,0.04208913260028672
624,0.349908
625,0.09700554902900507
626,0.07557005046965186
627,0.1926065021679547
628,0.09252594058308097
629,0.04776203940083561
630,0.18456578167189167
631,0.219997
632,0.06652331511941816
633,0.220016
634,0.349908
635,0.1141164169491043
636,0.13109174385221262
637,0.02671337603422485
638,0.10144262410241603
639,0.11883288602830128
640,0.06631519848899235
641,0.1235006194337789
642,0.220016
643,0.1138213400486788
644,0.05213595114254571
645,0.007820898404494635
646,0.1839903591865597
647,0.013106081408343032
648,0.03552050920404095
649,0.04275750294539521
650,0.02699007176821736
651,0.031991415022123756
652,0.17348116837878882
653,0.07596396321885024
654,0.10110259059221856
655,0.011323001863113101
656,0.08307267551037377
657,0.219997
658,0.3990962871855208
659,0.350009
660,0.003001413093348234
661,0.04117297348568949
662,0.03469514556344355
663,0.032930680381117225
664,0.10812006115710027
665,0.01308123737801846
666,0.05624914278322041
667,0.14397351175793638
668,0.02699700585044207
669,0.034798181119253056
670,0.012948472981513482
671,0.03727227200455243
672,0.09864796248438742
673,0.14776887897542845
674,0.2618047342502121
675,0.016645592114600517
676,0.02583052053084984
677,0.10110119639256682
678,0.06286273689728808
679,0.1578370772871221
680,0.24120960538193992
681,0.041751315910888764
682,0.019720528038449
683,0.0
684,0.07475719648896903
685,0.03687672623658948
686,0.015447618067382977
687,0.08718988931837272
688,0.14167024166701242
689,0.027273528236048873
690,0.017376670828802288
691,0.0054025806199839
692,0.25931044837283046
693,0.028857838049115
694,0.03612913262225484
695,0.24539042907638614
696,0.1203072831673496
697,0.07309773243411076
698,0.02960828253612744
699,0.05356122465339166
700,0.10528439749521913
701,0.40885825970556866
702,0.04364774422921761
703,0.0
704,0.002657054043915901
705,0.08662398397801183
706,0.10257742471890195
707,0.11417065401052988
708,0.03805061717300154
709,0.219997
710,0.09642573403389024
711,0.04135728528102629
712,0.042285718681663316
713,0.06642642050444743
714,0.049412110006280124
715,0.219997
716,0.07004208991265515
717,0.015113938522549499
718,0.219997
719,0.031872400543458614
720,0.2090227584036386
721,0.07018380437704522
722,0.0306628417548385
723,0.3264691412587216
724,0.5831079004289184
725,0.23340050937886025
726,0.03667656486255677
727,0.07300793461860645
728,0.011529546693263736
729,0.09699627983254663
730,0.09472926267641535
731,0.08320283236225864
732,0.8574958957440297
733,0.06611957658341418
734,0.011209386975940731
735,0.11537113326295138
736,0.06948548616717792
737,0.09620608709090663
738,0.1769493184792437
739,0.4062796772943971
740,0.06754319534034614
741,0.12294492501792685
742,0.017205729365040074
743,0.03583366490055744
744,0.018753059516002556
745,0.14855667869223416
746,0.02877543186893437
747,0.00438905854761486
748,0.01632032358392687
749,0.08192368000721098
750,0.031533114727775584
751,0.0727117859285708
752,0.03170603857620051
753,0.020603079215382302
754,0.1349143926315733
755,0.05865871666028766
756,0.0175460272458168
757,0.04072180212208031
758,0.054869772092488514
759,0.10224593911033526
760,0.12010747828935933
761,0.0095306223420029
762,0.07608588215066331
763,0.48196189982899096
764,0.08054997615144066
765,0.12964625438533067
766,0.0423601578719646
767,0.05945560763161592
768,0.056814819986912
769,0.1930188124356373
770,0.04620617978199299
771,0.015691906430850267
772,0.01143589869641813
773,0.052876543539198045
774,0.11602536201226117
775,0.005580688243768141
776,0.220016
777,0.05573988905459197
778,0.0225409211398737
779,0.04095859653088185
780,0.27817058900454994
781,0.02972817367924189
782,0.0284158612771699
783,0.02047238172141685
784,0.08167831853908658
785,0.058605917053900336
786,0.220016
787,0.09901172146407812
788,0.005142660101189334
789,0.010107044405040866
790,0.1007967197624405
791,0.18757131992178805
792,0.12317756343825828
793,0.12950914067102998
794,0.06617360228069855
795,0.005253396467850039
796,0.0065563655398733385
797,0.10343923825023267
798,0.220016
799,0.11860291797062056
800,0.007535656517827729
801,0.042376448615532886
802,0.024785884238234336
803,0.0051350495202660855
804,0.04294389194038499
805,0.017272711481863767
806,0.03792880831819072
807,0.0
808,0.0113551106012267
809,0.00988209762947425
810,0.046542476208217096
811,0.02919663948470695
812,0.08767549324865576
813,0.08357840241089595
814,0.16237261866381225
815,0.0043917856106846
816,0.009423772527418368
817,0.06097310306452292
818,0.219997
819,0.019210633804353977
820,0.02250250683460411
821,0.010200006552436525
822,0.027960458391765104
823,0.03821110672159464
824,0.0109439917430486
825,0.02204630050296484
826,0.004788142936026483
827,0.013411628625566972
828,0.0083497162846558
829,0.0070731192390241
830,0.08512196108112521
831,0.06318133777192328
832,0.01346616996987675
833,0.0010758091836860495
834,0.006377422361805582
835,0.013144733524066171
836,0.019547528725338638
837,0.08181828796349103
838,0.06417061185636094
839,0.07917021391339332
840,0.008055763708405828
841,0.04302974514707426
842,0.0064835083799502
843,0.10989428977714186
844,0.013678534547898401
845,0.007584330820704904
846,0.04553170984965181
847,0.11422340273032357
848,0.032256370725618155
849,0.046558995151118575
850,0.11716553143393661
851,0.005764685369046756
852,0.09872309158089551
853,0.0055260468939038
854,0.018985961264067
855,0.051443767126226655
856,0.04750150574252261
857,0.14469662729766541
858,0.03195039213786442
859,0.033306213932957775
860,0.04598015054483351
861,0.0
862,0.009923048639625625
863,0.018127527058230182
864,0.02202600910919439
865,0.026972378081066582
866,0.011429786392172372
867,0.03243152085004336
868,0.0
869,0.044612325144875314
870,0.029382111579139846
871,0.12272895095137962
872,0.013190603950513802
873,0.062438990157583904
874,0.0206987019006654
875,0.017088697864156115
876,0.021955346959445912
877,0.07855777186869752
878,0.035173202683377855
879,0.0030822237480928986
880,0.04810782471531635
881,0.0
882,0.012168294051193814
883,0.16967094631895935
884,0.07948484794959117
885,0.011597373844348524
886,0.10198260935868703
887,0.0129439850184506
888,0.07177583259624395
889,0.0
890,0.05044313082719188
891,0.029517628587349198
892,0.078853414415605
893,0.0
894,0.05347790374437305
895,0.03329036260335696
896,0.039680868049375796
897,0.219997
898,0.06547058270250358
899,0.05576416683976287
900,0.1321020471792608
901,0.14295047036405947
902,0.220016
903,0.0279782225960746
904,0.0386016375465154
905,0.219997
906,0.0
907,0.350009
908,0.044219291967078606
909,0.11684475433882291
910,0.06643899670496885
911,0.009336104508840168
912,0.012876305057223645
913,0.220016
914,0.09648987339581268
915,0.42890606049375624
916,0.07353521389168034
917,0.043628056806365084
918,0.2064973973736872
919,0.0
920,0.03371350721178071
921,0.0
922,0.013348327763099847
923,0.044322218585640595
924,0.11591133854547675
925,0.11391491558347827
926,0.04369267633783634
927,0.350009
928,0.056768786469836
929,0.001886431275151753
930,0.0483985099278225
931,0.0690228522814927
932,0.19367692644471818
933,0.011973431054359714
934,0.031008721772751355
935,0.004966607978272079
936,0.04856313423714147
937,0.03110930222551695
938,0.350009
939,0.1061327494892868
940,0.044846862359489176
941,0.349908
942,0.0
943,0.350009
944,0.001995399478669
945,0.02198000687567045
946,0.13163928257732926
947,0.03170364328762623
948,0.0
949,0.056442553129733244
950,0.0013660064153145999
951,0.10551594644057177
952,0.1760338632676054
953,0.0406584901932789
954,0.0
955,0.008579748235540703
956,0.3004774045021043
957,0.025828656821786075
958,0.00759220457121847
959,0.0445816842326122
960,0.04407930714762291
961,0.06846009605643676
962,0.04373549973604695
963,0.03882054200468448
964,0.1141282628435781
965,0.0070971294385531
966,0.03866274723827659
967,0.03870762923396606
968,0.05813691709328034
969,0.13845008069856723
970,0.0
971,0.0015136537978125
972,0.007894238083853575
973,0.1151790166445475
974,0.220016
975,0.008534432524610744
976,0.04213390776770866
977,0.16988896737607972
978,0.3203806812696106
979,0.07782965046602766
980,0.059740950225761084
981,0.0129036761289456
982,0.010380026232909243
983,0.006102241876481225
984,0.07234251169582856
985,0.013209111547646101
986,0.06065166652903878
987,0.220016
988,0.24865004832721033
989,0.040332694038823294
990,0.017249073306417458
991,0.010251114971807704
992,0.00886818331687304
993,0.03696804482886719
994,0.04461251898716495
995,0.14685445226792998
996,0.003062447682036753
997,0.08799034389242635
998,0.0
999,0.0150369271986387
1000,0.08690020130910982
1001,0.45453891180475814
1002,0.0069972013605059
1003,0.02756761804329877
1004,0.005368669327453352
1005,0.00200461235544005
1006,0.031748879717468585
1007,0.07193095561395103
1008,0.0
1009,0.06632424522310389
1010,0.11226916645828358
1011,0.11701256416777564
1012,0.05248115477174075
1013,0.01093712367949582
1014,0.010912772222899821
1015,0.027483753807499522
1016,0.04186318440884955
1017,0.03340234374073077
1018,0.00412049596839452
1019,0.041865279470450156
1020,0.06457870110259693
1021,0.220016
1022,0.04018276174990765
1023,0.07636962280893934
1024,0.047725264872014055
1025,0.026529825630930332
1026,0.03012529561275264
1027,0.033833206789497916
1028,0.03552361857519401
1029,0.015477409360589427
1030,0.11451802434190456
1031,0.16852878732507734
1032,0.220016
1033,0.06708650771282605
1034,0.09969680354791037
1035,0.09557194216449455
1036,0.05738771303894888
1037,0.0
1038,0.019933666096163004
1039,0.11067312804519223
1040,0.014562962018178967
1041,0.023487847632422253
1042,0.09489774692017293
1043,0.050418900392163644
1044,0.020808725781179746
1045,0.05320635048617935
1046,0.12458301423236315
1047,0.12955687598215015
1048,0.220016
1049,0.220016
1050,0.220016
1051,0.06583055439496072
1052,0.10008438378388015
1053,0.03278076590344606
1054,0.07236512499004608
1055,0.06899871862156395
1056,0.08061331816388669
1057,0.0426364264955206
1058,0.8344765757162956
1059,0.16679961075290056
1060,0.012362486427930135
1061,0.12253144572943957
1062,0.0884078001977214
1063,0.08506153071707562
1064,0.0463406458575353
1065,0.02853561277568356
1066,0.0101446970215811
1067,0.05855560287904118
1068,0.02482303969457218
1069,0.011813162863239045
1070,0.027937650623720424
1071,0.03340765944383099
1072,0.06877139835310869
1073,0.037972838090670105
1074,0.12270538756645714
1075,0.06290295472406682
1076,0.1615177276283545
1077,0.219997
1078,0.350009
1079,0.11650186176358177
1080,0.051356902966961826
1081,0.09250228787720702
1082,0.02757301948211452
1083,0.0569261677244348
1084,0.017679200389888197
1085,0.05522292805546807
1086,0.020313469103584194
1087,0.2067503745500541
1088,0.12724845410568128
1089,0.054527712150118555
1090,0.04022136810173816
1091,0.13335799151036828
1092,0.04069582566983166
1093,0.02978475488953511
1094,0.000646909201862981
1095,0.10703095835502546
1096,0.010101815159765493
1097,0.054486896859694954
1098,0.08196358316795814
1099,0.0491965479931585
1100,0.009945555627639147
1101,0.0160173001754331
1102,0.013215256358932375
1103,0.07054311338148825
1104,0.06284893342642255
1105,0.11776928294420234
1106,0.15103099495729744
1107,0.17682433989616786
1108,0.21010070438570294
1109,0.12312737883600194
1110,0.16638723247135573
1111,0.0410857908855114
1112,0.12097097626467312
1113,0.01036155683595351
1114,0.06640786819771301
1115,0.009496776356394867
1116,0.06281549672941042
1117,0.11046709719666285
1118,0.04649096506663604
1119,0.021088974243717414
1120,0.05681121761201686
1121,0.06782776180872009
1122,0.0
1123,0.07642718917820121
1124,0.15385634797973008
1125,0.057380573482489726
1126,0.06980963875659514
1127,0.019909362425792287
1128,0.014105546052687296
1129,0.07052422696340137
1130,0.010040973040330017
1131,0.03817846470903853
1132,0.04942932077053078
1133,0.10286078256221114
1134,0.1877677686396407
1135,0.350009
1136,0.1637663055172696
1137,0.18310541458638074
1138,0.07796748913437847
1139,0.12266477756415005
1140,0.14338520319323084
1141,0.11842424680715134
1142,0.07401275199083776
1143,0.0359572892507383
1144,0.02505334707853702
1145,0.2779421323283044
1146,0.09012366956953446
1147,0.10421895419186127
1148,0.041651258611459824
1149,0.0946727036217114
1150,0.017985739620861342
1151,0.019318308038750752
1152,0.008634548278242378
1153,0.030297937376114803
1154,0.05282018912453713
1155,0.14894775933011203
1156,0.08180412613669152
1157,0.07642448033089903
1158,0.20582399045171562
1159,0.709728280216863
1160,0.18223673152066072
1161,0.023492786041993383
1162,0.220016
1163,0.10587715413965854
1164,0.3268873473871312
1165,0.220016
1166,0.10962580806854105
1167,0.07263116109434276
1168,0.0368101450801684
1169,0.07244417426400616
1170,0.220016
1171,0.09261235757991707
1172,0.2618529123985782
1173,0.09696624271458447
1174,0.057943299409398547
1175,0.0
1176,0.011933791885436359
1177,0.014817873605771588
1178,0.024765443218439244
1179,0.09125963040277267
1180,0.06323338975441335
1181,0.039732121473950804
1182,0.18091570412400385
1183,0.219997
1184,0.16227441175443194
1185,0.09979796537469647
1186,0.043683603863742156
1187,0.14938762999604716
1188,0.2705837761465022
1189,0.2751066939690011
1190,0.08587107841423404
1191,0.0076191109012887
1192,0.06320939160867813
1193,0.02575928113799217
1194,0.04665695848843512
1195,0.5315778976311087
1196,0.02230231109618981
1197,0.1607258191485522
1198,0.32404348179238973
1199,0.2842698495647187
1200,0.0045947257204560655
1201,0.0008294802568826
1202,0.03708995107398525
1203,0.09052141757916224
1204,0.219997
1205,0.20958747795753283
1206,0.1650393967554995
1207,0.16287261643227055
1208,0.349908
1209,0.26967663935619457
1210,0.17999437212427583
1211,0.3071499785103579
1212,0.41284972855144897
1213,0.07725498108498359
1214,0.020433586058118985
1215,0.046648132492304525
1216,0.08762110014651113
1217,0.07982908043485613
1218,0.219997
1219,0.8757608658523551
1220,0.08094062637364575
1221,0.12908143589565363
1222,0.4417837298520487
1223,0.0
1224,0.008348436689027232
1225,0.349908
1226,0.0367779331141923
1227,0.00532934599684505
1228,0.028170366284386315
1229,0.13261214223306472
1230,0.0402637757856001
1231,0.03601522834821904
1232,0.004233996190908918
1233,0.16278913778725754
1234,0.07476823628890544
1235,0.12235494645797113
1236,0.219997
1237,0.219997
1238,0.3290237047707706
1239,0.36373553106850376
1240,0.220016
1241,0.0629225671184709
1242,0.33888361783506693
1243,0.220016
1244,0.21450821197912529
1245,1.0
1246,0.350009
1247,0.3158450437908026
1248,0.005835887699661316
1249,0.0176191368818995
1250,0.031972436730878184
1251,0.1154858077903822
1252,0.035082841089707564
1253,0.007534077565284466
1254,0.004030027957403034
1255,0.10744036952761177
1256,0.0030446530636367
1257,0.031324534847080025
1258,0.09776538005113473
1259,0.20552321738890172
1260,0.1649688017347195
1261,0.19050240582027372
1262,0.135246140082747
1263,0.21306387721853604
1264,0.15815744166415113
1265,0.033518868457604684
1266,0.219997
1267,0.24790345239618192
1268,0.0306198188609068
1269,0.09161548030134875
1270,0.8169207856880405
1271,0.9177249909794286
1272,0.3854594501500657
1273,0.008201799900660018
1274,0.029475532651196
1275,0.018804646613944216
1276,0.03301999216811992
1277,0.22305857471940063
1278,0.0934188674693086
1279,0.014288230201521413
1280,0.056975184901663437
1281,0.010842566180263217
1282,0.08211674218714128
1283,0.09638715849817225
1284,0.08947218936527031
1285,0.03511932320785274
1286,0.2866216596298413
1287,0.05210223258978516
1288,0.07398662765318713
1289,0.19334612040771648
1290,0.1538624887761248
1291,0.09453072299849544
1292,0.08108060504377054
1293,0.13598002145045646
1294,0.1281074251892406
1295,0.06298717486144109
1296,0.15236891121855362
1297,0.10529007453745186
1298,0.219997
1299,0.7620999128956241
1300,1.0
1301,0.4179259391087023
1302,0.03188020385587814
1303,0.11541354431920964
1304,0.04849988400873579
1305,0.220016
1306,0.031791307935641624
1307,0.21339556631085715
1308,0.07944027353909883
1309,0.053362669263024
1310,0.032048394306835676
1311,0.047410875360558755
1312,0.16570342308938385
1313,0.3001721689752888
1314,0.12500195451380264
1315,0.5629892602801498
1316,0.2263362389808252
1317,0.219997
1318,0.219997
1319,0.1417201417272769
1320,0.11634064912366188
1321,0.20886994224829475
1322,0.05150098684253979
1323,0.03881142370630576
1324,0.00565072581224153
1325,0.12391656337104907
1326,0.11259947121435904
1327,0.017667469641534414
1328,0.07817296220621447
1329,0.02761483125239285
1330,0.7828656423788323
1331,0.9987129917049317
1332,0.8758172834243962
1333,0.04002394122232687
1334,0.27713551616218396
1335,0.220016
1336,0.06700114898000824
1337,0.010480381897239733
1338,0.010495340330073643
1339,0.11630487817817656
1340,0.17923488854222908
1341,0.08948127974542339
1342,0.4226955220781943
1343,0.6637227468533449
1344,0.11754153924521879
1345,0.16060013150272115
1346,0.219997
1347,0.219997
1348,0.14654909800852223
1349,0.350009
1350,0.10332170546040377
1351,0.04035778214089227
1352,0.0580840985227947
1353,0.13997733039047638
1354,0.17179689925491595
1355,0.08304744275284387
1356,0.350009
1357,0.36045748828131796
1358,0.1303798086462524
1359,0.10258958843570204
1360,0.028781839501579982
1361,0.219997
1362,0.009187333772003899
1363,0.0708043486547761
1364,0.219997
1365,0.03278262382522393
1366,0.049762808572697784
1367,0.025876580940565067
1368,0.010911869129618638
1369,0.01667264478895491
1370,0.08812011944463051
1371,0.03974947557809104
1372,0.350009
1373,0.9899697225462483
1374,0.5096026587885502
1375,0.349908
1376,0.17774092424507365
1377,0.219997
1378,0.25168789450085005
1379,0.39246824055637064
1380,0.12573727076456792
1381,0.06807716761215252
1382,0.054969463489344506
1383,0.02464650069233061
1384,0.219997
1385,0.2331641314128472
1386,0.02224461127839774
1387,0.220016
1388,0.2931383014456014
1389,0.30830043192422774
1390,1.0
1391,0.07729383686544877
1392,0.04729363604427206
1393,0.14931087435309243
1394,0.1947208410205889
1395,0.023333389826645377
1396,0.05968057826205737
1397,0.39186794882249887
1398,0.09963194132768848
1399,0.08738723959131983
1400,0.0415848322262591
1401,0.08653211298229682
1402,0.219997
1403,0.5233230466360922
1404,0.349908
1405,0.8048518346761047
1406,0.5332361200952656
1407,0.219997
1408,0.3019062127715229
1409,0.30623692570106853
1410,0.0316616337358749
1411,0.1462299872246099
1412,0.07260324709385643
1413,0.060523582961742026
1414,0.220016
1415,0.2363692187861489
1416,0.07901696615489107
1417,0.6214936470318732
1418,0.2304623809797443
1419,0.0033415830490166327
1420,0.037745888508640704
1421,0.14791271785770158
1422,0.09633560094811144
1423,0.06339808734594675
1424,0.02295484006366095
1425,0.013722638897679499
1426,0.00552153018273525
1427,0.0342282062002989
1428,0.08668457813544912
1429,0.1258012363349766
1430,0.16384255717344356
1431,0.19558324163990928
1432,0.5424956720642368
1433,0.9912009014883534
1434,0.6341933780961254
1435,0.4548298985855438
1436,0.8749469395651459
1437,0.1313807284363476
1438,0.002433655988474939
1439,0.0
1440,0.06277050402347456
1441,0.13545100411782124
1442,0.219997
1443,0.085706505837134
1444,0.02304880438202335
1445,0.0799361016977599
1446,0.18085915505579003
1447,0.04340746554562049
1448,0.013477127076357828
1449,0.13621615085099226
1450,0.008552089203091667
1451,0.025028979827613387
1452,0.009838113071686798
1453,0.011358897088667552
1454,0.022620400849787378
1455,0.0639895877311453
1456,0.18536854303889536
1457,0.09120283989465114
1458,0.147188117031814
1459,0.3383410132178116
1460,0.349908
1461,0.350009
1462,1.0
1463,0.8428847140018607
1464,0.4361651937371147
1465,0.06875894672583054
1466,0.0
1467,0.034989739305422346
1468,0.07323612505836194
1469,0.13367757424239887
1470,0.011695465910295653
1471,0.029701346018998834
1472,0.5953470451344072
1473,0.06608725227442766
1474,0.027668419698323406
1475,0.0768598755325671
1476,0.06016443729309094
1477,0.07867048750565589
1478,0.03781523946385392
1479,0.07971758223449962
1480,0.017158757288430984
1481,0.04490593678848958
1482,0.03849902671841228
1483,0.1581853239934551
1484,0.19663749939633057
1485,0.52052667140345
1486,0.42758665440695787
1487,0.2202837819910224
1488,1.0
1489,0.4925173872057098
1490,0.5520389745001817
1491,0.17292308931299089
1492,0.06425592232605645
1493,0.03451176279995477
1494,0.06291442927946203
1495,0.09129184109138085
1496,0.10656713359935006
1497,0.01899903917114744
1498,0.03199577595684682
1499,0.5747048938271012
1500,0.11722324071854598
1501,0.350009
1502,0.053542049816141926
1503,0.10142367076552913
1504,0.14548149441789254
1505,0.15337381778766768
1506,0.18758358663507824
1507,0.04002884925538765
1508,0.048179432412201545
1509,0.3042416895108992
1510,0.6647173529405785
1511,0.350009
1512,0.48854340292366927
1513,0.17833666589846472
1514,0.47349606857410237
1515,0.219997
1516,0.0788272102266074
1517,0.048731424407793204
1518,0.08515990574299866
1519,0.022556521718134617
1520,0.11065085817328978
1521,0.2847932251283038
1522,0.013429759678770817
1523,0.349908
1524,0.04485360772622317
1525,0.07889672823949256
1526,0.17435627013437
1527,0.08451236645542767
1528,0.0431017210069428
1529,0.1659645475001041
1530,0.219997
1531,0.08533649889543335
1532,0.23700832718125592
1533,0.219997
1534,0.11423645040787958
1535,0.137087725734375
1536,0.01328313479251695
1537,0.10585268050056112
1538,0.07442793646545748
1539,0.06308180157133465
1540,0.06297725256979339
1541,0.220016
1542,0.0831083271175867
1543,0.07148056726787941
1544,0.1749297839677617
1545,0.010737796854096399
1546,0.0034602507705053
1547,0.0746056799950747
1548,0.03383137971309306
1549,0.05212234885307056
1550,0.18775001877258643
1551,0.03913666572312344
1552,0.10479147134370216
1553,0.0087339795502372
1554,0.07984553876872848
1555,0.219997
1556,0.41379931598704256
1557,0.2887056539771972
1558,0.008972596720391135
1559,0.02399474612873642
1560,0.08718401580496397
1561,0.02632534193803626
1562,0.1046184249179912
1563,0.06669689682869066
1564,0.02397531783301566
1565,0.008794875724266403
1566,0.013714978457835383
1567,0.051600968105584726
1568,0.0808787253489851
1569,0.14575409066082273
1570,0.145730943623551
1571,0.2771677457083398
1572,0.026213566103879517
1573,0.028622454826748044
1574,0.0882173952867252
1575,0.05506295160827309
1576,0.1753384132286619
1577,0.27183047008195416
1578,0.04381875151959106
1579,0.0383508813175856
1580,0.0
1581,0.07752250039109623
1582,0.03687672623658948
1583,0.020229293541726777
1584,0.08539277998790731
1585,0.15923620654531812
1586,0.04254914082443737
1587,0.0376233540466251
1588,0.008806054640945866
1589,0.20309896345913242
1590,0.0190547048884818
1591,0.0145325118115947
1592,0.04381385516511403
1593,0.219997
1594,0.1076249824200389
1595,0.08530773100582656
1596,0.023385391009887645
1597,0.05057337324412976
1598,0.13732635871457832
1599,0.33543637928230174
1600,0.02097765374297581
1601,0.020427081592899063
1602,0.05324886641835079
1603,0.03753501009879302
1604,0.09520126786817805
1605,0.11845742784995038
1606,0.04583964991187084
1607,0.19082750123197217
1608,0.10893538583757684
1609,0.045507360776654696
1610,0.01203243237430738
1611,0.05109975302527852
1612,0.04997000576132253
1613,0.23890949389677402
1614,0.07004208991265515
1615,0.015113938522549499
1616,0.219997
1617,0.030258333146576815
1618,0.219997
1619,0.07191486786830442
1620,0.0074590829539072
1621,0.02098224843001744
1622,0.3244822516216735
1623,0.7068580370313099
1624,0.219997
1625,0.04769131828930177
1626,0.04664738432324127
1627,0.045771257209970634
1628,0.034919986303733816
1629,0.10173011591185845
1630,0.10067346324649595
1631,0.08498927178370765
1632,0.8173876019545292
1633,0.07610369683531479
1634,0.00946000690328963
1635,0.07203553115010589
1636,0.10110595902980012
1637,0.046482319036549716
1638,0.1403600614280184
1639,0.4359374512023091
1640,0.060687795756059135
1641,0.09075986184990226
1642,0.034367522353773224
1643,0.018117094849883098
1644,0.02028022415340134
1645,0.04492238185147415
1646,0.14458122824938957
1647,0.03235904623743627
1648,0.009627536569746369
1649,0.09467078959675077
1650,0.037873607956579985
1651,0.02809011890711372
1652,0.04206540432103201
1653,0.023510270434635924
1654,0.0026409988711181007
1655,0.1187100764424635
1656,0.0108293698999726
1657,0.04162053869792651
1658,0.06140387015199222
1659,0.10297520551990627
1660,0.09991809349307473
1661,0.027515846527478516
1662,0.051484213971064306
1663,0.3897010613210897
1664,0.030965018402564375
1665,0.09972385376904258
1666,0.0706585075782639
1667,0.07074408418931602
1668,0.0615722131001568
1669,0.012244010844443223
1670,0.03293279729467384
1671,0.220016
1672,0.06264820758508079
1673,0.015691906430850267
1674,0.09954344466215134
1675,0.12486731744117607
1676,0.01862211759672835
1677,0.00814509593327815
1678,0.220016
1679,0.06062440195546116
1680,0.015718125597525702
1681,0.01549009008522165
1682,0.350009
1683,0.03268251741641031
1684,0.008159546544727335
1685,0.010707619611633152
1686,0.0108192390352094
1687,0.08100536034291708
1688,0.0015159103015845
1689,0.07545357772983904
1690,0.1780175568221801
1691,0.09161328379856781
1692,0.005142660101189334
1693,0.0422708505406911
1694,0.021623323464118764
1695,0.1157450363794494
1696,0.220016
1697,0.09846239293798859
1698,0.1216925118236204
1699,0.09624793478630846
1700,0.016904035591359508
1701,0.07597820123415194
1702,0.0294023961903487
1703,0.09134047741126167
1704,0.220016
1705,0.12515720918774226
1706,0.007535656517827729
1707,0.03209796721324379
1708,0.022005987577961985
1709,0.016539037646160687
1710,0.03409638955218694
1711,0.022248363115966868
1712,0.032737134784985515
1713,0.0035858042543307667
1714,0.0066114139688616385
1715,0.009163786307590599
1716,0.06878884872834026
1717,0.07491022921562106
1718,0.16731456570269776
1719,0.0043917856106846
1720,0.009423772527418368
1721,0.13026991505354463
1722,0.007940778533815085
1723,0.12774129102588028
1724,0.0010012248785571387
1725,0.01543842973719111
1726,0.013731860231580302
1727,0.06526189601949253
1728,0.0012752592506411
1729,0.031945360316478155
1730,0.013411628625566972
1731,0.0083497162846558
1732,0.0070731192390241
1733,0.08588804854328431
1734,0.04798868913456428
1735,0.01768625264452755
1736,0.04800264547845634
1737,0.008180773734639334
1738,0.005384389561115298
1739,0.013144733524066171
1740,0.023859252159208547
1741,0.12024656045270662
1742,0.05075860808076635
1743,0.08645202205291411
1744,0.008055763708405828
1745,0.008701800917093393
1746,0.05386064966980636
1747,0.01052517061805875
1748,0.034743229140492604
1749,0.0110378946447087
1750,0.09220466785534896
1751,0.0168650894189085
1752,0.007584330820704904
1753,0.04553170984965181
1754,0.09077288734370567
1755,0.055481510677297854
1756,0.04730769552105678
1757,0.06377742050122712
1758,0.005764685369046756
1759,0.11629419943319401
1760,0.0016351702635427987
1761,0.0019283687401877997
1762,0.04288768398776566
1763,0.0005326418130929011
1764,0.0651050309607383
1765,0.17837937042177704
1766,0.031277782178577664
1767,0.05519997952748592
1768,0.05042075772002797
1769,0.02680585075556831
1770,0.012031278247770082
1771,0.0064906242559873
1772,0.017379107013223382
1773,0.022308040645419535
1774,0.015357371457888
1775,0.018171985449287123
1776,0.01712928638076417
1777,0.01590604048024936
1778,0.00931273509973261
1779,0.0019785389932616
1780,0.031032101573622514
1781,0.034164142588853946
1782,0.006560547538566576
1783,0.219997
1784,0.050382691337569604
1785,0.0221369288813569
1786,0.047263674484178134
1787,0.006162414487516933
1788,0.017104233466039315
1789,0.06574127211781752
1790,0.047539645845818254
1791,0.005924877828970299
1792,0.028646363664426144
1793,0.007008422639053543
1794,0.012168294051193814
1795,0.054920443827885496
1796,0.16967094631895935
1797,0.13100099015048397
1798,0.008194594464830236
1799,0.016802251483719693
1800,0.11481277555957523
1801,0.0
1802,0.024296615280792855
1803,0.015635767519587958
1804,0.023295277113360567
1805,0.03800710373324767
1806,0.0777869961572806
1807,0.0
1808,0.0683586779259976
1809,0.004754464413744
1810,0.039680868049375796
1811,0.20960148545106866
1812,0.13219290112649182
1813,0.02665518215805904
1814,0.0808523673875499
1815,0.0011301487668914
1816,0.220016
1817,0.220016
1818,0.219997
1819,0.0
1820,0.08999475729358487
1821,0.03471820915849941
1822,0.0710660906005074
1823,0.08529147593340922
1824,0.0145407498581676
1825,0.0032077440158450243
1826,0.08555500199414554
1827,0.1528585674411268
1828,0.36590952353072437
1829,0.15085620519346193
1830,0.043628056806365084
1831,0.12463511125146329
1832,0.0
1833,0.0031610011563186
1834,0.01614291886427307
1835,0.03924346362752501
1836,0.00503793985318751
1837,0.06877946621764544
1838,0.005675359939708448
1839,0.0191065487111313
1840,0.13456990329694962
1841,0.219997
1842,0.220016
1843,0.350009
1844,0.044480941735740596
1845,0.17002993564319296
1846,0.219997
1847,0.02551884876685563
1848,0.0058961631146957055
1849,0.027384013500228555
1850,0.08395397958178757
1851,0.06522776138374795
1852,0.37828890153931316
1853,0.079832357660632
1854,0.12817573484659117
1855,0.45594855317119015
1856,0.0007931293415425061
1857,0.35762888308509694
1858,0.0026919230761101
1859,0.06328494619735334
1860,0.21557658776805458
1861,0.028397520170370436
1862,0.012023456857762776
1863,0.07152437280811236
1864,0.00027030261591049973
1865,0.024536235419995205
1866,0.09945711554231498
1867,0.219997
1868,0.08456732576705993
1869,0.1806801725006022
1870,0.220016
1871,0.04269136277380977
1872,0.0256000752669503
1873,0.04217877810063392
1874,0.11417396946235085
1875,0.04651399862697045
1876,0.014341781524600382
1877,0.1646458780803172
1878,0.033435943258404405
1879,0.033387809144142425
1880,0.0
1881,0.18692015147578422
1882,0.05197602401523427
1883,0.020543694567918026
1884,0.0034391960225149
1885,0.1867052682766171
1886,0.16283882080284223
1887,0.058016164307100465
1888,0.10699789657650711
1889,0.350009
1890,0.0056002016483506405
1891,0.10432495593013347
1892,0.0164052378768724
1893,0.001588384771255
1894,0.0025672510488182407
1895,0.049222453978516045
1896,0.0022291272949697
1897,0.07771656110378944
1898,0.13607167748051727
1899,0.14845828801053054
1900,0.220016
1901,0.021509821036492075
1902,0.0183867198683321
1903,0.048832257892526515
1904,0.009953764039254687
1905,0.025951303471800722
1906,0.18436204912212106
1907,0.0
1908,0.060908938971065245
1909,0.0191616967884007
1910,0.040806279550689495
1911,0.053507325543092926
1912,0.350009
1913,0.08203361083656302
1914,0.02195159915445215
1915,0.00304746203592845
1916,0.0636582603875117
1917,0.05861301659605704
1918,0.01969118393430493
1919,0.1210236444568148
1920,0.13520543362152648
1921,0.10594157716291905
1922,0.05984614610691994
1923,0.017367864374712022
1924,0.004351019823920066
1925,0.027110750650317022
1926,0.04985349360980115
1927,0.04471661382343416
1928,0.03423226949854946
1929,0.08338393226194332
1930,0.220016
1931,0.04018276174990765
1932,0.06752089124932664
1933,0.05155967510390226
1934,0.02774337908932938
1935,0.02561884178610204
1936,0.02459442403024491
1937,0.04384074715354101
1938,0.020616794821866926
1939,0.11715085648449435
1940,0.11908229653374304
1941,0.350009
1942,0.07552052384474166
1943,0.08202801189130446
1944,0.08022557430218355
1945,0.06901095308475437
1946,0.0
1947,0.004580708975264001
1948,0.10250696899134625
1949,0.018068863507499366
1950,0.007733172642450251
1951,0.14912251387998474
1952,0.06148392267199374
1953,0.01427625109959913
1954,0.042683708501507954
1955,0.08760998324933356
1956,0.11849268774664855
1957,0.220016
1958,0.18889929778567302
1959,0.17718860449651222
1960,0.09955284259980351
1961,0.09733526367766035
1962,0.013522119194540059
1963,0.08174341189870807
1964,0.09903963420343985
1965,0.052862517275237685
1966,0.0337680744237403
1967,0.7706782332258184
1968,0.220016
1969,0.03127988641756875
1970,0.10834697075586336
1971,0.04518943341028129
1972,0.04931763392637552
1973,0.020987286073496
1974,0.007805453660381063
1975,0.008509663156947428
1976,0.04725649414028918
1977,0.02482303969457218
1978,0.04392255199692862
1979,0.016229781354038485
1980,0.05533539238879149
1981,0.0663479281918662
1982,0.10353254152820844
1983,0.06187376141006492
1984,0.1540472401076371
1985,0.220016
1986,0.28677446302154935
1987,0.08123588785194277
1988,0.030564519296139722
1989,0.06505844875817632
1990,0.049249272170571616
1991,0.0
1992,0.0
1993,0.07067513107938517
1994,0.021879863476541195
1995,0.1263974061282807
1996,0.051877035362589176
1997,0.07267694063194556
1998,0.027319783250173563
1999,0.10886485225348189
2000,0.05152011255181207
2001,0.04527329507291333
2002,0.02696399383594998
2003,0.14361693811483445
2004,0.010101815159765493
2005,0.06824101767399544
2006,0.080974511788386
2007,0.01765054652979079
2008,0.021847117089032676
2009,0.050720319185502155
2010,0.09033170467769185
2011,0.13148056993105084
2012,0.20500855068195262
2013,0.15590793149098495
2014,0.22128891883151136
2015,0.14374091467334144
2016,0.15384394635137755
2017,0.043595275498086394
2018,0.09925567631192292
2019,0.01036155683595351
2020,0.05163594703836561
2021,0.06135569449448422
2022,0.08419800949976065
2023,0.031136376137663235
2024,0.050518812610922816
2025,0.06367681389911237
2026,0.04159176801254597
2027,0.008407206234908952
2028,0.05927978662261852
2029,0.17710921371988536
2030,0.028747553390151028
2031,0.05429803616850334
2032,0.019909362425792287
2033,0.03994024739227299
2034,0.07403871687155447
2035,0.023083865733675817
2036,0.03892551072409633
2037,0.027036171939731176
2038,0.12564315915819513
2039,0.1593098294090291
2040,0.350009
2041,0.1812462111018664
2042,0.17307261825110945
2043,0.08287902384648926
2044,0.12343621391973324
2045,0.11835266466685056
2046,0.12069459300433234
2047,0.08702229838381306
2048,0.006228015784429579
2049,0.01043679342504462
2050,0.350009
2051,0.08200965932049878
2052,0.11941525641903297
2053,0.04715171085027132
2054,0.0817023463392442
2055,0.0129613536017943
2056,0.052788260213650254
2057,0.038890289602261895
2058,0.06526354181484613
2059,0.17366772121918844
2060,0.08293720026371601
2061,0.08470353409736513
2062,0.1933626669996345
2063,0.6671845439155604
2064,0.1489113033713773
2065,0.021676936594156884
2066,0.21934844830318892
2067,0.07761118509779383
2068,0.32046721038080106
2069,0.220016
2070,0.12946112810950125
2071,0.09433774743580156
2072,0.04361707172668965
2073,0.10441796891194066
2074,0.1880763308626933
2075,0.11972210883890896
2076,0.23374417667475791
2077,0.11286755429140667
2078,0.09714091561172265
2079,0.0
2080,0.013688063564537284
2081,0.030239156743283542
2082,0.056068715485281966
2083,0.07511054913003365
2084,0.020626962495101202
2085,0.17139199319452655
2086,0.219997
2087,0.16061647828072045
2088,0.14750737747347148
2089,0.04382967030416696
2090,0.18977192421416433
2091,0.219997
2092,0.28214736611011526
2093,0.11433616339938733
2094,0.006435685430094956
2095,0.05698115427189973
2096,0.021418012293513068
2097,0.01744993160862992
2098,0.4793751045097857
2099,0.0
2100,0.1535628566162497
2101,0.3058089399441951
2102,0.2372925133826611
2103,0.007046509039507201
2104,0.01381528424554885
2105,0.0157692900370209
2106,0.05037437806824445
2107,0.07402571669943145
2108,0.18183298449187868
2109,0.1826122956258972
2110,0.155736795024897
2111,0.20092349095679973
2112,0.349908
2113,0.219997
2114,0.19230636884235214
2115,0.219997
2116,0.349908
2117,0.09394548346798559
2118,0.05814946809981113
2119,0.08971772254912802
2120,0.08244964055731374
2121,0.219997
2122,0.8844553340611779
2123,0.007326829433606874
2124,0.08094062637364575
2125,0.09771660787736425
2126,0.4345677540573487
2127,0.009146090196167932
2128,0.31471436455473767
2129,0.002523116254883148
2130,0.030569465425925816
2131,0.11816940477323541
2132,0.0287626240733043
2133,0.025706044849107042
2134,0.20155396365618433
2135,0.07549439938463454
2136,0.13763799078711164
2137,0.30246404729015997
2138,0.219997
2139,0.219997
2140,0.3789056422850572
2141,0.18705688389348685
2142,0.0380308735124294
2143,0.2732996651701977
2144,0.18866763793232277
2145,0.1794866888798291
2146,1.0
2147,0.350009
2148,0.25428005398882314
2149,0.005835887699661316
2150,0.017464827709565
2151,0.03858607094104548
2152,0.016533348164911317
2153,0.06684385240590685
2154,0.0
2155,0.0011115194258964661
2156,0.011247214176517932
2157,0.10573827074021935
2158,0.0084919126007336
2159,0.007024335167216122
2160,0.031324534847080025
2161,0.09147812794392034
2162,0.19580509554705042
2163,0.1856163048222031
2164,0.20006700075686829
2165,0.11178565122541761
2166,0.220016
2167,0.220016
2168,0.03069695720603519
2169,0.219997
2170,0.22484490075893623
2171,0.0318401182266455
2172,0.08735651106600395
2173,0.7866155907169623
2174,0.9149921825209676
2175,0.3561046309736495
2176,0.008201799900660018
2177,0.003305798586207701
2178,0.009628559209385216
2179,0.040730161305024125
2180,0.22150021237941042
2181,0.09319743702400389
2182,0.0
2183,0.010459992995341517
2184,0.10032595125351969
2185,0.08589268021814715
2186,0.1282839977578703
2187,0.028384788779765628
2188,0.27112651827710127
2189,0.05210223258978516
2190,0.05919121131125333
2191,0.2076422205513404
2192,0.17194263438540458
2193,0.11571440249172334
2194,0.06751439107367643
2195,0.13474954374637815
2196,0.1519366816341567
2197,0.0488343417386575
2198,0.11295178888459871
2199,0.10373644071390396
2200,0.1826744977339784
2201,0.773688945036177
2202,1.0
2203,0.4385784050862391
2204,0.05102225414304534
2205,0.10351312172715313
2206,0.0332201651306248
2207,0.0006417594273623109
2208,0.1243525170177941
2209,0.05011763712979912
2210,0.219997
2211,0.09017315601561954
2212,0.0214093954425625
2213,0.029812226919194777
2214,0.042061044371494556
2215,0.18144185976690766
2216,0.2921396882839356
2217,0.219997
2218,0.646779856628678
2219,0.2245167833213789
2220,0.22681271576915973
2221,0.219997
2222,0.12247782046910011
2223,0.10487843838916677
2224,0.19847893976196243
2225,0.05491708507380788
2226,0.047554565357259056
2227,0.0
2228,0.09549771019146307
2229,0.10587264172333344
2230,0.06001466601649651
2231,0.12739889360092183
2232,0.00953686316015415
2233,0.7953883963500014
2234,0.9987129917049317
2235,0.8758172834243962
2236,0.09975746945401202
2237,0.004179418984544776
2238,0.220016
2239,0.219997
2240,0.004052320838580444
2241,0.004965315497115257
2242,0.040562093558021435
2243,0.025041210801396544
2244,0.09473634396014356
2245,0.16480212185163784
2246,0.08503336461468909
2247,0.4606539568815874
2248,0.732190831956746
2249,0.09111196883330919
2250,0.219997
2251,0.219997
2252,0.219997
2253,0.1694090900183684
2254,0.350009
2255,0.14182737331551526
2256,0.045200878257773774
2257,0.0885164005130267
2258,0.1292254037975364
2259,0.12807716861204804
2260,0.07944275745991346
2261,0.008927648662103039
2262,0.349908
2263,0.350009
2264,0.220016
2265,0.11320763314854644
2266,0.028781839501579982
2267,0.219997
2268,0.009187333772003899
2269,0.08759617269777659
2270,0.219997
2271,0.03278262382522393
2272,0.038966538276391086
2273,0.053397347423128565
2274,0.017390807393006837
2275,0.03685807211035381
2276,0.09113989771034131
2277,0.04077336838778064
2278,0.3018702476063175
2279,0.9776485922141196
2280,0.349908
2281,0.349908
2282,0.15889413853511317
2283,0.27993115967165594
2284,0.219997
2285,0.44473954457032383
2286,0.1132222409359975
2287,0.09588666733970141
2288,0.0526328836223078
2289,0.059588068751252304
2290,0.21079233001001701
2291,0.219997
2292,0.07673305031939763
2293,0.219997
2294,0.350009
2295,0.291899106375097
2296,1.0
2297,0.06541283787463678
2298,0.03395111111729256
2299,0.14941415223345272
2300,0.14991777824610458
2301,0.026351055740149967
2302,0.5239707961157951
2303,0.12184963246786507
2304,0.053218549097899526
2305,0.0522827228758858
2306,0.09988042450973303
2307,0.219997
2308,0.540609164826497
2309,0.4788946600307275
2310,0.7994869113447924
2311,0.5361187374835757
2312,0.219997
2313,0.219997
2314,0.31218856084537044
2315,0.015018827133128701
2316,0.12899976276862968
2317,0.06441074680340933
2318,0.06577458349400622
2319,0.220016
2320,0.220016
2321,0.09570933931377867
2322,0.6159494363978435
2323,0.2413978565406287
2324,0.04234988164353071
2325,0.17083328097749978
2326,0.11122754564162446
2327,0.07036569607104505
2328,0.02295484006366095
2329,0.0138374270250528
2330,0.00748465722547805
2331,0.0307992260755826
2332,0.07777371347861263
2333,0.11749337806474501
2334,0.16373958455759208
2335,0.219997
2336,0.5218278157621644
2337,0.9297993575075278
2338,0.6307746716722566
2339,0.349908
2340,0.8701027732599189
2341,0.1278457695543052
2342,0.027835394231461974
2343,0.10445449470241726
2344,0.11952559157098303
2345,0.219997
2346,0.09397284495299502
2347,0.040084704864131446
2348,0.00388044845457
2349,0.04514382675961982
2350,0.21951876610207144
2351,0.025676654894914032
2352,0.16913323383330245
2353,0.008552089203091667
2354,0.02631216297431729
2355,0.030345330917345297
2356,0.04797162862184365
2357,0.0017634059365231767
2358,0.041660190864823
2359,0.17071417969268016
2360,0.09395178792108985
2361,0.12431508987920499
2362,0.349908
2363,0.349908
2364,0.350009
2365,1.0
2366,0.8953105594140445
2367,0.42130403052835463
2368,0.040485513342686436
2369,0.02409775746872226
2370,0.011101541068682844
2371,0.08437726508211224
2372,0.1507720564952432
2373,0.006863947213325875
2374,0.008721953098776375
2375,0.058086748109127034
2376,0.5945923342057283
2377,0.038944945226436156
2378,0.022034562069155002
2379,0.06303575272756089
2380,0.04215409163520984
2381,0.08017598381886148
2382,0.036782548329412024
2383,0.05936101690435173
2384,0.03319959268591298
2385,0.02258091269673236
2386,0.019628858634880834
2387,0.05883936945904108
2388,0.14029899273959962
2389,0.219997
2390,0.5471510878215404
2391,0.4578460689518148
2392,0.1919637698303449
2393,1.0
2394,0.5212576687206144
2395,0.5571531345572387
2396,0.18521438941340937
2397,0.05249315875821556
2398,0.02356398095185367
2399,0.06841105848146434
2400,0.05575204522749436
2401,0.04550220425475602
2402,0.6221705271691687
2403,0.13183232149177776
2404,0.28448326124550893
2405,0.08771572258109342
2406,0.13948179067542693
2407,0.13676373181263635
2408,0.12751871782683188
2409,0.18148299440547644
2410,0.029090014267858948
2411,0.055309824486830216
2412,0.10166612444571274
2413,0.219997
2414,0.725014978537591
2415,0.350009
2416,0.5049766385229006
2417,0.220016
2418,0.4417459558372709
2419,0.219997
2420,0.07501628423860389
2421,0.03671931787554826
2422,0.013393521828512433
2423,0.035003604211557
2424,0.012326069371186134
2425,0.08889825817901625
2426,0.022556521718134617
2427,0.19139399174864108
2428,0.219997
2429,0.036225827791523016
2430,0.32372009205084945
2431,0.038928071265439596
2432,0.06350342161536857
2433,0.2448038751405895
2434,0.060129601887021676
2435,0.0026719490061372004
2436,0.03248084006837034
2437,0.15886510396243275
2438,0.219997
2439,0.07162024370520566
2440,0.24501020095918918
2441,0.219997
2442,0.10212593083451608
2443,0.09983848488654332
2444,0.06957674559893412
2445,0.10290637952941237
2446,0.06311219377547805
2447,0.1410406279331353
2448,0.1747779751649206
2449,0.0724802466775093
2450,0.04957008696108081
2451,0.007820898404494635
2452,0.1289067621465281
2453,0.008717581629265
2454,0.0079557014630254
2455,0.05022630852493971
2456,0.0083990326562705
2457,0.02806024648747596
2458,0.03991798026815706
2459,0.20386139365129582
2460,0.06787746271112734
2461,0.10078638056476526
2462,0.0091360682133693
2463,0.09466540974860257
2464,0.219997
2465,0.4240143168144288
2466,0.350009
2467,0.09939657214336561
2468,0.11386536635322997
2469,0.02050241908790814
2470,0.05970457417334191
2471,0.09398351414334137
2472,0.02397531783301566
2473,0.016835390933850603
2474,0.017278362816370508
2475,0.020433510716284724
2476,0.04258514056512913
2477,0.020158601248165257
2478,0.06866017670252846
2479,0.11778452427513172
2480,0.1419086054776867
2481,0.350009
2482,0.025669313206161816
2483,0.09213426557185021
2484,0.07384656712499249
2485,0.19039376112703021
2486,0.2598532148240915
2487,0.04466884876576016
2488,0.0030205953656404
2489,0.06578608037497444
2490,0.03939311843109568
2491,0.07536458633376662
2492,0.220016
2493,0.07791172885262887
2494,0.024179227351694102
2495,0.017243583404115977
2496,0.010513846834778354
2497,0.32689125670962993
2498,0.0101737997484464
2499,0.018683646347272903
2500,0.04143178218369414
2501,0.219997
2502,0.09069812279863801
2503,0.07797557542676456
2504,0.035670372568450744
2505,0.030783422847079057
2506,0.11850670643275783
2507,0.219997
2508,0.03312289280521151
2509,0.0
2510,0.0112460688433016
2511,0.06490032532392853
2512,0.07218933542011945
2513,0.16923446831964467
2514,0.08687410689572814
2515,0.309434263626995
2516,0.11640815363527944
2517,0.05660420108376239
2518,0.04998117467006942
2519,0.04658591187857032
2520,0.06201891059956602
2521,0.219997
2522,0.07004208991265515
2523,0.015113938522549499
2524,0.219997
2525,0.04175923498642761
2526,0.19946537315001361
2527,0.09326403249371482
2528,0.02098224843001744
2529,0.3316151218198737
2530,0.6942565689674587
2531,0.21087575811692982
2532,0.03912063340761307
2533,0.0013595426447385
2534,0.07240292297484197
2535,0.05378895819621644
2536,0.044322822848162115
2537,0.07548296892260895
2538,0.09636882466309525
2539,0.01537614412208035
2540,1.0
2541,0.10303033197095837
2542,0.017251026980765104
2543,0.06382200351014168
2544,0.07780693131127703
2545,0.0018938640405871847
2546,0.04602459035848332
2547,0.199060088272961
2548,0.43903213234805427
2549,0.10982206652800314
2550,0.16376231696984273
2551,0.034367522353773224
2552,0.022987852151777337
2553,0.04562763729257485
2554,0.11724099268065756
2555,0.025764478587425668
2556,0.025854718796601055
2557,0.10420928096213351
2558,0.08025922232863958
2559,0.029370528227489184
2560,0.04329124226365711
2561,0.0286024608854692
2562,0.1236372087209611
2563,0.05801169061797719
2564,0.0206981309280473
2565,0.04072180212208031
2566,0.032937110714582114
2567,0.11169254200179407
2568,0.10819309391871154
2569,0.0288721208526643
2570,0.0657372152042712
2571,0.44582452086127666
2572,0.05924520776015457
2573,0.07050697507076328
2574,0.028366937187775297
2575,0.036053699599906
2576,0.07816037149613253
2577,0.0518731289314318
2578,0.007654666102505184
2579,0.03560558332775664
2580,0.220016
2581,0.06895100711703908
2582,0.015691906430850267
2583,0.054143770563938445
2584,0.09815432827599667
2585,0.005580688243768141
2586,0.015727090322899196
2587,0.1359765266353945
2588,0.04095708501466277
2589,0.025073600770188848
2590,0.05170580781944905
2591,0.350009
2592,0.0199601246075058
2593,0.008159546544727335
2594,0.02367135888361035
2595,0.013156194708168999
2596,0.05411444159460699
2597,0.0009212754000449
2598,0.05759511268585324
2599,0.0942456882483535
2600,0.08788286132328571
2601,0.016135641778741047
2602,0.13930744985080962
2603,0.20206415601873734
2604,0.08723317167590298
2605,0.12754480319241468
2606,0.08621609267672695
2607,0.06367461873212324
2608,0.0424333673618566
2609,0.05880830570804837
2610,0.3042711326701727
2611,0.13369057869911377
2612,0.007535656517827729
2613,0.03945722847291999
2614,0.019353689727757487
2615,0.008681521282748385
2616,0.03265360620014078
2617,0.022852116729721865
2618,0.056641672851381615
2619,0.0035858042543307667
2620,0.0066114139688616385
2621,0.016123635254824298
2622,0.02919663948470695
2623,0.09060240141429306
2624,0.07826298471504496
2625,0.12080844198080747
2626,0.04605256113182217
2627,0.009423772527418368
2628,0.08342312375782042
2629,0.007940778533815085
2630,0.1763599445943685
2631,0.017337514821141452
2632,0.004719538605952138
2633,0.01863538889724351
2634,0.019198894413661002
2635,0.04866132740081494
2636,0.007421002222613678
2637,0.03142838731794901
2638,0.0
2639,0.013411628625566972
2640,0.0070731192390241
2641,0.11379489657300211
2642,0.0
2643,0.05421264542068717
2644,0.007481920275978457
2645,0.06655890461202144
2646,0.008180773734639334
2647,0.004078442831747129
2648,0.01869671700975395
2649,0.12684433458402294
2650,0.05501710607644815
2651,0.07261622941529561
2652,0.0031605709051883996
2653,0.008701800917093393
2654,0.03991234124913566
2655,0.09800701456038356
2656,0.0215726302392953
2657,0.007584330820704904
2658,0.07512268891322166
2659,0.05441177640407027
2660,0.056674391230921016
2661,0.012255972883322185
2662,0.005764685369046756
2663,0.07232976636747532
2664,0.018447442502861497
2665,0.0
2666,0.06299344264370846
2667,0.007440420252583102
2668,0.07531073708710721
2669,0.12353067472474713
2670,0.04327768634472766
2671,0.04128829287760458
2672,0.035462718713697314
2673,0.05668394151049627
2674,0.01819069280257011
2675,0.0
2676,0.008625137176849543
2677,0.0123521522579378
2678,0.02075175468038427
2679,0.03184939605644933
2680,0.018171985449287123
2681,0.026820323157819872
2682,0.016908384286635776
2683,0.0104337447503187
2684,0.06585814939097405
2685,0.1479953321864621
2686,0.02379112416168344
2687,0.054970716484528316
2688,0.02334532134573466
2689,0.007629521308630699
2690,0.022353132967182845
2691,0.0
2692,0.015800923615552336
2693,0.024325712129029398
2694,0.0334470012620601
2695,0.07471421371660528
2696,0.030750035748873826
2697,0.07973160830331623
2698,0.06611310352477315
2699,0.019587318848472854
2700,0.015635767519587958
2701,0.004489559406678099
2702,0.12184870742769399
2703,0.020842399443606
2704,0.20381990315785975
2705,0.09092086690402373
2706,0.16123069721073838
2707,0.005165946298530573
2708,0.0289618094528234
2709,0.219997
2710,0.350009
2711,0.01997148842349169
2712,0.0087121037785568
2713,0.04623310362610067
2714,0.1757060869351887
2715,0.18850091866215646
2716,0.0014810808652448012
2717,0.06963382604794711
2718,0.09080266192559905
2719,0.0421457864890816
2720,0.09258776209296508
2721,0.0237375883792175
2722,0.011387287797396709
2723,0.220016
2724,0.1851010730779688
2725,0.6269600278296288
2726,0.14922408612699814
2727,0.0080943913512462
2728,0.220016
2729,0.0
2730,0.0031610011563186
2731,0.04060834371796171
2732,0.01668155323609591
2733,0.032580509838899444
2734,0.011569851904640247
2735,0.025563137663394506
2736,0.17282820502071217
2737,0.219997
2738,0.350009
2739,0.3741862425025522
2740,0.053919000797749264
2741,0.0
2742,0.1775713990309326
2743,0.10191573811001069
2744,0.0058961631146957055
2745,0.015166377294975861
2746,0.022388727800263384
2747,0.061491293917349574
2748,0.039399738142792726
2749,0.349908
2750,0.0421907392706379
2751,0.350009
2752,0.39173456264977485
2753,0.0
2754,0.23003230433231367
2755,0.0075234441064009495
2756,0.0018169580751401
2757,0.057927737263327346
2758,0.13698650624501807
2759,0.04581271688585014
2760,0.004014296659198877
2761,0.04485444395526435
2762,0.0
2763,0.0061326117178301
2764,0.11358728842277058
2765,0.15461619015783828
2766,0.0781474037776873
2767,0.006690679348084601
2768,0.07492608273251901
2769,0.350009
2770,0.012724818371922873
2771,0.0024151093880556704
2772,0.026064430986398716
2773,0.09404007553692297
2774,0.0
2775,0.093529472747584
2776,0.010502769957279666
2777,0.219997
2778,0.007195180285742689
2779,0.220016
2780,0.021764341775119322
2781,0.0392535261414491
2782,0.010389441644352399
2783,0.3781428304435047
2784,0.07937032153366984
2785,0.08997878344396115
2786,0.3369378418002212
2787,0.3117603232729107
2788,0.10248417316029898
2789,0.059740950225761084
2790,0.0125475831441816
2791,0.0212963898392953
2792,0.021121042907441122
2793,0.008108043497328792
2794,0.006102241876481225
2795,0.036696874292837356
2796,0.0022291272949697
2797,0.10139774170192167
2798,0.08315452977950655
2799,0.10429654668423158
2800,0.220016
2801,0.349908
2802,0.0217308856488858
2803,0.02309936809290016
2804,0.030446238711387047
2805,0.0
2806,0.18976907690566666
2807,0.06679935479219534
2808,0.0419634326378998
2809,0.040806279550689495
2810,0.12145852105506101
2811,0.35909178329724073
2812,0.08203361083656302
2813,0.007844446894896953
2814,0.020335393991648763
2815,0.063104261325685
2816,0.052121323192289834
2817,0.0
2818,0.00603219284840195
2819,0.08277120631575409
2820,0.06758491111164819
2821,0.06828754842201215
2822,0.11438055427932384
2823,0.017367018124194722
2824,0.030928951614538423
2825,0.03306539807717575
2826,0.049830155586530665
2827,0.06353612655613516
2828,0.07732665300387613
2829,0.1708519838217719
2830,0.034923329982010025
2831,0.08244113095572464
2832,0.048352413254667555
2833,0.02573916587956298
2834,0.048039683765603636
2835,0.03269408134734031
2836,0.06618490855619641
2837,0.022126720194538065
2838,0.12506360872665956
2839,0.220016
2840,0.2440575476849245
2841,0.10953788670047246
2842,0.04506937799006097
2843,0.040552858882028246
2844,0.12061901511437519
2845,0.014346747907320836
2846,0.0375098548024005
2847,0.09853132956785333
2848,0.024555106620001876
2849,0.013994948637939852
2850,0.13015811539001165
2851,0.06848192368858565
2852,0.028966560760960332
2853,0.026004673892730354
2854,0.005676170132666495
2855,0.08376722173967865
2856,0.10115430407689455
2857,0.220016
2858,0.17570643486965531
2859,0.220016
2860,0.08688885140261751
2861,0.08026835207538635
2862,0.020324074008364557
2863,0.07146421555038976
2864,0.06825977732547456
2865,0.09870892795741898
2866,0.011138612812647105
2867,0.757820638522455
2868,0.13512134450368657
2869,0.012362486427930135
2870,0.15435733683352937
2871,0.07357260810694338
2872,0.08009147594965692
2873,0.012743701772693898
2874,0.08724802419244908
2875,0.02482303969457218
2876,0.006902090434858
2877,0.022861637349230825
2878,0.018340954778454887
2879,0.04628346869824469
2880,0.0783542386626459
2881,0.09593880173470484
2882,0.09595610189365661
2883,0.1459840000072696
2884,0.25836883604836974
2885,0.350009
2886,0.11051144383746968
2887,0.03565883551154802
2888,0.08707047835628721
2889,0.024005698971103516
2890,0.05262197624250669
2891,0.0
2892,0.014200287147300698
2893,0.02023512973736647
2894,0.040887376713661994
2895,0.1323896241193317
2896,0.11910499227052278
2897,0.13876286928512066
2898,0.019724936252190663
2899,0.05426422800695428
2900,0.07644293984605757
2901,0.05139717574458354
2902,0.00552563568493028
2903,0.15945755200132367
2904,0.010101815159765493
2905,0.033839842137777056
2906,0.05874299380336265
2907,0.0715710351346796
2908,0.0285014378240807
2909,0.021427604472280176
2910,0.050545002016244456
2911,0.07555738038314674
2912,0.12979372977951215
2913,0.18729462288181642
2914,0.17865336108941574
2915,0.24766480911961117
2916,0.16229769804363786
2917,0.11361275723988035
2918,0.0296492040963017
2919,0.14341982721762542
2920,0.04438986369028041
2921,0.07803729234256922
2922,0.07921851111505976
2923,0.0
2924,0.08428981408883085
2925,0.06782776180872009
2926,0.04266840318548142
2927,0.10625903463060617
2928,0.036684966270843826
2929,0.010122552462436736
2930,0.028320815434161553
2931,0.004206730270594296
2932,0.017988683052386725
2933,0.09338981042032357
2934,0.017982236308980718
2935,0.046949876523954034
2936,0.040993236260018676
2937,0.10905160709562073
2938,0.1708471412838011
2939,0.350009
2940,0.1612779159069154
2941,0.220016
2942,0.08717127588068158
2943,0.13237438673762794
2944,0.12429964329213256
2945,0.12614636326532985
2946,0.07082182426868217
2947,0.0122339596231419
2948,0.001973809722446199
2949,0.03376462517871802
2950,0.3429178089619701
2951,0.12685709566352157
2952,0.10421453345139167
2953,0.05650463410823132
2954,0.0824896584889329
2955,0.017985739620861342
2956,0.05668264270021815
2957,0.008634548278242378
2958,0.024851593361779
2959,0.08078307574198983
2960,0.17900464842664343
2961,0.09046091844772011
2962,0.08243386317913062
2963,0.2027493839378206
2964,0.6893082606951201
2965,0.16595418418576463
2966,0.015085028274728383
2967,0.17497448178628983
2968,0.10348397847900913
2969,0.31077427432225174
2970,0.219997
2971,0.12676745657885385
2972,0.006625288081407952
2973,0.06976210614047845
2974,0.15490786364603396
2975,0.220016
2976,0.08829877185076956
2977,0.220016
2978,0.12259211134897227
2979,0.08515373832756935
2980,0.0
2981,0.011933791885436359
2982,0.008129244971122383
2983,0.03033942213287954
2984,0.029353607477184167
2985,0.09716516527452655
2986,0.0423164621068417
2987,0.15132359937770257
2988,0.30558974936056715
2989,0.17646465940672915
2990,0.11679698929239768
2991,0.045392530165445956
2992,0.12297469333548706
2993,0.219997
2994,0.23598709437787174
2995,0.09300135450646424
2996,0.0254012835155534
2997,0.09159405367351843
2998,0.01014460914915127
2999,0.02488036941879912
3000,0.43058010186610085
3001,0.00762161916413754
3002,0.219997
3003,0.350009
3004,0.2560184373637413
3005,0.012847186674509795
3006,0.01381528424554885
3007,0.0108579326093472
3008,0.03224405163248695
3009,0.07671121148807294
3010,0.1502588300202908
3011,0.220016
3012,0.1503448568818312
3013,0.17051283856557137
3014,0.349908
3015,0.2560856812663948
3016,0.219997
3017,0.219997
3018,0.4113676800379237
3019,0.0966210989300511
3020,0.005626604848140675
3021,0.020433586058118985
3022,0.07517490413148353
3023,0.11797174679235123
3024,0.08136861467778783
3025,0.219997
3026,0.9419342159196606
3027,0.08094062637364575
3028,0.10625375822977703
3029,0.3767642801596015
3030,0.008905026331802499
3031,0.02619387827382543
3032,0.2892336001739606
3033,0.00912912131158345
3034,0.03669646980186442
3035,0.1482791523082558
3036,0.0321890950696058
3037,0.046853019983628744
3038,0.17953832306218864
3039,0.09016292100885584
3040,0.14600791577137534
3041,0.219997
3042,0.219997
3043,0.219997
3044,0.37383809801524637
3045,0.219997
3046,0.04063778995436494
3047,0.22629307325350212
3048,0.220016
3049,0.1880392852385387
3050,0.9481970560349089
3051,0.350009
3052,0.220016
3053,0.005835887699661316
3054,0.0384521473682294
3055,0.027977648674931882
3056,0.016533348164911317
3057,0.1154858077903822
3058,0.010119293868818966
3059,0.0015632152511039002
3060,0.11483839462052295
3061,0.0076854073247205
3062,0.007024335167216122
3063,0.031324534847080025
3064,0.12639836872939733
3065,0.1643628439224746
3066,0.1823726729676958
3067,0.1726747524010897
3068,0.13441962583893102
3069,0.2329056249184318
3070,0.12473092614537772
3071,0.0
3072,0.1552279112048266
3073,0.15493079630089213
3074,0.0395132510909976
3075,0.09608139986495826
3076,0.6977383674428121
3077,0.9810953232858616
3078,0.38284890551457595
3079,0.005431355283727
3080,0.0456180439920075
3081,0.02183461538752892
3082,0.2297269200192648
3083,0.0666996906529682
3084,0.0
3085,0.017842334101723915
3086,0.10715833775446108
3087,0.07979403470517255
3088,0.12286768682569171
3089,0.03511932320785274
3090,0.2783250157274211
3091,0.05210223258978516
3092,0.07208887159188053
3093,0.2194729307111795
3094,0.1304888965762822
3095,0.07543064737601143
3096,0.09555049233312304
3097,0.14611809553128896
3098,0.220016
3099,0.054747192539116196
3100,0.11557411309366242
3101,0.10348597075653887
3102,0.1396138914223088
3103,0.7496140002133911
3104,1.0
3105,0.44371371366639
3106,0.034619146626029836
3107,0.220016
3108,0.0006417594273623109
3109,0.07447921290693041
3110,0.04719526682087702
3111,0.27891438483967457
3112,0.049355589747003326
3113,0.044021666921438496
3114,0.04863293787056808
3115,0.08350308105622556
3116,0.21824342425127466
3117,0.2956443945601626
3118,0.219997
3119,0.6188192294946439
3120,0.2603583653960334
3121,0.219997
3122,0.219997
3123,0.152223935989818
3124,0.09255323514362758
3125,0.20387716533881234
3126,0.07040147144137399
3127,0.036509399482486854
3128,0.12509142934349565
3129,0.09328584339132943
3130,0.06270897014482942
3131,0.07937397405285088
3132,0.833938973068043
3133,0.9987129917049317
3134,0.8758172834243962
3135,0.0159821670959702
3136,0.04401799836026264
3137,0.21383993462118717
3138,0.02424048686340178
3139,0.21399687409040585
3140,0.05453065089153454
3141,0.039882534447102734
3142,0.022210187303897243
3143,0.07714444311810975
3144,0.17432712069710435
3145,0.08168993922552328
3146,0.4716627738861206
3147,0.8263340131271164
3148,0.1267831808385273
3149,0.20169329412875503
3150,0.219997
3151,0.219997
3152,0.1285805454938101
3153,0.220016
3154,0.14720683014748437
3155,0.010657029838482775
3156,0.083427172558231
3157,0.10517751874318908
3158,0.14304551358813417
3159,0.10675426485650216
3160,0.349908
3161,0.44432983504442175
3162,0.220016
3163,0.09263684972629194
3164,0.014309036366265925
3165,0.219997
3166,0.009187333772003899
3167,0.0793626380890823
3168,0.219997
3169,0.018377186553329178
3170,0.024631368761628587
3171,0.05588287097408146
3172,0.012962013806852841
3173,0.030787894435423006
3174,0.0968866237510736
3175,0.07500428260848384
3176,0.3074632206286948
3177,1.0
3178,0.349908
3179,0.349908
3180,0.19399288288951966
3181,0.219997
3182,0.219997
3183,0.47633872602163996
3184,0.15223796774965861
3185,0.04797038917498592
3186,0.0286130928245663
3187,0.02090983315267061
3188,0.20365186014432202
3189,0.2151094837600221
3190,0.09310183466081694
3191,0.219997
3192,0.3720231883935149
3193,0.27847726742409706
3194,1.0
3195,0.220016
3196,0.03993881411720906
3197,0.09003156244226382
3198,0.19090745974379109
3199,0.04699439691589021
3200,0.051442864483509765
3201,0.349908
3202,0.1565797110747885
3203,0.05009792432288952
3204,0.062765524449232
3205,0.11279680212524831
3206,0.32216154594743424
3207,0.49576365130476485
3208,0.349908
3209,0.7637657279846619
3210,0.349908
3211,0.219997
3212,0.219997
3213,0.28799693678411786
3214,0.016406701525859574
3215,0.0107262259490805
3216,0.1119840272233513
3217,0.06458025827218902
3218,0.06842583209134934
3219,0.219997
3220,0.3156627619042749
3221,0.07238158214319737
3222,0.6554456963464552
3223,0.24291042428337922
3224,0.017518742240813703
3225,0.218483203864359
3226,0.10237789858337605
3227,0.08324549160810026
3228,0.0202921279782174
3229,0.051214922560605704
3230,0.07329876250851693
3231,0.1321288788227703
3232,0.18932185675769508
3233,0.219997
3234,0.349908
3235,1.0
3236,0.6645223858242872
3237,0.5232057320755736
3238,0.9228378795499963
3239,0.1142527276407557
3240,0.05828985765833597
3241,0.07011199725218105
3242,0.13995620174747764
3243,0.25466548338799777
3244,0.1602115779746623
3245,0.038796238845719866
3246,0.06314820336882843
3247,0.21064703668064202
3248,0.16013874709542045
3249,0.026979039530732902
3250,0.0
3251,0.03200940318243449
3252,0.033713480094174395
3253,0.006384587603799353
3254,0.016495595693531175
3255,0.032738002987681994
3256,0.16415091259872916
3257,0.09986784514140964
3258,0.1056280119072526
3259,0.219997
3260,0.349908
3261,0.350009
3262,1.0
3263,0.869795096161225
3264,0.349908
3265,0.07955784664275743
3266,0.00671462793404886
3267,0.01656055176438114
3268,0.10347569039378735
3269,0.1748789668679594
3270,0.010804534820482253
3271,0.008721953098776375
3272,0.01999274329633973
3273,0.49827798093753917
3274,0.06455962191527065
3275,0.026124445330058903
3276,0.05734701365444529
3277,0.07454660581987035
3278,0.1028858996655184
3279,0.04791126867283145
3280,0.06308765327807943
3281,0.06850973525762788
3282,0.06309456104076827
3283,0.017025273456080462
3284,0.010220007261020358
3285,0.04261055173462108
3286,0.1760137939571821
3287,0.20767199084079027
3288,0.5241819639084279
3289,0.4478593948356623
3290,0.219997
3291,1.0
3292,0.5466687233701927
3293,0.5483581044616058
3294,0.11268759502058598
3295,0.07806466365427846
3296,0.04387805916872824
3297,0.04459757478540605
3298,0.08592060018724806
3299,0.03658888671587074
3300,0.04642726616582852
3301,0.5470738867299632
3302,0.13369080512782738
3303,0.34438849163093643
3304,0.07042306929903963
3305,0.12723884834980773
3306,0.17226032807329394
3307,0.12658540245942587
3308,0.17606272517592134
3309,0.042666247561052056
3310,0.046452307674380015
3311,0.0
3312,0.08297505153135834
3313,0.219997
3314,0.7084495373217906
3315,0.3545839420172114
3316,0.5052464260991614
3317,0.219997
3318,0.5204400987502281
3319,0.219997
3320,0.08282817622195139
3321,0.003000775543353363
3322,0.013393521828512433
3323,0.048731424407793204
3324,0.012326069371186134
3325,0.08749677895050965
3326,0.14976537574074308
3327,0.219997
3328,0.037338905632765415
3329,0.219997
3330,0.027845576303206866
3331,0.12570009640534235
3332,0.220016
3333,0.05020955486460708
3334,0.00709936128612269
3335,0.03248084006837034
3336,0.18985546426373517
3337,0.219997
3338,0.05038463511004585
3339,0.219997
3340,0.3455225390811925
3341,0.10222672613982078
3342,0.1114786193470221
3343,0.04328699733711745
3344,0.07788075240995401
3345,0.13306093970462338
3346,0.08320721031615315
3347,0.1074910711568822
3348,0.1414421478665003
3349,0.07548067758675545
3350,0.06149071714880911
3351,0.007820898404494635
3352,0.16877460529896482
3353,0.013106081408343032
3354,0.040973969802044506
3355,0.03087425518298686
3356,0.06495029368912256
3357,0.220016
3358,0.03431037521409344
3359,0.08446416250109906
3360,0.09117209423251987
3361,0.219997
3362,0.3790725233616741
3363,0.350009
3364,0.017816778515792935
3365,0.0
3366,0.02439203736080195
3367,0.0332711142738281
3368,0.11712100589443017
3369,0.10901810503487741
3370,0.08496468297576697
3371,0.02397531783301566
3372,0.034798181119253056
3373,0.017278362816370508
3374,0.03454236154687442
3375,0.023635591627322726
3376,0.0808787253489851
3377,0.14812003497791493
3378,0.1743312737092917
3379,0.350009
3380,0.013874726980706718
3381,0.03631385360022844
3382,0.0784501790127636
3383,0.07300282523924799
3384,0.17403944894334833
3385,0.28380089685619914
3386,0.04837973487338236
3387,0.01232750811631309
3388,0.0
3389,0.11815581125928823
3390,0.03687672623658948
3391,0.02876876231864324
3392,0.11694248366632493
3393,0.11879984414925632
3394,0.041047645904411977
3395,0.017243583404115977
3396,0.010513846834778354
3397,0.220016
3398,0.022587567081224606
3399,0.03773184162946713
3400,0.219997
3401,0.094180423865406
3402,0.047126600322019964
3403,0.02773667477949089
3404,0.048289266683057455
3405,0.16770991366449253
3406,0.349908
3407,0.04561526719948621
3408,0.0007954773206736605
3409,0.0
3410,0.057800421184642126
3411,0.08083047692523415
3412,0.12360521656104079
3413,0.10673488029786674
3414,0.219997
3415,0.14527248340474352
3416,0.024147374222435698
3417,0.0035003085643609
3418,0.07319072002619931
3419,0.08023106853137482
3420,0.025995353206800922
3421,0.1824937252030405
3422,0.07004208991265515
3423,0.219997
3424,0.039984344516855216
3425,0.2133349330862812
3426,0.08580067779123582
3427,0.0079458289183061
3428,0.02098224843001744
3429,0.2895289990043962
3430,0.6030929760987419
3431,0.220016
3432,0.03389494580575238
3433,0.03116056487471406
3434,0.04706042544362834
3435,0.019537067249080317
3436,0.05899612871718154
3437,0.08151916812554375
3438,0.07500333106807255
3439,0.9756259566592319
3440,0.06888769092906569
3441,0.07624958696130228
3442,0.12032355208791783
3443,0.03396217926744142
3444,0.1165164506807452
3445,0.4013888648433552
3446,0.043511947962279536
3447,0.10182530161988385
3448,0.034367522353773224
3449,0.041616428805649655
3450,0.18085297875023598
3451,0.03601565691144437
3452,0.00998408746450797
3453,0.10420928096213351
3454,0.08478427028733276
3455,0.0710083652180607
3456,0.032062913180176913
3457,0.023510270434635924
3458,0.0062260634667271
3459,0.10602099310140989
3460,0.03425265953301839
3461,0.03667726325697655
3462,0.030284801172905315
3463,0.13709948739854616
3464,0.03148957035363663
3465,0.015188109362009402
3466,0.0649271816448287
3467,0.46750938363111605
3468,0.053477889884210074
3469,0.10017245659935817
3470,0.0383337544316318
3471,0.0371717735396436
3472,0.048784911484942725
3473,0.0653994539435638
3474,0.0010145287769248847
3475,0.220016
3476,0.06979752435036099
3477,0.00555042165256222
3478,0.017445866686333016
3479,0.0257845944036503
3480,0.08899000113073074
3481,0.07473791727135368
3482,0.01185305569490835
3483,0.13305623679062759
3484,0.07345171392734237
3485,0.04000920303762115
3486,0.2877264474125469
3487,0.02972817367924189
3488,0.040115843089802844
3489,0.05583382772811909
3490,0.0019457631531657003
3491,0.08013289796000994
3492,0.1045569676640364
3493,0.08739465420624351
3494,0.005142660101189334
3495,0.0443220863315239
3496,0.016135641778741047
3497,0.006175019838374222
3498,0.1128794204703548
3499,0.15787377437012085
3500,0.07462138400132778
3501,0.15523353145466529
3502,0.11535989449034545
3503,0.002639364838789838
3504,0.04920632685337304
3505,0.0464134740845039
3506,0.04896079406614317
3507,0.219997
3508,0.14638033534374525
3509,0.007535656517827729
3510,0.043123799738810586
3511,0.013339192875175886
3512,0.023687238669146286
3513,0.019241729955218764
3514,0.03631911123937481
3515,0.0
3516,0.008712740224042753
3517,0.0025362586282456495
3518,0.012632820600298399
3519,0.02919663948470695
3520,0.10071604163891265
3521,0.07845317023791695
3522,0.15775234425781257
3523,0.1265176111359808
3524,0.17632846989320577
3525,0.008545362255730124
3526,0.04012864303124201
3527,0.0015497952515533334
3528,0.013354278105336402
3529,0.03909331592075624
3530,0.007421002222613678
3531,0.03147446381487274
3532,0.013973872505910628
3533,0.0
3534,0.013509101903035201
3535,0.20046266771300192
3536,0.0006976137459885484
3537,0.06318133777192328
3538,0.08014100517255238
3539,0.01292471371184745
3540,0.01657095269496313
3541,0.08471861697308893
3542,0.03196083563414555
3543,0.04757439299219241
3544,0.008701800917093393
3545,0.022679847887865357
3546,0.032600567719224205
3547,0.0252684225761714
3548,0.15463137924319598
3549,0.013436139978251299
3550,0.0040302860824844
3551,0.007584330820704904
3552,0.13145270733667896
3553,0.008416631616040057
3554,0.04829419868622437
3555,0.08983316498496322
3556,0.012255972883322185
3557,0.11384504474286843
3558,0.0071894350974106
3559,0.013317843353195597
3560,0.021515861788784698
3561,0.07805699680118985
3562,0.01320577118943467
3563,0.0880456564392395
3564,0.0103157890690285
3565,0.13952753433188933
3566,0.011994600676544362
3567,0.033312544561020896
3568,0.028256064748227408
3569,0.0
3570,0.0033103879079922974
3571,0.02075175468038427
3572,0.020416518485377334
3573,0.0156778725149587
3574,0.018171985449287123
3575,0.03542454215565497
3576,0.02398394041229516
3577,0.0
3578,0.028016036401696313
3579,0.14906739316608303
3580,0.015338173930783822
3581,0.04450367546632937
3582,0.0033328817610335146
3583,0.012200526491676314
3584,0.05895625178763771
3585,0.02578965210848356
3586,0.006412718708386977
3587,0.024249229530169045
3588,0.0069620321135799
3589,0.011537742926525197
3590,0.0340970311718212
3591,0.08620270277063707
3592,0.013705918143280826
3593,0.09071306375816143
3594,0.01199641804567847
3595,0.0
3596,0.015635767519587958
3597,0.0356096790778846
3598,0.0810148678652744
3599,0.0528858027296827
3600,0.0446485281111335
3601,0.039680868049375796
3602,0.13613656345206035
3603,0.09827622238403463
3604,0.008222563728781229
3605,0.03173277761082137
3606,0.042583041755740667
3607,0.005165946298530573
3608,0.1343027059218336
3609,0.350009
3610,0.350009
3611,0.01997148842349169
3612,0.0454538719084615
3613,0.350009
3614,0.0
3615,0.220016
3616,0.09168220647756678
3617,0.220016
3618,0.11881542622565025
3619,0.024661735095161723
3620,0.03236264840400775
3621,0.00034526936973235285
3622,0.011387287797396709
3623,0.220016
3624,0.1201270116535608
3625,0.5128892945347991
3626,0.10824450682364714
3627,0.1199427321948994
3628,0.0
3629,0.0057857357554794145
3630,0.052576044563904606
3631,0.02630282085391854
3632,0.0037854763536538903
3633,0.0192057994330733
3634,0.10768850483905745
3635,0.219997
3636,0.46236665080014844
3637,0.350009
3638,0.015121753105077396
3639,0.0
3640,0.1713748131828149
3641,0.24934268741185356
3642,0.0058961631146957055
3643,0.08642202154942366
3644,1.0491000114812299e-06
3645,0.0
3646,0.07343486842749516
3647,0.350009
3648,0.0338288760690411
3649,0.350009
3650,0.350009
3651,0.0
3652,0.350009
3653,0.0075234441064009495
3654,0.06130069577665095
3655,0.220016
3656,0.03355240091373633
3657,0.030378389373985574
3658,0.03374469797502935
3659,0.05987022795419325
3660,0.024536235419995205
3661,0.03332324781585137
3662,0.14219190057053477
3663,0.0474484458756767
3664,0.0245847716924254
3665,0.0595569279106088
3666,0.280083624660816
3667,0.033752554009749976
3668,0.03357619072026577
3669,0.020722882020634797
3670,0.08631959809458561
3671,0.0
3672,0.02498760908322525
3673,0.03942225598301008
3674,0.1235353519779159
3675,0.0596322895252478
3676,0.03866274723827659
3677,0.014927027388511465
3678,0.11608070694344313
3679,0.0
3680,0.220016
3681,0.0
3682,0.010389441644352399
3683,0.007894238083853575
3684,0.04123897098987363
3685,0.50586744817298
3686,0.13338350439999236
3687,0.08790302293294176
3688,0.219997
3689,0.4172486441132469
3690,0.0056002016483506405
3691,0.07128641906967786
3692,0.0229451052542553
3693,0.0125475831441816
3694,0.0349438854895676
3695,0.021121042907441122
3696,0.008108043497328792
3697,0.006102241876481225
3698,0.05285720398886265
3699,0.0022291272949697
3700,0.0558711891353732
3701,0.055326461017058355
3702,0.10501718855802507
3703,0.220016
3704,0.349908
3705,0.0286619194352907
3706,0.012162424763602159
3707,0.016524414102950368
3708,0.03676762045805949
3709,0.025995839399652144
3710,0.21730499469987205
3711,0.0
3712,0.018981964347855942
3713,0.0193652258204305
3714,0.17094906493805062
3715,0.41564612603792045
3716,0.015275623515582572
3717,0.01208094886178895
3718,0.07388213360018739
3719,0.044963541291562534
3720,0.02449551823132893
3721,0.10591799308194669
3722,0.15175796864473728
3723,0.07255477901083406
3724,0.09335042149101794
3725,0.06618208282307261
3726,0.014599203285058399
3727,0.03996768437427482
3728,0.014999973504243947
3729,0.09067397121216916
3730,0.04443379516045816
3731,0.09589458491012773
3732,0.220016
3733,0.031362893822533724
3734,0.06262647363551595
3735,0.051023208738822254
3736,0.01600516499061138
3737,0.03994280148952174
3738,0.027868301364610413
3739,0.07902391555106551
3740,0.022126720194538065
3741,0.07488700348600535
3742,0.19738220404047213
3743,0.220016
3744,0.07477869904691245
3745,0.04461590844870307
3746,0.05468698358926725
3747,0.06238200088757408
3748,0.0
3749,0.014337034482400802
3750,0.08895693946172724
3751,0.05906099232839766
3752,0.02218243179229075
3753,0.11324563606688554
3754,0.046397522354449244
3755,0.03568855384848113
3756,0.025296236370778755
3757,0.08634246261752945
3758,0.11980654002938966
3759,0.179651997250567
3760,0.17874840719324153
3761,0.1541425090662331
3762,0.10477397704837521
3763,0.06476196846302805
3764,0.02033260066904226
3765,0.06201385017892077
3766,0.07659092723278045
3767,0.08156478927901809
3768,0.006981548877945105
3769,0.7030125687531532
3770,0.05446219064852696
3771,0.02203456704731765
3772,0.0192759970424709
3773,0.15007921020064385
3774,0.08086829221015379
3775,0.05076463406658742
3776,0.014162586085059197
3777,0.00023354749176676334
3778,0.10110632859438788
3779,0.011813162863239045
3780,0.03290789617908803
3781,0.02228252766487789
3782,0.05693174463473939
3783,0.0718157539716896
3784,0.10810101782964343
3785,0.08724338292383851
3786,0.1592362436291867
3787,0.24434777934747004
3788,0.350009
3789,0.11475370706139987
3790,0.046776637370082905
3791,0.08627510132206012
3792,0.022046231127504718
3793,0.08340917375198598
3794,0.06837734985497587
3795,0.03535026506260329
3796,0.15546680791089693
3797,0.09277953331981578
3798,0.10247098532771456
3799,0.05896086993062526
3800,0.04964445888074108
3801,0.039105316578858726
3802,0.01546691558070894
3803,0.11622858165089087
3804,0.010101815159765493
3805,0.034017488413837754
3806,0.07467601680383915
3807,0.0195433364094145
3808,0.030861708530134375
3809,0.06039450217849856
3810,0.06408004371799565
3811,0.11725189510320354
3812,0.1675483061621446
3813,0.17074192438568034
3814,0.220016
3815,0.12135146260168335
3816,0.13603583871607206
3817,0.0407182848340785
3818,0.1495304929437029
3819,0.042367744791402005
3820,0.10755252595929173
3821,0.09802423845543376
3822,0.021516136776393635
3823,0.034748392499713315
3824,0.06905254541794796
3825,0.04707347299922647
3826,0.0
3827,0.013487584451043923
3828,0.10026132494984116
3829,0.039489576761313726
3830,0.038898128518410034
3831,0.019002163514980155
3832,0.029577338058244196
3833,0.08790610305204787
3834,0.028672866869035616
3835,0.050932430201335234
3836,0.029942016867880075
3837,0.08833500477745644
3838,0.1789518318575369
3839,0.350009
3840,0.1962568868875819
3841,0.19795497566245923
3842,0.08175592622825587
3843,0.10122683492885465
3844,0.17032115214918825
3845,0.10808839088985664
3846,0.09190462691056067
3847,0.0096986141390268
3848,9.170159243109943e-05
3849,0.0
3850,0.3382291031826987
3851,0.09043767629248567
3852,0.09087830729870107
3853,0.06770132547844382
3854,0.1166679188604273
3855,0.0229866624609955
3856,0.014261658138751451
3857,0.008634548278242378
3858,0.0051410555731696995
3859,0.06365056140393263
3860,0.21191589420681634
3861,0.08227690049949082
3862,0.03505083058948383
3863,0.2126535679307073
3864,0.7366627670434848
3865,0.15618289061722362
3866,0.018519274158724085
3867,0.220016
3868,0.08005898408755574
3869,0.219997
3870,0.30389522369981226
3871,0.11764217130549756
3872,0.0020524795682246005
3873,0.07085265022834496
3874,0.04361707172668965
3875,0.14245328442710226
3876,0.15755054769083238
3877,0.04696174517786686
3878,0.220016
3879,0.08979825905450436
3880,0.046139413523745655
3881,0.0
3882,0.011933791885436359
3883,0.03402740660401744
3884,0.04895303286741927
3885,0.08055271475604425
3886,0.0338217061932035
3887,0.15915683395410846
3888,0.219997
3889,0.18857001624820705
3890,0.10139637679314636
3891,0.025954127896431756
3892,0.11990891635407926
3893,0.219997
3894,0.2686869810590704
3895,0.09682040928255024
3896,0.08303807887034953
3897,0.04684760819537172
3898,0.5361632429121872
3899,0.0
3900,0.219997
3901,0.3143808233201135
3902,0.2822072499192239
3903,0.0
3904,0.0
3905,0.014254821336650295
3906,0.03626048662051205
3907,0.11657733742656065
3908,0.1394061998462202
3909,0.220016
3910,0.1549231412440888
3911,0.17681795721726185
3912,0.349908
3913,0.219997
3914,0.17618867333845994
3915,0.1918890343984732
3916,0.38124084041712264
3917,0.09031142429190699
3918,0.020433586058118985
3919,0.07307206948669213
3920,0.15925488245379804
3921,0.07942225439790923
3922,0.28287190710489063
3923,0.9384893341706141
3924,0.08094062637364575
3925,0.10334632883323364
3926,0.4070134856004175
3927,0.0
3928,0.06067898454263143
3929,0.2862053982603233
3930,0.0
3931,0.048093128678736316
3932,0.1078713541638778
3933,0.044291823185331605
3934,0.10886147193889184
3935,0.004233996190908918
3936,0.26238393732551457
3937,0.07167883505776423
3938,0.16715418305412952
3939,0.219997
3940,0.219997
3941,0.2647797481705203
3942,0.42578973434088063
3943,0.219997
3944,0.0384077696925206
3945,0.25141864361033384
3946,0.17214279821786427
3947,0.20020067599103558
3948,1.0
3949,0.3525348898981256
3950,0.27800279426311647
3951,0.005835887699661316
3952,0.049561339309507194
3953,0.04136608689256818
3954,0.1154858077903822
3955,0.018189601963120878
3956,0.0
3957,0.0274682770732112
3958,0.0028686214633871004
3959,0.08097158515210456
3960,0.007024335167216122
3961,0.031324534847080025
3962,0.11327770937859434
3963,0.20770700837451161
3964,0.2008052869213908
3965,0.1783448100193133
3966,0.1340432937573255
3967,0.22654435253187571
3968,0.220016
3969,0.021228028861825985
3970,0.15916807346806972
3971,0.220016
3972,0.04304787306127593
3973,0.10730341894810436
3974,0.838893787339507
3975,1.0
3976,0.4184400980243955
3977,0.0204929536548928
3978,0.05358888360840702
3979,0.220016
3980,0.0806167483275104
3981,0.0
3982,0.013744549047405318
3983,0.09773207708936368
3984,0.09582221847165935
3985,0.10494952319986661
3986,0.03511932320785274
3987,0.302222809007875
3988,0.05210223258978516
3989,0.07483375380583743
3990,0.2013984323084159
3991,0.1480816281356664
3992,0.07451162689776575
3993,0.09819534841969912
3994,0.18861577888585473
3995,0.220016
3996,0.07022130366146939
3997,0.10541100831243151
3998,0.07986723490393097
3999,0.1187137853589689
4000,0.847254402038095
4001,0.9661664760971159
4002,0.48483012939068687
4003,0.04418005642483094
4004,0.220016
4005,0.0
4006,0.1935671489845553
4007,0.07598736629808642
4008,0.220016
4009,0.05664971922492293
4010,0.028555203548704396
4011,0.031596527959615074
4012,0.08112306601425336
4013,0.14994064909608307
4014,0.31017916168677373
4015,0.219997
4016,0.6475478278553788
4017,0.2714080175833693
4018,0.219997
4019,0.219997
4020,0.15217846997260032
4021,0.08333495295785567
4022,0.20532948824498343
4023,0.07701434909566889
4024,0.051255318980825554
4025,0.0
4026,0.21332026827203648
4027,0.220016
4028,0.07446687801129881
4029,0.09732368767152048
4030,0.032586498038163575
4031,0.9064978353953457
4032,0.9987129917049317
4033,0.8758172834243962
4034,0.0028686528231869
4035,0.04401799836026264
4036,0.18651047313014835
4037,0.02424048686340178
4038,0.18505972987051256
4039,0.041928132773274146
4040,0.017910554059453333
4041,0.007649248125695042
4042,0.08255807744677196
4043,0.17241359525825356
4044,0.09263040326876729
4045,0.4903148382511533
4046,0.7884836144998191
4047,0.10536756648326509
4048,0.16516770225143396
4049,0.21250523780963182
4050,0.2936412425892911
4051,0.10685356451606201
4052,0.220016
4053,0.15396935879116935
4054,0.037817882290593074
4055,0.049390414886354095
4056,0.14099674093042258
4057,0.12521547048388865
4058,0.052566059855934856
4059,0.40260135286329346
4060,0.47590813433938844
4061,0.219997
4062,0.08331496432576863
4063,0.03272981000615062
4064,0.21948611937292026
4065,0.1132385418898525
4066,0.219997
4067,0.03278262382522393
4068,0.03516875495665649
4069,0.06508444465018216
4070,0.02398805163125451
4071,0.0857703025125352
4072,0.03345952301306094
4073,0.349908
4074,1.0
4075,0.349908
4076,0.349908
4077,0.219997
4078,0.219997
4079,0.2744410691841017
4080,0.535798110804763
4081,0.1971797931417556
4082,0.03014608091747372
4083,0.052458248735790705
4084,0.03688027650002121
4085,0.17627452219658174
4086,0.1817330378155719
4087,0.07170404065557964
4088,0.28195486530287805
4089,0.2696678422470692
4090,0.219997
4091,1.0
4092,0.09674094133304457
4093,0.04860176094850436
4094,0.11872284163107164
4095,0.1400176373560459
4096,0.057642720016563814
4097,0.04947270767976097
4098,0.219997
4099,0.11447214956357349
4100,0.06676493008514492
4101,0.10725174423710429
4102,0.10965806458866753
4103,0.219997
4104,0.5533212597535326
4105,0.349908
4106,0.8322235226108349
4107,0.4909990092596964
4108,0.219997
4109,0.219997
4110,0.3575955691199827
4111,0.02053213578666587
4112,0.0189416564304649
4113,0.1461117527178327
4114,0.09096751316211323
4115,0.06553635568733263
4116,0.2949878853046226
4117,0.254813000625175
4118,0.08018374273755499
4119,0.7160527502994292
4120,0.2723814789039555
4121,0.034290202739797604
4122,0.219997
4123,0.14621590345519064
4124,0.05334324193354255
4125,0.02295484006366095
4126,0.0218758318341695
4127,0.038580209788807655
4128,0.075100780619803
4129,0.10474320262538282
4130,0.12429740230920681
4131,0.17160241342975185
4132,0.20400741650083437
4133,0.5236125690982667
4134,1.0
4135,0.6009234663667198
4136,0.349908
4137,0.8870463183627365
4138,0.1516959844899159
4139,0.04876582500245047
4140,0.11427147929205235
4141,0.10555964660638352
4142,0.219997
4143,0.13191401013342702
4144,0.038796238845719866
4145,0.06475993359437952
4146,0.219997
4147,0.054354473742520615
4148,0.04509916093659553
4149,0.13478148571920825
4150,0.0233006114269483
4151,0.03070242224890659
4152,0.0304712509018414
4153,0.007420980105158277
4154,0.04349266236655849
4155,0.16058252197721626
4156,0.09625515948251265
4157,0.1449508443112933
4158,0.219997
4159,0.219997
4160,0.350009
4161,1.0
4162,0.9464254443678972
4163,0.40508835144685057
4164,0.03290167096971043
4165,0.0227791882396532
4166,0.0039871107346621595
4167,0.0
4168,0.04468559577406815
4169,0.18126255285592469
4170,0.008721953098776375
4171,0.031223215595090233
4172,0.5156117095420012
4173,0.07354642613524806
4174,0.03423789835599733
4175,0.06880926721076588
4176,0.07114561202842254
4177,0.1248070153220043
4178,0.034940407528827225
4179,0.07559990182909063
4180,0.03615964549503596
4181,0.05687904307580218
4182,0.14308666308617002
4183,0.19954540949629068
4184,0.6208026437799334
4185,0.4269229904053553
4186,0.219997
4187,1.0
4188,0.5383768982704846
4189,0.5662852945201033
4190,0.12011456254827418
4191,0.08955606247976486
4192,0.026603247414313573
4193,0.051971018554747436
4194,0.05111436579852355
4195,0.06796691930705456
4196,0.02480721911140344
4197,0.05125971452614682
4198,0.6220421211606544
4199,0.14780154954857708
4200,0.350009
4201,0.049985705476487424
4202,0.13077841573925492
4203,0.16436562773849683
4204,0.12409923584904217
4205,0.20795479749333304
4206,0.03310077828826935
4207,0.04330941436531242
4208,0.018267764700901398
4209,0.07610058892701145
4210,0.219997
4211,0.7319483882634978
4212,0.3508599729237973
4213,0.520692125214204
4214,0.21632853353628392
4215,0.48064163778391045
4216,0.219997
4217,0.11605567888425988
4218,0.037022580190708115
4219,0.013393521828512433
4220,0.048731424407793204
4221,0.0148103686689724
4222,0.07408023811547315
4223,0.11193276470777518
4224,0.219997
4225,0.04502473870793591
4226,0.219997
4227,0.038928071265439596
4228,0.07845629381233056
4229,0.220016
4230,0.09092466547121159
4231,0.0
4232,0.04591085675969481
4233,0.19971295246596354
4234,0.219997
4235,0.057095097873886454
4236,0.219997
4237,0.30170452138355686
4238,0.12227319134809139
4239,0.12706510697503642
4240,0.01431937439050535
4241,0.12411444554049864
4242,0.12697216300426306
4243,0.09980757370374126
4244,0.12500345120567902
4245,0.1668856527009194
4246,0.0761488590083672
4247,0.07427046035200381
4248,0.0034676425775339
4249,0.219997
4250,0.013106081408343032
4251,0.029367194402271705
4252,0.06986255975039486
4253,0.07150650159495815
4254,0.21258313042640584
4255,0.05269186093638774
4256,0.10304711549629166
4257,0.01479090700380149
4258,0.10397221145609978
4259,0.219997
4260,0.444846559005053
4261,0.36930288362769914
4262,0.022589777346387733
4263,0.0
4264,0.0
4265,0.00802757081452655
4266,0.032930680381117225
4267,0.09379218057436987
4268,0.03866560361521676
4269,0.1138557110188543
4270,0.09926947044127087
4271,0.01804275639135037
4272,0.009189592669286902
4273,0.017278362816370508
4274,0.036849734794231724
4275,0.023635591627322726
4276,0.16563022398237193
4277,0.17281214300714576
4278,0.32022247916917435
4279,0.03918024395906691
4280,0.022587387794321342
4281,0.07392417130321591
4282,0.09200007084383649
4283,0.219997
4284,0.2689434083387999
4285,0.07187128649717375
4286,0.0078324743215347
4287,0.08414154376048723
4288,0.03687672623658948
4289,0.02876876231864324
4290,0.10333281582209111
4291,0.10884348288431152
4292,0.03840018437006368
4293,0.008806054640945866
4294,0.0005840329810950866
4295,0.0295284575567635
4296,0.2602185705509931
4297,0.040188897448391936
4298,0.219997
4299,0.1270158484109989
4300,0.04973811450791036
4301,0.020845512568465643
4302,0.04175098935467376
4303,0.15784074698977563
4304,0.30773863915665434
4305,0.04583899306278691
4306,0.005192401837798387
4307,0.0042860394227977
4308,0.05347572120571303
4309,0.08239471007223464
4310,0.220016
4311,0.09803022045629843
4312,0.349908
4313,0.14623721786841842
4314,0.012437532169164798
4315,0.05637341234334412
4316,0.036266261212748126
4317,0.05905152248513022
4318,0.220016
4319,0.07004208991265515
4320,0.219997
4321,0.04059453639744252
4322,0.18196188063182028
4323,0.04259071710807021
4324,0.02098224843001744
4325,0.3123314128604412
4326,0.349908
4327,0.20630867437544492
4328,0.040427108155643474
4329,0.08800641241422606
4330,0.036313769873532534
4331,0.029930201679611516
4332,0.06881506248880594
4333,0.06403016364403705
4334,0.07475717954687555
4335,0.9018809185222642
4336,0.11952909472363377
4337,0.06844673037205327
4338,0.08415310724909052
4339,0.036186529293689415
4340,0.1544222670590771
4341,0.4268189339497555
4342,0.06075636857702133
4343,0.11817489699862305
4344,0.034367522353773224
4345,0.03619654609618714
4346,0.024310885168150335
4347,0.050647061189866255
4348,0.15813944126764706
4349,0.019420453372718968
4350,0.01236499903873207
4351,0.06660554565822588
4352,0.030646153007430583
4353,0.0097969676405173
4354,0.04423490075277831
4355,0.0018119861388112002
4356,0.1678540054167508
4357,0.05865871666028766
4358,0.056418768669666615
4359,0.07574990556866447
4360,0.07448787905005254
4361,0.0314556824800747
4362,0.1014536336741623
4363,0.5239332835679473
4364,0.08691021423276046
4365,0.11003912922505157
4366,0.0427139578169325
4367,0.048150665881938504
4368,0.07905842681716202
4369,0.07367161858534291
4370,0.03404245841418014
4371,0.350009
4372,0.05282829677168399
4373,0.00555042165256222
4374,0.0187443188833973
4375,0.07330931382365666
4376,0.07386311792515597
4377,0.0
4378,0.1299785984449394
4379,0.017094006575503768
4380,0.016066947024282
4381,0.0102427622666677
4382,0.02275768647786785
4383,0.350009
4384,0.0341917380330982
4385,0.0269721289770325
4386,0.008159546544727335
4387,0.02766338252118855
4388,0.06188349797696819
4389,0.0025641590437538234
4390,0.06551262340529183
4391,0.1179238501881269
4392,0.1198667095630638
4393,0.0247764856896421
4394,0.039559778315239505
4395,0.012091861806120567
4396,0.1334854736274289
4397,0.20422759711936722
4398,0.10156359379750289
4399,0.11869189321589399
4400,0.12697984843481885
4401,0.004896804338339739
4402,0.05933924443570564
4403,0.033590928867652164
4404,0.07129480809007846
4405,0.219997
4406,0.08184013412122157
4407,0.007535656517827729
4408,0.009404890071031733
4409,0.06697145998843258
4410,0.013308963527051085
4411,0.028855054748563286
4412,0.03824460484823382
4413,0.0035858042543307667
4414,0.008712740224042753
4415,0.00516862444387595
4416,0.022404587529248916
4417,0.02919663948470695
4418,0.10473913450391886
4419,0.10838492746550905
4420,0.15766818129368576
4421,0.11305344281964692
4422,0.21030585344883637
4423,0.0
4424,0.05164043454767721
4425,0.002281786248344033
4426,0.024781705439764504
4427,0.03183003459760564
4428,0.02636467326052434
4429,0.0
4430,0.013411628625566972
4431,0.0070731192390241
4432,0.13231381728807012
4433,0.06318133777192328
4434,0.09178005748777314
4435,0.0
4436,0.0047217216362218295
4437,0.03056083684618215
4438,0.09988166522297623
4439,0.027012373190906047
4440,0.053464798946047914
4441,0.0050001286982946
4442,0.008701800917093393
4443,0.03260462994244055
4444,0.0275897704137383
4445,0.07192194433154117
4446,0.007584330820704904
4447,0.04553170984965181
4448,0.11575794713932777
4449,0.08560009190802995
4450,0.06330332622009277
4451,0.09554405399753851
4452,0.09168171672449592
4453,0.007858003991051498
4454,0.0010650947648105993
4455,0.006886285208899364
4456,0.09162354702317646
4457,0.0024754597269256006
4458,0.05793575599998161
4459,0.0098232320800215
4460,0.1252948171487268
4461,0.010965735237453362
4462,0.033312544561020896
4463,0.009994358935058109
4464,0.008625137176849543
4465,0.02075175468038427
4466,0.05820164283941927
4467,0.00968769271839626
4468,0.0076258937796309
4469,0.06076247771063968
4470,0.05523883379471871
4471,0.01874612707218295
4472,0.2160541123419179
4473,0.0262798700510242
4474,0.0554138662963535
4475,0.006162414487516933
4476,0.021343778341751315
4477,0.05622818733481951
4478,0.009611816116370759
4479,0.013598517048182998
4480,0.03696036402513385
4481,0.011537742926525197
4482,0.0
4483,0.012168294051193814
4484,0.015800923615552336
4485,0.04450872221811519
4486,0.061155676940542206
4487,0.12157419861017096
4488,0.007600661788146326
4489,0.09534331394649183
4490,0.0
4491,0.0264223751676618
4492,0.029736655624319645
4493,0.0017568655196992
4494,0.015635767519587958
4495,0.03800710373324767
4496,0.07192921009698361
4497,0.0
4498,0.05347790374437305
4499,0.0446485281111335
4500,0.039680868049375796
4501,0.09905437196014125
4502,0.14844867672364612
4503,0.08194493102828238
4504,0.005165946298530573
4505,0.167358162586661
4506,0.0395732412081161
4507,0.28479356992561305
4508,0.350009
4509,0.0292909663532634
4510,0.0519766473476553
4511,0.2302622077259407
4512,0.0
4513,0.17960672603391464
4514,0.09168220647756678
4515,0.350009
4516,0.08069801576514554
4517,0.02626739134008225
4518,0.0057791544685775005
4519,0.017920504325207722
4520,0.220016
4521,0.08091069452373319
4522,0.6462748175206083
4523,0.07469943390912044
4524,0.219997
4525,0.0
4526,0.022082790840612113
4527,0.02307128188345671
4528,0.028131841950885545
4529,0.016864556176741645
4530,0.025563137663394506
4531,0.220016
4532,0.07739527164918428
4533,0.350009
4534,0.350009
4535,0.026148207976565595
4536,0.005653307557425151
4537,0.1391223605377791
4538,0.17766412204412269
4539,0.03989788166352126
4540,0.039387738400387784
4541,0.05651243115397457
4542,0.07213250909248975
4543,0.350009
4544,0.220016
4545,0.21429006796986938
4546,0.350009
4547,0.220016
4548,0.350009
4549,0.034767137848105346
4550,0.24714290663788396
4551,0.056015418653011136
4552,0.03888776182929868
4553,0.05448574134850795
4554,0.05987022795419325
4555,0.024536235419995205
4556,0.220016
4557,0.219997
4558,0.0228911022614207
4559,0.012998782248684997
4560,0.039767870602359805
4561,0.219997
4562,0.02632239390465617
4563,0.0383521538982005
4564,0.07641251618324131
4565,0.06447333450249526
4566,0.03321508040261194
4567,0.05443795620846138
4568,0.1854134994171031
4569,0.1274930194464145
4570,0.061158154842362505
4571,0.06023464340749209
4572,0.220016
4573,0.005878919600196597
4574,0.220016
4575,0.01974658766123944
4576,0.023508177666749636
4577,0.0015136537978125
4578,0.007894238083853575
4579,0.3749091333528221
4580,0.040332172710266144
4581,0.0056652511161737
4582,0.07669918437143616
4583,0.219997
4584,0.4563456852480856
4585,0.0056002016483506405
4586,0.10798607717553396
4587,0.0571320766443091
4588,0.0061271494710487
4589,0.008108043497328792
4590,0.04209975403859895
4591,0.0022291272949697
4592,0.044948316691985506
4593,0.06303246462379605
4594,0.06973894659501277
4595,0.25901248880132366
4596,0.350009
4597,0.008824035487355823
4598,0.0138478244122654
4599,0.04375986254152596
4600,0.0060432568801723
4601,0.00886818331687304
4602,0.012718245030476888
4603,0.005531322644417946
4604,0.18852820265201245
4605,0.004219834061666362
4606,0.04520706662625804
4607,0.0544793655610405
4608,0.02449929642679328
4609,0.21146665677000653
4610,0.5993200139624126
4611,0.02212726037422097
4612,0.020870544929110182
4613,0.02749351977211745
4614,0.0973501797492107
4615,0.04878396849801034
4616,0.046885316851800404
4617,0.006881093793528029
4618,0.01499337771165365
4619,0.08833355212526489
4620,0.220016
4621,0.07905022414387225
4622,0.060219361319548144
4623,0.027227703061208024
4624,0.010060774848825699
4625,0.03644553148383112
4626,0.030282253787690446
4627,0.07207189116799627
4628,0.06126236782789076
4629,0.07375012343450862
4630,0.220016
4631,0.03603798579640832
4632,0.08488495774293525
4633,0.06589603896109596
4634,0.015947196564783682
4635,0.010567155162809441
4636,0.03017383167306591
4637,0.04454456417521062
4638,0.03131214806250844
4639,0.08019936437617156
4640,0.19108940752751175
4641,0.2873230882744275
4642,0.07579768808760645
4643,0.05434951034104217
4644,0.04352392211893385
4645,0.07670622824052968
4646,0.06454168026979464
4647,0.027846005862522602
4648,0.08497443186500334
4649,0.05514590907029507
4650,0.0
4651,0.00903835188142383
4652,0.13330065180361111
4653,0.052002539981471245
4654,0.03277175714298743
4655,0.016986580098428555
4656,0.11617089601762375
4657,0.12639570806073555
4658,0.220016
4659,0.21255821012645554
4660,0.220016
4661,0.0919811023916138
4662,0.07915685153366114
4663,0.018433632165488156
4664,0.06886507720893387
4665,0.052304519038576455
4666,0.078822031518793
4667,0.020717578669705406
4668,0.7469845769464405
4669,0.220016
4670,0.01010559986897645
4671,0.08246808101325497
4672,0.0558922322196039
4673,0.05119488783876042
4674,0.0188097066084842
4675,0.004643422371126264
4676,0.008960418368502702
4677,0.04720041797775708
4678,0.0112637500363028
4679,0.03780105710967033
4680,0.024455719653673286
4681,0.07975612377186579
4682,0.052941892297121707
4683,0.12677913540779245
4684,0.07958604247080832
4685,0.15284146522517883
4686,0.24010180776940224
4687,0.3694314711735851
4688,0.09983352076914867
4689,0.04742995297078552
4690,0.0845448956710513
4691,0.01985552639630222
4692,0.05369310519225719
4693,0.05335720734976957
4694,0.0412292490668105
4695,0.1775648914384136
4696,0.09013706685096518
4697,0.06646041939057006
4698,0.06551810364676856
4699,0.07442109929687259
4700,0.03096920642189603
4701,0.00577742671573668
4702,0.12678965420064736
4703,0.0087503475241533
4704,0.039487314812865555
4705,0.07706132799756744
4706,0.03599252477698
4707,0.0220556735076529
4708,0.019825854858268675
4709,0.06163495139193995
4710,0.051756420842645354
4711,0.12712350601501482
4712,0.16639373149168862
4713,0.19708193297234483
4714,0.220016
4715,0.12926040434353253
4716,0.13964848149253514
4717,0.0406529043714207
4718,0.17486776320735814
4719,0.0046319931071366
4720,0.05581576810989491
4721,0.09233861980015562
4722,0.09981104420745895
4723,0.0
4724,0.04884652961829061
4725,0.08585868844747505
4726,0.06782776180872009
4727,0.0
4728,0.06478606908505222
4729,0.10689838906129746
4730,0.035522110823334126
4731,0.06609593000405124
4732,0.006689863195752128
4733,0.005854376405164854
4734,0.007935196783192898
4735,0.08990428888813887
4736,0.024113352567683117
4737,0.03256876921151243
4738,0.04814098975322617
4739,0.11198674359421393
4740,0.1963382615020128
4741,0.350009
4742,0.18358100910446967
4743,0.19169886281951487
4744,0.10847057160418126
4745,0.13150382500722113
4746,0.13596690414334736
4747,0.13633840112626094
4748,0.06426682847437468
4749,0.0096986141390268
4750,0.015254242388802821
4751,0.349908
4752,0.09527485764718027
4753,0.12026585691611157
4754,0.06071440909179763
4755,0.1284760606367088
4756,0.0102323744105479
4757,0.013450368816839153
4758,0.008634548278242378
4759,0.020467958245839697
4760,0.022754317205264205
4761,0.06296629657384123
4762,0.18172492521829453
4763,0.07877786692061751
4764,0.05092932824357953
4765,0.1862996113649148
4766,0.766681849424752
4767,0.16348694353169882
4768,0.220016
4769,0.08485505860623663
4770,0.3379328114897006
4771,0.219997
4772,0.15184798737820115
4773,0.12525063993095975
4774,0.0035050267828175
4775,0.15104916968312965
4776,0.220016
4777,0.08041017697561967
4778,0.219997
4779,0.13453624395116606
4780,0.10789164369048486
4781,0.008506506310337083
4782,0.04689060963460114
4783,0.04347714538765757
4784,0.10198448222151295
4785,0.0358153315785085
4786,0.16421748642346115
4787,0.219997
4788,0.16579196286135983
4789,0.10092729869990696
4790,0.028518086426071055
4791,0.12046200948756307
4792,0.219997
4793,0.3243313652048864
4794,0.11000682901886984
4795,0.10892372592190012
4796,0.01543197109643627
4797,0.009167448184996289
4798,0.033810608720466914
4799,0.5068427035828529
4800,0.026921654699357513
4801,0.1402112834412713
4802,0.35124504790594324
4803,0.24468960848155752
4804,0.0
4805,0.033037307309795295
4806,0.03872746856976315
4807,0.09359465123802495
4808,0.1560625059919259
4809,0.2315941599493323
4810,0.1385983676169796
4811,0.16716636832433723
4812,0.349908
4813,0.219997
4814,0.21186256827278543
4815,0.219997
4816,0.349908
4817,0.0909021415306148
4818,0.07592242422613833
4819,0.14273931530818743
4820,0.06862696530742232
4821,0.28618925299076614
4822,0.9795666191679829
4823,0.08094062637364575
4824,0.15567078762601724
4825,0.42220224024878206
4826,0.004943804564640735
4827,0.03275083079499403
4828,0.32045605808222777
4829,0.0105791068757822
4830,0.00823867409054415
4831,0.04588062628782942
4832,0.14027891712657353
4833,0.034971841860299
4834,0.15142496479705664
4835,0.2970890983280152
4836,0.08102908001526583
4837,0.18404068942885793
4838,0.219997
4839,0.219997
4840,0.219997
4841,0.4445951495849527
4842,0.24471928287269157
4843,0.219997
4844,0.220016
4845,0.219997
4846,0.9768737313770519
4847,0.350009
4848,0.303819795752691
4849,0.005835887699661316
4850,0.0625348097942735
4851,0.08659799414603049
4852,0.06841521922463745
4853,0.0091635459809083
4854,0.007227258340298817
4855,0.0183430256168535
4856,0.08342014600412626
4857,0.007024335167216122
4858,0.031324534847080025
4859,0.11064757140297554
4860,0.18138634348823662
4861,0.1774800083192531
4862,0.19435333084087192
4863,0.1392551270815481
4864,0.2279503773234035
4865,0.16175552157989104
4866,0.021560343185096587
4867,0.1373498556933577
4868,0.20483950766889902
4869,0.04304787306127593
4870,0.15283669354767077
4871,1.0
4872,1.0
4873,0.48077371989241363
4874,0.008201799900660018
4875,0.014554147814530401
4876,0.08217382227442102
4877,0.2512604476640116
4878,0.0898478685591255
4879,0.0066966388378612435
4880,0.009689163005962616
4881,0.11902061402847249
4882,0.12375285373800296
4883,0.09877047048853381
4884,0.03511932320785274
4885,0.2823327732220633
4886,0.05210223258978516
4887,0.09988611107774353
4888,0.21844428161738488
4889,0.1381883918473985
4890,0.052937062147579844
4891,0.08889158505296463
4892,0.18156804496645004
4893,0.220016
4894,0.0387990362074082
4895,0.141942542043366
4896,0.09608637619628926
4897,0.1521430501096847
4898,0.9964582253481109
4899,1.0
4900,0.5056184835280323
4901,0.04797566346084883
4902,0.13506108971529424
4903,0.012468506565584297
4904,0.0006417594273623109
4905,0.1519420442930384
4906,0.02155530395941062
4907,0.220016
4908,0.07774913704578773
4909,0.05774626140436359
4910,0.044889330163861076
4911,0.047314016503526055
4912,0.18807762455493515
4913,0.219997
4914,0.1993270921956291
4915,0.6529462109683425
4916,0.3402144857456665
4917,0.219997
4918,0.219997
4919,0.14862864121733121
4920,0.12913709048125466
4921,0.18880864361518024
4922,0.06777221819308399
4923,0.06569999865895326
4924,0.219997
4925,0.12415708345016253
4926,0.10106306331315171
4927,0.1313036712247546
4928,0.02374867997335965
4929,0.8369629177097687
4930,0.9987129917049317
4931,0.8758172834243962
4932,0.0108384049515593
4933,0.06503608732076968
4934,0.22535204886908686
4935,0.219997
4936,0.006517148571233444
4937,0.018593389641421133
4938,0.01881142606709574
4939,0.08676602454508986
4940,0.219997
4941,0.08044631684156558
4942,0.5025937072636427
4943,0.8455055836617733
4944,0.1646331909204861
4945,0.16981605884197634
4946,0.21175751628299255
4947,0.219997
4948,0.12027249618112862
4949,0.25413477752598385
4950,0.220016
4951,0.033801246174554975
4952,0.13194869314196528
4953,0.11991807267908848
4954,0.19543433313333827
4955,0.05848761447283446
4956,0.02755982591353382
4957,0.4195915918176256
4958,0.3786485445723002
4959,0.2506198135070232
4960,0.12646219756871493
4961,0.06810929716116983
4962,0.17940500153264927
4963,0.009187333772003899
4964,0.10165846870249169
4965,0.219997
4966,0.025561774466148678
4967,0.0
4968,0.050021209906573265
4969,0.0
4970,0.04272899162864281
4971,0.08217672383786581
4972,0.06163866260961604
4973,0.3508246261216249
4974,1.0
4975,0.349908
4976,0.349908
4977,0.21453603110743774
4978,0.219997
4979,0.219997
4980,0.49966750503422264
4981,0.17782205145453922
4982,0.041758687754547316
4983,0.0625203252390455
4984,0.03666673803251521
4985,0.219997
4986,0.220016
4987,0.09558898128436603
4988,0.219997
4989,0.28928735952848833
4990,0.219997
4991,1.0
4992,0.16187295807825527
4993,0.03587199439975806
4994,0.12780994595531273
4995,0.2067616778790524
4996,0.06794810036440002
4997,0.049288620656557966
4998,0.219997
4999,0.09210903380543738
5000,0.07534013046692112
5001,0.11379631713175159
5002,0.09759793322156322
5003,0.219997
5004,0.5344652647407253
5005,0.349908
5006,0.8945339511734097
5007,0.349908
5008,0.219997
5009,0.219997
5010,0.32163868671864393
5011,0.03433521182955861
5012,0.1637220217082613
5013,0.07346871282316263
5014,0.07300028304900573
5015,0.27829502161839803
5016,0.220016
5017,0.061961920627011675
5018,0.771463068967865
5019,0.2816166444205883
5020,0.06775472325083681
5021,0.18048097114237246
5022,0.13340050550503185
5023,0.05306549650624475
5024,0.0239777355176079
5025,0.01511289836194615
5026,0.0741363792674793
5027,0.08519580356663983
5028,0.1288592436126329
5029,0.17606593090342748
5030,0.21739187647033037
5031,0.349908
5032,1.0
5033,0.6581768518906823
5034,0.349908
5035,0.8869504692236858
5036,0.1653999408114153
5037,0.03163714980578244
5038,0.030826336889234474
5039,0.08748891899353375
5040,0.220016
5041,0.219997
5042,0.030591117909383507
5043,0.038796238845719866
5044,0.11247692431210993
5045,0.19395077824333362
5046,0.054354473742520615
5047,0.023973977901027628
5048,0.13716173271230245
5049,0.0
5050,0.03058567469058549
5051,0.009850708677106699
5052,0.0008174156141898766
5053,0.037030611089004
5054,0.16386937945706465
5055,0.11645707124441826
5056,0.15728828088548158
5057,0.2875761642137278
5058,0.219997
5059,0.350009
5060,1.0
5061,0.9506534831880715
5062,0.41984317194701115
5063,0.04006935879790123
5064,0.012950672373910902
5065,0.0
5066,0.0
5067,0.05711801609381135
5068,0.185206618287073
5069,0.008721953098776375
5070,0.03196274214192961
5071,0.6358807021090402
5072,0.08960822311326436
5073,0.03423789835599733
5074,0.05285151087256359
5075,0.04390033688669264
5076,0.0963914696171711
5077,0.02241892087512412
5078,0.06578607965610073
5079,0.029510822889725386
5080,0.022049722231173866
5081,0.008463945960874833
5082,0.05261501940320108
5083,0.1647872189859186
5084,0.21517132143549755
5085,0.695949287414767
5086,0.48381372955676916
5087,0.20383827258656728
5088,1.0
5089,0.48499738738225806
5090,0.5747083546428251
5091,0.1363796397028706
5092,0.016516988505614873
5093,0.04176343817611603
5094,0.09686623157787715
5095,0.10283619870560165
5096,0.08363817367764892
5097,0.5913705890548624
5098,0.220016
5099,0.3077688014399586
5100,0.057667945807511375
5101,0.1311011619299695
5102,0.17272416137990484
5103,0.1546686524111316
5104,0.219997
5105,0.019179261983040048
5106,0.047595099592754014
5107,0.0074982819639541985
5108,0.09417171140077625
5109,0.219997
5110,0.7583123434331238
5111,0.35943505981602075
5112,0.5459061908189993
5113,0.25789152437208973
5114,0.349908
5115,0.21949316924384538
5116,0.08323043799929229
5117,0.0
5118,0.013393521828512433
5119,0.048731424407793204
5120,0.07541223344671286
5121,0.0
5122,0.15989662930808007
5123,0.219997
5124,0.028274480502512418
5125,0.219997
5126,0.07574391973910886
5127,0.06775927612943847
5128,0.350009
5129,0.13055384871374628
5130,0.013169198636598102
5131,0.0412838722202955
5132,0.2184713097395607
5133,0.219997
5134,0.06912666873113896
5135,0.2438287293588825
5136,0.219997
5137,0.12423425979341107
5138,0.11905471274625201
5139,0.02576989361803445
5140,0.09285109235452302
5141,0.07463995797121127
5142,0.07753284089238136
5143,0.1132007632630944
5144,0.1761333870593917
5145,0.10308862377766528
5146,0.07057699476402331
5147,0.007820898404494635
5148,0.220016
5149,0.013106081408343032
5150,0.022238468905583016
5151,0.0704925276108681
5152,0.09159656818378815
5153,0.07500176088731056
5154,0.219997
5155,0.06584133943912424
5156,0.09714311977781126
5157,0.01479090700380149
5158,0.09712878792142297
5159,0.219997
5160,0.219997
5161,0.3540636753975116
5162,0.022585613006987335
5163,0.032930680381117225
5164,0.08092600931664827
5165,0.1357493031588109
5166,0.11710233014013727
5167,0.02397531783301566
5168,0.016796151548735504
5169,0.017278362816370508
5170,0.053118131431201324
5171,0.006935389679444534
5172,0.020158601248165257
5173,0.16668951220306794
5174,0.16290093523613908
5175,0.3735802664153263
5176,0.06894316249409982
5177,0.03678296646488884
5178,0.07421136851419281
5179,0.10769094326030099
5180,0.211365088654894
5181,0.350009
5182,0.033976488217377865
5183,0.0
5184,0.08949443158481543
5185,0.011963470554314183
5186,0.02876876231864324
5187,0.15679292676354062
5188,0.11934644168244331
5189,0.015158624486081677
5190,0.012669627595739787
5191,0.219997
5192,0.03706593064565332
5193,0.0
5194,0.03763913440321123
5195,0.219997
5196,0.1189560914274364
5197,0.04648669275673656
5198,0.032252482595640744
5199,0.04335069170379296
5200,0.13080036406517553
5201,0.29336922165656876
5202,0.03243275124433671
5203,0.0
5204,0.0134110941795182
5205,0.050213580776946924
5206,0.08433507971061474
5207,0.220016
5208,0.08028750357106314
5209,0.219997
5210,0.12542331576760812
5211,0.0190960523001383
5212,0.07528572498635863
5213,0.06435221662725163
5214,0.029779868637489222
5215,0.20919938060536009
5216,0.07004208991265515
5217,0.015113938522549499
5218,0.219997
5219,0.04147602357927742
5220,0.18671031315330738
5221,0.09222396628512872
5222,0.0009510582085513
5223,0.0181152534292875
5224,0.3301661263391781
5225,0.5444718093115943
5226,0.21215329388072202
5227,0.055925598744281574
5228,0.0136259475494431
5229,0.08499793594062625
5230,0.004440099046480935
5231,0.01825337582099732
5232,0.11573795888283474
5233,0.09231207211441016
5234,0.05095795166549725
5235,1.0
5236,0.05890384390960016
5237,0.09957977581754329
5238,0.004959570094776031
5239,0.04684940897112088
5240,0.043033802727602724
5241,0.020172120455845786
5242,0.00906838174611622
5243,0.219997
5244,0.4243866077420267
5245,0.056805981298524134
5246,0.18149157802091176
5247,0.0554591609404586
5248,0.01600505726408194
5249,0.03725676291055995
5250,0.16904506090256605
5251,0.01694445295260147
5252,0.008867798419342168
5253,0.07691556833918417
5254,0.043561872808808084
5255,0.005050733839656001
5256,0.0272349539242125
5257,0.04500004470169371
5258,0.014927751629096757
5259,0.1431223836938103
5260,0.05865871666028766
5261,0.04072180212208031
5262,0.04222631880564322
5263,0.10916962966292217
5264,0.07021080459328793
5265,0.0378993231648906
5266,0.0995828605323131
5267,0.5242478960675995
5268,0.06918388418603667
5269,0.12603887057423238
5270,0.09685037527226983
5271,0.0675102734962367
5272,0.03219519031553974
5273,0.350009
5274,0.043707211115996694
5275,0.015691906430850267
5276,0.09240043158737865
5277,0.1483705625644976
5278,0.020217171863222954
5279,0.1124040178336455
5280,0.042163947964583066
5281,0.05607868149496441
5282,0.03759384901491795
5283,0.350009
5284,0.0460991562184793
5285,0.0047222436221273
5286,0.02367135888361035
5287,0.031687377168746395
5288,0.0895813645139954
5289,0.0
5290,0.07398791037929733
5291,0.1289872625026411
5292,0.12269263068576561
5293,0.044077508826360315
5294,0.03482869824794377
5295,0.08386421085963561
5296,0.10002936492583503
5297,0.10009378895119939
5298,0.1399379856795344
5299,0.15901788895289287
5300,0.024707325780159436
5301,0.04437606687376394
5302,0.027816937737054903
5303,0.06791305685148137
5304,0.2846869446744094
5305,0.18184960316918727
5306,0.006420155899252507
5307,0.06571617598742328
5308,0.021365070332255688
5309,0.007139344819713886
5310,0.052713382640141984
5311,0.033940343789369165
5312,0.05215438082876422
5313,0.005709956938668399
5314,0.008712740224042753
5315,0.012487350394623849
5316,0.0256935302494377
5317,0.013527410344739999
5318,0.09531102899760906
5319,0.10244570787717935
5320,0.17553416067778876
5321,0.0043917856106846
5322,0.04605256113182217
5323,0.009423772527418368
5324,0.15090604106517452
5325,5.807254875558464e-05
5326,0.219997
5327,0.0108674648163537
5328,0.00894066670624725
5329,0.03662429224028291
5330,0.009532833440432334
5331,0.013149668530865325
5332,0.034816824292619404
5333,0.04828749939568714
5334,0.01815802236440673
5335,0.0
5336,0.013411628625566972
5337,0.11742361929069572
5338,0.0
5339,0.06318133777192328
5340,0.07705638722951344
5341,0.008180773734639334
5342,0.01630167251267795
5343,0.13580577205034272
5344,0.040003617946245754
5345,0.03482754972408611
5346,0.04259794503585466
5347,0.0164679127582024
5348,0.12236724597571597
5349,0.007584330820704904
5350,0.04553170984965181
5351,0.17568717049498586
5352,0.04688869513075486
5353,0.044757412510014076
5354,0.07506939383633832
5355,0.012255972883322185
5356,0.15021333772664502
5357,0.010977686281490899
5358,0.004802357403092099
5359,0.13525629442376286
5360,0.0028905771266475007
5361,0.04055700213736101
5362,0.16446425678101784
5363,0.040583306520073664
5364,0.022947704307540475
5365,0.04628728891663007
5366,0.030379930897849617
5367,0.0
5368,0.022087576908423785
5369,0.02202600910919439
5370,0.01017046753700988
5371,0.04458543932906167
5372,0.01071311750237126
5373,0.002369557867179
5374,0.0229530504035004
5375,0.10222466713983161
5376,0.035575546617706545
5377,0.0117195327404971
5378,0.0059947841436474
5379,0.11079807918876682
5380,0.028120511982818702
5381,0.014912919879832079
5382,0.05949025788667811
5383,0.07119710729928531
5384,0.01924098262926726
5385,0.0026770198570965995
5386,0.03646399123025684
5387,0.0373261298273966
5388,0.0014542121481130425
5389,0.0044205015132635
5390,0.015800923615552336
5391,0.04946802702134169
5392,0.09067968067347681
5393,0.13816152099581727
5394,0.002479696682413025
5395,0.09485028411871803
5396,0.0110548129691984
5397,0.0
5398,0.01199641804567847
5399,0.019587318848472854
5400,0.0466885709431631
5401,0.023295277113360567
5402,0.03800710373324767
5403,0.1128448601353417
5404,0.0
5405,0.0905519019387996
5406,0.0423659036391641
5407,0.0077073895506832
5408,0.17426124820214217
5409,0.06423215109620813
5410,0.04510299374169957
5411,0.005165946298530573
5412,0.0921705430072617
5413,0.350009
5414,0.350009
5415,0.0051385175524204
5416,0.0438475710099229
5417,0.220016
5418,0.0
5419,0.23849116050098657
5420,0.005502398422328901
5421,0.219997
5422,0.06271257220754414
5423,0.035701205695166355
5424,0.012876305057223645
5425,0.0029609706458930242
5426,0.00034526936973235285
5427,0.011387287797396709
5428,0.220016
5429,0.1113557944842159
5430,0.7022712512151748
5431,0.07428424064024904
5432,0.0206024248865388
5433,0.220016
5434,0.0
5435,0.02793246045245518
5436,0.021466437970988447
5437,0.012460922961764612
5438,0.035430527748799845
5439,0.0349998623549623
5440,0.220016
5441,0.03726125319814598
5442,0.38417125011534337
5443,0.3891545956781215
5444,0.03576394120049175
5445,0.219997
5446,0.219997
5447,0.02551884876685563
5448,0.000769114684908972
5449,0.062279273055855955
5450,0.02068941029550798
5451,0.017014997097556675
5452,0.0
5453,0.5004226852575209
5454,0.056683750025663796
5455,0.238320556994574
5456,0.46139930105050647
5457,0.220016
5458,0.0
5459,0.350009
5460,0.07099663041567635
5461,0.23381886074964628
5462,0.06256674691967463
5463,0.02977928977369548
5464,0.06435821343306405
5465,0.0055733618579902
5466,0.09279508900429165
5467,0.131300684025848
5468,0.00777559006409545
5469,0.1512828613088025
5470,0.350009
5471,0.016296613881545075
5472,0.02540095425357447
5473,0.028934690409578502
5474,0.05836310151255572
5475,0.05609970090024946
5476,0.005345718424053749
5477,0.03814686297143998
5478,0.1512120974737597
5479,0.1323322379403759
5480,0.0523524945302143
5481,0.028001819576331067
5482,0.220016
5483,0.0
5484,0.220016
5485,0.0
5486,0.016391684640836818
5487,0.023508177666749636
5488,0.007894238083853575
5489,0.015851488168820985
5490,0.4075618247917447
5491,0.03101741682844216
5492,0.219997
5493,0.349908
5494,0.0056002016483506405
5495,0.06668838112025517
5496,0.0483164356010873
5497,0.014282880391047
5498,0.022323096627114944
5499,0.0020437193997271
5500,0.01941757969646815
5501,0.0022291272949697
5502,0.125431423967374
5503,0.07688313439908825
5504,0.12396554704969427
5505,0.220016
5506,0.32644030014676145
5507,0.008824035487355823
5508,0.02259936354090293
5509,0.04195253761259636
5510,0.00886818331687304
5511,0.0
5512,0.03632622977923819
5513,0.025951303471800722
5514,0.220016
5515,0.01388342556832195
5516,0.047816619729509444
5517,0.010464037793753576
5518,0.0543854089167869
5519,0.008756505288733943
5520,0.26174578345182214
5521,0.6844167161115191
5522,0.013811066851346171
5523,0.020870544929110182
5524,0.02835591892224535
5525,0.0446074271622218
5526,0.018332885427191938
5527,0.028995593804836198
5528,0.007064061221354528
5529,0.00681427878376165
5530,0.137271046783323
5531,0.220016
5532,0.10180757374093935
5533,0.08332714744186684
5534,0.0941988964879733
5535,0.01833164008583259
5536,0.047904240030532924
5537,0.03483525479673005
5538,0.05333704986804107
5539,0.046003246933215364
5540,0.05842577019623233
5541,0.220016
5542,0.04272228992657842
5543,0.06860859746539014
5544,0.04642573819608806
5545,0.014459075483804582
5546,0.02271764493902574
5547,0.02516580865591491
5548,0.04664587626372371
5549,0.022126720194538065
5550,0.03131214806250844
5551,0.09311347943515966
5552,0.15128624438065436
5553,0.219997
5554,0.04755837240313905
5555,0.04369776390277137
5556,0.020658138677176547
5557,0.08244208947421268
5558,0.05236857678724724
5559,0.015045436790504301
5560,0.09218602562147454
5561,0.01164909463725155
5562,0.00903835188142383
5563,0.08120170070534063
5564,0.03587726068805205
5565,0.02633124472044803
5566,0.03270041178496165
5567,0.10683078295048275
5568,0.09336244224636166
5569,0.184608036837326
5570,0.21466997821360484
5571,0.220016
5572,0.0692753662945838
5573,0.07919457410810424
5574,0.02560850105486416
5575,0.07378368770284767
5576,0.08238703311745076
5577,0.11307137617361929
5578,0.0534492321521383
5579,0.6754849333749251
5580,0.10862192950325206
5581,0.17079810587371128
5582,0.054944906471771894
5583,0.11166679817084701
5584,0.0122668678352954
5585,0.0017867234419775635
5586,0.009129764281754101
5587,0.0075744061665558
5588,0.06366183640777337
5589,0.0315947577064075
5590,0.0029787804339124
5591,0.039556510402040924
5592,0.025409121901726388
5593,0.11844620386184788
5594,0.05708723639110651
5595,0.12697685420703733
5596,0.08115003984280351
5597,0.1542699019535392
5598,0.24401452865218715
5599,0.350009
5600,0.09026669957741038
5601,0.05695638704486372
5602,0.09509559339243942
5603,0.03690504532772952
5604,0.04263660062619889
5605,0.03782835056195237
5606,0.06104990796927649
5607,0.14602508793304192
5608,0.05490950126303758
5609,0.13981713676917507
5610,0.05485081588668536
5611,0.11257649843170478
5612,0.021422489753974865
5613,0.03114118923745653
5614,0.14123105486454174
5615,0.0019353107800216
5616,0.010054838568972652
5617,0.11537427426833995
5618,0.0436497063958131
5619,0.0171330249731378
5620,0.0
5621,0.08033260558897065
5622,0.07395434888948946
5623,0.10205811480131544
5624,0.142829340406458
5625,0.16464135941978694
5626,0.220016
5627,0.12135478646893055
5628,0.11250257185211304
5629,0.0526623861283363
5630,0.11675865300649753
5631,0.0111122315966858
5632,0.03185466044457621
5633,0.10648802043475142
5634,0.07602394831479237
5635,0.008584327901574137
5636,0.006291699348961415
5637,0.03835415342070156
5638,0.056288467959287374
5639,0.10980684245253322
5640,0.1328385658755344
5641,0.06100938337805414
5642,0.006689863195752128
5643,0.011492173558930454
5644,0.0
5645,0.09446035449779126
5646,0.05490768447765313
5647,0.07609699917482467
5648,0.10692285999672604
5649,0.196939795584401
5650,0.4032491466433895
5651,0.1855930111715377
5652,0.17463850743992415
5653,0.06345619602328226
5654,0.220016
5655,0.14960304954839054
5656,0.15046996914336885
5657,0.09477971297456186
5658,0.015003223319481226
5659,0.00684559421252362
5660,0.349908
5661,0.12165253418189628
5662,0.09497930534859127
5663,0.04736445732126212
5664,0.099399441085523
5665,0.017985739620861342
5666,0.01403347926079715
5667,0.008634548278242378
5668,0.0293855546067842
5669,0.0140693533359047
5670,0.07808163755958653
5671,0.21049145724781854
5672,0.07869214317570752
5673,0.05060571301037273
5674,0.1776744098346325
5675,0.8002773970409589
5676,0.15843162358456261
5677,0.025670832562138264
5678,0.220016
5679,0.10015196806837443
5680,0.23841337032565643
5681,0.20992975687201043
5682,0.13302158398869357
5683,0.0
5684,0.05550522441847626
5685,0.12609313456090288
5686,0.211141688642748
5687,0.07241017352158696
5688,0.219997
5689,0.12016750878908328
5690,0.06651638434962215
5691,0.0007778962135218837
5692,0.03538394287774384
5693,0.03346431212337177
5694,0.08374174525801535
5695,0.051628078155250404
5696,0.17281278412230644
5697,0.219997
5698,0.16697939978159093
5699,0.19177775425270938
5700,0.04365196935379975
5701,0.10466665516294227
5702,0.219997
5703,0.28153589989834943
5704,0.12022489294246004
5705,0.04214194753914732
5706,0.02178246442870077
5707,0.03948543569338411
5708,0.5172689862425135
5709,0.01765489673450131
5710,0.1289565124346254
5711,0.350009
5712,0.2960816594754036
5713,0.0
5714,0.0120710823158947
5715,0.02411336056149595
5716,0.08649058594154374
5717,0.20518770768191558
5718,0.220016
5719,0.1547023836574955
5720,0.14329728658483915
5721,0.349908
5722,0.219997
5723,0.20416651222917104
5724,0.219997
5725,0.349908
5726,0.08301592126880979
5727,0.04201582227072983
5728,0.14466975482342792
5729,0.04249501224756673
5730,0.349908
5731,0.9624142741162643
5732,0.08094062637364575
5733,0.11614233449078264
5734,0.4779965218255797
5735,0.0
5736,0.06271261367574224
5737,0.26678952429615577
5738,0.026881505457151
5739,0.05508018550197172
5740,0.10387996082752211
5741,0.0423614714797966
5742,0.11407779390320755
5743,0.0006751584142069
5744,0.24700573736382403
5745,0.10526567460184333
5746,0.16455606605468404
5747,0.219997
5748,0.219997
5749,0.219997
5750,0.4400591842271345
5751,0.22456960439638773
5752,0.0416123041175782
5753,0.3061812482568238
5754,0.350009
5755,0.2250543645265422
5756,1.0
5757,0.350009
5758,0.350009
5759,0.0559206903744683
5760,0.0954107499873073
5761,0.08660529255616234
5762,0.007891081101025967
5763,0.0091635459809083
5764,0.007227258340298817
5765,0.01731188734299352
5766,0.00022902204275970024
5767,0.10208302833481006
5768,0.007393641051607515
5769,0.007024335167216122
5770,0.031324534847080025
5771,0.11574481005477484
5772,0.17015093233109202
5773,0.1932703624738357
5774,0.219997
5775,0.1338784767143381
5776,0.2302726411786844
5777,0.15794808020203122
5778,0.018428828999441985
5779,0.1568775328409068
5780,0.220016
5781,0.220016
5782,1.0
5783,1.0
5784,0.46845345511099346
5785,0.008201799900660018
5786,0.0017651130916065006
5787,0.06350944191299582
5788,0.04204359673931212
5789,0.2487303766298588
5790,0.07415780400262459
5791,0.0
5792,0.014804784573091983
5793,0.06247098372385088
5794,0.12129810071840486
5795,0.0954625684520053
5796,0.03511932320785274
5797,0.2753794714408751
5798,0.05210223258978516
5799,0.06416737772288883
5800,0.219997
5801,0.1534189624503674
5802,0.07395029491053473
5803,0.09890544664184134
5804,0.19794479472154075
5805,0.1458198887463939
5806,0.0542096368142517
5807,0.09729747020932841
5808,0.12791282209723487
5809,0.12297556244233329
5810,0.9473197820060584
5811,1.0
5812,0.5370157764314514
5813,0.034619146626029836
5814,0.220016
5815,0.013204387965015997
5816,0.1563451187448639
5817,0.08906938349533002
5818,0.26435311581361853
5819,0.1062560972738929
5820,0.029891221874787377
5821,0.07374297164800736
5822,0.20487060299184806
5823,0.2798298536390657
5824,0.18574668100605612
5825,0.6620621039676378
5826,0.3442251847536264
5827,0.219997
5828,0.219997
5829,0.1485832043486633
5830,0.11806013848200098
5831,0.18100160009822783
5832,0.07982688210368069
5833,0.07361806565475895
5834,0.219997
5835,0.14062702890749645
5836,0.06410995615106771
5837,0.10796638142487529
5838,0.04835064407784175
5839,0.8715941901800668
5840,0.9987129917049317
5841,0.8758172834243962
5842,0.0054843749544417
5843,0.04062363854668577
5844,0.350009
5845,0.19328567118012313
5846,0.04498525599659874
5847,0.037464973239487935
5848,0.018587364368005243
5849,0.09094154610103286
5850,0.19564598089979146
5851,0.08086772940234399
5852,0.5523248935437339
5853,0.8465524654035543
5854,0.14425803226721517
5855,0.17525733492751533
5856,0.20886132033868285
5857,0.219997
5858,0.12941187774206542
5859,0.27664488372864027
5860,0.14115857303084106
5861,0.012110495239317075
5862,0.1120634940439021
5863,0.10465581585356389
5864,0.16091269164773025
5865,0.08647748714795037
5866,0.37395319704513985
5867,0.3894236217857451
5868,0.24603215468812528
5869,0.13101204771629515
5870,0.054411781022373824
5871,0.19946825842786606
5872,0.1085929699440988
5873,0.219997
5874,0.03806359547545078
5875,0.04992871472018039
5876,0.038090784887575065
5877,0.0
5878,0.037220367815049206
5879,0.0789292348265109
5880,0.051286838555481135
5881,0.349908
5882,1.0
5883,0.5866296278932452
5884,0.349908
5885,0.219997
5886,0.219997
5887,0.2789151033244973
5888,0.5467204348246384
5889,0.220016
5890,0.01702228127476602
5891,0.0915263000968501
5892,0.024900520915692812
5893,0.20720770250246962
5894,0.246420343026959
5895,0.10293287224170104
5896,0.219997
5897,0.28592645880449685
5898,0.219997
5899,1.0
5900,0.09957264003468427
5901,0.03259450708043286
5902,0.15690069352507902
5903,0.1942339685470887
5904,0.014337857659308312
5905,0.06277607746736077
5906,0.219997
5907,0.08332859837431188
5908,0.09598949669522042
5909,0.1118492546144163
5910,0.09418547037375063
5911,0.219997
5912,0.5368412124777198
5913,0.349908
5914,0.8997337741421763
5915,0.5403677534585253
5916,0.219997
5917,0.219997
5918,0.3353463536028819
5919,0.1540546445694029
5920,0.08802800628369292
5921,0.045956680698777126
5922,0.350009
5923,0.350009
5924,0.07518285635912039
5925,0.6981302492455739
5926,0.350009
5927,0.0498798172534071
5928,0.16425522371588777
5929,0.16571551972486243
5930,0.05801564052871225
5931,0.0251149037978796
5932,0.04744237243836015
5933,0.0642301488627785
5934,0.08564606706244013
5935,0.1654138636556352
5936,0.16061857160687368
5937,0.19367475895350247
5938,0.349908
5939,1.0
5940,0.6889940495483232
5941,0.5196902725877734
5942,0.9974909103507849
5943,0.18155444993779069
5944,0.06494703816658358
5945,0.062429393254008855
5946,0.219997
5947,0.23641560171737255
5948,0.06979863407735461
5949,0.038796238845719866
5950,0.00388044845457
5951,0.10236349790339652
5952,0.21336124035849593
5953,0.0404501063967858
5954,0.04380091424275483
5955,0.12171833982247306
5956,0.0359506141722199
5957,0.04460304419540369
5958,0.0356224971570417
5959,0.010116996091986777
5960,0.033997803735546395
5961,0.15312372623866477
5962,0.07840335965860415
5963,0.0914100332196533
5964,0.2996612705413504
5965,0.349908
5966,0.350009
5967,1.0
5968,0.9747399554988951
5969,0.349908
5970,0.09762916410499944
5971,0.012385420362912302
5972,0.0
5973,0.0
5974,0.07504818351998485
5975,0.17736534522143887
5976,0.008721953098776375
5977,0.005514122764326733
5978,0.5846097813056336
5979,0.220016
5980,0.03423789835599733
5981,0.0725757114920228
5982,0.07454660581987035
5983,0.1724722903915801
5984,0.02109393333078182
5985,0.10954736763142774
5986,0.020059435516473986
5987,0.032422998170856976
5988,0.013562660212017862
5989,0.021863455483394537
5990,0.05405202135687008
5991,0.1521991703953695
5992,0.19892608781754867
5993,0.5629488100610356
5994,0.48271420964857537
5995,0.193535940567582
5996,1.0
5997,0.5151358720281093
5998,0.5944401156931729
5999,0.220016
6000,0.06951183168658347
6001,0.025376400380535173
6002,0.030030738035542737
6003,0.03219582589400825
6004,0.08941139350205606
6005,0.04826784258144264
6006,0.041128252160852724
6007,0.560921245318325
6008,0.220016
6009,0.349908
6010,0.05374263210260152
6011,0.14486852589915494
6012,0.17543417579002385
6013,0.14096159415396237
6014,0.219997
6015,0.0043018981685772496
6016,0.039468791232729915
6017,0.08577853617887295
6018,0.219997
6019,0.7988038759109097
6020,0.350009
6021,0.5185212815798868
6022,0.219997
6023,0.349908
6024,0.20459713238871297
6025,0.0868042000044206
6026,0.09690194558643056
6027,0.029095410457053886
6028,0.1996058875363927
6029,0.219997
6030,0.011778073921254417
6031,0.291186341953786
6032,0.038928071265439596
6033,0.09262207079648727
6034,0.220016
6035,0.12242769998346259
6036,0.0316534414039884
6037,0.17981771516168138
6038,0.219997
6039,0.054865986123648354
6040,0.0008838935646702
6041,0.2570134873828519
6042,0.219997
6043,0.132332305592523
6044,0.11951757388051762
6045,0.00767834273277595
6046,0.09875622741635812
6047,0.10021164258417277
6048,0.07665831602631745
6049,0.1610617013414205
6050,0.1406183533516014
6051,0.0778335516288389
6052,0.0712682468529206
6053,0.0052403740470901
6054,0.350009
6055,0.013106081408343032
6056,0.022238468905583016
6057,0.08533588919475471
6058,0.06582867739620926
6059,0.07833423421028635
6060,0.219997
6061,0.03800209314545674
6062,0.10091987892576426
6063,0.01479090700380149
6064,0.11984828033229136
6065,0.219997
6066,0.45032149019952417
6067,0.350009
6068,0.030146892858151236
6069,0.016179301222829984
6070,0.032930680381117225
6071,0.14989037722385487
6072,0.01491909596290006
6073,0.08692627298199311
6074,0.15251006919931837
6075,0.017954449732656065
6076,0.034798181119253056
6077,0.009510501743187783
6078,0.006099019999268724
6079,0.023635591627322726
6080,0.14467776954029002
6081,0.16499179591172186
6082,0.3510048985716484
6083,0.07196072284313793
6084,0.04519076312587364
6085,0.08952200420595881
6086,0.08269074252034629
6087,0.1638523434768104
6088,0.350009
6089,0.02880941793291946
6090,0.08989630398946004
6091,0.018698224007105982
6092,0.02901736587236238
6093,0.17246396254118723
6094,0.1461480360104227
6095,0.07029148123088297
6096,0.024049219457018683
6097,0.010513846834778354
6098,0.27337531238783463
6099,0.03706593064565332
6100,0.0005575675385795006
6101,0.04226393896806094
6102,0.219997
6103,0.0893385011401591
6104,0.06581109577389536
6105,0.03886875049672954
6106,0.03413690893419226
6107,0.13399724149727943
6108,0.350009
6109,0.05063681011490491
6110,0.0037288763839497
6111,0.006576699558569361
6112,0.0012760089232908
6113,0.08462729496193383
6114,0.08294242419584136
6115,0.220016
6116,0.04236571788802544
6117,0.24927271303285908
6118,0.19696077169349943
6119,0.021921160781562497
6120,0.06981811840765201
6121,0.037608188654855226
6122,0.024564584023213324
6123,0.2673500637892648
6124,0.219997
6125,0.026293147300349914
6126,0.1800510036329523
6127,0.05166163108138861
6128,0.006342384740327625
6129,0.015961718892636898
6130,0.3282315296769812
6131,0.5250058192588107
6132,0.21999459903421975
6133,0.04765856932157647
6134,0.09940084160553177
6135,0.013882087747744135
6136,0.03335999364739242
6137,0.08605846657274394
6138,0.05964983329223835
6139,0.10302752935527335
6140,1.0
6141,0.09145050976907118
6142,0.012515744759773031
6143,0.07013870936853019
6144,0.031104626395688423
6145,0.02792439346307638
6146,0.03013387016729172
6147,0.1480531004435943
6148,0.3637214205756924
6149,0.11158973920627593
6150,0.08863286590280366
6151,0.012052689713680939
6152,0.026288637215579332
6153,0.036529038803679255
6154,0.16149689382067528
6155,0.029266378982612567
6156,0.028017000357255968
6157,0.09804682519215926
6158,0.04434826661122518
6159,0.02809011890711372
6160,0.0171780511522876
6161,0.05407638799397302
6162,0.023503897026133
6163,0.1309206892301648
6164,0.05865871666028766
6165,0.0108349214849824
6166,0.027763451512778103
6167,0.046249397223480315
6168,0.09156720901547007
6169,0.07716369907696394
6170,0.0191329562859887
6171,0.05568946282139721
6172,0.49991305348730475
6173,0.032008681518176575
6174,0.11409317410041528
6175,0.06846292259095962
6176,0.0552166983652101
6177,0.03373082613952574
6178,0.350009
6179,0.046360183675284786
6180,0.0075678250064217
6181,0.007191900327688811
6182,0.017445866686333016
6183,0.05340393258694465
6184,0.11571774895414218
6185,0.005580688243768141
6186,0.015727090322899196
6187,0.1122268794737783
6188,0.017191011062244466
6189,0.010335151442825149
6190,0.350009
6191,0.090153322105982
6192,0.027057849416775498
6193,0.02367135888361035
6194,0.0288363934197857
6195,0.08256285448600859
6196,0.004529334912647701
6197,0.07180706432790404
6198,0.1545365271785424
6199,0.17035147853090102
6200,0.044077508826360315
6201,0.04467869032151926
6202,0.0954002437737332
6203,0.11574053213553123
6204,0.09572621277428109
6205,0.1538558338502922
6206,0.12584615140524447
6207,0.01952053651867984
6208,0.07640170059376503
6209,0.033590928867652164
6210,0.11297486049819327
6211,0.28835076061087184
6212,0.18010206259681866
6213,0.07706381708136908
6214,0.02241943813282859
6215,0.017215882089513086
6216,0.046736008570746085
6217,0.028622905813695965
6218,0.04323444189195512
6219,0.0
6220,0.015075707202274708
6221,0.008712740224042753
6222,0.018404584582696497
6223,0.014328070730524198
6224,0.09344431662339236
6225,0.14528393847807436
6226,0.219997
6227,0.0043917856106846
6228,0.04605256113182217
6229,0.12389646825086822
6230,0.007940778533815085
6231,0.2197776747573001
6232,0.008545362255730124
6233,0.04602423042591951
6234,0.010431468548744433
6235,0.012406160339409425
6236,0.0269607037699103
6237,0.03504229985971144
6238,0.04714274164915164
6239,0.035660289505289926
6240,0.013411628625566972
6241,0.11202391787235971
6242,0.01647080751934705
6243,0.06318133777192328
6244,0.007481920275978457
6245,0.05782812621948334
6246,0.008180773734639334
6247,0.006377422361805582
6248,0.041361663301841226
6249,0.09867504347636713
6250,0.042234197255169054
6251,0.04337222103491261
6252,0.016582163300516498
6253,0.003923004243710027
6254,0.008701800917093393
6255,0.028146379032765557
6256,0.01052517061805875
6257,0.016144200523112984
6258,0.0374523224803956
6259,0.09795958542300547
6260,0.013777931389587201
6261,0.049105898201095594
6262,0.13047910461030146
6263,0.035726803897861356
6264,0.10793604687217867
6265,0.09900317982034013
6266,0.012255972883322185
6267,0.1967969449961291
6268,0.023984122757567394
6269,0.002095944381148099
6270,0.12595590248816016
6271,0.014275236534412502
6272,0.0870314798992032
6273,0.16807200302694214
6274,0.05405055985791177
6275,0.011042631424945255
6276,0.04496539851343548
6277,0.02700614573549572
6278,0.01521499834916441
6279,0.01191017675695448
6280,0.0033103879079922974
6281,0.0186231570551248
6282,0.02624821467427598
6283,0.012508561033953834
6284,0.013949039104671199
6285,0.01216202764513138
6286,0.01832708331716397
6287,0.00808689060320676
6288,0.0267894196032279
6289,0.08287692783257161
6290,0.17431479987805132
6291,0.031567971242430104
6292,0.036625974915804736
6293,0.05424165384074981
6294,0.08094327560780332
6295,0.04115893894050415
6296,0.0078661450382711
6297,0.05950362120461985
6298,0.0100021318825202
6299,0.018800015949212243
6300,0.0
6301,0.012168294051193814
6302,0.052150401271851096
6303,0.0811156952691986
6304,0.13419717310470616
6305,0.011668823261007426
6306,0.09132055924450083
6307,0.0
6308,0.015635767519587958
6309,0.0525252017093678
6310,0.03800710373324767
6311,0.1700380954778735
6312,0.0
6313,0.028929824459993397
6314,0.0558095524285906
6315,0.0330731523154879
6316,0.0740344915126079
6317,0.10943295787187396
6318,0.11477428866034173
6319,0.008222563728781229
6320,0.029417223374237265
6321,0.0
6322,0.07493876098574294
6323,0.0740751303876551
6324,0.350009
6325,0.350009
6326,0.1660427476474433
6327,0.350009
6328,0.0
6329,0.32683396909039997
6330,0.220016
6331,0.150281355808835
6332,0.07442608825989455
6333,0.18728572184051223
6334,0.012876305057223645
6335,0.04094459540606243
6336,0.0
6337,0.29517092601402384
6338,0.07838478132706449
6339,0.7871257748813769
6340,0.12380742656452423
6341,0.219997
6342,0.007829676133800506
6343,0.008167499418251114
6344,0.021466437970988447
6345,0.03992760139701061
6346,0.0439574899928009
6347,0.0127001668985481
6348,0.21112737992879482
6349,0.11936593291079908
6350,0.5082762142188232
6351,0.48750766838552245
6352,0.12625038766800378
6353,0.06343329896489175
6354,0.1799963594407813
6355,0.219997
6356,0.02551884876685563
6357,0.0058961631146957055
6358,0.030821063477408414
6359,0.03222345231503895
6360,0.0049868170906360795
6361,0.0
6362,0.10624758503514914
6363,0.039399738142792726
6364,0.4932911545965709
6365,0.1286063021900236
6366,0.29936057902041796
6367,0.5597914967697651
6368,0.0664607794878054
6369,0.0
6370,0.44795003502075864
6371,0.0453779242916906
6372,0.09962808249412425
6373,0.220016
6374,0.06749400842372555
6375,0.08492517908304369
6376,0.047121021561969303
6377,0.0443208772535062
6378,0.0547662813642594
6379,0.220016
6380,0.219997
6381,0.045419911257418996
6382,0.1048203424368159
6383,0.350009
6384,0.04025239747926007
6385,0.02000246348969847
6386,0.08631705635625639
6387,0.024741218934723315
6388,0.059388288974707756
6389,0.03259986852267865
6390,0.1333284015878164
6391,0.0928213617444998
6392,0.0622425012023653
6393,0.04739921370141607
6394,0.037182115586961426
6395,0.350009
6396,0.04190152912523955
6397,0.007700428288286019
6398,0.012208877610563775
6399,0.0
6400,0.0021781690343901
6401,0.0295010982774442
6402,0.350009
6403,0.15887324182309942
6404,0.07934900023213495
6405,0.349908
6406,0.5367784219516127
6407,0.09325620904804408
6408,0.0356638783690682
6409,0.0189169665927048
6410,0.0022774694047829423
6411,0.006102241876481225
6412,0.04868735220932385
6413,0.0081198484563012
6414,0.061702614082364306
6415,0.012814955399474453
6416,0.21619198108283477
6417,0.350009
6418,0.350009
6419,0.010931786939289773
6420,0.350009
6421,0.04531484616585625
6422,0.00886818331687304
6423,0.07384989040291849
6424,0.0037286692706240444
6425,0.24187260029396856
6426,0.0
6427,0.020481312392686243
6428,0.010464037793753576
6429,0.06281763745408614
6430,0.0090906912664632
6431,0.219997
6432,0.6840979795692308
6433,0.0069972013605059
6434,0.05330141968229308
6435,0.00767583238288657
6436,0.046679803185914595
6437,0.02444148300824294
6438,0.0
6439,0.008024182238239851
6440,0.0828646893519857
6441,0.1771991642875996
6442,0.15996435840471146
6443,0.03157063236740814
6444,0.07369728316129903
6445,0.0
6446,0.03598372669275192
6447,0.04211146097522954
6448,0.057876419110654866
6449,0.07324950327401206
6450,0.05980325533650244
6451,0.220016
6452,0.05658577206480672
6453,0.049017991392001845
6454,0.05757902207364596
6455,0.02420319543135678
6456,0.033465452824514644
6457,0.017521311977704214
6458,0.05692610427976351
6459,0.0050045463248953
6460,0.05197602401523427
6461,0.022126720194538065
6462,0.052497433594772824
6463,0.09725286419818005
6464,0.20838301157225625
6465,0.219997
6466,0.06128448517511845
6467,0.059994755018293475
6468,0.07093047036878125
6469,0.12352594735326707
6470,0.0
6471,0.0304769838950276
6472,0.05616423803462984
6473,0.04525814404050987
6474,0.033426641172849
6475,0.0
6476,0.09449249840410903
6477,0.058166117716918646
6478,0.026905407497204326
6479,0.03447972998247585
6480,0.08868695922674494
6481,0.11993352742826525
6482,0.220016
6483,0.22907400804846884
6484,0.219997
6485,0.07433140940705282
6486,0.06490215369836655
6487,0.023329307859412257
6488,0.06236935450995907
6489,0.05392126011698485
6490,0.009031489265594
6491,0.01157710630380254
6492,0.098185394017554
6493,0.048356273046347
6494,0.7710101663058495
6495,0.14500481932157705
6496,0.06356391186820434
6497,0.012362486427930135
6498,0.14850463440183506
6499,0.004343618062685893
6500,0.12544104350661753
6501,0.0252621862781078
6502,0.01557781368968898
6503,0.0061244257493639
6504,0.03839192650309338
6505,0.0034641002195726
6506,0.018860997276237725
6507,0.027368323511141088
6508,0.1294976023780608
6509,0.0712188184374436
6510,0.10303567343039743
6511,0.10823496308312482
6512,0.1617718811725033
6513,0.2617300657242653
6514,0.3948257399674655
6515,0.10500571887967038
6516,0.07207097168153823
6517,0.09778687868053101
6518,0.04163547092341282
6519,0.0679436125821383
6520,0.08686062874975438
6521,0.0864918888928019
6522,0.1490805161000129
6523,0.06350406822208977
6524,0.14283759803250745
6525,0.07946127515225716
6526,0.09406942435705037
6527,0.02258883060978816
6528,0.01797129474573443
6529,0.011356215790520681
6530,0.15426261179809675
6531,0.0131245787212639
6532,0.030093449711669155
6533,0.09508907104742174
6534,0.0497239673286061
6535,0.01765054652979079
6536,0.010098102320612774
6537,0.12057309004176366
6538,0.06791643457353855
6539,0.13142813529792036
6540,0.1593602388371021
6541,0.15366198300301015
6542,0.350009
6543,0.14849180423462335
6544,0.15434658415101316
6545,0.0548870812101972
6546,0.15796223696775882
6547,0.0162255853379659
6548,0.04046446211513301
6549,0.07873100098738242
6550,0.10853603201217486
6551,0.03193367835143414
6552,0.009009024930346714
6553,0.06452418319989295
6554,0.08201763780993497
6555,0.07071179836319563
6556,0.09484741807039526
6557,0.05195517397796263
6558,0.03353070342474094
6559,0.006689863195752128
6560,0.0
6561,0.10050354868928027
6562,0.01360467681236027
6563,0.06701102162146644
6564,0.046468963661690676
6565,0.08142382178621674
6566,0.19739911939048782
6567,0.389606021916788
6568,0.1887524424649371
6569,0.20756478129716074
6570,0.08678599284305766
6571,0.14527629382776294
6572,0.13524942756391886
6573,0.11149087282816823
6574,0.10584273614968247
6575,0.0084783126036772
6576,0.01249939139854181
6577,0.349908
6578,0.1434426364283944
6579,0.10624537216859538
6580,0.05655700225234992
6581,0.1125481379570988
6582,0.017985739620861342
6583,0.0218937705213868
6584,0.06406620728657213
6585,0.219997
6586,0.10621555306484352
6587,0.07916772215967523
6588,0.1705462855973513
6589,0.7731188095253994
6590,0.19247405406420962
6591,0.021704500698982485
6592,0.350009
6593,0.08619534631241753
6594,0.2655335223323436
6595,0.220016
6596,0.12587213465312036
6597,0.07529088025370295
6598,0.06823007505582127
6599,0.19433388319023828
6600,0.07932598289924817
6601,0.1570082056075722
6602,0.10859197802108847
6603,0.00845748957328222
6604,0.05686841995902116
6605,0.0010377127649249837
6606,0.028653193586399443
6607,0.03970830838145227
6608,0.10091642659078526
6609,0.0309866515319939
6610,0.18183697801911564
6611,0.219997
6612,0.19203269010966884
6613,0.15750960694828517
6614,0.03502799379589286
6615,0.12736309227950376
6616,0.219997
6617,0.32211422141542434
6618,0.13622806150214956
6619,0.0083911184442989
6620,0.05352764026421063
6621,0.03750752003389757
6622,0.0180372073738791
6623,0.054160720152412016
6624,0.510415010845728
6625,0.03737691843641701
6626,0.15630944586687398
6627,0.3922324397514948
6628,0.2957712228656924
6629,0.0045947257204560655
6630,0.01381528424554885
6631,0.0039653490907683
6632,0.02331262410895445
6633,0.06250605312114295
6634,0.220016
6635,0.2229346246586934
6636,0.1351524827787479
6637,0.15082806606757926
6638,0.349908
6639,0.219997
6640,0.21594447750281426
6641,0.219997
6642,0.37485733504953445
6643,0.07223790557333049
6644,0.047426652625527546
6645,0.06009977493690133
6646,0.15601033080133714
6647,0.06620435385826604
6648,0.4212993098057939
6649,1.0
6650,0.08094062637364575
6651,0.09137117104247214
6652,0.47907168894071306
6653,0.0
6654,0.046199649827080934
6655,0.3086270407713154
6656,0.004889137095757348
6657,0.038493417684708715
6658,0.09916081355284162
6659,0.0380926943057606
6660,0.062330865487720946
6661,0.350009
6662,0.09847969779789693
6663,0.1613516242872523
6664,0.3161580241293088
6665,0.219997
6666,0.34178729015455656
6667,0.47036449388823987
6668,0.22239994248896705
6669,0.219997
6670,0.350009
6671,0.2366323322587787
6672,1.0
6673,0.4463987587215958
6674,0.350009
6675,0.0116867346183791
6676,0.034800621947205096
6677,0.1053000595326792
6678,0.07286434323992044
6679,0.0025027766870836642
6680,0.013964384431185266
6681,0.0016313768992865
6682,0.09961349969866135
6683,0.007393641051607515
6684,0.007024335167216122
6685,0.031324534847080025
6686,0.12082647949580483
6687,0.1786112788222503
6688,0.1776926910310505
6689,0.219997
6690,0.1336649837504801
6691,0.2814844222919992
6692,0.1787569091742181
6693,0.04576333246806709
6694,0.2138531607638255
6695,0.20342751610060322
6696,0.051770011512646305
6697,0.220016
6698,1.0
6699,1.0
6700,0.44627714223575693
6701,0.008201799900660018
6702,0.0262820293973479
6703,0.018430880617168417
6704,0.044403384099994524
6705,0.23424704421183012
6706,0.11665272234556359
6707,0.005192820135758013
6708,0.0
6709,0.01700791990417032
6710,0.058914102716456085
6711,0.10087090739327276
6712,0.11155040810987982
6713,0.03489522120958753
6714,0.349908
6715,0.05210223258978516
6716,0.06398060377976562
6717,0.19574494658120017
6718,0.1291936189985164
6719,0.10221290184803054
6720,0.07380317997756833
6721,0.19025217543369324
6722,0.220016
6723,0.00652715892467735
6724,0.0619691482267336
6725,0.0799566201466024
6726,0.16046161866253494
6727,0.220016
6728,1.0
6729,1.0
6730,0.5670882368459778
6731,0.042201504960398234
6732,0.220016
6733,0.0
6734,0.220016
6735,0.06361848169144202
6736,0.22559248847742036
6737,0.06742445456088406
6738,0.0936342709953318
6739,0.03751133413841938
6740,0.11980261588945935
6741,0.15893644126567097
6742,0.2899075305625908
6743,0.14943706734008233
6744,0.7123314301556355
6745,0.349908
6746,0.219997
6747,0.219997
6748,0.1591163790530702
6749,0.08906974663828307
6750,0.21094259930932813
6751,0.056694850756979984
6752,0.05784279175517486
6753,0.219997
6754,0.1375411566725716
6755,0.05993159724448842
6756,0.09331793976267289
6757,0.04685887182616935
6758,0.8627557579248553
6759,0.9987129917049317
6760,0.8758172834243962
6761,0.0291407453289129
6762,0.042679081372846275
6763,0.24475633103954367
6764,0.02424048686340178
6765,0.219997
6766,0.003155978993554444
6767,0.004965315497115257
6768,0.009901483383338733
6769,0.035150885328336046
6770,0.08744736653983096
6771,0.16678966654096705
6772,0.08717498450185689
6773,0.5398063612954954
6774,0.8985785637747629
6775,0.11511934768583819
6776,0.20128305059628815
6777,0.21856025545146004
6778,0.219997
6779,0.11058457951458671
6780,0.350009
6781,0.12685749477851965
6782,0.041366070361373575
6783,0.09200389108935339
6784,0.16592309550519038
6785,0.14111896294457335
6786,0.06867817581030136
6787,0.01856375471587124
6788,0.35353533374943985
6789,0.39644189944727337
6790,0.2981112406925166
6791,0.16399102762143564
6792,0.030246194214436424
6793,0.21172790716516554
6794,0.0541826658059274
6795,0.28900792175171236
6796,0.05094878349490728
6797,0.05432249924646548
6798,0.024296746764596866
6799,0.05260178478190411
6800,0.0793690511915586
6801,0.07265338958998394
6802,0.32303452008374356
6803,1.0
6804,0.5196507806186768
6805,0.349908
6806,0.19077252008992676
6807,0.219997
6808,0.29207465811214395
6809,0.5540426528505257
6810,0.220016
6811,0.03592064957044422
6812,0.0709624498435765
6813,0.017867415256706112
6814,0.219997
6815,0.219997
6816,0.06132564784928084
6817,0.3201569542189233
6818,0.3064792413215106
6819,0.219997
6820,1.0
6821,0.220016
6822,0.018601255603596257
6823,0.220016
6824,0.15676250343433717
6825,0.01875587586142661
6826,0.050885769621464565
6827,0.219997
6828,0.09872785801179708
6829,0.10883798182717952
6830,0.10380746289609089
6831,0.10918524914244962
6832,0.219997
6833,0.49206261033065013
6834,0.349908
6835,0.8966403377979228
6836,0.6273248992962679
6837,0.219997
6838,0.219997
6839,0.3454077787504931
6840,0.185931051867637
6841,0.11086171014895413
6842,0.06227496674186303
6843,0.350009
6844,0.2760175404128311
6845,0.07287889587245247
6846,0.7932802135023469
6847,0.350009
6848,0.0038553564146169
6849,0.0424463747317377
6850,0.14582193290927767
6851,0.12181652817714896
6852,0.07225140504682225
6853,0.005511208102461499
6854,0.02381069787009045
6855,0.036967121715903405
6856,0.048365418574366825
6857,0.1658908852214079
6858,0.16317794288340537
6859,0.159172962593654
6860,0.5289873134621899
6861,1.0
6862,0.7548404548480204
6863,0.5142785633876026
6864,0.9142470150915734
6865,0.18613308148510332
6866,0.03505578773191678
6867,0.04702183694205965
6868,0.2152760440694964
6869,0.219997
6870,0.04908862319300471
6871,0.038796238845719866
6872,0.06962758964018483
6873,0.18088681370082682
6874,0.04753640925266699
6875,0.005924948959565329
6876,0.13659495996540627
6877,0.006886400356702599
6878,0.06475461903104729
6879,0.0382344666633396
6880,0.0090406698798746
6881,0.049964351883170194
6882,0.13349624711686556
6883,0.06493910551588244
6884,0.1143789457223388
6885,0.3286486212361184
6886,0.349908
6887,0.350009
6888,1.0
6889,0.9819364231187
6890,0.4810581739128049
6891,0.07623533556580472
6892,0.014027654183770178
6893,0.03685867654639345
6894,0.0
6895,0.06863448367463404
6896,0.13928696233534849
6897,0.006863947213325875
6898,0.6953739305789335
6899,0.220016
6900,0.028438538819053602
6901,0.05732677627392199
6902,0.06382039411787904
6903,0.14256806571719058
6904,0.04791126867283145
6905,0.04525134902845083
6906,0.04922961061397738
6907,0.014220151625244263
6908,0.011451747858064035
6909,0.03834292641304278
6910,0.1698468142332829
6911,0.17303824412300017
6912,0.6475711955010813
6913,0.4875023813488832
6914,0.219997
6915,1.0
6916,0.5780963361980914
6917,0.662934941200833
6918,0.11445667900803728
6919,0.03568561689383756
6920,0.039575028253468675
6921,0.004963131523636633
6922,0.06466792555465245
6923,0.08954618570550156
6924,0.03307529139175814
6925,0.07389617928100542
6926,0.6380131874475861
6927,0.220016
6928,0.350009
6929,0.057667945807511375
6930,0.11373625052951643
6931,0.15743151933159394
6932,0.19308789256054337
6933,0.219997
6934,0.043867240331199944
6935,0.04441650073602711
6936,0.07332646680872934
6937,0.28161727371406753
6938,0.8339160678264113
6939,0.3631661386783349
6940,0.5753199863024863
6941,0.24346350893507623
6942,0.49024797329608183
6943,0.214181087614654
6944,0.1121072346360468
6945,0.0041036796063032635
6946,0.051212944336928495
6947,0.09673137569089826
6948,0.02193209126025499
6949,0.14621274550271468
6950,0.219997
6951,0.002893050891376316
6952,0.37943483200559375
6953,0.038928071265439596
6954,0.09084429473734816
6955,0.350009
6956,0.09665428898846579
6957,0.00011039580384807545
6958,0.027423940454619804
6959,0.1359075872072273
6960,0.24135280851850258
6961,0.05596841693521726
6962,0.2628877176864215
6963,0.31945773879469164
6964,0.11245111201184849
6965,0.12163496155858952
6966,0.00782472596940015
6967,0.09090797369735482
6968,0.12251489909958507
6969,0.06141972378899076
6970,0.1395131539776675
6971,0.09711062470656431
6972,0.06628232866195169
6973,0.0890280062540163
6974,0.007820898404494635
6975,0.220016
6976,0.013106081408343032
6977,0.0839567549291024
6978,0.06697236784112816
6979,0.06613476174925045
6980,0.21171742350417272
6981,0.050944811054144334
6982,0.12733645881042396
6983,0.0089387310415255
6984,0.13615588392786668
6985,0.219997
6986,0.4507169953914021
6987,0.350009
6988,0.03769961381627723
6989,0.0
6990,0.032930680381117225
6991,0.10514423427957398
6992,0.019858520214228258
6993,0.09861400443458102
6994,0.12374551334814848
6995,0.02397531783301566
6996,0.0366390741314281
6997,0.017278362816370508
6998,0.030285158183581233
6999,0.017542551955118797
7000,0.159653620291001
7001,0.16859063572862257
7002,0.368244670081639
7003,0.04293795027029542
7004,0.08692640223450782
7005,0.0838979318114366
7006,0.1689799728851338
7007,0.350009
7008,0.05625485751690236
7009,0.0395755058827817
7010,0.0
7011,0.09096514566674703
7012,0.030241600230791785
7013,0.030299850622787377
7014,0.1479261234480765
7015,0.220016
7016,0.057348316860143876
7017,0.03373842115138589
7018,0.010513846834778354
7019,0.2647138976211934
7020,0.023108598954719603
7021,0.031841180280030336
7022,0.219997
7023,0.0917440798659377
7024,0.05630808534632556
7025,0.02364136292547974
7026,0.05607712680597926
7027,0.09476909489171104
7028,0.31098509120556694
7029,0.02578368215855821
7030,0.0037288763839497
7031,0.009627326722874559
7032,0.027145209167812403
7033,0.08287546066525861
7034,0.10535908468078065
7035,0.220016
7036,0.04363541040683444
7037,0.29203445065488187
7038,0.15487795176419294
7039,0.0396773187401875
7040,0.029383804682782122
7041,0.029170892509886626
7042,0.048809290999341726
7043,0.220016
7044,0.015113938522549499
7045,0.219997
7046,0.027382499624042718
7047,0.19394377939630048
7048,0.05798986063207481
7049,0.006342384740327625
7050,0.0204577972906305
7051,0.3260211851287108
7052,0.5203280288726926
7053,0.220016
7054,0.06675969898737998
7055,0.0136259475494431
7056,0.06291021541113825
7057,0.0
7058,0.014130371496926919
7059,0.12706867770969074
7060,0.09226716571690545
7061,0.10317166591352114
7062,1.0
7063,0.10234772977132497
7064,0.02261520518724203
7065,0.05738599621831128
7066,0.09948350115716152
7067,0.019245508649447587
7068,0.05200754191059212
7069,0.2120369961272862
7070,0.3985563888962505
7071,0.13440305301879685
7072,0.11041806172960805
7073,0.01667908085477414
7074,0.04119086162334233
7075,0.043392453076086655
7076,0.16002334889387054
7077,0.04827644581323087
7078,0.01404996017337537
7079,0.11224589246234598
7080,0.029728764559661884
7081,0.02809011890711372
7082,0.0049954028534318
7083,0.13237415811632303
7084,0.014927751629096757
7085,0.1527856842111126
7086,0.05865871666028766
7087,0.0139010106602059
7088,0.04072180212208031
7089,0.052006093094585315
7090,0.17346957759735496
7091,0.12214208869475482
7092,0.027515846527478516
7093,0.11760373307037941
7094,0.6168264677005555
7095,0.06694302973192327
7096,0.10122130546299568
7097,0.0476469363249027
7098,0.08135653436938753
7099,0.0626384478218836
7100,0.010588248248842086
7101,0.349908
7102,0.05932011231555939
7103,0.017445866686333016
7104,0.0162141458501918
7105,0.052192532208318945
7106,0.10212036026614098
7107,0.005580688243768141
7108,0.1224724636708464
7109,0.05124969830226497
7110,0.004537447268448401
7111,0.03953050820903035
7112,0.350009
7113,0.1606043655980251
7114,0.0486494084337441
7115,0.02367135888361035
7116,0.0136230456606906
7117,0.0955956241435314
7118,0.08263866107670384
7119,0.004385999562232583
7120,0.1902041637637072
7121,0.1481640215664528
7122,0.0036217972158264665
7123,0.0868520471803105
7124,0.17737782791760934
7125,0.08774283664227088
7126,0.11484541721696029
7127,0.10537539079733496
7128,0.02463730233413974
7129,0.05835410797787404
7130,0.033590928867652164
7131,0.220016
7132,0.3193846222250463
7133,0.14230404445768158
7134,0.006420155899252507
7135,0.007535656517827729
7136,0.06677899570658788
7137,0.034846620621392585
7138,0.029225808043665286
7139,0.04095435262648109
7140,0.03979910073574591
7141,0.008930764866517
7142,0.015075707202274708
7143,0.008712740224042753
7144,0.027854100400633453
7145,0.0140040760672888
7146,0.008934827934210498
7147,0.12077923365313556
7148,0.06199402652690446
7149,0.16436744684530627
7150,0.04605256113182217
7151,0.17048485725841983
7152,0.17693966087872748
7153,0.008545362255730124
7154,0.06143773465080011
7155,0.014174850374018534
7156,0.014557258065817225
7157,0.038011769050389
7158,0.038037948483390635
7159,0.03628580220438804
7160,0.025666815825056026
7161,0.0
7162,0.013411628625566972
7163,0.0083497162846558
7164,0.0070731192390241
7165,0.13222975216655372
7166,0.0
7167,0.06318133777192328
7168,0.007481920275978457
7169,0.016680393369280483
7170,0.07431694231556774
7171,0.011138929983403347
7172,0.019622848813521547
7173,0.11437806164659163
7174,0.01963740832007065
7175,0.07407405699353092
7176,0.0154244023965726
7177,0.003923004243710027
7178,0.008701800917093393
7179,0.027770719976243557
7180,0.01052517061805875
7181,0.0274351345811993
7182,0.18848037680225438
7183,0.018323813812143
7184,0.04605256113182217
7185,0.002017709833177267
7186,0.18752047845450545
7187,0.055227640503090654
7188,0.07023258578909478
7189,0.052875684287888414
7190,0.219997
7191,0.035155164030261296
7192,0.0090814945868175
7193,0.0045497614640717995
7194,0.11439647680795295
7195,0.01320577118943467
7196,0.09203444961388801
7197,0.006390528088768827
7198,0.1542767780182706
7199,0.040695371858157456
7200,0.011042631424945255
7201,0.029445709413965876
7202,0.014002086656274018
7203,0.02660291616693007
7204,0.02915501242762121
7205,0.0
7206,0.036639662690805784
7207,0.03296868234574184
7208,0.0087613642425338
7209,0.01560749153428698
7210,0.02953509018901217
7211,0.00942007936319896
7212,0.0019522295509395
7213,0.007098303604171933
7214,0.0164788390584858
7215,0.05531583394800402
7216,0.03540204603182305
7217,0.006560547538566576
7218,0.219997
7219,0.0346411843672709
7220,0.09065988030997554
7221,0.006162414487516933
7222,0.025771904809803615
7223,0.045299513167050214
7224,0.0893850245191041
7225,0.02704748894707396
7226,0.03950220041329564
7227,0.005909742203139043
7228,0.0
7229,0.012168294051193814
7230,0.0004826633479025
7231,0.020132339291647896
7232,0.0930210258258716
7233,0.16382670596411808
7234,0.11143809900608033
7235,0.0
7236,0.019587318848472854
7237,0.015635767519587958
7238,0.1049703853526699
7239,0.023295277113360567
7240,0.0106138690950012
7241,0.09176592559403829
7242,0.0
7243,0.05347790374437305
7244,0.0026580594563858
7245,0.03398183410370854
7246,0.0892974654883412
7247,0.219997
7248,0.07371707779256033
7249,0.008222563728781229
7250,0.06260020981482123
7251,0.0025649253215249
7252,0.11844066727214175
7253,0.0246907660063475
7254,0.0970016538166753
7255,0.220016
7256,0.350009
7257,0.01997148842349169
7258,0.1621613327257995
7259,0.26971532315592534
7260,0.0
7261,0.36474085226487907
7262,0.1123526609643786
7263,0.1270347183219353
7264,0.04616999095278235
7265,0.024661735095161723
7266,0.16703212671726148
7267,0.05355145318504793
7268,0.00034526936973235285
7269,0.011387287797396709
7270,0.19908726924927383
7271,0.10834009150001209
7272,0.9285796045422379
7273,0.219997
7274,0.062654344337683
7275,0.04200223741716869
7276,0.219997
7277,0.010588381723590404
7278,0.02793246045245518
7279,0.0046732315597473
7280,0.05471881848704421
7281,0.021314531660617343
7282,0.0
7283,0.040682348579224994
7284,0.03656369270621182
7285,0.14328932623061352
7286,0.17805948440691288
7287,0.4416870075676043
7288,0.426073449028198
7289,0.07330568937112109
7290,0.005873665425559754
7291,0.220016
7292,0.1618451067035654
7293,0.026042659330237333
7294,0.04599220114224785
7295,0.03447047145023949
7296,0.0
7297,0.06612186878984086
7298,0.49214911275314677
7299,0.159659262439762
7300,0.4131157864562829
7301,0.582769717068134
7302,0.0
7303,0.0
7304,0.37577208463270184
7305,0.049129471735429246
7306,0.29359644242618466
7307,0.08941962552180555
7308,0.04115003034283897
7309,0.03577300105860865
7310,0.033069833607274904
7311,0.220016
7312,0.20879903803723077
7313,0.0868353209458232
7314,0.00777559006409545
7315,0.040288688409271
7316,0.350009
7317,0.05094925184151887
7318,0.030559307576819877
7319,0.0979832453619855
7320,0.018637026120283416
7321,0.06990540106728187
7322,0.10235908647303518
7323,0.1488421509097892
7324,0.1184173331269324
7325,0.0564123473764577
7326,0.07977546647347017
7327,0.220016
7328,0.219997
7329,0.07859886070933154
7330,0.00294715934700622
7331,0.0015136537978125
7332,0.0093192505369569
7333,0.5640707283859744
7334,0.17790513974705685
7335,0.09394434970811406
7336,0.350009
7337,0.6159752903053992
7338,0.10269074509571488
7339,0.0731020909545099
7340,0.02293750152545658
7341,0.004393744296795942
7342,0.013379472321341651
7343,0.009901668937431322
7344,0.21774421753000242
7345,0.04456829929274505
7346,0.015076614112747619
7347,0.07573469957258247
7348,0.220016
7349,0.4051022910992934
7350,0.010619410852965116
7351,0.0010486486520705739
7352,0.0143230216880389
7353,0.06303089627169686
7354,0.0007534437973734
7355,0.009618622841807731
7356,0.09167490254827448
7357,0.030031943977073847
7358,0.29231806899174095
7359,0.02539084317408845
7360,0.05702102365999264
7361,0.0064212054508612
7362,0.0654593967981097
7363,0.0
7364,0.0247064034428381
7365,0.219997
7366,0.5544600862090237
7367,0.0032153264310772
7368,0.05710126258489798
7369,0.012944329099931552
7370,0.01915241285402025
7371,0.08373804895168699
7372,0.04710642811517954
7373,0.0030824009601072
7374,0.01675178929192723
7375,0.017201738612198952
7376,0.12376631947244399
7377,0.188006661274909
7378,0.16302535835857185
7379,0.017876120157380444
7380,0.01548225148631642
7381,0.0
7382,0.03546340623536382
7383,0.029008630867077445
7384,0.04853434897173647
7385,0.06844988502283417
7386,0.07835015684902444
7387,0.220016
7388,0.04518053159751523
7389,0.07712913978481334
7390,0.05451291995978935
7391,0.03049441094564188
7392,0.04515597074611574
7393,0.02631858385473431
7394,0.04449239588053701
7395,0.022126720194538065
7396,0.041763116928696026
7397,0.13261633020601685
7398,0.18244940304030233
7399,0.2943409166259598
7400,0.06500387237356295
7401,0.052941319566039965
7402,0.08056316844689085
7403,0.09553544882603186
7404,0.012166753723948431
7405,0.030259910250161802
7406,0.06453405250114233
7407,0.010320134327477267
7408,0.058543101537665704
7409,0.06822705968545095
7410,0.08998583219123003
7411,0.04081711084645384
7412,0.01575177083300553
7413,0.024704765652739456
7414,0.07352889829728684
7415,0.09162722061817426
7416,0.1754667790210697
7417,0.219997
7418,0.220016
7419,0.10260146290016672
7420,0.053993666013799346
7421,0.01659994746668226
7422,0.10111481603259956
7423,0.07668918856604395
7424,0.01157710630380254
7425,0.0983824391756849
7426,0.036797611766687006
7427,0.8263464456223953
7428,0.10674020309592866
7429,0.018116810376522352
7430,0.13450236714764077
7431,0.014436507458853592
7432,0.06588238139709152
7433,0.004420730062927798
7434,0.01557781368968898
7435,0.008509663156947428
7436,0.11750769225938718
7437,0.0214005292037206
7438,0.011813162863239045
7439,0.042074724085032024
7440,0.028334739618766386
7441,0.06580356621700179
7442,0.040118890691839396
7443,0.220016
7444,0.07741761338216382
7445,0.1791867939806338
7446,0.350009
7447,0.350009
7448,0.11894623140622827
7449,0.046670022667805316
7450,0.07572319935836222
7451,0.02830861307505462
7452,0.03329935896237889
7453,0.0
7454,0.11788285304898637
7455,0.08096893684260459
7456,0.09267688920936812
7457,0.11796949597216748
7458,0.13528285751121136
7459,0.02468451228052186
7460,0.07782149622749568
7461,0.02854026300177096
7462,0.02878831637013593
7463,0.01546691558070894
7464,0.13025915521649506
7465,0.010101815159765493
7466,0.020967094649268853
7467,0.09515813465976465
7468,0.0186595828179086
7469,0.0255284802237243
7470,0.0
7471,0.09240882325834836
7472,0.07563172737959914
7473,0.12356967734269583
7474,0.18311664984054782
7475,0.15139771790464335
7476,0.220016
7477,0.12466627465171295
7478,0.17901248661601066
7479,0.043161733983978504
7480,0.19359486621358993
7481,0.05000743122756801
7482,0.09520637392362921
7483,0.10075559011005096
7484,0.057746384809105836
7485,0.06724422082088297
7486,0.10754318045698077
7487,0.05023266914462722
7488,0.08756086731254607
7489,0.033954967910093725
7490,0.06656705461244654
7491,0.006689863195752128
7492,0.023239624607561953
7493,0.0
7494,0.0406914079163354
7495,0.10440677729998765
7496,0.010812544808356717
7497,0.04804472758401303
7498,0.05728150989225257
7499,0.08703976054560053
7500,0.1823390426486981
7501,0.4003966207840467
7502,0.1601670316736064
7503,0.21909969298085955
7504,0.12120515355292057
7505,0.15821543295087315
7506,0.11874734674763206
7507,0.12528450203810174
7508,0.06645230786900877
7509,0.00939633913439442
7510,0.3369997018641424
7511,0.13260597426743667
7512,0.16021569260641447
7513,0.03367498983545542
7514,0.1041030532882982
7515,0.017985739620861342
7516,0.003422798762887801
7517,0.035275149244553695
7518,0.05984096649850072
7519,0.20459081013289762
7520,0.10550584790228232
7521,0.07203431614823803
7522,0.21282156160203952
7523,0.8426550484045381
7524,0.1547491701465875
7525,0.02938208898129658
7526,0.350009
7527,0.10458812429120773
7528,0.3313738852019004
7529,0.27470163101985995
7530,0.12548749563837516
7531,0.13548497041572696
7532,0.04361707172668965
7533,0.09614458569054776
7534,0.219997
7535,0.06787378355861307
7536,0.19630969820782582
7537,0.10220261737317367
7538,0.07581211082831855
7539,0.0
7540,0.005460446597488584
7541,0.045155970919853364
7542,0.06600717952146935
7543,0.029154589959554403
7544,0.17826952522367875
7545,0.219997
7546,0.18353136262191516
7547,0.17882026285752267
7548,0.046416110593509356
7549,0.17482707814946535
7550,0.219997
7551,0.29855601475844584
7552,0.09982030886055594
7553,0.015728751217325074
7554,0.13441889360916193
7555,0.05820727911347508
7556,0.03334985745105492
7557,0.46618932767198973
7558,0.0
7559,0.15813287912181548
7560,0.3632727853097233
7561,0.220016
7562,0.0
7563,0.0
7564,0.0041302086219771085
7565,0.01381528424554885
7566,0.03924009537181745
7567,0.07381603733846046
7568,0.18105748415500622
7569,0.219997
7570,0.220016
7571,0.14709763214114654
7572,0.349908
7573,0.26450529012308477
7574,0.219997
7575,0.2553492829788505
7576,0.42532012815870934
7577,0.06587252259686999
7578,0.12672762373940824
7579,0.13372748478434612
7580,0.06048177980055183
7581,0.349908
7582,1.0
7583,0.08094062637364575
7584,0.06959427901710784
7585,0.5041888305227099
7586,0.0008201851323520991
7587,0.05894397454141443
7588,0.29682031337017317
7589,0.015358921229286985
7590,0.0
7591,0.0711921703009172
7592,0.11554040006056221
7593,0.0616685905288572
7594,0.08285193378401444
7595,0.27178669419366114
7596,0.08149190776848053
7597,0.144098744078052
7598,0.33069128293803185
7599,0.219997
7600,0.219997
7601,0.46547272176304666
7602,0.19025555753999474
7603,0.04063778995436494
7604,0.2965218906960909
7605,0.350009
7606,0.3105742254599002
7607,1.0
7608,0.42530248736300674
7609,0.349908
7610,0.005835887699661316
7611,0.0465913431681579
7612,0.11623975601618829
7613,0.12221416292429704
7614,0.0041100175570212664
7615,0.0029979498797238005
7616,0.005239361087334937
7617,0.09360837781084286
7618,0.007024335167216122
7619,0.031324534847080025
7620,0.10592704879885065
7621,0.15901946902494263
7622,0.17943884862379328
7623,0.2183118062633321
7624,0.10689611841084841
7625,0.2529336163032818
7626,0.20097967442459563
7627,0.02940264734353829
7628,0.1692761421602178
7629,0.23390084450706264
7630,0.0666334558381113
7631,0.220016
7632,1.0
7633,1.0
7634,0.5531278611359332
7635,0.008201799900660018
7636,0.0036912923384089004
7637,0.06852349159399242
7638,0.32716029435368776
7639,0.1017849616732867
7640,0.0
7641,0.08739151422650568
7642,0.09077387711747595
7643,0.1049900643196919
7644,0.03511932320785274
7645,0.398410970638937
7646,0.05210223258978516
7647,0.06346831503679504
7648,0.2169786449901513
7649,0.1468495466311771
7650,0.06070945742011344
7651,0.10792146543999803
7652,0.220016
7653,0.220016
7654,0.00652715892467735
7655,0.0268995014297212
7656,0.220016
7657,0.18646811354840515
7658,0.20305188849873818
7659,1.0
7660,1.0
7661,0.733209410199378
7662,0.008911215955963007
7663,0.03120700176641364
7664,0.220016
7665,0.008783483748021197
7666,0.219997
7667,0.10781789837459672
7668,0.29768463967003944
7669,0.05845104901815153
7670,0.10297229938029069
7671,0.043017343454846875
7672,0.10053453047697855
7673,0.19501749447628816
7674,0.219997
7675,0.15032723961286112
7676,0.7523814248799194
7677,0.349908
7678,0.24979577126553784
7679,0.219997
7680,0.15290828499025672
7681,0.05920927847345717
7682,0.20274878912024125
7683,0.07222586905453508
7684,0.08342138250576916
7685,0.010196703346166628
7686,0.16908849911719576
7687,0.1320678752537408
7688,0.08563109236392141
7689,0.13228961618892898
7690,0.08046516949789514
7691,0.923747881848355
7692,0.9987129917049317
7693,0.8758172834243962
7694,0.0529686582898312
7695,0.04401799836026264
7696,0.350009
7697,0.022445644358586498
7698,0.21564957875892843
7699,0.05127179034522404
7700,0.0023091870950560332
7701,0.02064675596096754
7702,0.09993152749403075
7703,0.17400592047634145
7704,0.08242329460613129
7705,0.6103755205090603
7706,0.87528225004337
7707,0.1264291875967411
7708,0.17796528266901715
7709,0.20533837901228064
7710,0.2939394015159877
7711,0.11297119456542912
7712,0.350009
7713,0.16171744866751808
7714,0.016771085310255174
7715,0.04040047965745029
7716,0.11742962262367308
7717,0.12998234787102744
7718,0.07435947385550055
7719,0.033379220166705637
7720,0.35781735916454355
7721,0.38518879311534704
7722,0.2952166674842791
7723,0.15824956613476454
7724,0.04202473094573932
7725,0.18978155953393455
7726,0.08407903206584569
7727,0.29838874458995723
7728,0.01814888345399688
7729,0.03280304894735399
7730,0.04789310812904687
7731,0.01361679100585724
7732,0.030782215173782206
7733,0.0967262003974074
7734,0.038159841577820236
7735,0.3098026868230711
7736,1.0
7737,0.5791400940906457
7738,0.349908
7739,0.219997
7740,0.219997
7741,0.31289196180231843
7742,0.543986857881247
7743,0.1805902260970535
7744,0.02440536170261062
7745,0.1076713915366188
7746,0.05941986621179711
7747,0.19920664342473032
7748,0.219997
7749,0.10188480697746014
7750,0.350009
7751,0.2593338936725552
7752,0.219997
7753,1.0
7754,0.04954845158171847
7755,0.030730570699815656
7756,0.1272938373316183
7757,0.13964284912242397
7758,0.02468095378256331
7759,0.07325808104160286
7760,0.349908
7761,0.13222835927747079
7762,0.08120987892750742
7763,0.07622515503407021
7764,0.10814030270198523
7765,0.26458272564456276
7766,0.4824418022157064
7767,0.349908
7768,0.9039513919235875
7769,0.6207549773726507
7770,0.219997
7771,0.219997
7772,0.350009
7773,0.031719540388028794
7774,0.16130453192508248
7775,0.08142821820751303
7776,0.07104235015560133
7777,0.350009
7778,0.350009
7779,0.09758033589150489
7780,0.6613192865086265
7781,0.350009
7782,0.0952301132863835
7783,0.15218350607744519
7784,0.11402790930902676
7785,0.08266578599414745
7786,0.0133321606444845
7787,0.01931628357739635
7788,0.025383572745178905
7789,0.07090661800365892
7790,0.1548631778791816
7791,0.21124403023927057
7792,0.184750676607927
7793,0.5241630822251206
7794,1.0
7795,0.6843816027042826
7796,0.5225324143478092
7797,0.8979163207764216
7798,0.1673588760882784
7799,0.010143554394311739
7800,0.040279933950047475
7801,0.09429061419621046
7802,0.1325579165450344
7803,0.23760909775834346
7804,0.05812509289696911
7805,0.038796238845719866
7806,0.12592118868524854
7807,0.219997
7808,0.0434506967730519
7809,0.018520439209004133
7810,0.11352862787655435
7811,0.008552089203091667
7812,0.08851442200524899
7813,0.0327984583850351
7814,0.0090406698798746
7815,0.0609938502164058
7816,0.14355386428317185
7817,0.06576242104360465
7818,0.14403724667529688
7819,0.33482433568202663
7820,0.349908
7821,0.350009
7822,1.0
7823,0.9591996292354541
7824,0.349908
7825,0.09892976188327432
7826,0.014027654183770178
7827,0.0
7828,0.004189727600054233
7829,0.07341815234437785
7830,0.1686589504388362
7831,0.0019226842624738526
7832,0.008721953098776375
7833,0.03196274214192961
7834,0.7975635504240343
7835,0.220016
7836,0.03423789835599733
7837,0.06650416608630008
7838,0.10074208396997794
7839,0.1257572471920524
7840,0.05098029581128712
7841,0.05322981074968253
7842,0.008705515197418284
7843,0.05521034114412108
7844,0.026500654298063964
7845,0.03736012537960668
7846,0.12839688827676993
7847,0.18660690385972006
7848,0.6778901063112679
7849,0.4631044265745697
7850,0.220016
7851,1.0
7852,0.5950530634497676
7853,0.589265953001703
7854,0.13625304009167577
7855,0.04620566682045726
7856,0.013745735353470272
7857,0.0
7858,0.05332945029228435
7859,0.06766623166393707
7860,0.03965343691585214
7861,0.06882658081871362
7862,0.6113823931235799
7863,0.220016
7864,0.3989063384665406
7865,0.057667945807511375
7866,0.10987056947695964
7867,0.20204257656733365
7868,0.16678392497616495
7869,0.19170108483454334
7870,0.036335101298949346
7871,0.058318172941752615
7872,0.08619251092577404
7873,0.2796296025358457
7874,0.9190786537586062
7875,0.38607545990083136
7876,0.5708586816706348
7877,0.219997
7878,0.4798987440696686
7879,0.219997
7880,0.10586827645283439
7881,0.014540560950174263
7882,0.013393521828512433
7883,0.012326069371186134
7884,0.004061380411877716
7885,0.08062760866086226
7886,0.032418683879178185
7887,0.21387557875815458
7888,0.219997
7889,0.11970567297572562
7890,0.219997
7891,0.038928071265439596
7892,0.07864387207475876
7893,0.350009
7894,0.09266244162972828
7895,0.00011039580384807545
7896,0.00709936128612269
7897,0.0381361773564637
7898,0.1406610446163299
7899,0.23287698457611866
7900,0.07394346852032756
7901,0.350009
7902,0.349908
7903,0.10523750728633019
7904,0.11203857070705331
7905,0.02932333774432125
7906,0.10203223548958443
7907,0.07252470509616227
7908,0.07318792802040096
7909,0.10510293470530879
7910,0.11848755098599281
7911,0.0960196712976202
7912,0.0153634524715071
7913,0.350009
7914,0.013106081408343032
7915,0.1367894551532374
7916,0.0083990326562705
7917,0.05573260461079476
7918,0.08238445420661605
7919,0.20039181984341412
7920,0.07153363589591194
7921,0.09509666279723317
7922,0.0099113468267324
7923,0.09293200058411066
7924,0.219997
7925,0.4323236507096968
7926,0.38720000354725764
7927,0.05876025906844903
7928,0.0
7929,0.001702453603976587
7930,0.017745281799817596
7931,0.08966588845494478
7932,0.04394139158992761
7933,0.11172220896048828
7934,0.02397531783301566
7935,0.0670485936164745
7936,0.017278362816370508
7937,0.006699347755104424
7938,0.015093695375575533
7939,0.020935779054324897
7940,0.0808787253489851
7941,0.1282939961141026
7942,0.18946602066196505
7943,0.350009
7944,0.031138925525991616
7945,0.032944223058584646
7946,0.07992083919433732
7947,0.08741818641844569
7948,0.18260238014298763
7949,0.350009
7950,0.09197735094684295
7951,0.0012793481289356
7952,0.15298940774801273
7953,0.016949742327021386
7954,0.11984486670199401
7955,0.220016
7956,0.053456663073818377
7957,0.04375359590426259
7958,0.010513846834778354
7959,0.219997
7960,0.0015866750796050006
7961,0.029925530379649734
7962,0.21264631838668457
7963,0.10255615259128359
7964,0.06247711819475996
7965,0.028008827954018344
7966,0.042127783997377655
7967,0.12085523965162573
7968,0.349908
7969,0.038609689268877215
7970,0.012311846199989861
7971,0.016144374633614702
7972,0.07579259486850282
7973,0.09704813940521895
7974,0.220016
7975,0.07274994933363084
7976,0.219997
7977,0.17405676976375364
7978,0.0665266213556709
7979,0.01103299184532142
7980,0.04452358398266462
7981,0.05799366247658262
7982,0.21717598496520113
7983,0.015113938522549499
7984,0.219997
7985,0.025492179466976815
7986,0.1882592199982014
7987,0.0877319867018313
7988,0.006342384740327625
7989,0.02098224843001744
7990,0.349908
7991,0.48925830021186756
7992,0.220016
7993,0.059562478508111874
7994,0.0102022067384785
7995,0.054820668597109365
7996,0.023463389326445837
7997,0.028174731388230817
7998,0.09467838485001924
7999,0.18423839725355934
8000,0.12055144596716665
8001,1.0
8002,0.03551621116495574
8003,0.10578085506659918
8004,0.017251026980765104
8005,0.04773042135652928
8006,0.09212581296685061
8007,0.017483405308707026
8008,0.04301035883348512
8009,0.1634702093163778
8010,0.4050404290477874
8011,0.10877553308929554
8012,0.10833499114460635
8013,0.029923106816702773
8014,0.07615811880946993
8015,0.022788153017627533
8016,0.0
8017,0.18372200147120266
8018,0.044706716156955165
8019,0.02021777657868827
8020,0.09164181254576387
8021,0.03845097308846578
8022,0.02809011890711372
8023,0.10297716716954061
8024,0.0108631500163271
8025,0.1675426970683549
8026,0.05865871666028766
8027,0.0538994820853024
8028,0.028110286143707204
8029,0.027003213919538215
8030,0.16316931659100725
8031,0.07476198994608634
8032,0.0266655404419558
8033,0.06713537054657098
8034,0.12223230198955512
8035,0.6059789608270438
8036,0.07403989787707418
8037,0.09107756162428488
8038,0.055331673282036295
8039,0.0840639696910594
8040,0.07495154064430931
8041,0.0500633830431984
8042,0.44127777273441293
8043,0.05047442081855129
8044,0.015691906430850267
8045,0.05253431394687905
8046,0.14112368713754686
8047,0.005580688243768141
8048,0.115632963921079
8049,0.05017120016105786
8050,0.060722125873128405
8051,0.04475639507139485
8052,0.350009
8053,0.1061521479794714
8054,0.0695045899471832
8055,0.0110201366492647
8056,0.05115717657802975
8057,0.07739873803562489
8058,0.0025641590437538234
8059,0.06702819331063084
8060,0.220016
8061,0.16585688300125723
8062,0.1096252778948516
8063,0.17717510147948864
8064,0.13418919271059018
8065,0.13409642468567667
8066,0.11736310351414306
8067,0.012075452277304439
8068,0.220016
8069,0.3201177585925663
8070,0.15181979984000338
8071,0.006420155899252507
8072,0.003909575404504333
8073,0.06334859533463628
8074,0.028836413631688484
8075,0.03346563684270819
8076,0.022684399026529786
8077,0.014499512521305666
8078,0.028963412717940517
8079,0.0
8080,0.015075707202274708
8081,0.008712740224042753
8082,0.040592801022284596
8083,0.0148481738571042
8084,0.0127466419491696
8085,0.12621958282604626
8086,0.10370858243959685
8087,0.219997
8088,0.14224467906704272
8089,0.219997
8090,0.008545362255730124
8091,0.0
8092,0.038310156671897314
8093,0.012646340866264733
8094,0.028083172757694425
8095,0.03549592527832004
8096,0.03453664547983804
8097,0.008680839136485128
8098,0.0
8099,0.0083497162846558
8100,0.0070731192390241
8101,0.09665764159591121
8102,0.05162068008520497
8103,0.005626641919233051
8104,0.13276440989212274
8105,0.025889291623132447
8106,0.03773837150720573
8107,0.019547528725338638
8108,0.12416302956539743
8109,0.03277638815631335
8110,0.06963244907129831
8111,0.0125880851974692
8112,0.003923004243710027
8113,0.008701800917093393
8114,0.010701491616951256
8115,0.01052517061805875
8116,0.12492483827548266
8117,0.04605256113182217
8118,0.19919876640540476
8119,0.05113687820015356
8120,0.10475050760424917
8121,0.058523449357293617
8122,0.00968388598640625
8123,0.219997
8124,0.009291621479866197
8125,0.0024724243215208993
8126,0.11903292447904096
8127,0.005765506221607501
8128,0.0775509164695544
8129,0.006390528088768827
8130,0.14715371522017412
8131,0.0031946998457307624
8132,0.016138664460090418
8133,0.043533627528391274
8134,0.023850923851874983
8135,0.019301448297737785
8136,0.03767460710440824
8137,0.018171985449287123
8138,0.029269216097777672
8139,0.01278294783199476
8140,0.00931273509973261
8141,0.0
8142,0.07586134437418801
8143,0.05120741690996695
8144,0.1995303637502338
8145,0.04450367546632937
8146,0.006162414487516933
8147,0.028777021734682516
8148,0.036147149977741516
8149,0.07882132650498491
8150,0.03723734100316106
8151,0.0015554745207511985
8152,0.033175386831544446
8153,0.0
8154,0.0
8155,0.1303706755174454
8156,0.19267360131888586
8157,0.0136879198153729
8158,0.001770377799009325
8159,0.09093558492184634
8160,0.012926615389056286
8161,0.0
8162,0.0236737556372013
8163,0.11940779802780699
8164,0.058242688324832606
8165,0.0071371921698504
8166,0.10193469940565095
8167,0.08391179598056475
8168,0.13534348840938187
8169,0.10780429475997796
8170,0.005165946298530573
8171,0.07493876098574294
8172,0.0014126597373592
8173,0.2815333543430566
8174,0.350009
8175,0.2955881895292869
8176,0.0
8177,0.220016
8178,0.220016
8179,0.220016
8180,0.06525501966875055
8181,0.024661735095161723
8182,0.023889931122892664
8183,0.11469654340845285
8184,0.012876305057223645
8185,0.030475451208704953
8186,0.004760311964628965
8187,0.2726808670427389
8188,0.06957603904937419
8189,0.8621380498205153
8190,0.220016
8191,0.0730643637621843
8192,0.04200223741716869
8193,0.220016
8194,0.010105396029411198
8195,0.008704768912171415
8196,0.07102372175085171
8197,0.03476190906144565
8198,0.0037854763536538903
8199,0.0202279563388233
8200,0.0184696879861445
8201,0.17465711614744267
8202,0.15158956517604188
8203,0.49787078180578664
8204,0.3730788649161797
8205,0.05307088927950229
8206,0.02793503855929455
8207,0.220016
8208,0.25583330995867365
8209,0.0385360025482066
8210,0.03835583203641496
8211,0.021938903221142125
8212,0.007019794949543873
8213,0.04879378716043615
8214,0.041715988975971105
8215,0.4639072363564673
8216,0.0494921714182414
8217,0.219997
8218,0.48478677866104186
8219,0.0285182681728611
8220,0.0
8221,0.37497179670913094
8222,0.05234445063272575
8223,0.350009
8224,0.049025216555501634
8225,0.025039480051861674
8226,0.08699988836256145
8227,0.026576608871285098
8228,0.0134669984389505
8229,0.21325421798369248
8230,0.188591602426862
8231,0.0812191627876689
8232,0.06520654956453989
8233,0.0
8234,0.07624431650484667
8235,0.350009
8236,0.038660303685827374
8237,0.07795267252331031
8238,0.014309682837131216
8239,0.01691738530057276
8240,0.01766204317063895
8241,0.07311852252199168
8242,0.10267965237033969
8243,0.1745641302142943
8244,0.0164881436109891
8245,0.06917704256172967
8246,0.10808181068409031
8247,0.350009
8248,0.0
8249,0.01334846254899032
8250,0.0015136537978125
8251,0.04123897098987363
8252,0.6027295954272365
8253,0.09931295192041165
8254,0.029583243755767163
8255,0.350009
8256,0.349908
8257,0.0126824421884413
8258,0.0056002016483506405
8259,0.10579518376251007
8260,0.0246179902364567
8261,0.02293750152545658
8262,0.0240799525717628
8263,0.033746114859807344
8264,0.01135412699820985
8265,0.16603920740334402
8266,0.029718001373311452
8267,0.09006573985705157
8268,0.219997
8269,0.36580208063248004
8270,0.004619810047481774
8271,0.0184890061666386
8272,0.00886818331687304
8273,0.03167441713212463
8274,0.05798683024684809
8275,0.018403053669216147
8276,0.220016
8277,0.00971171554067025
8278,0.08284256468072254
8279,0.010464037793753576
8280,0.0051430264210651
8281,0.06855985042301845
8282,0.02449929642679328
8283,0.19126249913581284
8284,0.6636942797311192
8285,0.0049675286941575
8286,0.07553706960103186
8287,0.020870544929110182
8288,0.013464812256601049
8289,0.1035985459271912
8290,0.047600984518106335
8291,0.0093416767516824
8292,0.03526917683794063
8293,0.04568563455681075
8294,0.1130194238146106
8295,0.11193736519664138
8296,0.08977171390179595
8297,0.0
8298,0.08275146341565512
8299,0.0
8300,0.044877693708227626
8301,0.04652009845315355
8302,0.057890174804164064
8303,0.10311620962907796
8304,0.09048414266669744
8305,0.220016
8306,0.050393519796199625
8307,0.054368561748125044
8308,0.05711615523676346
8309,0.04502273550375158
8310,0.022778535121656042
8311,0.043045291114373614
8312,0.05096806226004641
8313,0.03131214806250844
8314,0.12672033422816595
8315,0.219997
8316,0.219997
8317,0.04332468262427805
8318,0.08819909121265167
8319,0.02909531726095816
8320,0.10786130996377268
8321,0.06017241243885464
8322,0.0081261676731979
8323,0.046906980282758935
8324,0.010871569872014467
8325,0.0327193554064406
8326,0.05145180581035605
8327,0.15788554087944393
8328,0.041376175021939646
8329,0.014174653127268228
8330,0.034073835840278656
8331,0.08920280293862784
8332,0.09237659433455694
8333,0.2251961778917752
8334,0.2561394800977515
8335,0.220016
8336,0.08255939175568891
8337,0.06773474312707956
8338,0.034091916732580656
8339,0.06154253356219207
8340,0.03674950172145555
8341,0.01157710630380254
8342,0.1111469553882668
8343,0.04697263818295931
8344,0.7472551877840529
8345,0.16742115413703257
8346,0.01107676927328855
8347,0.10407980456931666
8348,0.032535422140582096
8349,0.044091429605629825
8350,0.008543542663179698
8351,0.008509663156947428
8352,0.0094857506803327
8353,0.08794691831685868
8354,0.0001392992421594
8355,0.032585671087690025
8356,0.05538759902817279
8357,0.09249694245972578
8358,0.042674115856181596
8359,0.12161170148613554
8360,0.07804757194610341
8361,0.18032128236889683
8362,0.350009
8363,0.350009
8364,0.11724311515773188
8365,0.05473922016173102
8366,0.10628089347032091
8367,0.03262459986589042
8368,0.012598436110780788
8369,0.0
8370,0.00784173055140315
8371,0.08956508402035428
8372,0.09283186825138529
8373,0.1362081038830411
8374,0.12675623778073986
8375,0.20878983685914165
8376,0.042389644718408066
8377,0.07265973619096729
8378,0.041718933062064534
8379,0.01546691558070894
8380,0.219997
8381,0.010101815159765493
8382,0.019139477174563452
8383,0.07602944789718945
8384,0.0176090105865864
8385,0.0
8386,0.10101950887415645
8387,0.08232314842368095
8388,0.12652169532142044
8389,0.220016
8390,0.17753457388561764
8391,0.23574658476852156
8392,0.19350806040346263
8393,0.16080292784393094
8394,0.043394286319914
8395,0.15651509075550693
8396,0.0259827034279248
8397,0.06284823119694341
8398,0.0200356457549264
8399,0.05351753351505132
8400,0.08251532784575925
8401,0.015802146455167435
8402,0.021367693430786514
8403,0.13172367003710606
8404,0.08763869103496717
8405,0.06236066004092542
8406,0.06807084353144936
8407,0.07605736856353863
8408,0.06146923527716823
8409,0.0054548928568867
8410,0.0024744147550184933
8411,0.08301311454294756
8412,0.04651347974618993
8413,0.07623793339327298
8414,0.08635197167928393
8415,0.21531572905933183
8416,0.350009
8417,0.1539188773690695
8418,0.18872647573599344
8419,0.07871496871353627
8420,0.220016
8421,0.12472917468516737
8422,0.11648367679220394
8423,0.08978763778621147
8424,0.01249939139854181
8425,0.3329987736369527
8426,0.13884929500433027
8427,0.14198995811353537
8428,0.04902025160922522
8429,0.1259578110864346
8430,0.017985739620861342
8431,0.04610452826973965
8432,0.0200021003841133
8433,0.0141290237375639
8434,0.08288475941103353
8435,0.20673218776934593
8436,0.10281765268635581
8437,0.05703561318206453
8438,0.17833557952305562
8439,0.7941868751314418
8440,0.13351348173844513
8441,0.036617026164737485
8442,0.220016
8443,0.11733841684888784
8444,0.30517008596274076
8445,0.28194250897533724
8446,0.10587384707981176
8447,0.0
8448,0.10496032768617547
8449,0.04361707172668965
8450,0.07779910023599546
8451,0.18328129405394677
8452,0.09223495301778187
8453,0.219997
8454,0.06407464607155518
8455,0.06260464052235046
8456,0.001388398407965084
8457,0.022123151238697042
8458,0.05203223031168247
8459,0.08660467340362105
8460,0.0323578700620663
8461,0.18464903059257776
8462,0.219997
8463,0.17804529050467555
8464,0.11423893046918307
8465,0.036990409765973356
8466,0.13496545422786305
8467,0.219997
8468,0.3384576886884875
8469,0.08530516228482474
8470,0.015728751217325074
8471,0.05618144013760733
8472,0.06027189116370852
8473,0.5138983921284233
8474,0.0
8475,0.1529796784177887
8476,0.3995789818833694
8477,0.2907440218132587
8478,0.0
8479,0.0
8480,0.0028893944695781
8481,0.052072624533608954
8482,0.09334678753870705
8483,0.1943381113960262
8484,0.220016
8485,0.0091846951455427
8486,0.18823931318267362
8487,0.16509499100045694
8488,0.349908
8489,0.219997
8490,0.18483635778212765
8491,0.2606833836716804
8492,0.37553659319295934
8493,0.10925188492067729
8494,0.07657933681465913
8495,0.10574178966951943
8496,0.08618839912890333
8497,0.32960307268221267
8498,1.0
8499,0.08094062637364575
8500,0.09776293530897373
8501,0.5032507927757138
8502,0.012322432416573
8503,0.06622026477715112
8504,0.350009
8505,0.0
8506,0.05684106785150192
8507,0.10680465061692562
8508,0.0391515687990201
8509,0.06284890781469894
8510,0.350009
8511,0.06136414720095964
8512,0.13620149304992382
8513,0.28913724924406214
8514,0.2562323389347388
8515,0.2792250299165357
8516,0.48148215405831685
8517,0.26451779417599547
8518,0.04063778995436494
8519,0.349908
8520,0.220016
8521,0.219997
8522,1.0
8523,0.350009
8524,0.40255957685122323
8525,0.005835887699661316
8526,0.036405106746756295
8527,0.07675881470232478
8528,0.016533348164911317
8529,0.07010468573808674
8530,0.03534849125621816
8531,0.007359782456839766
8532,0.007227258340298817
8533,0.00922124368236023
8534,0.0015509507932728
8535,0.06854045971352535
8536,0.007024335167216122
8537,0.031324534847080025
8538,0.10922310476576563
8539,0.16557106065484642
8540,0.1378943628097886
8541,0.1914480918259443
8542,0.10108578695227081
8543,0.2555201799853858
8544,0.220016
8545,0.025191390766068484
8546,0.13549231665197858
8547,0.219997
8548,0.046014225140227405
8549,0.220016
8550,1.0
8551,0.9616782316884157
8552,0.5903939161614842
8553,0.008201799900660018
8554,0.0209067862801827
8555,0.012237522485985216
8556,0.06856110606752112
8557,0.350009
8558,0.058779763011089094
8559,0.004438824305265113
8560,0.0
8561,0.013982490840406418
8562,0.07507638276367969
8563,0.11191641927282106
8564,0.10649030378138781
8565,0.03511932320785274
8566,0.350009
8567,0.040699501926458805
8568,0.07024849410514353
8569,0.219997
8570,0.1413491909394029
8571,0.10977011086794074
8572,0.09439572718212423
8573,0.220016
8574,0.220016
8575,0.0324015319585559
8576,0.220016
8577,0.17934830065316504
8578,0.220016
8579,1.0
8580,1.0
8581,0.6725823380427716
8582,0.033524295641484333
8583,0.220016
8584,0.022757446183467298
8585,0.2037910446852873
8586,0.02410425405689892
8587,0.26943696538796913
8588,0.06612850266237283
8589,0.07684792088959119
8590,0.03656467744739929
8591,0.08673981642182416
8592,0.16329846213092675
8593,0.219997
8594,0.14372326248885572
8595,0.6667117172353009
8596,0.3596935080439393
8597,0.2804432698198914
8598,0.219997
8599,0.1596602831833741
8600,0.08134937391909328
8601,0.219997
8602,0.07686640383900298
8603,0.07646798790302536
8604,0.16226173685289969
8605,0.14805430317975443
8606,0.058372240380140314
8607,0.19473298376884018
8608,0.07696006907166345
8609,0.8865330490558837
8610,0.9987129917049317
8611,0.8758172834243962
8612,0.0325281715973058
8613,0.04028864474812617
8614,0.350009
8615,0.23108270671602116
8616,0.01883765423049863
8617,0.008810484217885443
8618,0.09447295356687446
8619,0.19052544058263526
8620,0.08948005077795769
8621,0.5621897495893484
8622,0.8818257857507076
8623,0.1275523586456761
8624,0.219997
8625,0.219997
8626,0.219997
8627,0.08931038230113811
8628,0.350009
8629,0.220016
8630,0.03190161795357203
8631,0.0985711837424824
8632,0.0735197630485541
8633,0.219997
8634,0.06700185151694225
8635,0.05462640968634844
8636,0.37788419764340114
8637,0.3284856456939367
8638,0.2351361327826855
8639,0.09119217856062564
8640,0.04667941666421972
8641,0.20346152158986608
8642,0.14326957102763122
8643,0.2860751167047282
8644,0.029651024757673578
8645,0.017614127720027288
8646,0.047694496856169964
8647,0.02048615911158124
8648,0.02940749652543241
8649,0.08934042413669852
8650,0.05427556215780614
8651,0.3260071382402592
8652,1.0
8653,0.5066177019891227
8654,0.349908
8655,0.219997
8656,0.219997
8657,0.219997
8658,0.6100944167817296
8659,0.13690049044966482
8660,0.06055104654467472
8661,0.04194242637518951
8662,0.16067520819262612
8663,0.219997
8664,0.08772880045491034
8665,0.34706812687098687
8666,0.28813157265482353
8667,0.29698767737238163
8668,1.0
8669,0.07958394626520968
8670,0.023988200973635757
8671,0.219997
8672,0.220016
8673,0.02448023670130581
8674,0.08527600766435817
8675,0.349908
8676,0.10648882136902879
8677,0.06400844882079493
8678,0.0508813598365435
8679,0.10156171303769573
8680,0.2592312835279387
8681,0.48477125044497776
8682,0.4309923600750834
8683,0.8774861490043289
8684,0.5544340807077276
8685,0.219997
8686,0.219997
8687,0.34607661885888014
8688,0.023097647425406223
8689,0.0206802341389003
8690,0.1477266609146821
8691,0.06452080569249263
8692,0.07745491110153732
8693,0.349908
8694,0.350009
8695,0.08681808894922358
8696,0.7038425188070584
8697,0.350009
8698,0.005324663854614466
8699,0.06837975553871431
8700,0.15148413625490137
8701,0.07501571342265365
8702,0.08865295868350676
8703,0.012597527973263248
8704,0.038548157809425304
8705,0.09000112296555433
8706,0.14352476876671533
8707,0.20991269590367798
8708,0.17091402495452818
8709,0.5041933924408195
8710,1.0
8711,0.6534733082410503
8712,0.5000351483632617
8713,0.8939121416549171
8714,0.160281560297926
8715,0.06268890025031834
8716,0.04868764813426438
8717,0.07588964348885906
8718,0.17976890517926664
8719,0.24666859903132465
8720,0.0571362459082452
8721,0.03144575191161555
8722,0.12037246051675073
8723,0.23149446888993522
8724,0.0578751438524983
8725,0.0017953374754754667
8726,0.05356537181486063
8727,0.12207041358579285
8728,0.008552089203091667
8729,0.038243982377220286
8730,0.030648279284266198
8731,0.0027993850727900766
8732,0.0643491963740129
8733,0.17072559104347107
8734,0.10110601232223665
8735,0.158013941731703
8736,0.27134286765228166
8737,0.33113394100057225
8738,0.350009
8739,1.0
8740,0.9137635901790249
8741,0.42189507177697977
8742,0.08590015222378293
8743,0.014027654183770178
8744,0.011706090377186958
8745,0.0
8746,0.03477475814638355
8747,0.21223569882116958
8748,0.006863947213325875
8749,0.008721953098776375
8750,0.015097574376466832
8751,0.6319843038696352
8752,0.220016
8753,0.03423789835599733
8754,0.0759849906082295
8755,0.06918244100724784
8756,0.220016
8757,0.03232810738012272
8758,0.12906983180190623
8759,0.036275000536564884
8760,0.037049846507134776
8761,0.02824048806360366
8762,0.009056068856169535
8763,0.03497070401496558
8764,0.11323832215703081
8765,0.17017729767056938
8766,0.6788012650420308
8767,0.4464305777511711
8768,0.220016
8769,1.0
8770,0.5988551084216283
8771,0.6461172074108021
8772,0.17858077872193429
8773,0.02400007848841156
8774,0.021889829510657374
8775,0.0011178031576147343
8776,0.08956016288196475
8777,0.05479681191128416
8778,0.01565508697916366
8779,0.013337327604337139
8780,0.09287514293408762
8781,0.5965198075558019
8782,0.220016
8783,0.3627492540207458
8784,0.04828017337539093
8785,0.10227232867893643
8786,0.18567649486366905
8787,0.219997
8788,0.19676569960121193
8789,0.03718684134652665
8790,0.08040838684083161
8791,0.058598973561460446
8792,0.219997
8793,0.8890091853351685
8794,0.3869291865677369
8795,0.5956733475327012
8796,0.2683687152895311
8797,0.349908
8798,0.219997
8799,0.082432691636586
8800,0.03343444426494286
8801,0.048731424407793204
8802,0.012326069371186134
8803,0.08103127702248286
8804,0.010045096578865986
8805,0.16130184300206388
8806,0.219997
8807,0.219997
8808,0.349908
8809,0.025149708417580966
8810,0.09115342306456667
8811,0.350009
8812,0.06875156151646898
8813,0.00011039580384807545
8814,0.00709936128612269
8815,0.0306825812692851
8816,0.17337592036135385
8817,0.22575480001977727
8818,0.08053959592848076
8819,0.2436809444455308
8820,0.349908
8821,0.1314900152507976
8822,0.12479309526610391
8823,0.03208666085216605
8824,0.12371370824330133
8825,0.07871661206931417
8826,0.07636647607550785
8827,0.10619142552560219
8828,0.2106061749945548
8829,0.05915912853269069
8830,0.0136584607358494
8831,0.350009
8832,0.013106081408343032
8833,0.014193008531106947
8834,0.09552837324726961
8835,0.0083990326562705
8836,0.05382904899520456
8837,0.09003756742796155
8838,0.19243523887948863
8839,0.045507589287792936
8840,0.09464816693966696
8841,0.011740692348162999
8842,0.09035274822036878
8843,0.219997
8844,0.4700755345243517
8845,0.418470822750911
8846,0.04753971520708654
8847,0.0
8848,0.01500369531276593
8849,0.01788586204356015
8850,0.032930680381117225
8851,0.13416701120112579
8852,0.02050241908790814
8853,0.07257946401795501
8854,0.15762909839805037
8855,0.02397531783301566
8856,0.1932370116857674
8857,0.013032650440677283
8858,0.019975210830570023
8859,0.020459843794978935
8860,0.020158601248165257
8861,0.0808787253489851
8862,0.11346177807907082
8863,0.19225836104463268
8864,0.36636647925151056
8865,0.015196310018093719
8866,0.023490720350458842
8867,0.08391657127974692
8868,0.10691232822861449
8869,0.1751280041535489
8870,0.350009
8871,0.051410571082715364
8872,0.01232750811631309
8873,0.220016
8874,0.06433872875292698
8875,0.01946059013025988
8876,0.09139565872945382
8877,0.1326388546072143
8878,0.07655606005054708
8879,0.0088450710896869
8880,0.014231559668454786
8881,0.010513846834778354
8882,0.219997
8883,0.010530818349877702
8884,0.025633393005005035
8885,0.21291765316400957
8886,0.1254327967844788
8887,0.053646973440649864
8888,0.016338925204988843
8889,0.03648789703921416
8890,0.14130367967912313
8891,0.350009
8892,0.03207496497477291
8893,0.0037288763839497
8894,0.0025907782336346604
8895,0.0043176695571533995
8896,0.05626739871540992
8897,0.10540762321719625
8898,0.220016
8899,0.062418068959617934
8900,0.32823501399531935
8901,0.20575998731713233
8902,0.03503052182487278
8903,0.06312290452409933
8904,0.034109753155069325
8905,0.047703170597012325
8906,0.219997
8907,0.015113938522549499
8908,0.219997
8909,0.03366704358654163
8910,0.16952260189292379
8911,0.06997218559846441
8912,0.0037319767756283
8913,0.0162717181994404
8914,0.349908
8915,0.6138469092233863
8916,0.220016
8917,0.05624535036990538
8918,0.02989123300716906
8919,0.0
8920,0.01643322905247342
8921,0.09623377942997584
8922,0.11218797473242095
8923,0.09296048727627275
8924,1.0
8925,0.024656970585314464
8926,0.10831367630578229
8927,0.009273705442735331
8928,0.13248710136273006
8929,0.13224098690989072
8930,0.012010720546815986
8931,0.02164865631196692
8932,0.1592167269159013
8933,0.5649681859517299
8934,0.08500690374931594
8935,0.220016
8936,0.014496098548937174
8937,0.028609248073903897
8938,0.01698875016624414
8939,0.013394086496282034
8940,0.012589592167760153
8941,0.18253655606582575
8942,0.05260198969424927
8943,0.02467465133579607
8944,0.10420928096213351
8945,0.10514659572630558
8946,0.040112082283737784
8947,0.02809011890711372
8948,0.01882692772635913
8949,0.05348334532775191
8950,0.0037373818809785008
8951,0.1778608588080124
8952,0.05865871666028766
8953,0.0404509625210962
8954,0.0320575650497696
8955,0.044000778547494915
8956,0.11473919330758607
8957,0.09587554308883503
8958,0.0213970601748171
8959,0.08516204412035028
8960,0.07320768532435501
8961,0.5688137450048667
8962,0.04865054050453217
8963,0.10825624730313727
8964,0.0380779242346046
8965,0.0603182927843037
8966,0.08642803476766303
8967,0.0802900983554666
8968,0.05150580540079724
8969,0.5060199384835566
8970,0.06445422133406578
8971,0.0033848464968189575
8972,0.0003826994219639
8973,0.015691906430850267
8974,0.06538724326449424
8975,0.15538645264012008
8976,0.005580688243768141
8977,0.0910874269043379
8978,0.07798332220182007
8979,0.0669525714248468
8980,0.005023709170947
8981,0.019936667778320552
8982,0.350009
8983,0.0417422118241555
8984,0.07008672497316551
8985,0.0049843904971111
8986,0.02015946018172935
8987,0.012848584213973623
8988,0.0848742677067704
8989,0.0062594990130872994
8990,0.09855270038055264
8991,0.004385999562232583
8992,0.220016
8993,0.14393635403386013
8994,0.012851155203260934
8995,0.052052385198504
8996,0.03775135250341386
8997,0.0085229441407129
8998,0.1230229463495551
8999,0.17387857570331944
9000,0.12081744341171939
9001,0.1847439188642368
9002,0.09225430591884295
9003,0.0008632307287189389
9004,0.06862557343536935
9005,0.0216734364594766
9006,0.11617947212597367
9007,0.2361018473471115
9008,0.13674019630117284
9009,0.006420155899252507
9010,0.003909575404504333
9011,0.04278397227133808
9012,0.020771522874054385
9013,0.02195629712727669
9014,0.023792691647052586
9015,0.020884094095573867
9016,0.031132414411579115
9017,0.0
9018,0.0029506022829183
9019,0.008712740224042753
9020,0.0066114139688616385
9021,0.02919663948470695
9022,0.08944857824457897
9023,0.06492593650938655
9024,0.20208813327239006
9025,0.0043917856106846
9026,0.18045905570272683
9027,0.2469318230264637
9028,0.030944425148187446
9029,0.0
9030,0.025751433014413634
9031,0.019264115078737425
9032,0.0217246687959005
9033,0.04842288758973244
9034,0.03456646847519934
9035,0.07560415372442002
9036,0.0083497162846558
9037,0.0070731192390241
9038,0.08920045451792372
9039,0.045914559364947274
9040,0.007481920275978457
9041,0.07700041301602543
9042,0.01705691941448085
9043,0.02617444658334873
9044,0.019547528725338638
9045,0.17531527657804083
9046,0.02683081735670345
9047,0.05859502928123301
9048,0.003923004243710027
9049,0.008701800917093393
9050,0.045625449876058155
9051,0.01052517061805875
9052,0.14665749519019344
9053,0.008099193571206966
9054,0.0376525742715301
9055,0.16863258937665038
9056,0.055716076522557854
9057,0.08698114166522128
9058,0.051008546496307816
9059,0.219997
9060,0.012445063244650398
9061,0.00047929879404609924
9062,0.10715263435826686
9063,0.007231968167649101
9064,0.06059237690018631
9065,0.006390528088768827
9066,0.12773518378898013
9067,0.034171200245585065
9068,0.016336404670157276
9069,0.05146920424893525
9070,0.04507243700611541
9071,0.025402732682828978
9072,0.0033103879079922974
9073,0.014552688088971383
9074,0.031532281457796234
9075,0.0110542338198754
9076,0.01531839420315258
9077,0.03630844819157807
9078,0.016908384286635776
9079,0.011478830022734
9080,0.005432379744441201
9081,0.0965652881415758
9082,0.03448353190735155
9083,0.0039814601075136
9084,0.219997
9085,0.0258815672708564
9086,0.04450367546632937
9087,0.024447907053068634
9088,0.0068451603607787
9089,0.019246412741331514
9090,0.04739885042557431
9091,0.05877238217886431
9092,0.032108527664320555
9093,0.024038651275619646
9094,0.0
9095,0.0113622538700265
9096,0.035264024444868494
9097,0.11973168646635221
9098,0.18295975244032736
9099,0.0004210572533494
9100,0.10045269872287903
9101,0.0
9102,0.0090418599661999
9103,0.030380101610881102
9104,0.0397492532384758
9105,0.0666288478291094
9106,0.0446485281111335
9107,0.0070053775382386
9108,0.10390487635582055
9109,0.10311087697561414
9110,0.001853536094442
9111,0.09854899070896667
9112,0.0
9113,0.0754916223443484
9114,0.0733759310752945
9115,0.349908
9116,0.350009
9117,0.013888303990193815
9118,0.2408563342227127
9119,0.0
9120,0.18748991325447956
9121,0.1055964212171441
9122,0.219997
9123,0.08529147593340922
9124,0.023889931122892664
9125,0.0021576163640938516
9126,0.012876305057223645
9127,0.016260341681173924
9128,0.0
9129,0.0031910625384338
9130,0.219997
9131,0.09648987339581268
9132,0.8471418358936884
9133,0.12177032519875333
9134,0.0215600559628652
9135,0.04200223741716869
9136,0.219997
9137,0.0
9138,0.02793246045245518
9139,0.02373180070403511
9140,0.0037854763536538903
9141,0.0407303581109603
9142,0.0391622026354765
9143,0.17340472718330424
9144,0.08852467374680278
9145,0.350009
9146,0.3741512571815894
9147,0.022389435883572097
9148,0.10035069375592415
9149,0.350009
9150,0.219997
9151,0.02840685663302416
9152,0.054670288523015975
9153,0.04351645490601827
9154,0.029642240263186147
9155,0.039399738142792726
9156,0.45221056728853176
9157,0.10969098808706321
9158,0.23374740604877386
9159,0.39851213253370454
9160,0.09878401998014169
9161,0.0
9162,0.5243945869631657
9163,0.0075234441064009495
9164,0.08100098101546654
9165,0.349908
9166,0.017932589865816338
9167,0.06480227560965278
9168,0.10264914954073985
9169,0.022274432349454698
9170,0.005681428239547585
9171,0.024536235419995205
9172,0.06904425335296246
9173,0.1845883801853191
9174,0.0642153654519652
9175,0.00777559006409545
9176,0.350009
9177,0.4344995721455766
9178,0.08023445321769487
9179,0.009681196788533571
9180,0.0165266266271609
9181,0.014983119459812016
9182,0.004006407371150662
9183,0.03549757330960865
9184,0.04170887025324388
9185,0.10267965237033969
9186,0.1099535190398733
9187,0.11794425080856166
9188,0.004091566306097222
9189,0.0
9190,0.350009
9191,0.07124245813142845
9192,0.0006407847639660208
9193,0.023508177666749636
9194,0.010881576142434669
9195,0.012208877610563775
9196,0.0024020706508159004
9197,0.04123897098987363
9198,0.015851488168820985
9199,0.4138899663984303
9200,0.03291929693787195
9201,0.08914929609246956
9202,0.350009
9203,0.349908
9204,0.09252532242357656
9205,0.0625886636291266
9206,0.0112877435402693
9207,0.0239570607235554
9208,0.0
9209,0.04660133213687935
9210,0.0022291272949697
9211,0.0883399831922694
9212,0.041252394228140955
9213,0.13933215149420097
9214,0.350009
9215,0.46357391575249823
9216,0.008824035487355823
9217,0.046744972943969204
9218,0.058742449994950555
9219,0.000218016452643
9220,0.00764692213795765
9221,0.0016653824334160305
9222,0.027795417460031287
9223,0.03550544177066635
9224,0.219997
9225,0.021008609231319152
9226,0.048214208276098645
9227,0.0138538834543421
9228,0.0589113574658925
9229,0.13335356530161752
9230,0.552548784010382
9231,0.0051967285009415
9232,0.08692842104702866
9233,0.02689050667004485
9234,0.03012865702811725
9235,0.0747836475292489
9236,0.07522414202934363
9237,0.030824099720972796
9238,0.02484017975630113
9239,0.08658352326818469
9240,0.11779604982167968
9241,0.06785287608935665
9242,0.220016
9243,0.04774376874393952
9244,0.0
9245,0.02978938172768572
9246,0.03725070950968784
9247,0.05639740721820696
9248,0.10009822584663976
9249,0.05962225717745513
9250,0.220016
9251,0.03572092267645102
9252,0.07160031523568304
9253,0.03959689140690266
9254,0.04346273408952618
9255,0.01695059718585904
9256,0.036496998911294515
9257,0.05553952348161141
9258,0.05197602401523427
9259,0.022126720194538065
9260,0.019670527221172324
9261,0.13912630091789324
9262,0.18897730627712805
9263,0.219997
9264,0.09357241804822526
9265,0.06548498901262947
9266,0.03131612510906145
9267,0.08234482367425858
9268,0.03405994562815404
9269,0.0007601314769759011
9270,0.0254609355966708
9271,0.05013342270217915
9272,0.219997
9273,0.05128983181355125
9274,0.009490597306179528
9275,0.03350289175148566
9276,0.12075369740922284
9277,0.11946684250261976
9278,0.2374119022737648
9279,0.219997
9280,0.22196515719818904
9281,0.08935034040459261
9282,0.06155718008839335
9283,0.026581209280000958
9284,0.057774084170556864
9285,0.040583454374672354
9286,0.11971570247686408
9287,0.06600390591073481
9288,0.7218785708078461
9289,0.15347804963151873
9290,0.00832039841912115
9291,0.012362486427930135
9292,0.06189096494032097
9293,0.006195337369132492
9294,0.05640910511005122
9295,0.022305533200880398
9296,0.0038254548839287005
9297,0.08168885362006528
9298,0.009153583770869
9299,0.015322322443164425
9300,0.031482251247879886
9301,0.0809751397588132
9302,0.060705057313840696
9303,0.12448663932195095
9304,0.07155745489388252
9305,0.219997
9306,0.2559608389576403
9307,0.3900721167516895
9308,0.11216844515032218
9309,0.04578541790209762
9310,0.1354327990545956
9311,0.023351860468309917
9312,0.03209957177650479
9313,0.015799804067657595
9314,0.08237936806739557
9315,0.080068054600729
9316,0.11733487727567932
9317,0.06393120668826267
9318,0.14904733826719335
9319,0.058965822502878865
9320,0.07442413501343728
9321,0.02224622002177206
9322,0.02318161244607233
9323,0.01661046888140218
9324,0.18233359617970196
9325,0.031926457068545355
9326,0.03951587623333375
9327,0.01765054652979079
9328,0.002435967392537073
9329,0.09263444385137636
9330,0.09275509558135625
9331,0.12804529858619385
9332,0.220016
9333,0.15396731907162653
9334,0.219997
9335,0.15365932894360346
9336,0.16582697394045665
9337,0.039149007283943
9338,0.17644971132109652
9339,0.0237802392664503
9340,0.0661733135951132
9341,0.07983489197596541
9342,0.07068567254397276
9343,0.005796026266463236
9344,0.007001324697328814
9345,0.11641391700732406
9346,0.07221027528521706
9347,0.07909844973166852
9348,0.10549128886898566
9349,0.027930467028393927
9350,0.07993886227389374
9351,0.024109406509829654
9352,0.0
9353,0.0168792983621384
9354,0.07982640445841765
9355,0.021127453805079018
9356,0.04497119132154653
9357,0.07993180400799617
9358,0.10697127660377123
9359,0.2186836788089016
9360,0.3663646085684838
9361,0.1712199570973114
9362,0.219997
9363,0.09368617545825327
9364,0.17674083013553654
9365,0.14697766081460456
9366,0.10075931902637005
9367,0.07914268462912466
9368,0.0092853907061015
9369,0.0
9370,0.306104789994673
9371,0.14943524448632287
9372,0.08700272884784008
9373,0.03384048064338902
9374,0.1014811443783321
9375,0.017985739620861342
9376,0.006104490451297451
9377,0.0197146350016522
9378,0.08442621135907413
9379,0.219997
9380,0.09951728012445663
9381,0.06869863260145233
9382,0.1565023875311624
9383,0.8696251296053545
9384,0.16254663233864122
9385,0.043989039585864184
9386,0.220016
9387,0.09409089530516224
9388,0.3237775288992959
9389,0.34164226840636475
9390,0.11415342783102017
9391,0.0036404183284152996
9392,0.07038550797501696
9393,0.10323084784802246
9394,0.20415101451380138
9395,0.07446467905073786
9396,0.22646122788514642
9397,0.06254267960500107
9398,0.055955700431206956
9399,0.006056512881060684
9400,0.03761733394345394
9401,0.05483044193246617
9402,0.08637977619871835
9403,0.0365392975686089
9404,0.17455537970025714
9405,0.219997
9406,0.18247725145770555
9407,0.16275209216486478
9408,0.046571464307002354
9409,0.18605620772624848
9410,0.2859182067643795
9411,0.26424414860127693
9412,0.09693095954113753
9413,0.015728751217325074
9414,0.06190657596534953
9415,0.02260594520885077
9416,0.0083357519784966
9417,0.0715030142542653
9418,0.4691559019173581
9419,0.0
9420,0.17445358815844528
9421,0.3545614399778503
9422,0.219997
9423,0.0
9424,0.006457958432113499
9425,0.0041302086219771085
9426,0.01381528424554885
9427,0.033127184997494355
9428,0.09933509170605814
9429,0.1896220558491309
9430,0.220016
9431,0.17680768409169478
9432,0.16398848402607755
9433,0.349908
9434,0.2825839707556182
9435,0.17121493442086572
9436,0.2362908333969163
9437,0.38727880435420703
9438,0.1439696167645795
9439,0.029499235347408552
9440,0.04631162538140543
9441,0.11247038542707943
9442,0.05654659505770643
9443,0.3178042197448938
9444,1.0
9445,0.08094062637364575
9446,0.08654964007001703
9447,0.4757551053211627
9448,0.04471614092618299
9449,0.058105582787247534
9450,0.349908
9451,0.0063505039312021505
9452,0.03544438801591042
9453,0.13022873760401443
9454,0.0308201854155752
9455,0.06154491534774184
9456,0.004233996190908918
9457,0.33720646946016075
9458,0.08175242984798864
9459,0.17675501662198642
9460,0.3001629258749051
9461,0.219997
9462,0.32587361229191597
9463,0.47952744176507767
9464,0.2731041937647486
9465,0.0470533881393122
9466,0.219997
9467,0.220016
9468,0.220016
9469,1.0
9470,0.3723354565946549
9471,0.25215886185339786
9472,0.023484345319914997
9473,0.08223174201998108
9474,0.016533348164911317
9475,0.09091763739549755
9476,0.016154437331880864
9477,0.025968796535341968
9478,0.006664280420040034
9479,0.0043926995138853005
9480,0.08117236647279696
9481,0.0016201641285221
9482,0.0026021178761231
9483,0.031324534847080025
9484,0.13776388554156882
9485,0.17955980485161202
9486,0.1582507703717918
9487,0.2157941423968618
9488,0.11070171327613121
9489,0.219997
9490,0.220016
9491,0.03664133273360609
9492,0.1953000554704137
9493,0.220016
9494,0.04304787306127593
9495,0.08205205432998056
9496,1.0
9497,0.9690011616685946
9498,0.5242022583928406
9499,0.008201799900660018
9500,0.01696734948519424
9501,0.018894193149496842
9502,0.025717833848537222
9503,0.350009
9504,0.0783322584297156
9505,0.009998295282783613
9506,0.0
9507,0.023091652535986114
9508,0.04686064040777799
9509,0.12486912611566225
9510,0.1016484811413994
9511,0.03511932320785274
9512,0.350009
9513,0.05210223258978516
9514,0.06845164900783793
9515,0.219997
9516,0.1690133941473489
9517,0.10886611890000684
9518,0.10762695368152114
9519,0.220016
9520,0.220016
9521,0.350009
9522,0.17319981875832768
9523,0.162373781541065
9524,1.0
9525,0.9496774117060165
9526,0.6345279199935574
9527,0.034619146626029836
9528,0.14737698663994314
9529,0.018727826546900098
9530,0.008304786368193134
9531,0.220016
9532,0.09596984190332462
9533,0.220016
9534,0.06007335606233393
9535,0.0867423373911729
9536,0.02928724584609778
9537,0.12047484318355815
9538,0.13655546880747554
9539,0.219997
9540,0.1370125959482476
9541,0.6525760572655415
9542,0.349908
9543,0.219997
9544,0.219997
9545,0.1684470004909461
9546,0.09203026959453127
9547,0.18179425791020604
9548,0.08838050060640129
9549,0.07245892486235066
9550,0.01878789297821423
9551,0.1682794880957409
9552,0.220016
9553,0.09241665136360241
9554,0.12233875459841158
9555,0.04248447693192065
9556,0.8859331216959475
9557,0.9987129917049317
9558,0.8758172834243962
9559,0.0756966689316191
9560,0.05603694694190878
9561,0.220016
9562,0.0329722181614288
9563,0.26627331181490405
9564,0.02163512614771956
9565,0.0
9566,0.011740571894236433
9567,0.021319674192787644
9568,0.09274455767338756
9569,0.17719158250212924
9570,0.0878925750078808
9571,0.4999265613131709
9572,0.9395866563582579
9573,0.17838161305407657
9574,0.21408786777454386
9575,0.20729896674052084
9576,0.219997
9577,0.1345070770835667
9578,0.350009
9579,0.17500224001841125
9580,0.03190161795357203
9581,0.10841679472276959
9582,0.11576144429743018
9583,0.19630405472077955
9584,0.12065889612981226
9585,0.018616749537062736
9586,0.35974615868232623
9587,0.35590858612041054
9588,0.220016
9589,0.10299681592724454
9590,0.06817360257970433
9591,0.219997
9592,0.1113485756915483
9593,0.25390311286289047
9594,0.029135737738381476
9595,0.06710188443995578
9596,0.05480275787163127
9597,0.03263826197371074
9598,0.04986592432408681
9599,0.1093878780810491
9600,0.06198093315530654
9601,0.350009
9602,1.0
9603,0.488528180764802
9604,0.349908
9605,0.19818181557961795
9606,0.219997
9607,0.25755251477036833
9608,0.6113414753449327
9609,0.1261684095606014
9610,0.024835439133864018
9611,0.07010430919349
9612,0.05179738666452751
9613,0.220016
9614,0.219997
9615,0.08107839755409524
9616,0.349908
9617,0.219997
9618,0.27329230234159896
9619,1.0
9620,0.12313619266650266
9621,0.22892138039728382
9622,0.220016
9623,0.02061455821389701
9624,0.06156571343664677
9625,0.6455094315385745
9626,0.11940455835559827
9627,0.07598816239093542
9628,0.051161184480763094
9629,0.09845215612627933
9630,0.25825001479868015
9631,0.5011912983544604
9632,0.349908
9633,0.8380500177466121
9634,0.6222932351666691
9635,0.219997
9636,0.2710184079609909
9637,0.350009
9638,0.023097647425406223
9639,0.0188791199752725
9640,0.220016
9641,0.08938438591430313
9642,0.062435565198563726
9643,0.350009
9644,0.2793226483681879
9645,0.09135460073427148
9646,0.7862185968040534
9647,0.3873322733468748
9648,0.005324663854614466
9649,0.08041703754757451
9650,0.17647657845203019
9651,0.10916712958086895
9652,0.06911402496324055
9653,0.02295484006366095
9654,0.01580492044658825
9655,0.044975401802086604
9656,0.06650591421664023
9657,0.1723956454570141
9658,0.16921627167804487
9659,0.18672101194518687
9660,0.5717664328377501
9661,1.0
9662,0.6607509386630923
9663,0.44112572169018727
9664,0.9643917909840476
9665,0.1725062390907027
9666,0.0
9667,0.03065557817095728
9668,0.028402396385756458
9669,0.220016
9670,0.23962712437988015
9671,0.06486038911498351
9672,0.02335095806171475
9673,0.11340463760761613
9674,0.24756517507966022
9675,0.056026313927880496
9676,0.0017953374754754667
9677,0.00934233174448993
9678,0.14874352944568406
9679,0.03381178279614899
9680,0.0
9681,0.04193539215115559
9682,0.027092814066636398
9683,0.0
9684,0.0526249693657172
9685,0.16953097158340036
9686,0.10247382696930485
9687,0.1538798174741261
9688,0.33792792363831975
9689,0.349908
9690,0.350009
9691,1.0
9692,1.0
9693,0.45308910336586417
9694,0.13800375433728004
9695,0.002588813921494758
9696,0.0
9697,0.08019815764022845
9698,0.15707170634078538
9699,0.011518927270056253
9700,0.03196274214192961
9701,0.82024620903591
9702,0.04849293141746985
9703,0.03423789835599733
9704,0.220016
9705,0.07610195025575624
9706,0.220016
9707,0.10691050455743183
9708,0.020182332961553785
9709,0.07941495768022949
9710,0.015213486317389663
9711,0.014902739375785833
9712,0.05046895617074618
9713,0.11607911674420132
9714,0.20243349970459928
9715,0.7124935489890064
9716,0.4243802909992836
9717,0.2305407001642843
9718,1.0
9719,0.6319049219842032
9720,0.6687874323442089
9721,0.219997
9722,0.03537214540285276
9723,0.014401666805647733
9724,0.07986464290747156
9725,0.06687444747401075
9726,0.01565508697916366
9727,0.02833469242925444
9728,0.05768671485989052
9729,0.5265631247398264
9730,0.220016
9731,0.350009
9732,0.057667945807511375
9733,0.13649452367111015
9734,0.16607565162870153
9735,0.21912619694265428
9736,0.20801817288775143
9737,0.04253088030033425
9738,0.04236631523624182
9739,0.07411673128874215
9740,0.219997
9741,0.9257374407912904
9742,0.35463594431364565
9743,0.5976968924838373
9744,0.32016814110574693
9745,0.4917724759600345
9746,0.219997
9747,0.09391218606106709
9748,0.022769085019045465
9749,0.0321866842625102
9750,0.012326069371186134
9751,0.005506435769899001
9752,0.09630016561324975
9753,0.005857508826625187
9754,0.1419941530142499
9755,0.219997
9756,0.21676763069697091
9757,0.349908
9758,0.038928071265439596
9759,0.12699979646958015
9760,0.010508439648478682
9761,0.220016
9762,0.06561019233484228
9763,0.00709936128612269
9764,0.03248084006837034
9765,0.18084092555059617
9766,0.219997
9767,0.06496454311431685
9768,0.0008838935646702
9769,0.2577526758329193
9770,0.349908
9771,0.1495503653848192
9772,0.11681360220764672
9773,0.17913596698053452
9774,0.09352150431001496
9775,0.08549101362178152
9776,0.1390248042038318
9777,0.1819157114016886
9778,0.06685262080818319
9779,0.007820898404494635
9780,0.220016
9781,0.013106081408343032
9782,0.0079557014630254
9783,0.022238468905583016
9784,0.1177228454632733
9785,0.06981278684840275
9786,0.060154070060377554
9787,0.219997
9788,0.04377602141901464
9789,0.12036932271032566
9790,0.01479090700380149
9791,0.11253126819332697
9792,0.3413890314853954
9793,0.47313972016055084
9794,0.47013222795269444
9795,0.057644127604581735
9796,0.0
9797,0.02903968996844499
9798,0.05060105368273605
9799,0.011903610246606895
9800,0.13046589580406698
9801,0.02050241908790814
9802,0.0726445328068786
9803,0.19464635005678488
9804,0.02397531783301566
9805,0.1307400758307119
9806,0.017278362816370508
9807,0.024526995695712022
9808,0.024162561495569133
9809,0.022136623013515197
9810,0.0808787253489851
9811,0.1412617409761638
9812,0.14965840896561727
9813,0.39131346435180325
9814,0.021997095522926016
9815,0.033821951281562346
9816,0.0721760868752978
9817,0.10929385711003009
9818,0.21984448966801678
9819,0.3458547140064939
9820,0.09252055594276595
9821,0.01232750811631309
9822,0.220016
9823,0.05010951126995618
9824,0.1261640454547489
9825,0.1597659824843632
9826,0.08073975857693819
9827,0.026486981692425297
9828,0.014022832134698687
9829,0.0039462651587835
9830,0.219997
9831,0.0027706468474199032
9832,0.030672257928004636
9833,0.219997
9834,0.1069737145132082
9835,0.07435683827207445
9836,0.04983379640140605
9837,0.05794979969742446
9838,0.13838198352529002
9839,0.350009
9840,0.057035636292845415
9841,0.0028966351971952
9842,0.0177197364902783
9843,0.05080150381968172
9844,0.10337029783660605
9845,0.220016
9846,0.09059984840610684
9847,0.31834579679823094
9848,0.16873143380487174
9849,0.028403848407251298
9850,0.02277192340891492
9851,0.05376311703220622
9852,0.06337357316131813
9853,0.3216651947907738
9854,0.07004208991265515
9855,0.219997
9856,0.03694314519339642
9857,0.194233320352426
9858,0.06748024390690281
9859,0.006342384740327625
9860,0.021585942114852097
9861,0.41166134033910007
9862,0.7547322189537562
9863,0.23788318412719173
9864,0.08317059042937808
9865,0.0136259475494431
9866,0.07093377993082166
9867,0.029535245232063932
9868,0.02766590894700622
9869,0.15319935539935575
9870,0.08934418626071006
9871,0.07516723329005835
9872,1.0
9873,0.03551621116495574
9874,0.09072248283305967
9875,0.06762735327521067
9876,0.09247713383916333
9877,0.017483405308707026
9878,0.04695579548308142
9879,0.1748941952790632
9880,0.349908
9881,0.08745752266483113
9882,0.220016
9883,0.03970182423496678
9884,0.04024348821710254
9885,0.010978550353444434
9886,0.03315663303006895
9887,0.18843018214876067
9888,0.02279490920153967
9889,0.024286552906348468
9890,0.10656262750650447
9891,0.04014387103744388
9892,0.01882692772635913
9893,0.09043529847643621
9894,0.0153187432932427
9895,0.1946521495393646
9896,0.04880606138001879
9897,0.043674833278863304
9898,0.04072180212208031
9899,0.016915538114875714
9900,0.13563519301908816
9901,0.15498304494640214
9902,0.10177062226829811
9903,0.5266170953817959
9904,0.08842961662097268
9905,0.1334345800156914
9906,0.0396183691410707
9907,0.06966202244786163
9908,0.12394304281598961
9909,0.04097843922983994
9910,0.5793012658166732
9911,0.0946990263199119
9912,0.00555042165256222
9913,0.0033848464968189575
9914,0.08450546903929275
9915,0.21108247133862518
9916,0.011772610764707054
9917,0.015727090322899196
9918,0.1270531085515056
9919,0.09273811267436237
9920,0.0155603112460569
9921,0.012364207772093551
9922,0.39962124428014234
9923,0.011060746425450501
9924,0.026217487294606198
9925,0.02367135888361035
9926,0.0222522839484
9927,0.06740839553641859
9928,0.08435645395428343
9929,0.0012277302147664
9930,0.2286308338959841
9931,0.16381628161700112
9932,0.0033352874253927
9933,0.009196131720718665
9934,0.0085229441407129
9935,0.1272031688898304
9936,0.219997
9937,0.1317282231171646
9938,0.1737196819255863
9939,0.11095884745416565
9940,0.016904035591359508
9941,0.006380363589795138
9942,0.10197559789836627
9943,0.2572624951113135
9944,0.15510007783422874
9945,0.0075338537641783335
9946,0.058112419513684885
9947,0.014159805349505086
9948,0.025328876257157587
9949,0.025394900612342165
9950,0.026236201454734317
9951,0.0
9952,0.008712740224042753
9953,0.012863146919256099
9954,0.034807888770304204
9955,0.0326586525835759
9956,0.12640592182019175
9957,0.08118999542697616
9958,0.20236825040500037
9959,0.012132344692579893
9960,0.009423772527418368
9961,0.220016
9962,0.219997
9963,0.008545362255730124
9964,0.0108674648163537
9965,0.01966711254081565
9966,0.030108665753870507
9967,0.017511309571388932
9968,0.007119957357529426
9969,0.023691547157174003
9970,0.042830864113645034
9971,0.042156761166664336
9972,0.11405889644050302
9973,0.0
9974,0.0083497162846558
9975,0.0124045928373026
9976,0.0044066358875156485
9977,0.06318133777192328
9978,0.07600847013514314
9979,0.0
9980,0.01377009049766945
9981,0.16855204573522933
9982,0.04170145338784215
9983,0.08394372846980522
9984,0.010335057089977557
9985,0.01052517061805875
9986,0.11156714293821926
9987,0.0471685861435924
9988,0.0404794700911911
9989,0.219997
9990,0.08522685963166965
9991,0.12486437462402798
9992,0.09580643133440672
9993,0.012255972883322185
9994,0.19673971373844262
9995,0.006493122417194899
9996,0.0100368579966933
9997,0.006886285208899364
9998,0.14535872233676905
9999,0.07070470077565541
10000,0.0074569451075454
10001,0.13024484074392192
10002,0.0034971334774909625
10003,0.019599863183528517
10004,0.02696928774721927
10005,0.00950851885404011
10006,0.058367397265109075
10007,0.016455583071334382
10008,0.02202600910919439
10009,0.02854083041699828
10010,0.07603004244786357
10011,0.016908384286635776
10012,0.0137170670479402
10013,0.0012266716475093
10014,0.10091057579123061
10015,0.04324072823958295
10016,0.1846579096145986
10017,0.016105750690734902
10018,0.04518938026966571
10019,0.0038819658657918994
10020,0.022000798467055913
10021,0.030150162722986512
10022,0.09663840379037691
10023,0.012372887236954658
10024,0.017612865914138902
10025,0.04138297826976495
10026,0.0065087187886852
10027,0.0
10028,0.0428836875760987
10029,0.1288405288324601
10030,0.219997
10031,0.12360306306956732
10032,0.0
10033,0.011002780191955247
10034,0.015635767519587958
10035,0.220016
10036,0.0777869961572806
10037,0.028006615255393698
10038,0.0553162441167095
10039,4.243774659091154e-05
10040,0.037780140159664
10041,0.18619834788896975
10042,0.06805689425719613
10043,0.033802303236216975
10044,0.02665518215805904
10045,0.13925349983214647
10046,0.0222606545132123
10047,0.102315068081783
10048,0.350009
10049,0.350009
10050,0.01997148842349169
10051,0.02385502171539567
10052,0.04623310362610067
10053,0.0110479112404556
10054,0.29210174668841243
10055,0.0
10056,0.220016
10057,0.08476510966150269
10058,0.220016
10059,0.08529147593340922
10060,0.023889931122892664
10061,0.017901660054977554
10062,0.023029425478895523
10063,0.0
10064,0.219997
10065,0.09648987339581268
10066,0.6900388731433378
10067,0.24067190116745066
10068,0.0055038849839229
10069,0.04200223741716869
10070,0.220016
10071,0.0
10072,0.01614291886427307
10073,0.03795584048411961
10074,0.08563934364359464
10075,0.0182316380959173
10076,0.03656369270621182
10077,0.09531541558419145
10078,0.220016
10079,0.5245567105517638
10080,0.4651050648563239
10081,0.19234213686219834
10082,0.1872526934849855
10083,0.3096026949613895
10084,0.02551884876685563
10085,0.03650504590044641
10086,0.0
10087,0.021956187471262774
10088,0.0094963689364323
10089,0.18534156734248874
10090,0.4542679647876552
10091,0.1162209202936226
10092,0.22263985111542295
10093,0.5304658098327097
10094,0.053314888564686205
10095,0.0
10096,0.37967011907501136
10097,0.04204316857361975
10098,0.349908
10099,0.038496631913480836
10100,0.06570882162302438
10101,0.056114621238896045
10102,0.053146746023262706
10103,0.024536235419995205
10104,0.220016
10105,0.14805729523868508
10106,0.0442533821443159
10107,0.03743962286799464
10108,0.220016
10109,0.2538451063220185
10110,0.08229879783574388
10111,0.043841074924504474
10112,0.035291414754254596
10113,0.020583921847615715
10114,0.010433535920175062
10115,0.04467046590249505
10116,0.002652506939976082
10117,0.10267965237033969
10118,0.1276410281757685
10119,0.025664359812769398
10120,0.061113079607033466
10121,0.06457664755141462
10122,0.048837969307555996
10123,0.220016
10124,0.02186501153740688
10125,0.014590767295851945
10126,0.0007295501641576205
10127,0.0113231115294798
10128,0.010881576142434669
10129,0.007894238083853575
10130,0.015851488168820985
10131,0.4839779337288792
10132,0.06021675462640165
10133,0.049707431032460864
10134,0.350009
10135,0.349908
10136,0.07855024534005547
10137,0.0400935445667448
10138,0.0148305003332654
10139,0.02293750152545658
10140,0.0262617338514147
10141,0.006102241876481225
10142,0.04414289175515605
10143,0.0022291272949697
10144,0.0099345952690574
10145,0.10139774170192167
10146,0.10074138961326204
10147,0.13831009119340326
10148,0.220016
10149,0.43496525894920013
10150,0.008824035487355823
10151,0.0131077064302644
10152,0.052975657560764056
10153,0.0203788283300096
10154,0.0195755192556767
10155,0.0
10156,0.04236657353186589
10157,0.046188995091653945
10158,0.24684284935749115
10159,0.011820879047657652
10160,0.046719300982468744
10161,0.0088222068109161
10162,0.05892813434884
10163,0.11947225333140042
10164,0.4775910975074533
10165,0.0214714807007702
10166,0.02651976971526847
10167,0.033927187806815556
10168,0.02695455571747955
10169,0.065966982029376
10170,0.07940793895494344
10171,0.0091973182384465
10172,0.029108725023035232
10173,0.02088408647431155
10174,0.1417781533720264
10175,0.14635359352473928
10176,0.10180572466724205
10177,0.03561721108695005
10178,0.060441838242748326
10179,0.010387318184036601
10180,0.03733151901610163
10181,0.020042138192473146
10182,0.030204351904402665
10183,0.08836571688858266
10184,0.08982279162132553
10185,0.220016
10186,0.04117128664575182
10187,0.07536348772581435
10188,0.057486929549539455
10189,0.06720790591687878
10190,0.02845039480291294
10191,0.07121835399960522
10192,0.042867380853661916
10193,0.006967713542561275
10194,0.05197602401523427
10195,0.03131214806250844
10196,0.13037159166879775
10197,0.22887229098462303
10198,0.22673358644772051
10199,0.05596234052665196
10200,0.04033754064228727
10201,0.03456190885948134
10202,0.06644570715729607
10203,0.0
10204,0.015386410714367851
10205,0.03334473028019865
10206,0.219997
10207,0.04294843144200575
10208,0.0021543309252714284
10209,0.024746944169967054
10210,0.10954318837808195
10211,0.09334809861736376
10212,0.23344218057099148
10213,0.220016
10214,0.22404580472154062
10215,0.08786788174503432
10216,0.09183455083030134
10217,0.04512553613598306
10218,0.08385383713100078
10219,0.08778411967927495
10220,0.11953505457815819
10221,0.0679199855054098
10222,0.7987840172822476
10223,0.14226968101302956
10224,0.030792414111755952
10225,0.08030228366605546
10226,0.006342296326701592
10227,0.07787815112967302
10228,0.010168428150585402
10229,0.08587697542507877
10230,0.0261721893271899
10231,0.0026871714687894
10232,0.025059044125925023
10233,0.02379401986853589
10234,0.12928527996332317
10235,0.0463451036432313
10236,0.11188092324293754
10237,0.08856635637001942
10238,0.1801844212001139
10239,0.350009
10240,0.35401327612229405
10241,0.15498756723761076
10242,0.04560453527941082
10243,0.1616572328922001
10244,0.05598474593585212
10245,0.056895597968326085
10246,0.0
10247,0.00784173055140315
10248,0.08590456047274317
10249,0.06238495826392329
10250,0.17150456120595042
10251,0.14081027274137325
10252,0.16007507757550346
10253,0.051573388650148363
10254,0.09440603931900318
10255,0.0022945217969142645
10256,0.02991347380291453
10257,0.01506940492079998
10258,0.12318267180534927
10259,0.010101815159765493
10260,0.0
10261,0.01975629256215504
10262,0.0003060594738692
10263,0.0132390278923766
10264,0.07489399895973287
10265,0.08551569276243964
10266,0.13689477949723206
10267,0.20482983711921604
10268,0.14823854952944804
10269,0.219997
10270,0.17590379954995525
10271,0.21840676717959653
10272,0.0390088337901547
10273,0.14590344311072323
10274,0.0411383426731915
10275,0.07181426232150441
10276,0.009496776356394867
10277,0.05675001970333102
10278,0.061353117688822054
10279,0.0
10280,0.017199345620239913
10281,0.08184901926749705
10282,0.09958161000416477
10283,0.0034883584860774513
10284,0.049268763146630826
10285,0.07609165625845576
10286,0.03189817813278423
10287,0.048172788459028934
10288,0.006689863195752128
10289,0.011417585593913053
10290,0.0
10291,0.09174430497260916
10292,0.017804482408996316
10293,0.05068231850333353
10294,0.09930844313529057
10295,0.09580217114054104
10296,0.219997
10297,0.35708397392554947
10298,0.1613101126403585
10299,0.14960611675014515
10300,0.10855906398212067
10301,0.18835854052361226
10302,0.17380289937642085
10303,0.14277959389214365
10304,0.08978589481857206
10305,0.01249939139854181
10306,0.350009
10307,0.12192201215127518
10308,0.06217273963107857
10309,0.03828532174509122
10310,0.0914611796649344
10311,0.017985739620861342
10312,0.03888645701037145
10313,0.008634548278242378
10314,0.0101234050090284
10315,0.10208981608168452
10316,0.28476054862281286
10317,0.10034652740592731
10318,0.05223729612471033
10319,0.177968802801513
10320,0.8408531650613293
10321,0.18162928811760712
10322,0.025040513111738782
10323,0.17523389892122523
10324,0.11664750873747623
10325,0.31635221569680433
10326,0.32589227856882835
10327,0.14512029616674585
10328,0.0
10329,0.08595043696946576
10330,0.14331797293221454
10331,0.2610312632064019
10332,0.07524349851908516
10333,0.1594033100682736
10334,0.062150303170048465
10335,0.033137971128668155
10336,0.0103163290014341
10337,0.014817873605771588
10338,0.04615855565727114
10339,0.061479173778028265
10340,0.09593383601409915
10341,0.0288882913873219
10342,0.17758149443376603
10343,0.219997
10344,0.21888271269356585
10345,0.18217162386790126
10346,0.06146778460463056
10347,0.16422652264929116
10348,0.2716277849753719
10349,0.349908
10350,0.11201799124842234
10351,0.015728751217325074
10352,0.08303196059982633
10353,0.00986915775780757
10354,0.009167448184996289
10355,0.06926724864973441
10356,0.4192762962234051
10357,0.013898517283819009
10358,0.14441237939108198
10359,0.41680283502755655
10360,0.220016
10361,0.0045947257204560655
10362,0.0017792534863472964
10363,0.05944539482698725
10364,0.10843825025935175
10365,0.21636262558007763
10366,0.2389682139890496
10367,0.1896777638996578
10368,0.14354001477808806
10369,0.349908
10370,0.219997
10371,0.20799417471130743
10372,0.2604640254661602
10373,0.4193812331772525
10374,0.1471249116935604
10375,0.0080869213493703
10376,0.01819161854546835
10377,0.07943426080605083
10378,0.13702003290451115
10379,0.08259516166067082
10380,0.219997
10381,1.0
10382,0.08094062637364575
10383,0.09705009408480963
10384,0.4552941722794277
10385,0.046908211788320595
10386,0.04434906590835023
10387,0.349908
10388,0.0187906268948164
10389,0.01770828043983115
10390,0.07422645562893672
10391,0.13151194631136662
10392,0.0344825498610019
10393,0.05760428029575734
10394,0.39735852548161404
10395,0.09197572543204434
10396,0.18449565719761502
10397,0.349908
10398,0.219997
10399,0.349908
10400,0.45389332194029874
10401,0.3088946048143994
10402,0.0250727484946413
10403,0.3856982673716741
10404,0.220016
10405,0.220016
10406,1.0
10407,0.349908
10408,0.350009
10409,0.011531892613239197
10410,0.08885818136073968
10411,0.016533348164911317
10412,0.12429491511251844
10413,0.01732680409328407
10414,0.0052476486907146
10415,0.0086127827348826
10416,0.07334873342232226
10417,0.007393641051607515
10418,0.0031636055020305
10419,0.026814455317019002
10420,0.12144300387653273
10421,0.1795396402585326
10422,0.1506464331382201
10423,0.2149967266901844
10424,0.1187822389072399
10425,0.3087898647747498
10426,0.2194772632226416
10427,0.03615209262966558
10428,0.1452437336850586
10429,0.220016
10430,0.0519106215191686
10431,0.06800899869989696
10432,1.0
10433,1.0
10434,0.5241789384136966
10435,0.008201799900660018
10436,0.0036653363432366005
10437,0.004918225803271617
10438,0.0
10439,0.350009
10440,0.036167233683171096
10441,0.0
10442,0.013442611969761518
10443,0.09892221373397259
10444,0.12385694258309035
10445,0.10945615455324441
10446,0.02996134273067163
10447,0.43579848491355566
10448,0.040977071319152805
10449,0.06844964334920232
10450,0.219997
10451,0.1467981153840591
10452,0.12290518059955553
10453,0.08702338200557083
10454,0.220016
10455,0.220016
10456,0.00652715892467735
10457,0.0255276865709143
10458,0.350009
10459,0.13359451671606706
10460,0.1675394045987042
10461,1.0
10462,1.0
10463,0.6337379590586509
10464,0.034619146626029836
10465,0.10780789818380393
10466,0.0
10467,0.219997
10468,0.033357849113239815
10469,0.220016
10470,0.06286886825041903
10471,0.0600119858191744
10472,0.04799088365417148
10473,0.09843398904146415
10474,0.18897817625590357
10475,0.219997
10476,0.1629222830000609
10477,0.7399923371126513
10478,0.4595442781016067
10479,0.33596293855424086
10480,0.219997
10481,0.19513791204658
10482,0.14941462079217338
10483,0.16480341475091292
10484,0.07837044759668288
10485,0.08485722756017366
10486,0.1424719331348891
10487,0.220016
10488,0.1654393829756386
10489,0.16923450917921998
10490,0.05580550835355685
10491,1.0
10492,0.9987129917049317
10493,0.8758172834243962
10494,0.1108913275915498
10495,0.04479930880507707
10496,0.220016
10497,0.23727279237861415
10498,0.038331088185145946
10499,0.016702329128870035
10500,0.03667831561857804
10501,0.11305455502867336
10502,0.18812176099082475
10503,0.10957059888557899
10504,0.4813467583919796
10505,1.0
10506,0.1723544690799061
10507,0.219997
10508,0.219997
10509,0.219997
10510,0.10155134599297051
10511,0.350009
10512,0.17389066716091928
10513,0.050380703187283875
10514,0.0710371615055397
10515,0.11347820746345968
10516,0.12849334725631706
10517,0.09202713208516175
10518,0.015701774437242737
10519,0.350009
10520,0.350009
10521,0.220016
10522,0.08568751423498273
10523,0.034697404697365125
10524,0.18459318103315786
10525,0.0924995082703801
10526,0.350009
10527,0.05356461892109308
10528,0.03206291757161959
10529,0.042671077134601665
10530,0.05593931553275011
10531,0.0864681170205269
10532,0.08940428312275664
10533,0.350009
10534,1.0
10535,0.5883849179614025
10536,0.349908
10537,0.18166688655349805
10538,0.349908
10539,0.219997
10540,0.5942097199629955
10541,0.1406553780194747
10542,0.046318261185869514
10543,0.0795025215156865
10544,0.028838678539699812
10545,0.20959033660293663
10546,0.219997
10547,0.13433515335449814
10548,0.349908
10549,0.350009
10550,0.3286630024248052
10551,1.0
10552,0.220016
10553,0.220016
10554,0.220016
10555,0.03894981234207587
10556,0.349908
10557,0.11392984063758918
10558,0.08821666759372462
10559,0.0780306299928818
10560,0.10255662169978033
10561,0.2964549275350874
10562,0.6541211074283035
10563,0.5125977492449239
10564,0.9399306343940084
10565,0.6044878029613614
10566,0.219997
10567,0.26617033020319725
10568,0.31100600489760055
10569,0.014081704497816474
10570,0.15349243514723498
10571,0.09861410787624802
10572,0.03992231296378643
10573,0.350009
10574,0.219997
10575,0.07304956997877629
10576,0.7843032200630486
10577,0.350009
10578,0.005324663854614466
10579,0.0974511177071907
10580,0.17971122617106366
10581,0.10750584037750965
10582,0.02773294506343035
10583,0.0344870981656558
10584,0.06694859256490973
10585,0.1420391418530737
10586,0.18758017840846397
10587,0.220016
10588,0.6790190333747147
10589,1.0
10590,0.7389257602871462
10591,0.520801347730987
10592,1.0
10593,0.1744211111710091
10594,0.0001609692286360393
10595,0.02702870397699428
10596,0.06710595575186835
10597,0.12114961160361293
10598,0.23428371776919785
10599,0.048270407042705306
10600,0.06649841976030216
10601,0.10663458256573062
10602,0.19645791848693533
10603,0.08428165571544109
10604,0.009775656199368331
10605,0.11770018795114265
10606,0.0332144690423946
10607,0.0033561150421010984
10608,0.0696557024355633
10609,0.0386323500833914
10610,0.0019561519312880768
10611,0.04757574601706349
10612,0.17994233830870165
10613,0.10415722473651445
10614,0.14965784918293018
10615,0.3570694863270464
10616,0.349908
10617,0.350009
10618,1.0
10619,1.0
10620,0.4790051919712841
10621,0.11994690841694114
10622,0.014027654183770178
10623,0.004189727600054233
10624,0.07613165014213474
10625,0.11901241885155019
10626,0.006863947213325875
10627,0.008721953098776375
10628,0.043938951239049236
10629,0.7433764147843965
10630,0.07415977202333256
10631,0.03423789835599733
10632,0.220016
10633,0.05734758847134884
10634,0.09013064259778039
10635,0.06175208790496092
10636,0.11318477900690924
10637,0.009338047165353386
10638,0.05425972093735738
10639,0.022734517494863715
10640,0.021046592580354635
10641,0.06097756310090608
10642,0.13423028966153341
10643,0.219997
10644,0.716740275473771
10645,0.41441862414062725
10646,0.219997
10647,1.0
10648,0.6400330615819785
10649,0.7078316257805632
10650,0.349908
10651,0.07679219813080607
10652,0.05362127791221777
10653,0.04005319841062603
10654,0.04260770300773714
10655,0.05238783470520806
10656,0.029505326629850538
10657,0.10295525430268572
10658,0.560162145289105
10659,0.14402492940747189
10660,0.350009
10661,0.220016
10662,0.14793761120103782
10663,0.16761560086190744
10664,0.16933566610229128
10665,0.15160066020493354
10666,0.059905687706585345
10667,0.022394465193870818
10668,0.07378530938584744
10669,0.219997
10670,1.0
10671,0.350009
10672,0.6091464342717436
10673,0.350009
10674,0.349908
10675,0.219997
10676,0.13082721610763948
10677,0.020879847375593064
10678,0.048731424407793204
10679,0.12368096706235646
10680,0.009161524008236888
10681,0.1317360305138109
10682,0.219997
10683,0.11432631723152822
10684,0.350009
10685,0.038928071265439596
10686,0.09520107674355435
10687,0.010508439648478682
10688,0.220016
10689,0.09490241773277147
10690,0.12811262540477067
10691,0.219997
10692,0.06224598010777845
10693,0.2524343102445652
10694,0.3489179025428807
10695,0.15417642239077228
10696,0.1713826125257136
10697,0.01124347748805175
10698,0.18438041653535664
10699,0.09521268429863597
10700,0.07433987105206966
10701,0.1563020598251782
10702,0.13161268957650651
10703,0.08094113482021129
10704,0.007820898404494635
10705,0.220016
10706,0.013106081408343032
10707,0.0079557014630254
10708,0.024494901614905945
10709,0.158021794113306
10710,0.0083990326562705
10711,0.06860528153362055
10712,0.08389803528436135
10713,0.18035815346993272
10714,0.05062607076522184
10715,0.11750452882422005
10716,0.0100683609560483
10717,0.10388184469458747
10718,0.219997
10719,0.5090055055369199
10720,0.45623590827981564
10721,0.04139759372427973
10722,0.0
10723,0.0
10724,0.05173027133006245
10725,0.032930680381117225
10726,0.11473711499768977
10727,0.02050241908790814
10728,0.10575430389847981
10729,0.19274521872541686
10730,0.02397531783301566
10731,0.034798181119253056
10732,0.017278362816370508
10733,0.004874185705293724
10734,0.023635591627322726
10735,0.0808787253489851
10736,0.14528538195542862
10737,0.15773123713257786
10738,0.4163388800887006
10739,0.027803235803428316
10740,0.02854189720683824
10741,0.220016
10742,0.1271964373552599
10743,0.219997
10744,0.3841561990021217
10745,0.07016013511369695
10746,0.01232750811631309
10747,0.09652006806128484
10748,0.027056163767785784
10749,0.023705882674549678
10750,0.07467081036812502
10751,0.11966793648079371
10752,0.06795077102096028
10753,0.0132274920296832
10754,0.008806054640945866
10755,0.017243583404115977
10756,0.0066969750521875
10757,0.219997
10758,0.0028969489928738004
10759,0.024828250433560736
10760,0.21010150958250334
10761,0.106526655149791
10762,0.08293917101930316
10763,0.05829121523491134
10764,0.06130206329553226
10765,0.14479393659749074
10766,0.349908
10767,0.03275912242809462
10768,0.0037288763839497
10769,0.0003413990032546596
10770,0.05750687354139419
10771,0.04499558268841322
10772,0.10032406712675895
10773,0.220016
10774,0.07698381253259534
10775,0.3122168061185262
10776,0.16739786753099403
10777,0.053876927368687794
10778,0.03637174169404679
10779,0.05922789027861572
10780,0.03302394513427652
10781,0.3612827225398973
10782,0.219997
10783,0.055161878892221114
10784,0.1710753478829373
10785,0.0804460345616694
10786,0.0009422146754597
10787,0.018990595739099
10788,0.42206704426386654
10789,0.7810775346771941
10790,0.25350781829360014
10791,0.08170661958865838
10792,0.03438804653648706
10793,0.05610711002474904
10794,0.05056551414501142
10795,0.10427977429085554
10796,0.13028084713078764
10797,0.06717265319871896
10798,1.0
10799,0.03551621116495574
10800,0.09864120355804157
10801,0.03136883543027718
10802,0.10839290709916952
10803,0.0015231789759195848
10804,0.03096683441059572
10805,0.1995929284189054
10806,0.4097133548732619
10807,0.07668971656290123
10808,0.18864105359433064
10809,0.034367522353773224
10810,0.03213029264361354
10811,0.013193945842576854
10812,0.15501832553324327
10813,0.033747550844526575
10814,0.030481806398529168
10815,0.08233958520677437
10816,0.03401560408188018
10817,0.11901631976172351
10818,0.018856626982064202
10819,0.1655542681580903
10820,0.0755053964644202
10821,0.03756651363170779
10822,0.04072180212208031
10823,0.046961866043938816
10824,0.12388437402562737
10825,0.019520334315044734
10826,0.027515846527478516
10827,0.040769069844916905
10828,0.0735524820067311
10829,0.5878016604964456
10830,0.12230869147618256
10831,0.06941693891695538
10832,0.0724806363252899
10833,0.0731307189421236
10834,0.09606477468064212
10835,0.1046812118385721
10836,0.023439520717756984
10837,0.03751366761162344
10838,0.5061071514593444
10839,0.06927292016765468
10840,0.0033848464968189575
10841,0.05964707095032515
10842,0.10797718833900187
10843,0.1727479163199192
10844,0.07989684417279916
10845,0.0399601568553512
10846,0.0054536882040099495
10847,0.350009
10848,0.0159793932832551
10849,0.045928828440303854
10850,0.0378707241183855
10851,0.06629313049743099
10852,0.07153528677315704
10853,0.004385999562232583
10854,0.2014397074912772
10855,0.1332743827393705
10856,0.004917953689066639
10857,0.044077508826360315
10858,0.099211415028626
10859,0.19336254924421964
10860,0.13411551130858068
10861,0.12372312263376228
10862,0.08112153560299386
10863,0.0
10864,0.02036052722344844
10865,0.09002959539352018
10866,0.219997
10867,0.12254133975993386
10868,0.006420155899252507
10869,0.0
10870,0.024785884238234336
10871,0.0031837026546697855
10872,0.03556984556510298
10873,0.018804268880148356
10874,0.04312532165817938
10875,0.0038308666426713
10876,0.008712740224042753
10877,0.0032386731660143508
10878,0.022404587529248916
10879,0.0080752886788722
10880,0.0332588265456426
10881,0.07088098596471326
10882,0.06495345680308295
10883,0.21592415303206516
10884,0.0076455137446025
10885,0.012132344692579893
10886,0.14048978406017923
10887,0.220016
10888,0.023327495219111948
10889,0.0
10890,0.01853517594231311
10891,0.0057932661710730325
10892,0.015379973472437724
10893,0.031198096385574803
10894,0.03948709203469724
10895,0.007421002222613678
10896,0.03351718251996664
10897,0.062405126285249926
10898,0.016210337846531482
10899,0.0083497162846558
10900,0.0070731192390241
10901,0.1050338792385152
10902,0.01937109563637575
10903,0.06318133777192328
10904,0.10320808206896265
10905,0.01967331324039565
10906,0.18303800048942512
10907,0.07061983330106825
10908,0.07810721601590281
10909,0.008055763708405828
10910,0.003923004243710027
10911,0.029834178147058858
10912,0.016144200523112984
10913,0.11195068560681437
10914,0.024812403391216
10915,0.0040302860824844
10916,0.008099193571206966
10917,0.0014632458547880669
10918,0.04553170984965181
10919,0.220016
10920,0.061705018600503654
10921,0.09800382023146628
10922,0.06852974485796992
10923,0.012255972883322185
10924,0.003451704379215367
10925,0.012405216145966
10926,0.1319801792742174
10927,0.0
10928,0.014287251830915199
10929,0.10601555268881796
10930,0.0031541777978586006
10931,0.05857479965847651
10932,0.0061916019445985
10933,0.220016
10934,0.025793850748194763
10935,0.03240351715867186
10936,0.035694319826316614
10937,0.00408378419206798
10938,0.006339039164088847
10939,0.012749799848258284
10940,0.02202600910919439
10941,0.025168624330561898
10942,0.027990463568348577
10943,0.04940416543997507
10944,0.024320453136715964
10945,0.0230562519994272
10946,0.0809594188016125
10947,0.048852027579643145
10948,0.220016
10949,0.0542391371951316
10950,0.0490468989746372
10951,0.007717438280321699
10952,0.008067835280008715
10953,0.020170860356985315
10954,0.07989126732892941
10955,0.008963969277813257
10956,0.028659467306484745
10957,0.015770781368939328
10958,0.0170035058575887
10959,0.012168294051193814
10960,0.0035931911267874
10961,0.0595805698003235
10962,0.1431570255774198
10963,0.219997
10964,0.09426303092642023
10965,0.019587318848472854
10966,0.0571256736476224
10967,0.0857176089246092
10968,0.0777869961572806
10969,0.05347790374437305
10970,0.0197844260838194
10971,0.142437336942549
10972,0.03585975684891049
10973,0.0181915335990232
10974,0.10774279240725415
10975,0.09247973091457243
10976,0.06260020981482123
10977,0.0241234035229492
10978,0.09861049110540088
10979,0.0764101566562375
10980,0.0831512380858851
10981,0.220016
10982,0.350009
10983,0.01997148842349169
10984,0.0050990597946161
10985,0.013888303990193815
10986,0.349908
10987,0.0
10988,0.219997
10989,0.197036594383832
10990,0.13977672117821782
10991,0.08529147593340922
10992,0.024661735095161723
10993,0.023889931122892664
10994,0.045034948765225125
10995,0.13901147670827144
10996,0.09648987339581268
10997,0.6619739993536542
10998,0.220016
10999,0.04200223741716869
11000,0.220016
11001,0.020210845777671904
11002,0.02793246045245518
11003,0.021466437970988447
11004,0.06624289869875681
11005,0.08214094500063475
11006,0.0037854763536538903
11007,0.025563137663394506
11008,0.0196472291738797
11009,0.15106650415506212
11010,0.219997
11011,0.46600670568190333
11012,0.350009
11013,0.0633285879098767
11014,0.10217542571661165
11015,0.02492705740447028
11016,0.220016
11017,0.219997
11018,0.01170685409176607
11019,0.025139714977995855
11020,0.050133698286899175
11021,0.027103469606465876
11022,0.13500688328884494
11023,0.4474391920085052
11024,0.030878001492762
11025,0.220016
11026,0.51146343384877
11027,0.1203480158295446
11028,0.42806272731685585
11029,0.10300878479679815
11030,0.4718489341946688
11031,0.04455128267094804
11032,0.06049095942929618
11033,0.05402832191172495
11034,0.0556125082949992
11035,0.0394190493616162
11036,0.08732405300570797
11037,0.15551711315252686
11038,0.0087977649074069
11039,0.042941239138736
11040,0.24689008778191618
11041,0.08185317083922668
11042,0.03398705155140347
11043,0.07411398629323171
11044,0.05973364572280626
11045,0.024154357590373248
11046,0.004282184880703983
11047,0.00611659925178308
11048,0.10267965237033969
11049,0.1031354473252628
11050,0.0417984308537523
11051,0.12042696993759866
11052,0.220016
11053,0.219997
11054,0.02186501153740688
11055,0.06813860629227055
11056,0.05197602401523427
11057,0.020543694567918026
11058,0.0500299754930669
11059,0.007894238083853575
11060,0.5595017307020855
11061,0.07306251969604395
11062,0.09559314636789396
11063,0.349908
11064,0.3714174309513654
11065,0.08401862195432316
11066,0.010827449131558302
11067,0.02293750152545658
11068,0.0002618978778935
11069,0.006102241876481225
11070,0.046813870312233455
11071,0.0081198484563012
11072,0.1218267561024976
11073,0.10195760289243136
11074,0.12963478021984726
11075,0.219997
11076,0.526418736035882
11077,0.0071665545546184505
11078,0.220016
11079,0.051913691954473956
11080,0.010251114971807704
11081,0.002880645519734
11082,0.00725465764659353
11083,0.017362868532322488
11084,0.04679724366334115
11085,0.220016
11086,0.004219834061666362
11087,0.03427369253944664
11088,0.010366843303002594
11089,0.010464037793753576
11090,0.10615773401654734
11091,0.0209648169279602
11092,0.15258407794887652
11093,0.350009
11094,0.0125612490192103
11095,0.05752222125074277
11096,0.020259185679238352
11097,0.03819635226058255
11098,0.049527154607540896
11099,0.08789086292474824
11100,0.0435949478048775
11101,0.030824099720972796
11102,0.02320211991106153
11103,0.0066874425747216505
11104,0.1300775452037887
11105,0.0963746610742629
11106,0.07979134415182115
11107,0.0
11108,0.028975909349864222
11109,0.013682527810071201
11110,0.05220098659097192
11111,0.07593228744539365
11112,0.08299114426744136
11113,0.12351599056907905
11114,0.08166646983691533
11115,0.219997
11116,0.052849657400270325
11117,0.07354657475141685
11118,0.05799582374231356
11119,0.04008349756014628
11120,0.06972474947197702
11121,0.05877782640050572
11122,0.03131214806250844
11123,0.10272305051240616
11124,0.219997
11125,0.28107283683196616
11126,0.05848146575218455
11127,0.021081425776518066
11128,0.03731448730334345
11129,0.024660828683284175
11130,0.0
11131,0.015386410714367851
11132,0.07164349149741464
11133,0.03636281618768445
11134,0.26005769087657526
11135,0.047193539090139645
11136,0.008962960408466428
11137,0.05295601223657565
11138,0.09671067249138325
11139,0.11192419308353506
11140,0.2592668405867332
11141,0.23440190474763972
11142,0.220016
11143,0.08811946647041152
11144,0.08381322947470216
11145,0.04291839470489496
11146,0.07808057131827856
11147,0.11371547890894966
11148,0.01157710630380254
11149,0.10166412666469068
11150,0.0584641350569412
11151,0.7995760497765725
11152,0.12233075181482955
11153,0.00569809244591995
11154,0.012362486427930135
11155,0.10067024138285506
11156,0.00041439716329249275
11157,0.03490152655370972
11158,0.038201341070767295
11159,0.0115807866748361
11160,0.06129909843480258
11161,0.0394126875184084
11162,0.03140965080820742
11163,0.04015110763232539
11164,0.17353442947752756
11165,0.07603675997097831
11166,0.12712454171915935
11167,0.10105691591088242
11168,0.1649104597779682
11169,0.23043278034960743
11170,0.350009
11171,0.15396330552315837
11172,0.04310728248847762
11173,0.1574053743257501
11174,0.03996894177366052
11175,0.060961747676931084
11176,0.0
11177,0.00784173055140315
11178,0.10827141820450967
11179,0.029301663082973894
11180,0.1827531647306029
11181,0.09257357700171198
11182,0.14654729179420475
11183,0.034247750231726264
11184,0.08020355508826599
11185,0.0009913005941750638
11186,0.004397918705909281
11187,0.16611669359665165
11188,0.010101815159765493
11189,0.041143913268661556
11190,0.034488860185485845
11191,0.0223681316669568
11192,0.020496658990537674
11193,0.08782013817610056
11194,0.08763350153593566
11195,0.15089492120594314
11196,0.1892131415393949
11197,0.17294080390215255
11198,0.2692716349871256
11199,0.20229732091328165
11200,0.19714797436271875
11201,0.0352795852538059
11202,0.16395637703536173
11203,0.0489580552022161
11204,0.0762549997460796
11205,0.009496776356394867
11206,0.07234129168075952
11207,0.17200008494759544
11208,0.0
11209,0.025019534265501416
11210,0.05046291989038436
11211,0.03997234820532417
11212,0.07636913759644953
11213,0.10293491351461496
11214,0.007309564907292027
11215,0.03344195663588664
11216,0.0016938028076508534
11217,0.0
11218,0.12958067406885918
11219,0.048520013716297515
11220,0.04027179426306153
11221,0.10360075145815727
11222,0.10508875790536644
11223,0.219997
11224,0.349908
11225,0.14809747918937968
11226,0.15638454947412234
11227,0.09509175785147167
11228,0.16089472981817293
11229,0.14875504929621264
11230,0.12444558021393924
11231,0.10220322150738437
11232,0.0096986141390268
11233,0.006228015784429579
11234,0.0
11235,0.3612589546724651
11236,0.13670876303951426
11237,0.048001809851369474
11238,0.04099146709049593
11239,0.1317146921994243
11240,0.010549205883032
11241,0.04355305960595765
11242,0.0232752359914683
11243,0.12526148227591463
11244,0.349908
11245,0.10082068103957142
11246,0.06136585439218323
11247,0.2020461946915207
11248,0.9972400990524023
11249,0.17249902468974251
11250,0.027250847538580085
11251,0.220016
11252,0.13637819597473444
11253,0.24449166631013303
11254,0.338544058096552
11255,0.14687450081907077
11256,0.006625288081407952
11257,0.09041552625885536
11258,0.04361707172668965
11259,0.10593777250730237
11260,0.20381445085861188
11261,0.05295500031341796
11262,0.20101683441518842
11263,0.07555441858147947
11264,0.0
11265,0.0
11266,0.011933791885436359
11267,0.014817873605771588
11268,0.05559008560292564
11269,0.06369468888227878
11270,0.09822054123771966
11271,0.0306734564449365
11272,0.21369232508751626
11273,0.219997
11274,0.219997
11275,0.19487634793411146
11276,0.08202242937401596
11277,0.16062864169436156
11278,0.32696178538233445
11279,0.29954875262390973
11280,0.08007335169913264
11281,0.015728751217325074
11282,0.11326264072545193
11283,0.03247647953248137
11284,0.050077089149781116
11285,0.43293739627115574
11286,0.021648284229534513
11287,0.1611356664611787
11288,0.350009
11289,0.2375240064191574
11290,0.0
11291,0.06350985513383535
11292,0.10133286814586905
11293,0.18213122062524928
11294,0.2969653816702436
11295,0.0091846951455427
11296,0.1932099836156205
11297,0.12871930014293195
11298,0.219997
11299,0.219997
11300,0.18958179436877276
11301,0.219997
11302,0.41665931500288067
11303,0.1253112200300328
11304,0.05754641031170753
11305,0.11367160233758013
11306,0.07144946412896644
11307,0.34611165720215
11308,1.0
11309,0.08094062637364575
11310,0.10991266605394953
11311,0.3784770937259563
11312,0.0109020433275441
11313,0.07433691943226453
11314,0.349908
11315,0.005026365380915448
11316,0.08469095882202551
11317,0.1543430751430589
11318,0.0282518879076174
11319,0.05119756552727614
11320,0.004233996190908918
11321,0.3691378059756018
11322,0.08578538347194964
11323,0.15990352475820574
11324,0.3321433309774311
11325,0.219997
11326,0.31006328496969526
11327,0.43841810278801807
11328,0.29812294328674716
11329,0.053783616150437
11330,0.219997
11331,0.220016
11332,0.220016
11333,1.0
11334,0.349908
11335,0.350009
11336,0.0369246406950792
11337,0.07197923758894999
11338,0.12755926252245003
11339,0.018189601963120878
11340,0.01966501025174726
11341,0.007227258340298817
11342,0.018160953587509
11343,0.09824667302288845
11344,0.007393641051607515
11345,0.0091923825755339
11346,0.019751249119863402
11347,0.09089499060028663
11348,0.1767770608545531
11349,0.2050686125135628
11350,0.18032834516412188
11351,0.1300391354718087
11352,0.29259218031652723
11353,0.220016
11354,0.026049538957569684
11355,0.16783934756320668
11356,0.220016
11357,0.0629519276044732
11358,0.08505952948001355
11359,1.0
11360,0.8760539445685683
11361,0.6531803062310044
11362,0.008201799900660018
11363,0.0191517350158063
11364,0.016972058434475523
11365,0.350009
11366,0.08000488245564749
11367,0.0
11368,0.14047225464311808
11369,0.13181201008235816
11370,0.16190119868455632
11371,0.03511932320785274
11372,0.4632184046456548
11373,0.05210223258978516
11374,0.07816848746518483
11375,0.219997
11376,0.16043445757429892
11377,0.12631538299743714
11378,0.09114618033165894
11379,0.220016
11380,0.220016
11381,0.04005488321219026
11382,0.1696489795683383
11383,0.13027016563209587
11384,0.1279227100477921
11385,1.0
11386,0.9883607570410962
11387,0.6980616170769633
11388,0.029529333877710937
11389,0.11444904485813033
11390,0.0
11391,0.220016
11392,0.05767488814742962
11393,0.22215997819832087
11394,0.05654066445145113
11395,0.043919073229043995
11396,0.05012947915216408
11397,0.09097606899841086
11398,0.18786151372744106
11399,0.219997
11400,0.1302811667499909
11401,0.7219625756140395
11402,0.40209308656753817
11403,0.33117494823965266
11404,0.219997
11405,0.1851710970770928
11406,0.09973409941759127
11407,0.19089859257904962
11408,0.09166943139246368
11409,0.06156063716640286
11410,0.0
11411,0.12472579124615907
11412,0.13513535781516883
11413,0.09805559581130552
11414,0.1293535427581447
11415,0.022846771615780748
11416,0.9116181904415431
11417,0.9987129917049317
11418,0.8758172834243962
11419,0.0748992209370742
11420,0.04297026134877567
11421,0.220016
11422,0.22070794701659563
11423,0.010334288869051944
11424,0.006807914763131933
11425,0.039062391880774636
11426,0.11356626296889835
11427,0.16835192630682277
11428,0.1056855566233913
11429,0.529237014345106
11430,1.0
11431,0.1649390790263862
11432,0.20097548583473795
11433,0.219997
11434,0.219997
11435,0.1276215843914803
11436,0.350009
11437,0.1504945161506563
11438,0.029006480044716874
11439,0.0600710381118596
11440,0.15044023760417438
11441,0.10700875419699896
11442,0.09053293904465186
11443,0.04255211701461754
11444,0.32016484783325805
11445,0.350009
11446,0.1686184977534998
11447,0.09667126137755333
11448,0.010168440838728424
11449,0.17329897162105307
11450,0.1303618159982751
11451,0.31476161140089826
11452,0.014230020156090178
11453,0.05889486341089579
11454,0.05854987571139456
11455,0.03560401090335224
11456,0.03350286297186081
11457,0.11040679881852611
11458,0.08704437310965005
11459,0.350009
11460,1.0
11461,0.5446247196263982
11462,0.219997
11463,0.20809579941749068
11464,0.219997
11465,0.219997
11466,0.7130071255218714
11467,0.12414273368227252
11468,0.03349531053432322
11469,0.0246178107550373
11470,0.06571502307735201
11471,0.19517828196264342
11472,0.1973902086217298
11473,0.08015493924850484
11474,0.350009
11475,0.350009
11476,0.3358296052062586
11477,1.0
11478,0.220016
11479,0.014673007693036557
11480,0.219997
11481,0.220016
11482,0.023066549874990513
11483,0.013606541219158866
11484,0.219997
11485,0.11051625392615999
11486,0.04958236139663433
11487,0.0888981811156926
11488,0.12328376087619572
11489,0.219997
11490,0.5871795456712681
11491,0.574139283617791
11492,0.913959071725749
11493,0.5509273175844582
11494,0.219997
11495,0.268231319987855
11496,0.33562675330250274
11497,0.015359800360300773
11498,0.0683100200398108
11499,0.11047570892399619
11500,0.10098936739184272
11501,0.350009
11502,0.219997
11503,0.059339161052519476
11504,0.6607077430234305
11505,0.3825263915014251
11506,0.005324663854614466
11507,0.0833686263727641
11508,0.17861180566139936
11509,0.12775038234233227
11510,0.06809391107672955
11511,0.04008852886112725
11512,0.0324398968131857
11513,0.058872028753611125
11514,0.1875979633389978
11515,0.1704637919161079
11516,0.220016
11517,0.6069338957563717
11518,1.0
11519,0.6694446509166712
11520,0.5083402932679773
11521,0.944634638536973
11522,0.1555626490497662
11523,0.04341315402691738
11524,0.06696937062858406
11525,0.1453431510232892
11526,0.219997
11527,0.027372327748339108
11528,0.02624884866364735
11529,0.14426027074923303
11530,0.219997
11531,0.07698069273743799
11532,0.0017953374754754667
11533,0.0
11534,0.08475258184773216
11535,0.0086191153520483
11536,0.06304923095547689
11537,0.0090406698798746
11538,0.024586405292426398
11539,0.16469085637529146
11540,0.08093743618958445
11541,0.1249876001471221
11542,0.349908
11543,0.349908
11544,0.350009
11545,1.0
11546,1.0
11547,0.4888967933351588
11548,0.09292430842670643
11549,0.007582410151157445
11550,0.08549915535586275
11551,0.2088597685395692
11552,0.002277062838697552
11553,0.008721953098776375
11554,0.013629704415662133
11555,0.8061006782480906
11556,0.05240468931198236
11557,0.03423789835599733
11558,0.09960625407009349
11559,0.09172471931505205
11560,0.1239179203357903
11561,0.04250308704991632
11562,0.07397737283890163
11563,0.016248190141306462
11564,0.02638010516719863
11565,0.053900037685462684
11566,0.1630531527992411
11567,0.21796589725931717
11568,0.7387556634357826
11569,0.4471895480745701
11570,0.219997
11571,1.0
11572,0.5780162273604076
11573,0.6386062972913249
11574,0.219997
11575,0.03288813531294876
11576,0.04037384777501117
11577,0.029978114037244832
11578,0.05501957340832925
11579,0.06826867639228826
11580,0.03334777279239974
11581,0.05499865640256542
11582,0.6674030592989791
11583,0.220016
11584,0.4301907963922066
11585,0.044111940403695024
11586,0.12876232559634193
11587,0.17887762515652864
11588,0.219997
11589,0.220016
11590,0.03707193245760004
11591,0.028913990672313716
11592,0.0
11593,0.044484990942173744
11594,0.219997
11595,1.0
11596,0.350009
11597,0.6414962319125517
11598,0.32447328332651926
11599,0.46423898637789884
11600,0.219997
11601,0.12418226208295739
11602,0.04198642262755326
11603,0.048731424407793204
11604,0.0
11605,0.11993862040526715
11606,0.03080621252574009
11607,0.11950517184858608
11608,0.219997
11609,0.09482065408355131
11610,0.33686963172308254
11611,0.038928071265439596
11612,0.08010771421749886
11613,0.220016
11614,0.05636646432372088
11615,0.03248084006837034
11616,0.16709732504190927
11617,0.2691865393534113
11618,0.06866345905475965
11619,0.2765172852175819
11620,0.219997
11621,0.11625652438623987
11622,0.1230810304908658
11623,0.18537837307531982
11624,0.11044201545548277
11625,0.07625840580083605
11626,0.18539564211351828
11627,0.17586550366303239
11628,0.07548067758675545
11629,0.007820898404494635
11630,0.2273834176364016
11631,0.0079557014630254
11632,0.04002768943114765
11633,0.1043861841085445
11634,0.08619678339170495
11635,0.21774804179263632
11636,0.07962323240491465
11637,0.12154284440650816
11638,0.11122836952901977
11639,0.219997
11640,0.5199497522054599
11641,0.48793976539069445
11642,0.09651560197525814
11643,0.0
11644,0.01991621089573585
11645,0.032930680381117225
11646,0.07703572370617337
11647,0.033838570189481956
11648,0.09988376478663932
11649,0.17929494133159427
11650,0.038355439761979
11651,0.04607521545603118
11652,0.014923336087278524
11653,0.023635591627322726
11654,0.020158601248165257
11655,0.0808787253489851
11656,0.15622437950359963
11657,0.17035967571804805
11658,0.4356389664577912
11659,0.02740883516095432
11660,0.03468435532467874
11661,0.10082193908857162
11662,0.0926926474249572
11663,0.20849859919960972
11664,0.3765143118652765
11665,0.11053017041516966
11666,0.0220321613347053
11667,0.06898705217220523
11668,0.0019467038882503
11669,0.04920051373304199
11670,0.08724339926102512
11671,0.1594520548844638
11672,0.028971754204364777
11673,0.019428552668774197
11674,0.008806054640945866
11675,0.0031168240929377866
11676,0.010513846834778354
11677,0.219997
11678,0.0055487612394432995
11679,0.03518795305222984
11680,0.219997
11681,0.13877959581430369
11682,0.06593484873960326
11683,0.03427322994673204
11684,0.05348611776593426
11685,0.12833174949705173
11686,0.4264522759251459
11687,0.040476446939784916
11688,0.0037288763839497
11689,0.013332542841570576
11690,0.0
11691,0.0458131473289614
11692,0.05688603176581392
11693,0.10501739891325995
11694,0.220016
11695,0.06055676377535254
11696,0.2789062064403687
11697,0.11988398556484504
11698,0.0535105039820714
11699,0.0070290514495442
11700,0.04551332870621802
11701,0.04358321587915903
11702,0.03138167379930632
11703,0.350009
11704,0.219997
11705,0.038694111670680216
11706,0.1908135733867503
11707,0.0911873995520151
11708,0.006342384740327625
11709,0.02098224843001744
11710,0.44753150948392084
11711,0.8236398830896993
11712,0.219997
11713,0.051137236805546174
11714,0.04418870966367166
11715,0.05578190467567643
11716,0.028121760204619622
11717,0.10635111998210493
11718,0.10846422103212135
11719,0.05270235484411375
11720,1.0
11721,0.08661231249844309
11722,0.04246001274472378
11723,0.08406458410945152
11724,0.003871579635014185
11725,0.07200334094239141
11726,0.1705569295779141
11727,0.3685986691492761
11728,0.07024483760369044
11729,0.12474386199849785
11730,0.034367522353773224
11731,0.014080925911095138
11732,0.03789920660652595
11733,0.15932348568728666
11734,0.03858701597742077
11735,0.04548175713342327
11736,0.10420928096213351
11737,0.10591305199606849
11738,0.06282916603027949
11739,0.02809011890711372
11740,0.0434934023853864
11741,0.0676158444128687
11742,0.1375944608884186
11743,0.0369475339828004
11744,0.0326948518526634
11745,0.05455462219550331
11746,0.10951714504287456
11747,0.08699672163149604
11748,0.027973453879528903
11749,0.08654668774881161
11750,0.5944788759980455
11751,0.20134899202160558
11752,0.10666450443083997
11753,0.00801831859516905
11754,0.0344058981068711
11755,0.0269401117919438
11756,0.06986411891276023
11757,0.0873455356383861
11758,0.005885455234329885
11759,0.01959990355463994
11760,0.349908
11761,0.04732021623112559
11762,0.07412169102660654
11763,0.20934014217680919
11764,0.005580688243768141
11765,0.220016
11766,0.07129556932792987
11767,0.035795042189973494
11768,0.006593185974254751
11769,0.350009
11770,0.0471666860835755
11771,0.0703235203549331
11772,0.0047222436221273
11773,0.02151718173746495
11774,0.0331267992563805
11775,0.06722045825135808
11776,0.009601641148646499
11777,0.05153108233241094
11778,0.1494440029702763
11779,0.14268638101856693
11780,0.012851155203260934
11781,0.0023572541547477663
11782,0.0637824555292598
11783,0.21184075398349123
11784,0.08774281565311669
11785,0.12424251830945199
11786,0.07320823562595245
11787,0.0
11788,0.058643693016017136
11789,0.220016
11790,0.21185162949547212
11791,0.21394119117256846
11792,0.006420155899252507
11793,0.0044502681463790324
11794,0.06084646476541189
11795,0.03623899369265299
11796,0.0026086307102183856
11797,0.045258262419220686
11798,0.020971732761317564
11799,0.0035858042543307667
11800,0.008712740224042753
11801,0.007925727918581451
11802,0.022404587529248916
11803,0.0082621657208086
11804,0.02919663948470695
11805,0.07691854323455535
11806,0.09971303287545946
11807,0.20023005260289706
11808,0.012132344692579893
11809,0.10111354495435983
11810,0.012154027429834
11811,0.219997
11812,0.008545362255730124
11813,0.017268103522966552
11814,0.04037042673326041
11815,0.0042211483130450336
11816,0.0034149228133602254
11817,0.0376660027047821
11818,0.02233800573993544
11819,0.007421002222613678
11820,0.02677524102011054
11821,0.030040950829697627
11822,0.006027316524857801
11823,0.0070731192390241
11824,0.10829046927883951
11825,0.0
11826,0.08649131047987837
11827,0.007481920275978457
11828,0.07560930201856164
11829,0.008180773734639334
11830,0.012921053095925429
11831,0.01371229144246375
11832,0.19716279586044452
11833,0.060547885416247255
11834,0.0755107249145498
11835,0.007658583262967499
11836,0.003923004243710027
11837,0.008701800917093393
11838,0.034999322475432255
11839,0.016144200523112984
11840,0.0181436324814992
11841,0.12199033257742582
11842,0.02104944585499453
11843,0.22783380239721038
11844,0.032044992983466254
11845,0.11357249374619878
11846,0.10369940885473691
11847,0.004366068967114
11848,0.10416553398707842
11849,0.017011262068825396
11850,0.006854271861172999
11851,0.006886285208899364
11852,0.12281953896747846
11853,0.007218834189498901
11854,0.06567296916522931
11855,0.14487956360463744
11856,0.018152578540634862
11857,0.03944836370171047
11858,0.05769861419148521
11859,0.0072598371530239805
11860,0.0033103879079922974
11861,0.012314892848742584
11862,0.02202600910919439
11863,0.022498902021097
11864,0.010460561322533072
11865,0.018309218083695462
11866,0.0199036039513256
11867,0.07899278637360121
11868,0.045965791653181445
11869,0.0039814601075136
11870,0.220016
11871,0.058161976735967805
11872,0.0115107966000387
11873,0.011519644842897633
11874,0.006162414487516933
11875,0.024369625277494415
11876,0.0946798871835002
11877,0.027176280959861257
11878,0.020844989959782498
11879,0.031166307026652046
11880,0.0009670301169711001
11881,0.012168294051193814
11882,0.0452923322210933
11883,0.121537169118374
11884,0.220016
11885,0.016802251483719693
11886,0.09253233306642453
11887,0.0
11888,0.015635767519587958
11889,0.0385147946423656
11890,0.0156330226640048
11891,0.0777869961572806
11892,0.0164862582436224
11893,0.0444865172152129
11894,0.03398183410370854
11895,0.0027741990416637
11896,0.16532377082400765
11897,0.11340754659847743
11898,0.06077052583243917
11899,0.0246665343680337
11900,0.02665518215805904
11901,0.10616412529065278
11902,0.008614031951646561
11903,0.0322099996532208
11904,0.2093522184508514
11905,0.350009
11906,0.08447903848886555
11907,0.04623310362610067
11908,0.3562841346871145
11909,0.0
11910,0.220016
11911,0.08780744764455689
11912,0.220016
11913,0.08529147593340922
11914,0.023889931122892664
11915,0.045737269648883125
11916,0.14836369897735094
11917,0.08814117306292919
11918,0.717585332676947
11919,0.220016
11920,0.1128881652378017
11921,0.220016
11922,0.0026369253360655764
11923,0.0088045512146444
11924,0.048522864725511206
11925,0.03417465591003954
11926,0.0037854763536538903
11927,0.025563137663394506
11928,0.0514634638416079
11929,0.14040049173975294
11930,0.10160674449824589
11931,0.41468226664100805
11932,0.350009
11933,0.048191258070391596
11934,0.06738740885497266
11935,0.02492705740447028
11936,0.220016
11937,0.2353889212383164
11938,0.017845476221784996
11939,0.019181820239958014
11940,0.018858290893159355
11941,0.043065905658876386
11942,0.022691616221127274
11943,0.09006862248058126
11944,0.350009
11945,0.0402132752074726
11946,0.220016
11947,0.43999393246927854
11948,0.1274232989861076
11949,0.0
11950,0.47889960677456117
11951,0.05451468596677385
11952,0.4843174164260406
11953,0.038682328733512336
11954,0.03648281548649128
11955,0.10971505175229085
11956,0.0302795023974123
11957,0.0399500016947505
11958,0.15866856271131377
11959,0.18523544391541538
11960,0.0
11961,0.009249019828774002
11962,0.350009
11963,0.08419056098911488
11964,0.03280325640662647
11965,0.0636733614967552
11966,0.10764815773603606
11967,0.007021763157388249
11968,0.0
11969,0.00611659925178308
11970,0.10267965237033969
11971,0.1027085771525357
11972,0.16675352386456285
11973,0.016239836998681825
11974,0.007195180285742689
11975,0.220016
11976,0.0193049388195217
11977,0.016496660817156242
11978,0.0
11979,0.023508177666749636
11980,0.0053998444812779
11981,0.3944794235480375
11982,0.13997796816647134
11983,0.09360290496752416
11984,0.349908
11985,0.4044981161975375
11986,0.0056002016483506405
11987,0.07522265329878057
11988,0.0474377368958878
11989,0.0125475831441816
11990,0.02293750152545658
11991,0.0174728554136162
11992,0.008108043497328792
11993,0.006102241876481225
11994,0.04769843445785896
11995,0.009901668937431322
11996,0.0081198484563012
11997,0.1383667469349441
11998,0.06899022155247594
11999,0.12848695227467938
12000,0.219997
12001,0.4950939538364657
12002,0.0
12003,0.02259936354090293
12004,0.07152776938844925
12005,0.010251114971807704
12006,0.019650533403643
12007,0.016524414102950368
12008,0.025853643710718188
12009,0.03786247761399665
12010,0.23110198757336525
12011,0.0
12012,0.05130134028459094
12013,0.010464037793753576
12014,0.06485286571153796
12015,0.0032238721514271434
12016,0.15494697452308465
12017,0.37707599882667986
12018,0.0069972013605059
12019,0.0265865959386774
12020,0.04362040368711917
12021,0.020870544929110182
12022,0.02795768062978865
12023,0.0398453548581951
12024,0.07615683562759694
12025,0.0093416767516824
12026,0.02151180506660333
12027,0.015306361103644308
12028,0.1303000434217197
12029,0.0772696837592503
12030,0.10815995975480185
12031,0.020857569350063852
12032,0.03586956975521182
12033,0.008717365298288999
12034,0.054428238832015224
12035,0.06663914469600435
12036,0.059589476725857266
12037,0.14023263585459667
12038,0.10913202314425634
12039,0.22351148886786
12040,0.03571950297558362
12041,0.07489274827966924
12042,0.06264339280071206
12043,0.05084330392490558
12044,0.04896829632723531
12045,0.09244873281224371
12046,0.022126720194538065
12047,0.016304419129985828
12048,0.13329076704187265
12049,0.219997
12050,0.3188295607064431
12051,0.07297624058847005
12052,0.06692544802808627
12053,0.022470940149552244
12054,0.09709731903060016
12055,0.0
12056,0.015386410714367851
12057,0.04249276808906074
12058,0.01771979361461807
12059,0.015706075260452153
12060,0.18834690247509722
12061,0.048554012856685244
12062,0.021547511610409527
12063,0.054841140347687854
12064,0.10739553777464014
12065,0.12718254927731704
12066,0.220016
12067,0.26431775363101223
12068,0.23679690257430852
12069,0.06351320531196791
12070,0.08757684036972854
12071,0.04422386841915086
12072,0.08064153187997877
12073,0.07149158340922926
12074,0.09485164015290468
12075,0.036851540659712204
12076,0.7595338332142165
12077,0.16021847309226445
12078,0.01600722902694095
12079,0.09434061724450206
12080,0.0580534240767348
12081,0.06404264706020502
12082,0.0220118512000606
12083,0.002897858442036263
12084,0.10857588671262908
12085,0.0216104336080074
12086,0.035955814513734724
12087,0.031492872031681086
12088,0.1329550744324897
12089,0.067001811812335
12090,0.13640010334284852
12091,0.09092603463557931
12092,0.13492263431962162
12093,0.2860874079375687
12094,0.40750174508504067
12095,0.13225084398110187
12096,0.051037884067262826
12097,0.11264377311733892
12098,0.036765089911649715
12099,0.06894818983273329
12100,0.0
12101,0.00784173055140315
12102,0.053318331710463275
12103,0.04145497180469469
12104,0.11821836919329072
12105,0.062227543714563474
12106,0.10742667567449515
12107,0.018854702595195363
12108,0.10466435877445737
12109,0.013951177848790165
12110,0.15719647793141206
12111,0.010101815159765493
12112,0.03153195295068735
12113,0.030297964980389443
12114,0.0332837599225407
12115,0.012093143970976208
12116,0.0159974271237818
12117,0.018642242393767473
12118,0.06857588881422025
12119,0.07278515754721346
12120,0.11657129779200764
12121,0.20470325664897743
12122,0.17560135140333416
12123,0.27292716305397835
12124,0.220016
12125,0.18624559864858115
12126,0.0593223126646424
12127,0.19641203598635332
12128,0.0247814323346114
12129,0.07637055057091101
12130,0.06309491747055762
12131,0.16383117430649785
12132,0.021767696518856634
12133,0.027364080094309014
12134,0.07476285195062835
12135,0.051161568229618475
12136,0.01323281394019715
12137,0.06755793557063791
12138,0.07851078927117007
12139,0.05522488897840173
12140,0.021536596006550137
12141,0.12659429444554746
12142,0.04155076199232462
12143,0.07615302286347023
12144,0.07496851140016397
12145,0.12762448519838104
12146,0.219997
12147,0.349908
12148,0.1808098532207251
12149,0.15526091705546965
12150,0.08006305229888616
12151,0.12015209087836624
12152,0.13586221701159545
12153,0.12762746986075685
12154,0.11004079547432467
12155,0.01925331591972392
12156,0.3792289702784396
12157,0.10481818722235407
12158,0.08183873863812458
12159,0.0015637893659828234
12160,0.14568781703637368
12161,0.0273203685989578
12162,0.0006486568372583508
12163,0.0126827748464747
12164,0.10051327358038963
12165,0.349908
12166,0.08968777102154452
12167,0.07191377149282473
12168,0.1959496259007856
12169,0.9753520100212273
12170,0.1673033084845179
12171,0.012987458277217182
12172,0.220016
12173,0.09816896870033263
12174,0.219997
12175,0.32676821428558106
12176,0.11753603030666515
12177,0.006625288081407952
12178,0.09654209297031635
12179,0.11195263470124656
12180,0.18771859022025209
12181,0.04380642013237606
12182,0.1920415853475371
12183,0.08540106947648977
12184,0.02491053920214685
12185,0.0
12186,0.012224884526640684
12187,0.054633749210491536
12188,0.08517317819342277
12189,0.10461998863771516
12190,0.03229798178710377
12191,0.18242048852802745
12192,0.219997
12193,0.219997
12194,0.15136317610987107
12195,0.04831826688093385
12196,0.14871671865744096
12197,0.219997
12198,0.28149838771862234
12199,0.056893733169614935
12200,0.08509491866258992
12201,0.04854831462394957
12202,0.06994265472667133
12203,0.6053278279720553
12204,0.02093432070555181
12205,0.1351138979367074
12206,0.350009
12207,0.2593247735301548
12208,0.0
12209,0.07429115989494606
12210,0.08184795838088095
12211,0.23619628733810138
12212,0.26500629853270175
12213,0.1751191117843776
12214,0.15079334019508805
12215,0.349908
12216,0.2238247542778377
12217,0.219997
12218,0.219997
12219,0.3659177471619919
12220,0.10598360581822099
12221,0.05497300273105073
12222,0.08852156979107054
12223,0.06402581573466884
12224,0.349908
12225,0.9877424995699228
12226,0.08094062637364575
12227,0.10740404964695204
12228,0.4127714156855699
12229,0.0
12230,0.04083895690056923
12231,0.349908
12232,0.001332498966909448
12233,0.11880623968110242
12234,0.1473420124950181
12235,0.0428126747745043
12236,0.09729112963811484
12237,0.004233996190908918
12238,0.4506740822249719
12239,0.07870036264017063
12240,0.18015314131204282
12241,0.31646103833511635
12242,0.219997
12243,0.30395241940464746
12244,0.4133351204033476
12245,0.349908
12246,0.0476082612300211
12247,0.2926325260821852
12248,0.19461814026467417
12249,0.220016
12250,1.0
12251,0.48132665666723995
12252,0.3350490879748017
12253,0.0384670389720685
12254,0.220016
12255,0.0
12256,0.03740785078913316
12257,0.007227258340298817
12258,0.07683813197118275
12259,0.0065987169870083
12260,0.007024335167216122
12261,0.0017246426278321998
12262,0.11117430049343044
12263,0.17214831427009702
12264,0.1980416150803493
12265,0.219997
12266,0.12118384403738591
12267,0.2599150757571041
12268,0.220016
12269,0.007074298980468187
12270,0.1302517622357906
12271,0.219997
12272,0.08199997430382786
12273,1.0
12274,0.8621446669049564
12275,0.5515763189075871
12276,0.0237569948782008
12277,0.024817878379021115
12278,0.03391847949071182
12279,0.3600674006339132
12280,0.1097970812883423
12281,0.0
12282,0.010973066259234016
12283,0.11537059076119478
12284,0.11368719075532374
12285,0.12025443788124851
12286,0.028419297081941627
12287,0.3726959772530446
12288,0.05210223258978516
12289,0.08472814572145863
12290,0.219997
12291,0.16974705536142148
12292,0.10132145918617903
12293,0.09622976980122874
12294,0.220016
12295,0.220016
12296,0.04005488321219026
12297,0.220016
12298,0.15234465734446245
12299,0.15499237685116252
12300,1.0
12301,1.0
12302,0.6959016238699574
12303,0.16129902572629634
12304,0.010743230124562705
12305,4.7886412283432676e-05
12306,0.350009
12307,0.11769810534141252
12308,0.350009
12309,0.07115226272267064
12310,0.037443199431747294
12311,0.041438115428682074
12312,0.08304524061947055
12313,0.14443079569428635
12314,0.219997
12315,0.1600542401916108
12316,0.6939184720960387
12317,0.350009
12318,0.33826594036815805
12319,0.23389547108232983
12320,0.1929651350350969
12321,0.09612046032060398
12322,0.19163572311985083
12323,0.08069393237038269
12324,0.06973710686472445
12325,0.0
12326,0.15501393257934365
12327,0.16209268132532634
12328,0.01863948108896441
12329,0.14659961278677938
12330,0.04251080539371925
12331,0.9894650043724171
12332,0.9987129917049317
12333,0.8758172834243962
12334,0.0612360137351292
12335,0.008249238389255075
12336,0.350009
12337,0.02424048686340178
12338,0.25262055625202323
12339,0.028695783636160745
12340,0.0054986909047108
12341,0.009650893743765033
12342,0.09627679332748486
12343,0.19779236843326214
12344,0.1018568552199349
12345,0.48664823932877654
12346,1.0
12347,0.1433216651531608
12348,0.19420773122317586
12349,0.219997
12350,0.219997
12351,0.10267860329846412
12352,0.350009
12353,0.18227494012518358
12354,0.0062364721900079745
12355,0.0819165816276319
12356,0.11462249712623318
12357,0.10511849658373455
12358,0.062463170695888456
12359,0.02681673786429494
12360,0.350009
12361,0.2880012254271039
12362,0.220016
12363,0.10790274339855883
12364,0.17517017117368155
12365,0.12846691846845099
12366,0.29041085636690805
12367,0.031995568674737976
12368,0.057390081387254585
12369,0.042458860808816265
12370,0.02448029955171531
12371,0.11915261597210351
12372,0.07127138167890615
12373,0.350009
12374,1.0
12375,0.5734900176240916
12376,0.349908
12377,0.20276441668031847
12378,0.3136145939623134
12379,0.2722282006204557
12380,0.6832926912976613
12381,0.10755054204346391
12382,0.03171680705574302
12383,0.0270199359435321
12384,0.01765111564104911
12385,0.14487463756795793
12386,0.2089711401620763
12387,0.220016
12388,0.2981610089422181
12389,0.2910974819425746
12390,0.349908
12391,1.0
12392,0.220016
12393,0.03152602094866216
12394,0.220016
12395,0.220016
12396,0.06389332890561547
12397,0.219997
12398,0.10499336788484759
12399,0.03364615357850283
12400,0.0812969574099269
12401,0.08661635177271923
12402,0.30411950461730614
12403,0.5216082520715013
12404,0.349908
12405,0.9030788982140965
12406,0.349908
12407,0.219997
12408,0.219997
12409,0.350009
12410,0.011522501910758773
12411,0.1771033885466185
12412,0.08693890337911053
12413,0.11557004989584252
12414,0.350009
12415,0.3267204393606641
12416,0.06231924578791748
12417,0.6969285214824377
12418,0.350009
12419,0.10751041719272911
12420,0.13567271121075877
12421,0.14463188089738693
12422,0.04126306430968585
12423,0.02295484006366095
12424,0.03005502300721525
12425,0.022904280167348703
12426,0.09437851788519823
12427,0.1667779521311269
12428,0.17452271596996297
12429,0.219997
12430,0.5821679088005649
12431,1.0
12432,0.6685790819223121
12433,0.4850485199029953
12434,0.9662842669400069
12435,0.1513040998381044
12436,0.08241465432635417
12437,0.044084171298356754
12438,0.1681813355770001
12439,0.219997
12440,0.05379305884973881
12441,0.056590956974890846
12442,0.09857051584912023
12443,0.219997
12444,0.0017953374754754667
12445,0.0017323947444840317
12446,0.14608997251597594
12447,0.0231379567128773
12448,0.050353776618701086
12449,0.0172581226358162
12450,0.03134767725855825
12451,0.0062287983994193
12452,0.0090406698798746
12453,0.031135969221141598
12454,0.14137383352275737
12455,0.10205704698087303
12456,0.1408019330269639
12457,0.2845039169762953
12458,0.349908
12459,0.350009
12460,1.0
12461,1.0
12462,0.4737709557490115
12463,0.08238769945311393
12464,0.00028205977464365595
12465,0.004189727600054233
12466,0.08352056389763354
12467,0.16027032346489148
12468,0.005447390892831852
12469,0.011773171530001732
12470,1.0
12471,0.07562057575847436
12472,0.071302657330305
12473,0.06891349140887254
12474,0.159496424926288
12475,0.052369773494902724
12476,0.09735563395695034
12477,0.007176881935656685
12478,0.04219049388978758
12479,0.022734517494863715
12480,0.005557526097133834
12481,0.052594126246100985
12482,0.17230802512346832
12483,0.2101083889197934
12484,0.7509505860585095
12485,0.48360626804611206
12486,0.219997
12487,1.0
12488,0.5915666908632876
12489,0.6109018027299442
12490,0.219997
12491,0.007392242538819667
12492,0.03011780113121556
12493,0.021157827482122173
12494,0.03187459345214114
12495,0.07329528207103395
12496,0.09931934643743895
12497,0.04405931117835764
12498,0.10060790140233793
12499,0.6313875326526333
12500,0.220016
12501,0.3600035809776844
12502,0.05213964938579153
12503,0.13661601434923404
12504,0.219997
12505,0.20148561030402606
12506,0.19932401811858744
12507,0.023577152595307748
12508,0.03323784293328681
12509,0.004437729854042748
12510,0.052505826020551344
12511,0.219997
12512,1.0
12513,0.219997
12514,0.6709279858067854
12515,0.350009
12516,0.4483789459878641
12517,0.2243632085044407
12518,0.142658532749926
12519,0.017218878304520863
12520,0.048731424407793204
12521,0.012326069371186134
12522,0.09613986476882574
12523,0.024542995043776487
12524,0.15073176927426787
12525,0.219997
12526,0.12372287963688922
12527,0.350009
12528,0.029133469807631665
12529,0.06533325831583955
12530,0.350009
12531,0.06746435965612547
12532,0.010672509386691238
12533,0.0178220095577619
12534,0.0378028374547497
12535,0.15891702415413878
12536,0.219997
12537,0.07752790959539405
12538,0.2590843803208866
12539,0.29427279178366833
12540,0.14352277436786298
12541,0.1611857215368218
12542,0.02078349699882695
12543,0.14792098327031022
12544,0.13228638329634068
12545,0.07745998165471325
12546,0.17578143088436798
12547,0.1835885290099514
12548,0.06577270743740299
12549,0.059845754786249455
12550,0.007820898404494635
12551,0.220016
12552,0.022238468905583016
12553,0.0926533385783802
12554,0.06326998875498906
12555,0.10575456434867696
12556,0.219997
12557,0.050108108429051335
12558,0.12460439966599757
12559,0.01479090700380149
12560,0.10575655030278358
12561,0.2466150929837575
12562,0.4507707142439151
12563,0.5655628064885796
12564,0.04692409132271773
12565,0.03660644445570985
12566,0.012529997191267595
12567,0.09678797145222978
12568,0.09877172794280761
12569,0.12667782374822306
12570,0.007640969221660702
12571,0.024960586767143782
12572,0.008750103436734024
12573,0.013094486298628832
12574,0.020158601248165257
12575,0.13161898666366872
12576,0.16968027354168996
12577,0.3673509374937041
12578,0.014057071624417716
12579,0.03601814703681874
12580,0.09945751199992071
12581,0.07476011233945598
12582,0.219997
12583,0.350009
12584,0.08818632655233816
12585,0.0061765889680281
12586,0.12489795003920083
12587,0.03612906639287038
12588,0.02876876231864324
12589,0.08616237439521392
12590,0.1588928192635385
12591,0.032389221799690275
12592,0.016309171992900405
12593,0.008806054640945866
12594,0.0029216451430655863
12595,0.010513846834778354
12596,0.20796642109643232
12597,0.0122560705905533
12598,0.024455245670037234
12599,0.219997
12600,0.1353261665699359
12601,0.07888558935544826
12602,0.033523340763818944
12603,0.05200472278269896
12604,0.09110656665102213
12605,0.3776840167586969
12606,0.05633994530598761
12607,0.0037288763839497
12608,0.0
12609,0.0286279953695197
12610,0.061557083255645524
12611,0.13609464324623124
12612,0.10578321652513048
12613,0.07216512170565464
12614,0.26734277615464086
12615,0.12764437647798432
12616,0.0820543200035983
12617,0.01203243237430738
12618,0.03865652093685352
12619,0.03224552467422773
12620,0.031615798409645325
12621,0.3085346617049712
12622,0.07004208991265515
12623,0.219997
12624,0.06039291737520282
12625,0.1789470233055428
12626,0.09510161235273693
12627,0.006342384740327625
12628,0.02098224843001744
12629,0.4342680390169852
12630,0.9187109399974306
12631,0.219997
12632,0.06310077423797508
12633,0.04340698948539116
12634,0.05534045676894694
12635,0.03745020101758462
12636,0.220016
12637,0.08632710893838536
12638,0.12096448594292734
12639,1.0
12640,0.030940985483928367
12641,0.10238334609162708
12642,0.04189109332648943
12643,0.08086504956579188
12644,0.04537545932496062
12645,0.018222151584933087
12646,0.0881524929904365
12647,0.3623657348176137
12648,0.07992708885863843
12649,0.12296782149944806
12650,0.034367522353773224
12651,0.037752190109879236
12652,0.013255278099110878
12653,0.021334791239819052
12654,0.16080832253301125
12655,0.01740138322476717
12656,0.0024938873982624
12657,0.028242335217787868
12658,0.10420928096213351
12659,0.12537312186220648
12660,0.062094897469156383
12661,0.01882692772635913
12662,0.055355241969054905
12663,0.0278479883783259
12664,0.1386002677142531
12665,0.048534551512640994
12666,0.04919175342622541
12667,0.022894765627176614
12668,0.11185612782184827
12669,0.05962375243126024
12670,0.0238960027711507
12671,0.0656910904356266
12672,0.5959893387046333
12673,0.11983016698790139
12674,0.13112986323845147
12675,0.0631956875639977
12676,0.1021397627491091
12677,0.05691770249146902
12678,0.0658058748510698
12679,0.015194726661581285
12680,0.05207426168577744
12681,0.349908
12682,0.05252468821351969
12683,0.00555042165256222
12684,0.0141451362543528
12685,0.015691906430850267
12686,0.02538603761661205
12687,0.11032685608412197
12688,0.015727090322899196
12689,0.12156549654157499
12690,0.06295788174284686
12691,0.0461921426420992
12692,0.03225698391643175
12693,0.350009
12694,0.0149949960484655
12695,0.024683464913311
12696,0.02367135888361035
12697,0.06144076915296819
12698,0.07948066359258024
12699,0.1499724108477478
12700,0.13734684900482122
12701,0.012851155203260934
12702,0.044077508826360315
12703,0.018227757698439664
12704,0.1248631381674611
12705,0.220016
12706,0.10427171104059818
12707,0.1339025770010369
12708,0.13645090447691785
12709,0.025489542873843436
12710,0.07594036617904765
12711,0.033590928867652164
12712,0.220016
12713,0.220016
12714,0.17299963731342777
12715,0.004648778838558
12716,0.007535656517827729
12717,0.0057733408772608335
12718,0.02242930370905819
12719,0.024785884238234336
12720,0.012984400883173285
12721,0.036624013679954485
12722,0.022024262512621066
12723,0.03626560024556372
12724,0.0
12725,0.01793836569684955
12726,0.0200085451965675
12727,0.012489405420089783
12728,0.02919663948470695
12729,0.10826385323393152
12730,0.11211754495294456
12731,0.17139665082575187
12732,0.0043917856106846
12733,0.0079844283940809
12734,0.0072006421846475
12735,0.14655940955269792
12736,0.219997
12737,0.0047968826452213
12738,0.019182888088400747
12739,0.0002234699160446399
12740,0.03370579465301531
12741,0.007628204438521609
12742,0.0002814575678650251
12743,0.034181040195801
12744,0.02060799848553934
12745,0.007421002222613678
12746,0.02488111026225754
12747,0.03142838731794901
12748,0.004788142936026483
12749,0.0083497162846558
12750,0.0070731192390241
12751,0.08667024065078202
12752,0.004700606259823348
12753,0.03010679202492037
12754,0.08542578944977525
12755,0.008180773734639334
12756,0.007119172968077729
12757,0.019547528725338638
12758,0.17516135473596822
12759,0.03257273187899605
12760,0.06250003169847411
12761,0.0060829781051559
12762,0.003923004243710027
12763,0.008701800917093393
12764,0.054796504264022355
12765,0.016144200523112984
12766,0.0312110635914984
12767,0.07534664098040636
12768,0.0399002078377626
12769,0.02262322320417534
12770,0.219997
12771,0.027239569001736557
12772,0.11223907889674868
12773,0.041660438743461814
12774,0.08630577197657742
12775,0.014499943199784497
12776,0.0009961523200686991
12777,0.006886285208899364
12778,0.12311937336705026
12779,0.019378223426609303
12780,0.11737422827836261
12781,0.006390528088768827
12782,0.19242274712039542
12783,0.013105728588285162
12784,0.03225871025084118
12785,0.03240351715867186
12786,0.032395944492310674
12787,0.023117554006582008
12788,0.0
12789,0.015639776292423885
12790,0.014063459303280434
12791,0.022321872752203372
12792,0.012675354346072861
12793,0.011404550303325201
12794,0.09032317509100081
12795,0.08532023603044754
12796,0.1783273577690799
12797,0.0407952919615866
12798,0.0476710405849079
12799,0.006162414487516933
12800,0.012318603483042817
12801,0.03529017340237671
12802,0.09704632236687702
12803,0.03077206062080136
12804,0.009214407686059597
12805,0.029297047634573345
12806,0.0049851568650382
12807,0.03505632773408934
12808,0.0195742286416594
12809,0.030875201419176497
12810,0.0972346011410633
12811,0.18062517778608828
12812,0.016802251483719693
12813,0.07896220277334583
12814,0.0
12815,0.0382210536925633
12816,0.076433162526586
12817,0.0565701931180118
12818,0.0386992152015643
12819,0.0845298101018508
12820,0.0030242651098168
12821,0.0305923988525332
12822,0.039680868049375796
12823,0.15954567941006595
12824,0.08391179598056475
12825,0.06174828854852357
12826,0.10548499768672157
12827,0.002400359804468559
12828,0.0822413253466397
12829,0.1040710263138032
12830,0.350009
12831,0.350009
12832,0.0823666597148738
12833,0.0161292576910804
12834,0.2956490919134918
12835,0.0
12836,0.350009
12837,0.1160990646619169
12838,0.12729250722666152
12839,0.04610038049751145
12840,0.06962194120877832
12841,0.14194827219576464
12842,0.10618358918323699
12843,0.8334938322909222
12844,0.07772091373719305
12845,0.1010116931385594
12846,0.220016
12847,0.0317039110437778
12848,0.011295048689324315
12849,0.0867285438941948
12850,0.01568096172013874
12851,0.0
12852,0.025563137663394506
12853,0.0594839128192288
12854,0.08082142533081975
12855,0.1565800549704041
12856,0.44514904885393547
12857,0.350009
12858,0.053919000797749264
12859,0.02492705740447028
12860,0.2365708937007066
12861,0.14594755982611007
12862,0.05079563611654131
12863,0.07145281381016236
12864,0.0032086493040239805
12865,0.025293869792586375
12866,0.09545349026637215
12867,0.350009
12868,0.0472944070418913
12869,0.220016
12870,0.5072720131909095
12871,0.09626272958849069
12872,0.45278336751241977
12873,0.0112725351853998
12874,0.07011268718830704
12875,0.349908
12876,0.07452554412533224
12877,0.030160560702239676
12878,0.09226969253032516
12879,0.0030214460138614004
12880,0.024536235419995205
12881,0.05603512875143387
12882,0.1513957867214077
12883,0.0380433830755566
12884,0.0338206958816626
12885,0.0
12886,0.0897967176470313
12887,0.220016
12888,0.08885264385017708
12889,0.03561448350739247
12890,0.0639822950435828
12891,0.09451346135266742
12892,0.07096205342967046
12893,0.0
12894,0.10267965237033969
12895,0.0602674600942526
12896,0.0297949507674578
12897,0.10638457064176246
12898,0.10138755039700453
12899,0.0
12900,0.24727862363180741
12901,0.0
12902,0.019991062164370917
12903,0.023508177666749636
12904,0.0083023093894855
12905,0.007894238083853575
12906,0.5360780883562797
12907,0.13956660395732995
12908,0.06305456418646176
12909,0.4201679717069109
12910,0.4974434812327753
12911,0.03964287431310997
12912,0.059740950225761084
12913,0.02293750152545658
12914,0.0419750694333199
12915,0.0
12916,0.006102241876481225
12917,0.02786263369991565
12918,0.04884822199878135
12919,0.0081198484563012
12920,0.13504448191044122
12921,0.03397953248907915
12922,0.219997
12923,0.28674461029924786
12924,0.35190460143620894
12925,0.0110452182524545
12926,0.07564159439794725
12927,0.0250333932841692
12928,0.0015205867139557
12929,0.012502739321827987
12930,0.039860058134452245
12931,0.220016
12932,0.0035312200483468524
12933,0.0
12934,0.010366843303002594
12935,0.0107719797388695
12936,0.06485286571153796
12937,0.09023080073510392
12938,0.4769451276889851
12939,0.0196132950917916
12940,0.06321934442208037
12941,0.013375387033448552
12942,0.01179543191935185
12943,0.0685749553405669
12944,0.07847143484897554
12945,0.0095352892297321
12946,0.02251971449988063
12947,0.05448836783134495
12948,0.11089456609687409
12949,0.1186835051976182
12950,0.09819500836141475
12951,0.04152877407760155
12952,0.022643533366667218
12953,0.0
12954,0.05453659248196122
12955,0.051911664335527144
12956,0.06311374259944078
12957,0.11973172799169705
12958,0.13509475694467044
12959,0.220016
12960,0.030987106472952924
12961,0.08620879139071605
12962,0.05552911752947966
12963,0.027252185581594982
12964,0.03138046960460114
12965,0.03491988230012121
12966,0.06847612482392762
12967,0.012050824148943425
12968,0.15106997847742895
12969,0.219997
12970,0.3173599854133302
12971,0.058824551160495356
12972,0.02293734079434407
12973,0.03257301684793124
12974,0.04809511480436418
12975,0.0
12976,0.015386410714367851
12977,0.08219710858006234
12978,0.0
12979,0.16344579115176694
12980,0.04630529639225435
12981,0.03229480255647323
12982,0.05301755846650495
12983,0.005676170132666495
12984,0.08878244881306695
12985,0.11722510127419605
12986,0.22819555407077258
12987,0.232014162257887
12988,0.2243105662936825
12989,0.11345570498681401
12990,0.09650761064173255
12991,0.022422499214575658
12992,0.07794305572527477
12993,0.07465410421739666
12994,0.0052658198261485
12995,0.1327922051730697
12996,0.04584045025151651
12997,0.7439393651571619
12998,0.18578301666628894
12999,0.12082768437997227
13000,0.046367395844802095
13001,0.03994917647978152
13002,0.0173431647354502
13003,0.01557781368968898
13004,0.18298694681569166
13005,0.0708093282440002
13006,0.024563720355965123
13007,0.028336122191308488
13008,0.1281676370077933
13009,0.041188942215485705
13010,0.10871920254262324
13011,0.0890826198188786
13012,0.172695874965202
13013,0.29653214608573003
13014,0.42811129437995643
13015,0.12820245918956696
13016,0.04293976992224252
13017,0.131460072096031
13018,0.02888778234472662
13019,0.04056468427327239
13020,0.0
13021,0.00784173055140315
13022,0.08360694886074937
13023,0.03867641514971179
13024,0.1271874991401371
13025,0.06654060406611229
13026,0.12291236770369277
13027,0.017529314364239462
13028,0.08629092073563749
13029,0.002285378939411364
13030,0.03092535376863893
13031,0.01546691558070894
13032,0.12141624300417456
13033,0.0192921945262608
13034,0.09323199295617235
13035,0.03120049919212674
13036,0.0346098309621465
13037,0.010304833207850101
13038,0.0152733992726554
13039,0.025437973502655073
13040,0.05389111463149686
13041,0.09176307764325456
13042,0.12309117355899124
13043,0.1846194091260035
13044,0.18204451923430814
13045,0.25329631266604713
13046,0.220016
13047,0.16934314767643524
13048,0.0701249385138431
13049,0.1371793895825552
13050,0.0729610302488462
13051,0.0134740997367954
13052,0.06322858139917752
13053,0.17932695616593447
13054,0.04368813893729834
13055,0.018403939847660415
13056,0.04876150647820936
13057,0.06471286602808238
13058,0.00172280648596255
13059,0.023424415040134722
13060,0.07096280933774296
13061,0.06410527227602864
13062,0.011596850987082553
13063,0.0
13064,0.09020020759368697
13065,0.015397273093013416
13066,0.05031362291420383
13067,0.09550036395035007
13068,0.14308840699423364
13069,0.2557700727211391
13070,0.349908
13071,0.1903873196505983
13072,0.14871011372286136
13073,0.09099324265844337
13074,0.13892366877326573
13075,0.15167765572116515
13076,0.12286244582325324
13077,0.06171443697273737
13078,0.0159720874037143
13079,0.0
13080,0.350009
13081,0.09166794540471027
13082,0.06739459374174737
13083,0.015640970207410024
13084,0.0839625681720098
13085,0.0018448984921424
13086,0.020482649739392213
13087,0.014794324512588
13088,0.0334038830179388
13089,0.08531947511758853
13090,0.219997
13091,0.07716374657042702
13092,0.06525650578389963
13093,0.2084053333815816
13094,0.9042040449145995
13095,0.1525876363959741
13096,0.028156262513804986
13097,0.220016
13098,0.08182828778873803
13099,0.26512481387876907
13100,0.219997
13101,0.10782341979670637
13102,0.0
13103,0.05167940147050866
13104,0.11390248926372536
13105,0.10562387071556238
13106,0.06281635617651288
13107,0.1643993873246751
13108,0.05137968867103297
13109,0.03529024876914935
13110,0.013678267418265484
13111,0.052765146564744736
13112,0.04504336270726017
13113,0.09539600127189815
13114,0.035786134821323104
13115,0.14801838419033636
13116,0.219997
13117,0.219997
13118,0.14606780092535449
13119,0.05219648168558016
13120,0.12580887322662204
13121,0.219997
13122,0.26693973618781364
13123,0.08761793605338694
13124,0.015728751217325074
13125,0.11737624511530413
13126,0.02330619082808317
13127,0.06978348577365151
13128,0.6388624229092449
13129,0.005800822821157112
13130,0.15716521168447717
13131,0.39624298978189554
13132,0.219997
13133,0.0
13134,0.05813518271754625
13135,0.11256826147235464
13136,0.24899568872808148
13137,0.3332923654405399
13138,0.1762626114541226
13139,0.16526035650747756
13140,0.219997
13141,0.219997
13142,0.18116131458899265
13143,0.219997
13144,0.4230111029729555
13145,0.12967795469434068
13146,0.02795227620082715
13147,0.06769517668461443
13148,0.03709078776547893
13149,0.05155971642812643
13150,0.23840420938520532
13151,0.8771270438752281
13152,0.08094062637364575
13153,0.08538047982805513
13154,0.3834030514295249
13155,0.004943804564640735
13156,0.029688405602492533
13157,0.33713281002758066
13158,0.01612385146922295
13159,0.06333013096209181
13160,0.11943276104115572
13161,0.0406292522026317
13162,0.12556554820759833
13163,0.0056334641858075
13164,0.42732260919444376
13165,0.08616695260467283
13166,0.15751487743048062
13167,0.349908
13168,0.21564416823520927
13169,0.28978489156958387
13170,0.4346430946931851
13171,0.350009
13172,0.33280911588940654
13173,0.19158034047332928
13174,0.18936150455276748
13175,0.9828457255454335
13176,0.36046557365934256
13177,0.3796711952752838
13178,0.041811149431612994
13179,0.220016
13180,0.12136989289324873
13181,0.025270129232861864
13182,0.10420428214936736
13183,0.007393641051607515
13184,0.007024335167216122
13185,0.0037883199795566997
13186,0.11694603110946854
13187,0.18111629763328252
13188,0.1691428730979647
13189,0.1780724513799961
13190,0.0974217305903664
13191,0.2556497527953934
13192,0.1968556829614927
13193,0.05600804510059168
13194,0.1584414747820685
13195,0.26016219151140574
13196,0.07665898905533745
13197,1.0
13198,0.774225293600969
13199,0.5793536040926406
13200,0.008201799900660018
13201,0.0132713462970615
13202,0.011379504898959216
13203,0.034409289245274324
13204,0.350009
13205,0.1386097929754191
13206,0.0
13207,0.014804784573091983
13208,0.11398912533929909
13209,0.12020888956856246
13210,0.1124758735303179
13211,0.03059682736900643
13212,0.350009
13213,0.05210223258978516
13214,0.05652209164138303
13215,0.219997
13216,0.1631937501544644
13217,0.07461579692815604
13218,0.10630852007865174
13219,0.220016
13220,0.350009
13221,0.04005488321219026
13222,0.220016
13223,0.17032141773640785
13224,0.1215727103609891
13225,1.0
13226,1.0
13227,0.6407398995518172
13228,0.025429442403822836
13229,0.11075494184991064
13230,0.010612173390418799
13231,0.009962411580266534
13232,0.350009
13233,0.08959849818615633
13234,0.23495504206867285
13235,0.05261012229966803
13236,0.0442808679809553
13237,0.029130944701465877
13238,0.13263588125636677
13239,0.12562095539629756
13240,0.219997
13241,0.219997
13242,0.6337814413237919
13243,0.349908
13244,0.29895352165580247
13245,0.219997
13246,0.1667855606754448
13247,0.10323565260403837
13248,0.18258833615207914
13249,0.07515933269440447
13250,0.061012686305638754
13251,0.0
13252,0.14462741144409685
13253,0.1393070024061414
13254,0.06047070334569851
13255,0.16349241406236228
13256,0.05389136557221265
13257,0.9200207720717598
13258,0.9987129917049317
13259,0.8758172834243962
13260,0.1770423216839858
13261,0.030988299950197577
13262,0.220016
13263,0.22680043636857455
13264,0.024947013570355444
13265,0.037320507511341736
13266,0.011275255417305143
13267,0.09669087221423256
13268,0.18051469075384896
13269,0.08343238012825849
13270,0.5324316351309719
13271,1.0
13272,0.13021650214579777
13273,0.20699149039017276
13274,0.20237948458641863
13275,0.219997
13276,0.10138453222411661
13277,0.350009
13278,0.18101630484718137
13279,0.021473819696089476
13280,0.086817136052083
13281,0.11190231686346198
13282,0.14180595987212066
13283,0.09436235567596016
13284,0.02755982591353382
13285,0.350009
13286,0.350009
13287,0.2435002984396037
13288,0.07786143031703643
13289,0.17080969846334026
13290,0.1423295023085519
13291,0.25448778419359847
13292,0.01944571037018518
13293,0.028177353432371488
13294,0.040664760018973165
13295,0.03750447575085714
13296,0.03667753265861861
13297,0.11101372866148361
13298,0.05889658384166014
13299,0.3155044229224635
13300,1.0
13301,0.349908
13302,0.349908
13303,0.18307186071614856
13304,0.219997
13305,0.219997
13306,0.6536649105644178
13307,0.110932344454471
13308,0.02720798321229332
13309,0.062217628031057806
13310,0.03388418382824171
13311,0.219997
13312,0.1942222915292741
13313,0.220016
13314,0.2632981881940262
13315,0.3006752958557726
13316,0.3001901946220046
13317,1.0
13318,0.220016
13319,0.015104411221104157
13320,0.220016
13321,0.24631137328952918
13322,0.012872988010219511
13323,0.023782216041857866
13324,0.219997
13325,0.10447049919518309
13326,0.04566137116277993
13327,0.0958065956289332
13328,0.11522477539068432
13329,0.26381736109131104
13330,0.48802382582887166
13331,0.349908
13332,0.7897951417516644
13333,0.349908
13334,0.219997
13335,0.28347945713398714
13336,0.349908
13337,0.021539629882823874
13338,0.0229578193036068
13339,0.19774188477819898
13340,0.220016
13341,0.11301955323202523
13342,0.3782323224572757
13343,0.30323955127892827
13344,0.03878947736011798
13345,0.6823728850285096
13346,0.350009
13347,0.0923614268856861
13348,0.21277662599170138
13349,0.13647609188860085
13350,0.04104321009376295
13351,0.0230694214648313
13352,0.0161687692306743
13353,0.03251824494955525
13354,0.04100713989364357
13355,0.07836051791086933
13356,0.15917996585881572
13357,0.14154537485890997
13358,0.219997
13359,0.5384820461958635
13360,1.0
13361,0.7097986312509186
13362,0.4973270669421128
13363,0.9192198084431462
13364,0.13369865521749902
13365,0.05666557500863688
13366,0.07777121277203465
13367,0.1517771398314901
13368,0.219997
13369,0.034637796983191506
13370,0.02024075408690635
13371,0.08869967826729262
13372,0.20402702328995254
13373,0.0017953374754754667
13374,0.0
13375,0.17431142944542435
13376,0.013271927129609062
13377,0.06123807513190649
13378,0.023763991314978777
13379,0.017544115181805552
13380,0.0061552892741595
13381,0.004881316256316277
13382,0.020972617056252897
13383,0.15678518673248937
13384,0.09990351461516325
13385,0.1436460484384141
13386,0.28136789940645723
13387,0.349908
13388,0.350009
13389,1.0
13390,0.9604703458426302
13391,0.4484006924153119
13392,0.12397138305294464
13393,0.018915598544260857
13394,0.004189727600054233
13395,0.08492824405176755
13396,0.2101205368340951
13397,0.009757408990742553
13398,0.03196274214192961
13399,0.9497212482364461
13400,0.041759108664932355
13401,0.029660775054108003
13402,0.09268929024878059
13403,0.06147369166599964
13404,0.220016
13405,0.01936580039481582
13406,0.08928298488829194
13407,0.06373139484012227
13408,0.022734517494863715
13409,0.0
13410,0.08269463776346328
13411,0.15885848223166482
13412,0.20150611378648986
13413,0.7072014266395874
13414,0.47159491870370457
13415,0.219997
13416,1.0
13417,0.5672290500276508
13418,0.6235558141921795
13419,0.22980386572726227
13420,0.04692707133106516
13421,0.014915205739964073
13422,0.0
13423,0.08668143261767865
13424,0.10310751336373306
13425,0.02811697516728464
13426,0.06711282545747663
13427,0.6448968337775018
13428,0.220016
13429,0.363395317656531
13430,0.042596086093106625
13431,0.09086268958260453
13432,0.21340712868771405
13433,0.21868067238673566
13434,0.17731349633387375
13435,0.03842836736069995
13436,0.027639727891815617
13437,0.004437729854042748
13438,0.07011848123307535
13439,0.219997
13440,1.0
13441,0.350009
13442,0.7220608927177294
13443,0.350009
13444,0.349908
13445,0.22665083590681306
13446,0.11310856308425529
13447,0.038024427971322265
13448,0.012326069371186134
13449,0.13753725108715056
13450,0.019910859155244785
13451,0.17108387584211376
13452,0.219997
13453,0.105809336336702
13454,0.349908
13455,0.049940776120939966
13456,0.10397821245397196
13457,0.010508439648478682
13458,0.220016
13459,0.08540716967997647
13460,0.040850555732002504
13461,0.19743281313180266
13462,0.26966087079513745
13463,0.06238147033577955
13464,0.0008838935646702
13465,0.219997
13466,0.219997
13467,0.10621492337156518
13468,0.1725606465192582
13469,0.08130516202021154
13470,0.17741615333084512
13471,0.13394616283546906
13472,0.09564205579688806
13473,0.21490493296626478
13474,0.1754426089870555
13475,0.048536874637069294
13476,0.007820898404494635
13477,0.350009
13478,0.0079557014630254
13479,0.013494339017563549
13480,0.1206726985339117
13481,0.04888318297990236
13482,0.07332407419554125
13483,0.15661007055862364
13484,0.06433657783867754
13485,0.10007132390185236
13486,0.01479090700380149
13487,0.10945758715145877
13488,0.219997
13489,0.431470055327279
13490,0.4916879631762777
13491,0.05099226538235563
13492,0.0
13493,0.03573651322203575
13494,0.032930680381117225
13495,0.09344383016382167
13496,0.11904242884284111
13497,0.13389184216830646
13498,0.02397531783301566
13499,0.025556062868869002
13500,0.028266460454974784
13501,0.023488697174585023
13502,0.008018331361615933
13503,0.015125022729560497
13504,0.09951062837400271
13505,0.16368591004257899
13506,0.3689881077317393
13507,0.010634025265431817
13508,0.030429181669288142
13509,0.08936513053333221
13510,0.0825908769352115
13511,0.219997
13512,0.350009
13513,0.07410586173979805
13514,0.01232750811631309
13515,0.07796379582570744
13516,0.05287303361794228
13517,0.08693728058271552
13518,0.185184755795319
13519,0.008291927733073474
13520,0.008806054640945866
13521,0.0
13522,0.010513846834778354
13523,0.18524175913812455
13524,0.03706593064565332
13525,0.0
13526,0.022208177864898836
13527,0.219997
13528,0.0986891831538192
13529,0.08026567090086896
13530,0.022614522603359843
13531,0.051461944146270464
13532,0.11331300835439934
13533,0.3959462127570792
13534,0.02724608848088901
13535,0.0
13536,0.0
13537,0.09456087969884922
13538,0.06947426439659295
13539,0.12187303092361729
13540,0.10160266272967754
13541,0.219997
13542,0.14116178986112943
13543,0.017290748170242797
13544,0.01203243237430738
13545,0.020185734510349218
13546,0.03743635279878053
13547,0.058352124520784324
13548,0.2517331129435839
13549,0.219997
13550,0.035768811832456414
13551,0.1528859996944888
13552,0.07515572562342421
13553,0.006342384740327625
13554,0.02098224843001744
13555,0.46130112660513134
13556,0.9930919185851219
13557,0.219997
13558,0.07762530665380547
13559,0.0007875621729685
13560,0.051987909494032356
13561,0.05885823510061504
13562,0.02682435403915622
13563,0.220016
13564,0.03779859087962045
13565,0.11802993579608025
13566,1.0
13567,0.036406207053567965
13568,0.08384115250423699
13569,0.01041773946019393
13570,0.06992054930086018
13571,0.05405986573191812
13572,0.01733205076696538
13573,0.05091704591656742
13574,0.1103276997615531
13575,0.4016710403252103
13576,0.06770622101210903
13577,0.220016
13578,0.034367522353773224
13579,0.07169106024505739
13580,0.07877839946198444
13581,0.012848292735612554
13582,0.16234538576014068
13583,0.009191133023660668
13584,0.009239863174397168
13585,0.11633436843992237
13586,0.036212195727655286
13587,0.02809011890711372
13588,0.004911348528472
13589,0.034957547491978214
13590,0.014927751629096757
13591,0.219997
13592,0.0265011871346787
13593,0.0455978030775
13594,0.048752126560449714
13595,0.07324370353886807
13596,0.10275773498294022
13597,0.0385320782815875
13598,0.0888942907061113
13599,0.618827164613392
13600,0.219997
13601,0.220016
13602,0.051157550325934706
13603,0.09358209104745191
13604,0.0529188608146849
13605,0.350009
13606,0.051180914413263695
13607,0.0075678250064217
13608,0.017445866686333016
13609,0.015691906430850267
13610,0.03275119253283065
13611,0.11286326659080237
13612,0.0013474023400381514
13613,0.1694005814438369
13614,0.07585861912327306
13615,0.0397563068198159
13616,0.02046750717858925
13617,0.350009
13618,0.024399694048818102
13619,0.028006825150053802
13620,0.0184965161735843
13621,0.023918000200774652
13622,0.077835959662129
13623,0.10322027862230865
13624,0.1159607792705406
13625,0.13069775943890122
13626,0.0102823834682742
13627,0.044077508826360315
13628,0.008411213701286165
13629,0.0931648640480789
13630,0.17249370994737373
13631,0.07759169333415239
13632,0.11333571141814379
13633,0.11559065626567866
13634,0.016088508760577238
13635,0.07404953119937205
13636,0.033590928867652164
13637,0.220016
13638,0.220016
13639,0.13235038360840634
13640,0.06645894424695749
13641,0.020716078377947585
13642,0.0018029887682312852
13643,0.055342353279074885
13644,0.026434332783800467
13645,0.03989398931518102
13646,0.0035858042543307667
13647,0.0
13648,0.0176380903429105
13649,0.02919663948470695
13650,0.07308320942180047
13651,0.09308327847725867
13652,0.17808947175188716
13653,0.012132344692579893
13654,0.220016
13655,0.009070293525559
13656,0.27380438540058
13657,0.008545362255730124
13658,0.021242636655069647
13659,0.02866201355398801
13660,0.0
13661,0.023222429046236122
13662,0.010872323124360503
13663,0.036228403010644755
13664,0.02019732013405234
13665,0.009107452826848429
13666,0.013411628625566972
13667,0.0083497162846558
13668,0.07145106133902882
13669,0.01647080751934705
13670,0.027810605574352172
13671,0.09808331229032584
13672,0.001509632457054549
13673,0.01052456632797223
13674,0.019547528725338638
13675,0.18001666034832273
13676,0.02794307933579205
13677,0.05211848215343281
13678,0.020328776086095603
13679,0.003923004243710027
13680,0.0092168209389792
13681,0.0038104989718898002
13682,0.03350667029098776
13683,0.0015813097870334
13684,0.12149602419799037
13685,0.0078415858168084
13686,0.219997
13687,0.018753784225407657
13688,0.07438988162849797
13689,0.10491936604082931
13690,0.012255972883322185
13691,0.07878075972715531
13692,0.024845140063155198
13693,0.007796133711301078
13694,0.10951792534023574
13695,0.0064536507300979006
13696,0.10215718130772102
13697,0.14083983403268752
13698,0.03683791639708156
13699,0.011226238612777717
13700,0.03172847369174597
13701,0.016429251097723883
13702,0.029490894910763083
13703,0.02202600910919439
13704,0.0176547226926834
13705,0.018171985449287123
13706,0.04978716066828168
13707,0.016908384286635776
13708,0.0446001246173467
13709,0.11977286618538562
13710,0.08689422716449355
13711,0.219997
13712,0.013030972196108378
13713,0.0356120135268113
13714,0.044749843920492305
13715,0.04039368509924713
13716,0.006162414487516933
13717,0.047141851785078515
13718,0.0870812227645884
13719,0.02293206217871727
13720,0.016305472299389397
13721,0.024910058290535744
13722,0.017026923311117
13723,0.00482577320002734
13724,0.012168294051193814
13725,0.015800923615552336
13726,0.06395548358695019
13727,0.1327497740191065
13728,0.13172809776045077
13729,0.016802251483719693
13730,0.05381002575455143
13731,0.0
13732,0.0
13733,0.0843660995722589
13734,0.06945138264651039
13735,0.0721202974502889
13736,0.0998571306312341
13737,0.0172713867070167
13738,0.03585975684891049
13739,0.0509860306849633
13740,0.0122023488404559
13741,0.13497479510237753
13742,0.06565838143634413
13743,0.03605811946035897
13744,0.0246665343680337
13745,0.02955618404720313
13746,0.13240248410223657
13747,0.025735986684600753
13748,0.0794522094028714
13749,0.0643664367585997
13750,0.219997
13751,0.350009
13752,0.0281094282846134
13753,0.0123073976435959
13754,0.2577043589481414
13755,0.0
13756,0.219997
13757,0.0841071994966542
13758,0.048685623323811
13759,0.023889931122892664
13760,0.007657771405911265
13761,0.17781385968804844
13762,0.09648987339581268
13763,0.8661211829340065
13764,0.18568490924060305
13765,0.08409526565393
13766,0.2501875331702483
13767,0.0
13768,0.011351240688224615
13769,0.0220099088412757
13770,0.12070828284091512
13771,0.0018592025938679417
13772,0.0037854763536538903
13773,0.0262061889531357
13774,0.0292582563639412
13775,0.17490070080556236
13776,0.14041302996396068
13777,0.5536804419328363
13778,0.5041590605078037
13779,0.06861854284698929
13780,0.1853341913769589
13781,0.220016
13782,0.04234676098411101
13783,0.02125486576985346
13784,0.0
13785,0.07528168610018987
13786,0.16574973375753954
13787,0.3647105539656322
13788,0.0496440497678284
13789,0.3625464905111648
13790,0.4552794232146842
13791,0.0
13792,0.350009
13793,0.06294699750548724
13794,0.349908
13795,0.057448878042052835
13796,0.07935879006241828
13797,0.04536763861349835
13798,0.0132624067643481
13799,0.024536235419995205
13800,0.12422972787524517
13801,0.219997
13802,0.008970228644442
13803,0.016749523069899595
13804,0.039067064336859504
13805,0.220016
13806,0.09542962750654357
13807,0.031681530426527674
13808,0.06609051771422339
13809,0.09263133100044452
13810,0.06909171570952116
13811,0.04218248017156445
13812,0.0033621403905243832
13813,0.0651931038168779
13814,0.1707434181933996
13815,0.03866274723827659
13816,0.03570472292704646
13817,0.219997
13818,0.25809238873380225
13819,0.02186501153740688
13820,0.08065613730697081
13821,0.0264463618286278
13822,0.4022877172808833
13823,0.016123621202413046
13824,0.12868954458111856
13825,0.349908
13826,0.349908
13827,0.07323154943892107
13828,0.0439013013612421
13829,0.02293750152545658
13830,0.0101054300372604
13831,0.006102241876481225
13832,0.05260264601572105
13833,0.009901668937431322
13834,0.04884822199878135
13835,0.17496451847366312
13836,0.05423336152042895
13837,0.10005739794327957
13838,0.219997
13839,0.3513996736476772
13840,0.0051444687548221745
13841,0.02259936354090293
13842,0.08045779576489895
13843,0.0181421846653534
13844,0.0074152954223318
13845,0.0023598990566271304
13846,0.03169530818345589
13847,0.058524593055286345
13848,0.350009
13849,0.004219834061666362
13850,0.01938470917351424
13851,0.1089355051654771
13852,0.1416069057667565
13853,0.46448744023685484
13854,0.0069972013605059
13855,0.0406392876641778
13856,0.04922887480426977
13857,0.03036374889150995
13858,0.0365075624270862
13859,0.06291864805352204
13860,0.0082681908542944
13861,0.030824099720972796
13862,0.020152059986239028
13863,0.1565806533342723
13864,0.1249370359133565
13865,0.09375917819270525
13866,0.04580686830488675
13867,0.033198339014382426
13868,0.010912772222899821
13869,0.0
13870,0.05094651116903752
13871,0.05270087682484724
13872,0.052605202703157966
13873,0.12249178908063466
13874,0.09156600964428332
13875,0.220016
13876,0.039148393750098126
13877,0.07662844457962455
13878,0.06302971316196135
13879,0.02300126589348088
13880,0.028224525146504042
13881,0.03249283178624941
13882,0.055224624421279817
13883,0.05197602401523427
13884,0.031087808299037924
13885,0.11359223350220155
13886,0.220016
13887,0.3314752742750703
13888,0.06479013508876386
13889,0.07012498156670156
13890,0.012533478450099745
13891,0.05688878648267237
13892,0.0
13893,0.0032288504505672013
13894,0.13280505703890622
13895,0.018364480376304754
13896,0.15717669531521083
13897,0.048003090948250546
13898,0.04850940931373383
13899,0.03785776357860425
13900,0.005676170132666495
13901,0.09598320548934715
13902,0.13339408179606016
13903,0.2478176068789424
13904,0.220016
13905,0.220016
13906,0.08799857227103602
13907,0.07371281462915155
13908,0.03211882429755156
13909,0.08790764853677047
13910,0.060980536463068856
13911,0.01157710630380254
13912,0.1304736859618769
13913,0.014499391357729605
13914,0.759720266284458
13915,0.16088296506422406
13916,0.11348406985548366
13917,0.0612688411087066
13918,0.04889214174629622
13919,0.0285980990889467
13920,0.01912878011824396
13921,0.0009324396028525
13922,0.08923155095446178
13923,0.0173047117280453
13924,0.020679007538609025
13925,0.006636134714048487
13926,0.04882148644868759
13927,0.059364986491147104
13928,0.11498110762314745
13929,0.0795650011171802
13930,0.1771369010973591
13931,0.29358297941793204
13932,0.219997
13933,0.10395366901747677
13934,0.03690486151763162
13935,0.1212047215233859
13936,0.018300293547179818
13937,0.04342649282388369
13938,0.0
13939,0.0
13940,0.09892119209701238
13941,0.07921458421883659
13942,0.11589416841778481
13943,0.04698585091553487
13944,0.09070005151609296
13945,0.01619569188875066
13946,0.07780780437683808
13947,0.004044939485691963
13948,0.03355295621735613
13949,0.01546691558070894
13950,0.16891729181548298
13951,0.05835855541631555
13952,0.041812301117855444
13953,0.0033114102556795993
13954,0.0358656736398853
13955,0.012961085669379875
13956,0.061141940912580954
13957,0.06734378149797215
13958,0.09638932230360633
13959,0.17354042279863982
13960,0.19470914155323316
13961,0.2599355300809676
13962,0.220016
13963,0.21988627319360715
13964,0.042980616084016196
13965,0.12331812979242522
13966,0.08065379830633941
13967,0.002774106226384
13968,0.07054089041991492
13969,0.13133400683202107
13970,0.010147273069161834
13971,0.034238281165635015
13972,0.04640625059662726
13973,0.07038954450076748
13974,0.05286680076726282
13975,0.054327049352490366
13976,0.046724436576009325
13977,0.057810447636486635
13978,0.011417976926818254
13979,0.0
13980,0.0456922059360537
13981,0.11028732158746457
13982,0.026866325736270916
13983,0.04117268017865753
13984,0.08259445301942167
13985,0.09846454623311005
13986,0.219997
13987,0.349908
13988,0.1737361998387963
13989,0.16313591570973815
13990,0.08462961876536367
13991,0.11433733176503184
13992,0.17995206551001075
13993,0.12532424671920495
13994,0.07284768071511658
13995,0.0096986141390268
13996,0.01249939139854181
13997,0.349908
13998,0.08227632178062028
13999,0.06642405536656977
14000,0.016106533185370822
14001,0.1055547344200446
14002,0.015135585925130627
14003,0.0146461054475449
14004,0.07145042452800122
14005,0.219997
14006,0.10885942781173971
14007,0.05638443057303373
14008,0.2000592837134943
14009,0.9580614817643671
14010,0.15695092037643002
14011,0.019350267420363484
14012,0.220016
14013,0.11164626264715394
14014,0.30397188765501043
14015,0.219997
14016,0.12835505562081187
14017,0.07586814898220057
14018,0.12974371584015154
14019,0.14400885198734198
14020,0.041419343365138264
14021,0.1809526591659654
14022,0.059026003989653075
14023,0.025296158081114052
14024,0.016537056745113982
14025,0.02200854480971074
14026,0.044153802973160364
14027,0.08334114038555965
14028,0.020303538947508002
14029,0.15574589550866855
14030,0.219997
14031,0.219997
14032,0.14916725039938739
14033,0.06823248198778516
14034,0.15696920133503656
14035,0.26874988188227744
14036,0.26393656439574215
14037,0.07589246192447584
14038,0.015728751217325074
14039,0.08367159744803022
14040,0.028336838558297172
14041,0.009167448184996289
14042,0.11462900251125052
14043,0.605212665523925
14044,0.007262966099524613
14045,0.15825852601572238
14046,0.36307710653468483
14047,0.220016
14048,0.0
14049,0.0045947257204560655
14050,0.04290364823406205
14051,0.07567528789052155
14052,0.2229862291021284
14053,0.3480426364247455
14054,0.1775430715410149
14055,0.16733676087111327
14056,0.219997
14057,0.219997
14058,0.16885204863540915
14059,0.219997
14060,0.350009
14061,0.16034546324083
14062,0.07409283857004853
14063,0.09415042850963233
14064,0.07825744170102193
14065,0.23347516134865293
14066,0.986239620114162
14067,0.08094062637364575
14068,0.09186189198806684
14069,0.47449724105138036
14070,0.010818239881797899
14071,0.02324454249436613
14072,0.349908
14073,0.06928395777707833
14074,0.14325196214380692
14075,0.0546841110199349
14076,0.10913098086381674
14077,0.46386818243776984
14078,0.10495060020559963
14079,0.15342276042609312
14080,0.349908
14081,0.2618632847066771
14082,0.3362730867403606
14083,0.42139845039705637
14084,0.350009
14085,0.0281114467343592
14086,0.350009
14087,0.220016
14088,0.220016
14089,1.0
14090,0.3715018683156971
14091,0.350009
14092,0.0391809575689014
14093,0.220016
14094,0.10951987448068184
14095,0.03822870614576777
14096,0.0113335541748466
14097,0.10897396433895865
14098,0.007393641051607515
14099,0.007024335167216122
14100,0.0098231591160904
14101,0.12377123799444624
14102,0.1866964821296902
14103,0.1287124920232873
14104,0.1675285503147776
14105,0.0876611985368029
14106,0.3002214481966308
14107,0.20888439519487184
14108,0.011063240199424187
14109,0.1259764641120468
14110,0.25542272313398323
14111,0.04304787306127593
14112,0.05374133485892575
14113,1.0
14114,0.889153057915178
14115,0.6246655806320904
14116,0.008201799900660018
14117,0.015086206111917001
14118,0.024002861076593614
14119,0.05934224826926632
14120,0.350009
14121,0.0845743732940996
14122,0.0
14123,0.014804784573091983
14124,0.08645895373201729
14125,0.13553747535173075
14126,0.1195174779163522
14127,0.028362845954301327
14128,0.3934797599899153
14129,0.05210223258978516
14130,0.05657928391585953
14131,0.2170334054426526
14132,0.16427643030705968
14133,0.08478139257443673
14134,0.09961052244732063
14135,0.220016
14136,0.220016
14137,0.04005488321219026
14138,0.1385343352150124
14139,0.14229994971631346
14140,0.1437273051717708
14141,1.0
14142,1.0
14143,0.5983984650671865
14144,0.034619146626029836
14145,0.11504615618836242
14146,0.0167152022435776
14147,0.0
14148,0.350009
14149,0.03558454288041932
14150,0.2614860410513329
14151,0.05827815410855603
14152,0.052681380473013996
14153,0.021546919333787575
14154,0.13043464670556726
14155,0.15344858134870787
14156,0.219997
14157,0.219997
14158,0.6832991484928614
14159,0.40439505821318744
14160,0.33605144510694007
14161,0.219997
14162,0.1697573393604086
14163,0.10019547179203757
14164,0.1763236932112237
14165,0.08330219914326618
14166,0.07751587603575266
14167,0.0
14168,0.10939966840136918
14169,0.10569120426848333
14170,0.06720538010736292
14171,0.12689654054082278
14172,0.03263194910830055
14173,0.9088456072934628
14174,0.9987129917049317
14175,0.8758172834243962
14176,0.1729135939141026
14177,0.027201453091844376
14178,0.14233164400707676
14179,0.350009
14180,0.002773332572226144
14181,0.04908685520390133
14182,0.026598282024259942
14183,0.09710612643055536
14184,0.19521793492723544
14185,0.0897576077588301
14186,0.5521685359190351
14187,1.0
14188,0.13150882489844867
14189,0.18635619387278735
14190,0.21640352190697493
14191,0.219997
14192,0.07659997101946651
14193,0.350009
14194,0.19483441641362437
14195,0.048690467620947274
14196,0.0611729081662607
14197,0.16084974183354078
14198,0.11429445012311545
14199,0.08585646716308816
14200,0.009490632675937239
14201,0.350009
14202,0.30302246246211656
14203,0.1839182924442055
14204,0.059970497758759435
14205,0.19607230231319428
14206,0.11743809034256569
14207,0.25102918841750443
14208,0.015754586664661577
14209,0.052370367580267085
14210,0.037161811894960865
14211,0.017038202036677642
14212,0.04326261718989581
14213,0.0767862642708641
14214,0.09345518814609924
14215,0.350009
14216,1.0
14217,0.349908
14218,0.349908
14219,0.19895321970998836
14220,0.219997
14221,0.25450924962563215
14222,0.6020881173161258
14223,0.12553594212276842
14224,0.04307072392215472
14225,0.0895875070333573
14226,0.04623335016398541
14227,0.2352804621497933
14228,0.220016
14229,0.06371212867427054
14230,0.350009
14231,0.3356324503665261
14232,0.26093295845490116
14233,1.0
14234,0.220016
14235,0.044061368855040556
14236,0.220016
14237,0.2269264056141957
14238,0.02439927588191771
14239,0.04573703368171177
14240,0.349908
14241,0.006666784866839933
14242,0.12151488186100778
14243,0.07231111788953842
14244,0.06351542853231709
14245,0.10799301900911892
14246,0.219997
14247,0.530086789143237
14248,0.349908
14249,0.7459942253554407
14250,0.5593834875188481
14251,0.219997
14252,0.274537327706333
14253,0.31226134135248634
14254,0.0226195734403466
14255,0.1620748252332716
14256,0.09579568270490242
14257,0.06878836626586712
14258,0.37377986538806746
14259,0.31308698333213236
14260,0.10907167774328397
14261,0.7717847170691923
14262,0.350009
14263,0.005324663854614466
14264,0.09777060527803791
14265,0.219997
14266,0.09872940153119575
14267,0.049030710336560875
14268,0.025933082477023202
14269,0.010431165854341451
14270,0.042022058584891206
14271,0.11816137590456252
14272,0.1187877335208214
14273,0.18176684898310935
14274,0.20221822304338807
14275,0.5746606159710832
14276,1.0
14277,0.7554401323910558
14278,0.349908
14279,0.9236723057278431
14280,0.1665350954508131
14281,0.00786819399792094
14282,0.030614327031927083
14283,0.07200311372856485
14284,0.13099553869430813
14285,0.219997
14286,0.06929232775467531
14287,0.036515532972287545
14288,0.09985605308642012
14289,0.219997
14290,0.0021666515250575308
14291,0.11201822245184806
14292,0.0009761622938104994
14293,0.02691776543885669
14294,0.003400342475702915
14295,0.0030418610644957766
14296,0.025885744466062698
14297,0.16845697243775207
14298,0.09184097363708965
14299,0.11423964331821079
14300,0.33567681348643164
14301,0.219997
14302,0.350009
14303,1.0
14304,0.8729917729747665
14305,0.43612541150288264
14306,0.09647037574152542
14307,0.0
14308,0.06725005952959004
14309,0.12651759407979868
14310,0.02317471695959115
14311,0.03196274214192961
14312,1.0
14313,0.04985700702647756
14314,0.0363305717079703
14315,0.0820678692353212
14316,0.07073767120487554
14317,0.1321613635387984
14318,0.02393935535916572
14319,0.08765693996310933
14320,0.04273025571938358
14321,0.08775609137258558
14322,0.011543195437666362
14323,0.0
14324,0.08157383444759889
14325,0.12915215217182513
14326,0.19663015234526315
14327,0.7049430171780244
14328,0.5098097425453083
14329,0.219997
14330,1.0
14331,0.5560577170784666
14332,0.6662756121035823
14333,0.220016
14334,0.06511084404514167
14335,0.007688842441134871
14336,0.01631589360501823
14337,0.09664706627629305
14338,0.11485670057804266
14339,0.08970142025457042
14340,0.6348703605010524
14341,0.16936169436600537
14342,0.3755618656199367
14343,0.057667945807511375
14344,0.09605394535967143
14345,0.17728751824510564
14346,0.16893634970275787
14347,0.220016
14348,0.038825883256586244
14349,0.03603219014703242
14350,0.004437729854042748
14351,0.04746841869516064
14352,0.219997
14353,1.0
14354,0.3718466934282887
14355,0.7349313190012663
14356,0.350009
14357,0.49952253120490675
14358,0.219997
14359,0.13264093432065638
14360,0.06626202167137316
14361,0.0292957930424736
14362,0.07366792647378576
14363,0.034442442942650385
14364,0.17433949885238148
14365,0.219997
14366,0.06654415541591682
14367,0.349908
14368,0.04422429143810276
14369,0.08929298080338806
14370,0.018037976077474628
14371,0.220016
14372,0.08217312956000228
14373,0.0099544844402417
14374,0.028637225058671403
14375,0.18137241858115155
14376,0.26170393668039804
14377,0.07983612694535645
14378,0.350009
14379,0.3148154969545192
14380,0.10021524727489269
14381,0.1541290439135065
14382,0.04477205354891825
14383,0.1564758656917188
14384,0.11525494301906138
14385,0.10920933467653055
14386,0.16353430419861292
14387,0.1973117720478469
14388,0.07644356655788939
14389,0.0023140490356983
14390,0.220016
14391,0.0307570507515924
14392,0.1433512249669053
14393,0.04705602873208235
14394,0.20322714820502003
14395,0.07044160891184595
14396,0.12026569818760226
14397,0.0101328110734544
14398,0.10932456904258647
14399,0.219997
14400,0.4697699646733432
14401,0.49871514370859893
14402,0.05357150770906964
14403,0.02987547344544455
14404,0.03489327721230599
14405,0.10621838794870286
14406,0.09537599374992412
14407,0.13072020805039616
14408,0.02397531783301566
14409,0.0284289887814088
14410,0.017278362816370508
14411,0.0026124015435286235
14412,0.020158601248165257
14413,0.0808787253489851
14414,0.12234689202794072
14415,0.18931836591917917
14416,0.4150488091275094
14417,0.012443842261843318
14418,0.019723650251503442
14419,0.10797236419406642
14420,0.10390088305966808
14421,0.1817005547739055
14422,0.37084957450359884
14423,0.10833982845575146
14424,0.0046720683763068
14425,0.220016
14426,0.07253020898267738
14427,0.08069474892115053
14428,0.11992860134279211
14429,0.0
14430,0.025916386239524386
14431,0.220016
14432,0.0027706468474199032
14433,0.012479952440992736
14434,0.219997
14435,0.11743059866311681
14436,0.05007388253727976
14437,0.03173347512165734
14438,0.04674967539247056
14439,0.11470177256328944
14440,0.35695266120075325
14441,0.03749776583445581
14442,0.0
14443,0.06828321366858403
14444,0.06567266931755415
14445,0.2399655728375634
14446,0.04743656874111264
14447,0.219997
14448,0.18550989568018264
14449,0.0492211586270255
14450,0.01203243237430738
14451,0.07299007082896122
14452,0.024142643039132727
14453,0.03647406539797182
14454,0.2584368415483557
14455,0.07004208991265515
14456,0.219997
14457,0.1714390132649058
14458,0.06821941449134301
14459,0.0029779757920971
14460,0.0168833331766194
14461,0.45950954656914644
14462,0.8921011019705184
14463,0.24007880401595294
14464,0.07438570160023708
14465,0.0238191254612622
14466,0.05910311446418766
14467,0.06334615319218553
14468,0.045190343552181114
14469,0.10261845648222684
14470,0.10188258935210995
14471,0.06750066063961935
14472,1.0
14473,0.03645225090533478
14474,0.12319007348405638
14475,0.11527758034348032
14476,0.039228936913895424
14477,0.1488834075396563
14478,0.349908
14479,0.07662221392420024
14480,0.13912393798611533
14481,0.034367522353773224
14482,0.0437282155067364
14483,0.04155734229953694
14484,0.006117644351125754
14485,0.13079551538096695
14486,0.018633123049215168
14487,0.032637434963994766
14488,0.10420928096213351
14489,0.13041850320733697
14490,0.060559063272413186
14491,0.0349599497914455
14492,0.06384973581769957
14493,0.01050040022526
14494,0.173754570015828
14495,0.0237126554298343
14496,0.04072180212208031
14497,0.08696162134705691
14498,0.07780364997464237
14499,0.048584451198278436
14500,0.009876006370016501
14501,0.048903146446436285
14502,0.0970998550662443
14503,0.6570928826625908
14504,0.08910560884847057
14505,0.15490501699524759
14506,0.0605300905075746
14507,0.051140674703174405
14508,0.09893226870564381
14509,0.079365636216677
14510,0.012244010844443223
14511,0.03701046659229164
14512,0.2248845978770667
14513,0.06132891402998499
14514,0.015691906430850267
14515,0.06951940639277684
14516,0.220016
14517,0.012698418931663253
14518,0.015727090322899196
14519,0.12579852574938868
14520,0.08452322851196656
14521,0.025073600770188848
14522,0.022646811725223148
14523,0.350009
14524,0.0069575138914578
14525,0.015786779268293725
14526,0.0009280710204396
14527,0.0715689064182154
14528,0.08395654840972763
14529,0.0760827909568002
14530,0.11988515041867392
14531,0.0612730641999822
14532,0.022991600153392966
14533,0.0625995092142435
14534,0.219997
14535,0.03925255326091658
14536,0.1343989865925408
14537,0.13630724953175516
14538,0.01503172735312764
14539,0.05330049004743334
14540,0.11238651760089277
14541,0.2664212389761602
14542,0.14410854731973846
14543,0.06576649286750229
14544,0.024785884238234336
14545,0.009885481796116685
14546,0.050891684913602186
14547,0.018804268880148356
14548,0.04312532165817938
14549,0.0063354344853586
14550,0.0188340957503279
14551,0.0088234636689808
14552,0.011760865597390499
14553,0.07047077450350855
14554,0.08961716623658525
14555,0.17620913649648018
14556,0.012132344692579893
14557,0.13460371591582812
14558,0.0092739330754018
14559,0.219997
14560,0.008545362255730124
14561,0.018134298485306198
14562,0.030514250817451807
14563,0.007628204438521609
14564,0.009778872628081326
14565,0.013954232278012903
14566,0.026962087815660937
14567,0.007421002222613678
14568,0.02253540566864494
14569,0.0
14570,0.016210337846531482
14571,0.013411628625566972
14572,0.08686195750071521
14573,0.0039440517822009
14574,0.04940064369556395
14575,0.04807758205576618
14576,0.06728898251713533
14577,0.0014263310687695494
14578,0.019547528725338638
14579,0.16879040187933292
14580,0.03444070229274345
14581,0.04293316161712131
14582,0.008701800917093393
14583,0.03251357914355456
14584,0.009975681565156401
14585,0.01567065156061092
14586,0.20102488232622395
14587,0.04553170984965181
14588,0.219997
14589,0.018070835504636257
14590,0.06919284315890938
14591,0.11543239645813672
14592,0.11143103644445691
14593,0.031253716987948696
14594,0.007796133711301078
14595,0.08695853554265925
14596,0.0071064100059625
14597,0.10749192027667631
14598,0.006390528088768827
14599,0.13294737235537585
14600,0.023368366976323073
14601,0.0074060207560207175
14602,0.030152790556760473
14603,0.01128114693826381
14604,0.004053685008999382
14605,0.0033103879079922974
14606,0.021886998222460034
14607,0.01505808284264928
14608,0.04029193330265288
14609,0.01372409731555126
14610,0.0189597074370682
14611,0.0424472092869711
14612,0.09728916564505391
14613,0.03978507537499345
14614,0.14159196416843892
14615,0.013030972196108378
14616,0.0180069899460309
14617,0.0918032936445622
14618,0.06217400582483063
14619,0.005389247786043499
14620,0.028145808727086313
14621,0.06298640477603301
14622,0.02865655082484496
14623,0.0210749631143654
14624,0.03781458379640834
14625,0.0190517814442072
14626,0.01612999963492014
14627,0.0
14628,0.024759880393889398
14629,0.1194140015934417
14630,0.219997
14631,0.08032390566760933
14632,0.0
14633,0.0183676250867738
14634,0.1077411533088696
14635,0.0702453576814021
14636,0.0045404527827315995
14637,0.0777869961572806
14638,0.0223145020052965
14639,0.0513619947036181
14640,0.0250165050844589
14641,0.220016
14642,0.09104293925449493
14643,0.03807863012492317
14644,0.0020934067086226
14645,0.021163753440669168
14646,0.0
14647,0.108761464040679
14648,0.0181570281315176
14649,0.220016
14650,0.350009
14651,0.01997148842349169
14652,0.0486898716929053
14653,0.3215741723765156
14654,0.005756545942581293
14655,0.219997
14656,0.3252279800092737
14657,0.17552517370546772
14658,0.05709762345427625
14659,0.023889931122892664
14660,0.00600403162584657
14661,0.09504721069412313
14662,0.219997
14663,0.7809958514673245
14664,0.220016
14665,0.0086111980221386
14666,0.350009
14667,0.0
14668,0.012640584905613934
14669,0.04732434130386051
14670,0.021466437970988447
14671,0.09584329318837481
14672,0.02250325717593924
14673,0.025563137663394506
14674,0.1110026551694169
14675,0.06044888502445454
14676,0.219997
14677,0.5154027560677509
14678,0.42448071380233693
14679,0.11427349712838614
14680,0.220016
14681,0.20014985055901946
14682,0.026042659330237333
14683,0.021772078679165755
14684,0.0061788793885259805
14685,0.05950223191563388
14686,0.048612945305717845
14687,0.4223479027230221
14688,0.1693766195459912
14689,0.219997
14690,0.46464260082956776
14691,0.1266457445910084
14692,0.0
14693,0.4521717294553362
14694,0.07966882066025063
14695,0.349908
14696,0.047480247778425834
14697,0.07039679690572065
14698,0.03931032225574339
14699,0.024536235419995205
14700,0.17576952333194718
14701,0.2097490422742677
14702,0.107877328065604
14703,0.0340684024656112
14704,0.24679619605749548
14705,0.08821936602547238
14706,0.005783218916723333
14707,0.04993154136906727
14708,0.010596307434216499
14709,0.09180644149811631
14710,0.10888428962334526
14711,0.03920129451001445
14712,0.05173697420648589
14713,0.1178429979996274
14714,0.1531939592380231
14715,0.0451957770270071
14716,0.21870198057252005
14717,0.220016
14718,0.02186501153740688
14719,0.04297774999539222
14720,0.0180352619210018
14721,0.010389441644352399
14722,0.4709364312738693
14723,0.15429467424856913
14724,0.17832335353945297
14725,0.352741236437801
14726,0.349908
14727,0.13111541377478236
14728,0.07467873189453629
14729,0.0230884219457441
14730,0.006102241876481225
14731,0.04509594546340075
14732,0.009901668937431322
14733,0.04884822199878135
14734,0.1367780775882698
14735,0.0013083506270820519
14736,0.13826605224777316
14737,0.219997
14738,0.350009
14739,0.350009
14740,0.06286087003273495
14741,0.0249778699373841
14742,0.051363524567121524
14743,0.046699584386782886
14744,0.046107117633952546
14745,0.350009
14746,0.0
14747,0.03944839801223384
14748,0.1045127703861435
14749,0.06181347351607615
14750,0.16420106219368952
14751,0.3981311136288456
14752,0.05330141968229308
14753,0.06409296460429056
14754,0.020870544929110182
14755,0.01017423630717595
14756,0.0621649227124178
14757,0.06201357724802593
14758,0.029549342341606
14759,0.030824099720972796
14760,0.03395532737428773
14761,0.1044409403471599
14762,0.1737834672627503
14763,0.06729435885803915
14764,0.04539502207056955
14765,0.020480360862753823
14766,0.0159921681437385
14767,0.0368140110009664
14768,0.037175244873415524
14769,0.030380988305331445
14770,0.047653015985821265
14771,0.10089255642703616
14772,0.08646782479736914
14773,0.220016
14774,0.04018276174990765
14775,0.06669369692932224
14776,0.06006260995504675
14777,0.02102557399927768
14778,0.01257216703632814
14779,0.03961819446929111
14780,0.05714012642335492
14781,0.022126720194538065
14782,0.04750514831055513
14783,0.10990835181252576
14784,0.28968522597005014
14785,0.3111019869363576
14786,0.07483195944054476
14787,0.054982671659214666
14788,0.03815715801851795
14789,0.07984520535213847
14790,0.02503524631924564
14791,0.015386410714367851
14792,0.056440125870903336
14793,0.026425724018876367
14794,0.03393951031813175
14795,0.17167217813242133
14796,0.058595709921418444
14797,0.060771103540920836
14798,0.04863331834217485
14799,0.0084677515328325
14800,0.08786818948723145
14801,0.09511157183407486
14802,0.220016
14803,0.219997
14804,0.220016
14805,0.09148741218991902
14806,0.09307780757142645
14807,0.02196469052975096
14808,0.12029538724194336
14809,0.07609571294117075
14810,0.009031489265594
14811,0.01157710630380254
14812,0.1083291983309756
14813,0.054411807063573805
14814,0.736582498267742
14815,0.15918517871367988
14816,0.029696648601395252
14817,0.14326114968458978
14818,0.03734083199275239
14819,0.06258853094034002
14820,0.012905339672734155
14821,0.09507910935295938
14822,0.008183907613485515
14823,0.026361698282306924
14824,0.021531076446092888
14825,0.09286179389391978
14826,0.06901241892615101
14827,0.10403146173389584
14828,0.11908284271536701
14829,0.1585917988162292
14830,0.2627286723048026
14831,0.4331396753493141
14832,0.12771678539989978
14833,0.043462827207172525
14834,0.0941956299696513
14835,0.03487537293332002
14836,0.05203590447323179
14837,0.0
14838,0.0
14839,0.12436531259017768
14840,0.0783952613183499
14841,0.10194323367707782
14842,0.03686227436941478
14843,0.11202017758938136
14844,0.04284585215790846
14845,0.06393212119018568
14846,0.0036473061320190635
14847,0.12362141784141836
14848,0.010417052525473253
14849,0.03661069029232644
14850,0.024266470688339998
14851,0.0009361515100007
14852,0.0178107976903428
14853,0.017769801686797676
14854,0.07137097404742065
14855,0.10215820974868084
14856,0.12430025485971734
14857,0.2236998222601787
14858,0.17524849860779645
14859,0.26591953682445935
14860,0.18997418260992394
14861,0.18839445417775785
14862,0.0443044167245701
14863,0.13409782143553833
14864,0.0113893566460337
14865,0.09836103763124011
14866,0.08843012524139171
14867,0.12077583531421626
14868,0.03470672371161404
14869,0.023177959624205612
14870,0.03571804537807856
14871,0.04048616908314867
14872,0.04810181476506869
14873,0.06177413115816796
14874,0.05479196444438133
14875,0.060866337394771736
14876,0.002530754910698353
14877,0.0154597990656524
14878,0.12132922837607815
14879,0.026519755425594316
14880,0.06568088950725093
14881,0.09893211348508377
14882,0.10965150602372684
14883,0.2613458962437154
14884,0.349908
14885,0.13845541547854978
14886,0.18163820954260124
14887,0.11675030793247497
14888,0.11574814442629755
14889,0.17857383907368046
14890,0.09980895557663724
14891,0.09070034796850537
14892,0.027830546611929123
14893,0.3817305939517883
14894,0.09723752717941078
14895,0.10179544152189088
14896,0.0399064723734924
14897,0.0018911246614203509
14898,0.0
14899,0.017074751516429197
14900,0.06791557834101562
14901,0.219997
14902,0.08529611170854051
14903,0.08944714267033393
14904,0.219997
14905,0.992710031849521
14906,0.1373518761590462
14907,0.030532156242375284
14908,0.220016
14909,0.10890220708181933
14910,0.27368293924640186
14911,0.219997
14912,0.13374514966909845
14913,0.07169636672661767
14914,0.14783730683904445
14915,0.220016
14916,0.06591371206919885
14917,0.0973325976148595
14918,0.08787123116448557
14919,0.05531920268631535
14920,0.0
14921,0.025830519063035885
14922,0.03779959331164247
14923,0.08014642121373775
14924,0.0329636784517034
14925,0.18154770016114186
14926,0.219997
14927,0.219997
14928,0.11129959969809167
14929,0.11286547620484785
14930,0.17720369707634875
14931,0.219997
14932,0.2636019045632744
14933,0.09167918121195764
14934,0.08177090471477842
14935,0.020281331854945073
14936,0.009167448184996289
14937,0.07155767505247293
14938,0.5910388200671461
14939,0.05851441425500301
14940,0.1794040862700958
14941,0.41549292689694695
14942,0.2234873123420975
14943,0.0
14944,0.0045947257204560655
14945,0.0041302086219771085
14946,0.06578989053106984
14947,0.07440254695700574
14948,0.2532175287543339
14949,0.3148612320018035
14950,0.14495301186180348
14951,0.16385859281922985
14952,0.349908
14953,0.219997
14954,0.17365029256246012
14955,0.219997
14956,0.3594281126216994
14957,0.14047636456259238
14958,0.09211219406011402
14959,0.10279148026516413
14960,0.08811242459583854
14961,0.3387515852931331
14962,1.0
14963,0.08094062637364575
14964,0.09370709462931369
14965,0.4452173207775094
14966,0.004943804564640735
14967,0.06876519555355463
14968,0.349908
14969,0.0156083469085453
14970,0.01614730303449655
14971,0.04480200534600612
14972,0.1344059286224969
14973,0.0587032403861417
14974,0.09737950098439535
14975,0.4013211962597568
14976,0.06760617447927454
14977,0.15071822400954962
14978,0.349908
14979,0.219997
14980,0.2879942323715742
14981,0.40862398936814287
14982,0.350009
14983,0.0234161659355279
14984,0.2702243542322902
14985,0.20343967750278147
14986,0.1721108099613014
14987,1.0
14988,0.30068645905936037
14989,0.349908
14990,0.0592898557241058
14991,0.220016
14992,0.14357178504410345
14993,0.003647535126811066
14994,0.0063614999341293004
14995,0.09958443749949866
14996,0.007393641051607515
14997,0.007024335167216122
14998,0.0309443155149315
14999,0.14006395810305222
15000,0.1907982936150393
15001,0.1436258839431911
15002,0.16237738170636612
15003,0.11109523780396661
15004,0.22227478339530854
15005,0.1857140739622658
15006,0.007837565135762187
15007,0.0974111256054764
15008,0.24006881441428943
15009,0.04304787306127593
15010,0.08803413951054413
15011,1.0
15012,0.8055759311044932
15013,0.6546687286497259
15014,0.012941305818065699
15015,0.021777959877010915
15016,0.10022789661892802
15017,0.350009
15018,0.0982953510825664
15019,0.0
15020,0.0071489597057954124
15021,0.019495765500773917
15022,0.0751703219064919
15023,0.12225221181856546
15024,0.1595134383935777
15025,0.027742313198452127
15026,0.4162385763065259
15027,0.05210223258978516
15028,0.07550519969487243
15029,0.219997
15030,0.1679751166383574
15031,0.10629107872997054
15032,0.07675552555276333
15033,0.23376160786941474
15034,0.220016
15035,0.0500642523963318
15036,0.220016
15037,0.18467195123475644
15038,0.1751315597367574
15039,1.0
15040,0.9251732264830261
15041,0.6841439549102881
15042,0.03182609343499514
15043,0.220016
15044,0.0030365850356666984
15045,0.0006417594273623109
15046,0.3155392749026116
15047,0.036649665159920825
15048,0.350009
15049,0.06780225352264732
15050,0.090259515492363
15051,0.022850792824424877
15052,0.13023246635313757
15053,0.19395921715927236
15054,0.219997
15055,0.219997
15056,0.6974553796816704
15057,0.45741657504211264
15058,0.32978748818734555
15059,0.219997
15060,0.1539071623104341
15061,0.07802083815099067
15062,0.19190084960137854
15063,0.06488546735246568
15064,0.06324409450537435
15065,0.0
15066,0.12993987995238798
15067,0.07783617314639793
15068,0.046241175954930214
15069,0.1531670784657531
15070,0.01899117026391775
15071,1.0
15072,0.9987129917049317
15073,0.8758172834243962
15074,0.1327222035102589
15075,0.05304763220224158
15076,0.220016
15077,0.350009
15078,0.03715613052941094
15079,0.009821255971026732
15080,0.009084836810123242
15081,0.08230071455601506
15082,0.17841115638884236
15083,0.11656682822545729
15084,0.5228283831118634
15085,1.0
15086,0.16157426732770397
15087,0.21803847737839555
15088,0.219997
15089,0.30400726175530646
15090,0.11156245297691991
15091,0.350009
15092,0.220016
15093,0.009579793080852175
15094,0.1197318637935423
15095,0.09804251055092308
15096,0.13615877368897025
15097,0.10456131813802647
15098,0.02755982591353382
15099,0.25983489240107127
15100,0.2571636340723471
15101,0.219997
15102,0.10578215822712053
15103,0.028781839501579982
15104,0.219997
15105,0.13179502193190568
15106,0.23276071208477125
15107,0.022026084726275378
15108,0.023437922634968886
15109,0.07099618338203047
15110,0.028360840856463045
15111,0.06260227305129211
15112,0.10468535933539361
15113,0.05456588298057414
15114,0.350009
15115,1.0
15116,0.5403033111813964
15117,0.219997
15118,0.18178175055945517
15119,0.219997
15120,0.22840108095431244
15121,0.6500475729985321
15122,0.12008807983112661
15123,0.0503916771589639
15124,0.04475196109280211
15125,0.219997
15126,0.220016
15127,0.14674777624736535
15128,0.349908
15129,0.3226089937326133
15130,0.28462926936510236
15131,1.0
15132,0.10858600429251677
15133,0.019001833136116458
15134,0.220016
15135,0.220016
15136,0.05410384386872467
15137,0.5687412335769662
15138,0.11716141914667269
15139,0.07081617825514702
15140,0.0538191777117073
15141,0.08446527506886692
15142,0.219997
15143,0.5276780953707271
15144,0.349908
15145,0.7285562754862946
15146,0.349908
15147,0.219997
15148,0.2684181123846278
15149,0.349908
15150,0.02642978494280907
15151,0.127591218412483
15152,0.08063269362218853
15153,0.037696010754084526
15154,0.350009
15155,0.3140587767081259
15156,0.08122522308023747
15157,0.80379960629773
15158,0.350009
15159,0.005324663854614466
15160,0.0380864017782825
15161,0.219997
15162,0.13984665852244493
15163,0.02212642734029465
15164,0.0393855628431405
15165,0.021674883781823
15166,0.043721606618662104
15167,0.10554742631157912
15168,0.15341974943209502
15169,0.1854972514406555
15170,0.19379431548838508
15171,0.5699050699112924
15172,1.0
15173,0.6609269781176607
15174,0.5328841704012058
15175,0.8823150983984421
15176,0.15744254408831548
15177,0.010564995003664538
15178,0.0
15179,0.11565739123025755
15180,0.1664569788289637
15181,0.219997
15182,0.0706872621029268
15183,0.04439463608899775
15184,0.04188106418977663
15185,0.2522275100568615
15186,0.0
15187,0.19286407507209596
15188,0.0118047886524114
15189,0.008552089203091667
15190,0.05173053486594389
15191,0.016769136777179897
15192,0.009715760337314854
15193,0.008791178603207977
15194,0.0487939509957577
15195,0.16603368999595497
15196,0.12499396849039365
15197,0.1284986641678591
15198,0.30964730963524767
15199,0.219997
15200,0.350009
15201,1.0
15202,0.9284119209611369
15203,0.349908
15204,0.14050201660713962
15205,0.002969608951688657
15206,0.004189727600054233
15207,0.04459197162499245
15208,0.14209148581638348
15209,0.006863947213325875
15210,0.03196274214192961
15211,1.0
15212,0.038347630756093654
15213,0.026071316586665404
15214,0.220016
15215,0.10035240009882415
15216,0.0829004878553031
15217,0.02966950319353842
15218,0.07048243367622163
15219,0.03681628423539998
15220,0.07824091386117027
15221,0.019786649106095365
15222,0.013359209674906536
15223,0.07409320569074579
15224,0.15798348600052242
15225,0.219997
15226,0.6975393209454473
15227,0.5070960314477881
15228,0.2256393912159238
15229,1.0
15230,0.5792799800794498
15231,0.6604409675372311
15232,0.24393657485843848
15233,0.04342924389925826
15234,0.03075487551834557
15235,0.0
15236,0.04724842060304665
15237,0.06454744325097296
15238,0.0321238962744059
15239,0.08021351897504542
15240,0.5901054886089967
15241,0.16359934891030278
15242,0.350009
15243,0.07157515515654864
15244,0.09770053050550313
15245,0.17034797068741445
15246,0.16157572088720107
15247,0.219997
15248,0.055393787625355045
15249,0.037909624323164116
15250,0.07656748470483614
15251,0.219997
15252,1.0
15253,0.350009
15254,0.7182905041441618
15255,0.350009
15256,0.349908
15257,0.244748707136002
15258,0.14682789803522078
15259,0.04685887473551726
15260,0.048731424407793204
15261,0.09074311344888696
15262,0.15610427047897618
15263,0.219997
15264,0.05666420496776612
15265,0.219997
15266,0.09368807838355317
15267,0.006379930410431625
15268,0.28523500899398513
15269,0.06194811118714308
15270,0.0078625289570644
15271,0.0343507064096411
15272,0.21168725082188145
15273,0.2747661491495077
15274,0.08259079260453506
15275,0.0008838935646702
15276,0.2690501283495033
15277,0.314832778591023
15278,0.12984981991361358
15279,0.1564661801505307
15280,0.05017445425037325
15281,0.13920839936028293
15282,0.12238645101493777
15283,0.06826805360749935
15284,0.14936137613707579
15285,0.13992300911514172
15286,0.08274166586625228
15287,0.007820898404494635
15288,0.220016
15289,0.0049018519422994
15290,0.1053193334410477
15291,0.04828244717756355
15292,0.219997
15293,0.07327351741078654
15294,0.09105444041580066
15295,0.10266797687424198
15296,0.219997
15297,0.44295229586428075
15298,0.589197129747866
15299,0.08704480612884564
15300,0.01500369531276593
15301,0.048693197892469446
15302,0.03934702074994889
15303,0.13117285520574368
15304,0.04439735149885206
15305,0.10541347496268372
15306,0.04342078940918057
15307,0.02397531783301566
15308,0.034798181119253056
15309,0.017278362816370508
15310,0.029829445421020822
15311,0.023635591627322726
15312,0.020158601248165257
15313,0.15307380685234123
15314,0.15364927515626026
15315,0.44195201391900024
15316,0.022938327986641468
15317,0.02299761512863624
15318,0.11442442915852721
15319,0.12908328249726678
15320,0.17426811949461612
15321,0.3987610774180198
15322,0.09443505876560815
15323,0.01232750811631309
15324,0.0
15325,0.14286283271669664
15326,0.030623492827698884
15327,0.11484844820130102
15328,0.11834270611733662
15329,0.03448990326348818
15330,0.016309171992900405
15331,0.008806054640945866
15332,0.016683825944673283
15333,0.010513846834778354
15334,0.3421418412273998
15335,0.0027706468474199032
15336,0.029078859494015237
15337,0.219997
15338,0.1186152356319865
15339,0.06580455721071037
15340,0.039784514823002645
15341,0.06900080987788196
15342,0.11488005581767163
15343,0.45076780554543916
15344,0.022988600905206012
15345,0.005192401837798387
15346,0.0331633290619531
15347,0.06293906675498712
15348,0.13624558699057054
15349,0.220016
15350,0.053856137651441933
15351,0.219997
15352,0.21093088823379313
15353,0.0303051950683595
15354,0.03177619063262972
15355,0.024235240750234525
15356,0.030830265325487324
15357,0.219997
15358,0.07004208991265515
15359,0.015113938522549499
15360,0.219997
15361,0.022577986916675917
15362,0.17241069193328468
15363,0.07246295209734961
15364,0.0182550639348402
15365,0.48247349493310365
15366,0.790502417993344
15367,0.23218625470335352
15368,0.08150014026046157
15369,0.0047888214927571
15370,0.04322792338304066
15371,0.052022269220548534
15372,0.04754362450228072
15373,0.220016
15374,0.10326497121032975
15375,0.08376244252245825
15376,1.0
15377,0.03429889460435387
15378,0.058309471911109675
15379,0.02545244162594493
15380,0.04884427298034838
15381,0.10114306687713602
15382,0.005048188382073185
15383,0.060247023389891116
15384,0.1733544448147246
15385,0.349908
15386,0.06203123668928154
15387,0.21205801545051584
15388,0.03847059322673928
15389,0.017600092389530253
15390,0.13278955649564045
15391,0.03280618137521196
15392,0.033689525969515965
15393,0.10420928096213351
15394,0.09964861586513007
15395,0.05756027874711498
15396,0.035918990186929504
15397,0.03643052407981461
15398,0.05163238942903133
15399,0.1722184075595363
15400,0.054299805950129995
15401,0.0356317353785099
15402,0.06400185013983922
15403,0.11877949980506367
15404,0.02697897980291423
15405,0.0433833647719299
15406,0.04710609550836138
15407,0.0770258871067073
15408,0.7263695041258174
15409,0.07469495626540679
15410,0.18167237483344378
15411,0.10513868927030809
15412,0.0476921230638096
15413,0.08315366591851434
15414,0.07184188842308589
15415,0.002998333329712685
15416,0.04478349084756274
15417,0.350009
15418,0.08597769774807619
15419,0.00555042165256222
15420,0.01143589869641813
15421,0.05678066756844185
15422,0.1296231784789872
15423,0.005580688243768141
15424,0.1131299782405843
15425,0.03524327823345077
15426,0.0101008239096146
15427,0.01493267102677575
15428,0.350009
15429,0.02972817367924189
15430,0.032398166656395
15431,0.0032834250502447
15432,0.02980700871407405
15433,0.05096686072049489
15434,0.07384345030371484
15435,0.1046114670426731
15436,0.1447450700869971
15437,0.0519460871207714
15438,0.008499620396712065
15439,0.08660545196165739
15440,0.14083269374363966
15441,0.1398616390684997
15442,0.1184261862098098
15443,0.16169735874375757
15444,0.01531601574481914
15445,0.025455239784262937
15446,0.220016
15447,0.23256499535707792
15448,0.13692966373086976
15449,0.0051340323192725
15450,0.0054440596641922336
15451,0.04352709328838529
15452,0.024117805584245585
15453,0.034262333746955184
15454,0.04490402782345819
15455,0.026991165772466966
15456,0.03961582336023132
15457,0.0053723279822156
15458,0.02043692574710525
15459,0.0098439439307767
15460,0.0061675627811011
15461,0.030732917099507602
15462,0.09795348023565137
15463,0.08010399102069965
15464,0.15087568210340335
15465,0.04605256113182217
15466,0.12735863943187423
15467,0.0057335499717942
15468,0.350009
15469,0.018134298485306198
15470,0.03203086106068221
15471,0.014511277533998624
15472,0.016042122087453002
15473,0.021592324856454438
15474,0.04315216364712654
15475,0.03375446189731103
15476,0.0
15477,0.013411628625566972
15478,0.09041431364316131
15479,0.008655849788144949
15480,0.06322336855867697
15481,0.06622345249570394
15482,0.008180773734639334
15483,0.006377422361805582
15484,0.019547528725338638
15485,0.14667587601731363
15486,0.02250880670883465
15487,0.059704513951079514
15488,0.003923004243710027
15489,0.008701800917093393
15490,0.028594697280673955
15491,0.011363761325104
15492,0.16795508782630597
15493,0.0164976136280491
15494,0.040235177961407895
15495,0.2547455408290058
15496,0.04555932757619786
15497,0.08586489964043198
15498,0.10807080661819461
15499,0.04933077549832842
15500,0.009042209814093897
15501,0.0
15502,0.12356156405142454
15503,0.016143561440355204
15504,0.12026001700814141
15505,0.006390528088768827
15506,0.10978022720468512
15507,0.010983277995436263
15508,0.03240351715867186
15509,0.04088956379219577
15510,0.01252024472655261
15511,0.006339039164088847
15512,0.013291668575773484
15513,0.021487942546465133
15514,0.01963836172319388
15515,0.048195425400910874
15516,0.016908384286635776
15517,0.0087298702720354
15518,0.0556296584880289
15519,0.06709874450926671
15520,0.007663729183467747
15521,0.14395846302044563
15522,0.022498960235229
15523,0.056908945284208506
15524,0.012295399021205513
15525,0.04808488284253061
15526,0.03565011536835866
15527,0.0125755318159787
15528,0.046046480539044345
15529,0.0234722959264796
15530,0.0023938134058244416
15531,0.012168294051193814
15532,0.06805578992487239
15533,0.1334198542583077
15534,0.22980033405846076
15535,0.058876974244636934
15536,0.0
15537,0.015635767519587958
15538,0.0174175249105492
15539,0.0827339258271237
15540,0.0368461001141274
15541,0.0519566245593231
15542,0.039680868049375796
15543,0.19886027201758044
15544,0.07126725070391943
15545,0.0246665343680337
15546,0.15005066395313227
15547,0.005165946298530573
15548,0.220016
15549,0.0272071907502965
15550,0.350009
15551,0.350009
15552,0.0538416010754572
15553,0.33952519742265513
15554,0.0
15555,0.350009
15556,0.208939184594436
15557,0.1517569312526166
15558,0.07274921857493505
15559,0.023889931122892664
15560,0.10460850268722255
15561,0.012876305057223645
15562,0.219997
15563,0.220016
15564,0.0946622371647109
15565,0.6574695204961949
15566,0.14481207575212954
15567,0.0429235501554091
15568,0.220016
15569,0.0
15570,0.07686200957557741
15571,0.021466437970988447
15572,0.06924142383080562
15573,0.06103643054849485
15574,0.0037854763536538903
15575,0.0345900110692824
15576,0.1575270699256236
15577,0.41463917208924345
15578,0.36294527088461354
15579,0.067655588959779
15580,0.1983929764333538
15581,0.15929307305513796
15582,0.026042659330237333
15583,0.009741527323013161
15584,0.00209743776348148
15585,0.04429580931795597
15586,0.002815798687392247
15587,0.350009
15588,0.2000648850829459
15589,0.219997
15590,0.42014402088363345
15591,0.060568308573500096
15592,0.0
15593,0.38284691142997507
15594,0.0429139642218579
15595,0.04682087860962655
15596,0.349908
15597,0.022149506983550938
15598,0.10931789659663468
15599,0.029358307981066152
15600,0.0525051464680544
15601,0.06960059818037467
15602,0.219997
15603,0.0234748982021384
15604,0.016130869147647598
15605,0.027696631718526002
15606,0.350009
15607,0.07658957124018938
15608,0.04249068839820027
15609,0.0375603670886247
15610,0.05984118159097952
15611,0.07639771408038117
15612,0.06804542932108615
15613,0.022503694948534783
15614,0.00611659925178308
15615,0.0645492065953574
15616,0.0751362324451286
15617,0.047237466956639704
15618,0.10728047743667747
15619,0.08599984887569984
15620,0.0
15621,0.220016
15622,0.02186501153740688
15623,0.025920288470183683
15624,0.08027067192835081
15625,0.017725632729766
15626,0.0
15627,0.350009
15628,0.10383603485545224
15629,0.10494799401368986
15630,0.2628299433612346
15631,0.350009
15632,0.08474267385012768
15633,0.07809013135566349
15634,0.0058048872482895
15635,0.0416446866195263
15636,0.008108043497328792
15637,0.0061424015957587
15638,0.0020561488892689513
15639,0.017024586115359
15640,0.09870726006448499
15641,0.02750825473452615
15642,0.13545631384480217
15643,0.220016
15644,0.350009
15645,0.0071665545546184505
15646,0.008824035487355823
15647,0.220016
15648,0.030422419323907258
15649,0.0114084135351368
15650,0.026559142442266686
15651,0.026014381766061544
15652,0.2784619811998906
15653,0.0019293628080200506
15654,0.08924852095795704
15655,0.010464037793753576
15656,0.0955820524116625
15657,0.220016
15658,0.47267844004486625
15659,0.0251000085231917
15660,0.04981757266113737
15661,0.020870544929110182
15662,0.020335393991648763
15663,0.0684125080188448
15664,0.05832874795436374
15665,0.0039036512747356
15666,0.021469713863917928
15667,0.01484538919351425
15668,0.08846569153211109
15669,0.0993484820427464
15670,0.08593206763833335
15671,0.013110447785587842
15672,0.03719743382292202
15673,0.038148787585426
15674,0.028345221284694924
15675,0.028082597391787846
15676,0.08578802975231156
15677,0.11320743167154626
15678,0.07684816953768384
15679,0.203868945866857
15680,0.05170464136802942
15681,0.11241712172806244
15682,0.061388791818744855
15683,0.012524541374136881
15684,0.02257206530719804
15685,0.026122368100500813
15686,0.040337676395596614
15687,0.013034864533376926
15688,0.09692451074001215
15689,0.349908
15690,0.349908
15691,0.09099965328007635
15692,0.06046952182483087
15693,0.008366073763425746
15694,0.09883510230843769
15695,0.004349271187408438
15696,0.005005500315692201
15697,0.026026987502240338
15698,0.0444401704677957
15699,0.009773607115894851
15700,0.219997
15701,0.06400066285362414
15702,0.03973472540114653
15703,0.048129342226012256
15704,0.220016
15705,0.12038730111622345
15706,0.2596175537943445
15707,0.23025366616516252
15708,0.219997
15709,0.0977285972129511
15710,0.09948937300049784
15711,0.021631724305421658
15712,0.08946700511380076
15713,0.06752311868994006
15714,0.009031489265594
15715,0.220016
15716,0.0900625434261162
15717,0.7968302798517588
15718,0.14712959633654438
15719,0.17382176778609587
15720,0.04602887620150839
15721,0.032109679418105025
15722,0.021822368635428097
15723,0.10988649537745618
15724,0.00136735396187
15725,0.020597984540143922
15726,0.04108884873470328
15727,0.09646998439569549
15728,0.0630020614037867
15729,0.12663243953624695
15730,0.08958106127081532
15731,0.15843674243053063
15732,0.27981567481549063
15733,0.4232876772009816
15734,0.13620916601623428
15735,0.04983137328433472
15736,0.11169319611142621
15737,0.036029908971161914
15738,0.04222659862527319
15739,0.0031658515248225993
15740,0.11714004631877027
15741,0.051680270116866996
15742,0.11226872282185961
15743,0.06654060406611229
15744,0.10112562734163906
15745,0.009903068159091862
15746,0.12693715342867368
15747,0.04000646658846446
15748,0.05223873157457383
15749,0.18969353929277316
15750,0.0022714403393862
15751,0.04161831828891875
15752,0.03264610071269965
15753,0.0506972698109653
15754,0.0079908158150997
15755,0.0
15756,0.046334611968967356
15757,0.08140283100192486
15758,0.11947930344491883
15759,0.20052201752851062
15760,0.21580170229593093
15761,0.350009
15762,0.18573538655502603
15763,0.219997
15764,0.0480186290782927
15765,0.14646156253434062
15766,0.0093302138434967
15767,0.0690309347867605
15768,0.07219254685467683
15769,0.16385426165006478
15770,0.03127800218939444
15771,0.034682175750900615
15772,0.036237012465263854
15773,0.04835089186605127
15774,0.017059535603146422
15775,0.06306521188511646
15776,0.04933633611477853
15777,0.04056269048630544
15778,0.0065113970244832925
15779,0.12882568823467017
15780,0.03441995877739692
15781,0.04207441964311273
15782,0.09838080887295547
15783,0.13103781007587104
15784,0.219997
15785,0.4687414467689691
15786,0.2073950919484392
15787,0.16206222537455164
15788,0.07020572363490346
15789,0.14888804161268784
15790,0.15583632039121187
15791,0.12753713918712245
15792,0.06749308382122088
15793,0.015003223319481226
15794,0.024362058793345617
15795,0.350009
15796,0.10745473258433957
15797,0.09671408854823788
15798,0.012687086792145523
15799,0.073149095729306
15800,0.0021735995225649505
15801,0.015135585925130627
15802,0.0079880801591022
15803,0.09885272161125283
15804,0.219997
15805,0.08935300997852871
15806,0.057108555849729126
15807,0.219997
15808,1.0
15809,0.1603186610707398
15810,0.03092672697270668
15811,0.350009
15812,0.08370012925853713
15813,0.2746454448349539
15814,0.219997
15815,0.12721664799549637
15816,0.06486635996746086
15817,0.0111174620557646
15818,0.12645699423877726
15819,0.19226638976040308
15820,0.08166312633481436
15821,0.136060567925344
15822,0.11083808782354518
15823,0.039166850930849956
15824,0.0
15825,0.011933791885436359
15826,0.017868490337845183
15827,0.02069675191279634
15828,0.08097817815480457
15829,0.07075981644338736
15830,0.03353314316629
15831,0.15860926774063866
15832,0.219997
15833,0.21949831860369715
15834,0.09956760182305127
15835,0.09466683381054605
15836,0.18443648785839306
15837,0.219997
15838,0.23620722598589913
15839,0.09777517952320074
15840,0.08986038066896213
15841,0.05176775905788057
15842,0.220016
15843,0.6090387499620638
15844,0.02574822875270341
15845,0.14163667937083868
15846,0.350009
15847,0.219997
15848,0.0
15849,0.09469058382322215
15850,0.2645369028808636
15851,0.25188793387102554
15852,0.0091846951455427
15853,0.1749625909466926
15854,0.16087075489051675
15855,0.349908
15856,0.219997
15857,0.21231586844222955
15858,0.219997
15859,0.3888203864302081
15860,0.1399278119842173
15861,0.08216263315056963
15862,0.12593519935656994
15863,0.08461702391423684
15864,0.349908
15865,0.9465338993797358
15866,0.08094062637364575
15867,0.06613327679808524
15868,0.4735178359515779
15869,0.036448651046981834
15870,0.349908
15871,0.015358921229286985
15872,0.0
15873,0.05897841594230282
15874,0.14485894350483963
15875,0.0359323550053845
15876,0.07086939703694194
15877,0.004233996190908918
15878,0.4248560827239066
15879,0.09049258260116794
15880,0.19710463571751663
15881,0.219997
15882,0.219997
15883,0.219997
15884,0.41385888538587334
15885,0.350009
15886,0.036538074713663
15887,0.28198032521708716
15888,0.220016
15889,0.13150138197492878
15890,1.0
15891,0.350009
15892,0.2892080367291243
15893,0.016074266241426396
15894,0.220016
15895,0.15954218988263813
15896,0.0049790184171747
15897,0.003906591847937
15898,0.07226319698750586
15899,0.007024335167216122
15900,0.0112572588915409
15901,0.14638378974810373
15902,0.20025923214212882
15903,0.16628808113596621
15904,0.1634626972042573
15905,0.12174268137659021
15906,0.220016
15907,0.1634414914033447
15908,0.0
15909,0.1368275022017319
15910,0.350009
15911,0.04304787306127593
15912,0.06630605823060205
15913,1.0
15914,0.8588939542895722
15915,0.7795276091258361
15916,0.0081574776046729
15917,0.013397709335400717
15918,0.07437367318516762
15919,0.350009
15920,0.1118915758251134
15921,0.011959603903141533
15922,0.09181846512188789
15923,0.10271355582143996
15924,0.1463276828794839
15925,0.03616062703129843
15926,0.441422764315949
15927,0.0431199384286191
15928,0.09245465691503163
15929,0.219997
15930,0.1141164192952112
15931,0.08232779760917583
15932,0.08750340699461293
15933,0.350009
15934,0.350009
15935,0.0571061804117012
15936,0.11500723288615221
15937,0.12882485308546898
15938,0.13861370791341948
15939,1.0
15940,1.0
15941,0.6893294745738177
15942,0.04728091542920804
15943,0.13151830427756753
15944,0.010743230124562705
15945,0.350009
15946,0.02473624483309702
15947,0.350009
15948,0.08954513780997223
15949,0.07260575531600459
15950,0.021096569681500175
15951,0.13946163769651615
15952,0.219997
15953,0.219997
15954,0.219997
15955,0.6869121034110999
15956,0.4834838998666571
15957,0.3315105883350553
15958,0.219997
15959,0.1462453481425972
15960,0.08387538640913766
15961,0.18028894400884213
15962,0.07264669250658859
15963,0.05777067953542566
15964,0.0
15965,0.1917619983027285
15966,0.12504371748891951
15967,0.10221919853782471
15968,0.1377825979489391
15969,0.03143101367272535
15970,0.9938704846804486
15971,0.9987129917049317
15972,0.8758172834243962
15973,0.1144621625722747
15974,0.055629461677983175
15975,0.220016
15976,0.350009
15977,0.010225899728811143
15978,0.01601208544494763
15979,0.027294374388406643
15980,0.10110966260134346
15981,0.19305875201614825
15982,0.08605223192824829
15983,0.47938998706464353
15984,1.0
15985,0.1782857700181475
15986,0.18093241243346755
15987,0.219997
15988,0.219997
15989,0.10785812692691202
15990,0.350009
15991,0.220016
15992,0.059825930313745876
15993,0.11626198412758008
15994,0.08727615064828699
15995,0.13767443240997015
15996,0.10443010561635346
15997,0.350009
15998,0.219997
15999,0.219997
16000,0.15780501629220245
16001,0.028781839501579982
16002,0.19136348571113987
16003,0.220016
16004,0.24249792436049245
16005,0.03654882263232788
16006,0.024509507061093287
16007,0.04945829464542036
16008,0.00438322800352174
16009,0.037929474284882005
16010,0.0882032550131674
16011,0.09282387089129404
16012,0.33790761956389403
16013,1.0
16014,0.349908
16015,0.349908
16016,0.17930487953391888
16017,0.219997
16018,0.23419729617244484
16019,0.6684520453587542
16020,0.12651350190162572
16021,0.03424136783308132
16022,0.0635675822525344
16023,0.06464858090986901
16024,0.21744739403517002
16025,0.2902576533168012
16026,0.07687679110607373
16027,0.2866852541479147
16028,0.2890057929786177
16029,0.219997
16030,1.0
16031,0.09798010580105727
16032,0.015735450585140056
16033,0.220016
16034,0.220016
16035,0.05400878197714227
16036,0.219997
16037,0.14420495375495807
16038,0.060254495866213925
16039,0.060211623886022095
16040,0.07349122506304402
16041,0.219997
16042,0.5957116352579314
16043,0.349908
16044,0.7594045504251514
16045,0.349908
16046,0.219997
16047,0.219997
16048,0.349908
16049,0.137928866016158
16050,0.13163328827572623
16051,0.08142873090165623
16052,0.350009
16053,0.3194541382651413
16054,0.05814617602951598
16055,0.0394816925374613
16056,0.7020232895293339
16057,0.42026694418014743
16058,0.08104877644686301
16059,0.21785121616611466
16060,0.08389704928455705
16061,0.06584018415008236
16062,0.010990299151616728
16063,0.011641154415831557
16064,0.009731528297981351
16065,0.0589511517941714
16066,0.08396342159778973
16067,0.1719629992353191
16068,0.17687458303360268
16069,0.219997
16070,0.5828806387792069
16071,1.0
16072,0.6288648182521117
16073,0.5245244195616889
16074,0.9114623400212867
16075,0.1457724859558879
16076,0.015406860014089637
16077,0.04394763739757697
16078,0.02757734193258496
16079,0.1821043318776534
16080,0.22689149499667935
16081,0.06140270151893021
16082,0.02147842748999485
16083,0.08641088055187313
16084,0.21451025030738552
16085,0.044285128659595
16086,0.0
16087,0.15032715978720976
16088,0.008552089203091667
16089,0.03764360477354489
16090,0.023763991314978777
16091,0.0090406698798746
16092,0.0613241511528487
16093,0.16312416380178427
16094,0.09178814322916175
16095,0.0970380666074938
16096,0.3414374885170466
16097,0.219997
16098,0.350009
16099,1.0
16100,0.9235392490104619
16101,0.5207585342714856
16102,0.09152278759822723
16103,0.028140643423552658
16104,0.05495865853247945
16105,0.06337565419793854
16106,0.1747172087978236
16107,1.0
16108,0.06497508462476136
16109,0.0544021160260138
16110,0.10663579996273528
16111,0.07020411969573553
16112,0.10806734819615219
16113,0.031542623430128224
16114,0.08595544243351143
16115,0.015660426060677184
16116,0.07642284350292389
16117,0.019041713920434362
16118,0.011732805979183933
16119,0.05470136331510418
16120,0.1421948230054357
16121,0.193243396428334
16122,0.7428428457539648
16123,0.5060279703977344
16124,0.220016
16125,1.0
16126,0.64528088835961
16127,0.6266353777014233
16128,0.23541919325822389
16129,0.02007856914140136
16130,0.01940789907149577
16131,0.0
16132,0.06361534542127667
16133,0.06773112082354836
16134,0.09154563374652222
16135,0.6186215566992855
16136,0.220016
16137,0.350009
16138,0.05393281763825493
16139,0.10969466109585073
16140,0.19287745573213505
16141,0.19574638647544926
16142,0.219997
16143,0.08075627549864266
16144,0.033291681019773915
16145,0.07595182290868915
16146,0.219997
16147,1.0
16148,0.350009
16149,0.7179268175971922
16150,0.2652935913507766
16151,0.4462730782168457
16152,0.23059118355403257
16153,0.1578199026437772
16154,0.03735092544583436
16155,0.013393521828512433
16156,0.047415067940837205
16157,0.012326069371186134
16158,0.11209636970402335
16159,0.004466605635762187
16160,0.16390552401957997
16161,0.219997
16162,0.030044868747978612
16163,0.219997
16164,0.10274277501507526
16165,0.010508439648478682
16166,0.350009
16167,0.04915708556228084
16168,0.0212855713360657
16169,0.0316618579190659
16170,0.21289110960508328
16171,0.301724473276361
16172,0.07504916866639635
16173,0.0008838935646702
16174,0.350009
16175,0.219997
16176,0.12158903837702259
16177,0.14793813547463802
16178,0.03095721340057185
16179,0.13749341518395553
16180,0.11810229139516647
16181,0.08340907747636025
16182,0.1266973383984108
16183,0.1601768579984748
16184,0.0831323746981896
16185,0.086925732520893
16186,0.007820898404494635
16187,0.220016
16188,0.013106081408343032
16189,0.0079557014630254
16190,0.130704746932074
16191,0.05901575985150186
16192,0.04645159570562375
16193,0.219997
16194,0.061319878075044534
16195,0.10975825507508527
16196,0.01479090700380149
16197,0.08258968746293938
16198,0.219997
16199,0.4280550368152044
16200,0.5485045656534416
16201,0.11024928641271883
16202,0.0426623064489141
16203,0.08737367134049598
16204,0.03532413146528996
16205,0.11976519099682162
16206,0.08697654431446687
16207,0.02397531783301566
16208,0.034798181119253056
16209,0.013758832503470283
16210,0.017126518379163323
16211,0.01579496559756363
16212,0.020158601248165257
16213,0.0808787253489851
16214,0.13191215240211232
16215,0.20570396341717387
16216,0.3912315629600529
16217,0.022938327986641468
16218,0.0312608695667486
16219,0.0991897387689814
16220,0.133937729320639
16221,0.17087078037699782
16222,0.4230802868288233
16223,0.17668777928534357
16224,0.0183200916850191
16225,0.05701461046494433
16226,0.018887180494760084
16227,0.017903527349025578
16228,0.10567777075962573
16229,0.12149786052915101
16230,0.029370215345289274
16231,0.0234015983287881
16232,0.017243583404115977
16233,0.219997
16234,0.0
16235,0.027148190902827836
16236,0.219997
16237,0.1039145053594587
16238,0.08633683650113827
16239,0.03055315456496844
16240,0.042983100040336356
16241,0.08191828679171292
16242,0.39965275109001264
16243,0.023560713302391012
16244,0.0
16245,0.0131611055472486
16246,0.05873528430266122
16247,0.13042963491055165
16248,0.15214986258002208
16249,0.07058286559169004
16250,0.2976035338930498
16251,0.16006752909944155
16252,0.0453945195967692
16253,0.01203243237430738
16254,0.02570729315360442
16255,0.06389314428056803
16256,0.054079570002209226
16257,0.27032118482788653
16258,0.219997
16259,0.04305538385747162
16260,0.171801902537186
16261,0.06516893206993532
16262,0.0175751291824172
16263,0.43596596261413734
16264,0.750576977392388
16265,0.21712293911062402
16266,0.060514513332445376
16267,0.0136259475494431
16268,0.041465793619294464
16269,0.044841768742683134
16270,0.15638871519155456
16271,0.09391762593796105
16272,0.05455357151071025
16273,1.0
16274,0.03551621116495574
16275,0.07065952330468518
16276,0.01528680264922853
16277,0.06936551013764049
16278,0.07122323213425383
16279,0.03872339061552352
16280,0.1728993064195368
16281,0.349908
16282,0.044488340471259734
16283,0.13923266712052007
16284,0.041819103297945574
16285,0.05865171406668624
16286,0.14634754405432515
16287,0.06434613835337047
16288,0.02132691316958657
16289,0.10420928096213351
16290,0.10858071792192087
16291,0.052156395528166484
16292,0.008727632781829201
16293,0.01882692772635913
16294,0.053983295796930605
16295,0.012085993307749034
16296,0.0080983721931788
16297,0.1629373166724229
16298,0.0572589048593421
16299,0.042115114088489905
16300,0.0402694579720421
16301,0.023278416718499118
16302,0.08550409316014107
16303,0.08095855458770683
16304,0.027223498827286308
16305,0.7373434872857434
16306,0.06710646536583548
16307,0.15295023886564557
16308,0.048287542480443604
16309,0.03130992592088182
16310,0.06684211258615211
16311,0.014487227406469285
16312,0.350009
16313,0.05998491410934899
16314,0.015691906430850267
16315,0.01143589869641813
16316,0.053285343363291354
16317,0.12274022111647458
16318,0.0
16319,0.1387702917479105
16320,0.04819752339945685
16321,0.007616447109294849
16322,0.350009
16323,0.0197157628790722
16324,0.0487307656741312
16325,0.008159546544727335
16326,0.009456513020601652
16327,0.0180586915718914
16328,0.02310090202708799
16329,0.0
16330,0.07632924954152254
16331,0.13065219410608492
16332,0.12679064009009772
16333,0.044077508826360315
16334,0.016135641778741047
16335,0.0773115837122903
16336,0.220016
16337,0.08940932932876318
16338,0.1406292769591569
16339,0.12917061640609134
16340,0.01077381735494044
16341,0.044578835947825836
16342,0.220016
16343,0.2650384275424653
16344,0.220016
16345,0.0034719911654644
16346,0.004196611716605634
16347,0.020677804228327885
16348,0.017715953840552683
16349,0.039871163116969484
16350,0.020230587730735865
16351,0.052640380980980714
16352,0.0011848911883783
16353,0.0
16354,0.031282412356612596
16355,0.012489405420089783
16356,0.011288167660864299
16357,0.09505749376998746
16358,0.11190312454168186
16359,0.19486340070110486
16360,0.0043917856106846
16361,0.15000869113728543
16362,0.007940778533815085
16363,0.2429431047032259
16364,1.906448442899601e-05
16365,0.0115263603743943
16366,0.0
16367,0.01752529774101751
16368,0.020763112799040633
16369,0.000915760640185725
16370,0.0297013892713181
16371,0.03361430017230814
16372,0.013411628625566972
16373,0.0083497162846558
16374,0.07588230706933201
16375,0.014291583724788448
16376,0.06342994649575308
16377,0.09087748235493173
16378,0.0
16379,0.006377422361805582
16380,0.016996481877138928
16381,0.019547528725338638
16382,0.15380761232004292
16383,0.035106195524484254
16384,0.04138968849732651
16385,0.008701800917093393
16386,0.009487962561297457
16387,0.13639460603360215
16388,0.04553170984965181
16389,0.219997
16390,0.08291263588056785
16391,0.049193382466437875
16392,0.08703674125076481
16393,0.012255972883322185
16394,0.050614027982531215
16395,0.019144505978824895
16396,0.007796133711301078
16397,0.09670138729770686
16398,0.0166289177973033
16399,0.0763735254653529
16400,0.006390528088768827
16401,0.16485438445542644
16402,0.01819748171979856
16403,0.03240351715867186
16404,0.056200828578826176
16405,0.01304480431142701
16406,0.006339039164088847
16407,0.015275664104855483
16408,0.015759821894136133
16409,0.018171985449287123
16410,0.020851887660037573
16411,0.024166919877185562
16412,0.0408048740853983
16413,0.06676265763325472
16414,0.006560547538566576
16415,0.2066769174150829
16416,0.0204997756854827
16417,0.055063787908077005
16418,0.018228529264151715
16419,0.02379112416168344
16420,0.08185159902003301
16421,0.033003096288204456
16422,0.029362804713911603
16423,0.06342174778941534
16424,0.051612906880187
16425,0.0
16426,0.0099095338933093
16427,0.1204875667744004
16428,0.219997
16429,0.11803734396807693
16430,0.0
16431,0.015635767519587958
16432,0.0274906090203203
16433,0.03800710373324767
16434,0.07582610002027321
16435,0.0012714071427862
16436,0.0322280065391479
16437,0.0207509583902456
16438,0.08774889346419976
16439,0.05371469779926283
16440,0.06260020981482123
16441,0.11299354664624237
16442,0.0
16443,0.0900652486225672
16444,0.0538619291191209
16445,0.219997
16446,0.220016
16447,0.01997148842349169
16448,0.0207992899869162
16449,0.220016
16450,0.0
16451,0.27069443015035977
16452,0.219997
16453,0.220016
16454,0.04271211552125195
16455,0.023889931122892664
16456,0.07577243900806145
16457,0.012876305057223645
16458,0.219997
16459,0.0
16460,0.19847566625611684
16461,0.09648987339581268
16462,0.7350718379895644
16463,0.220016
16464,0.1580575451837671
16465,0.10416068830122702
16466,0.06462069642008504
16467,0.025563137663394506
16468,0.05026684172496
16469,0.14079933648727366
16470,0.17061890472103577
16471,0.349908
16472,0.350009
16473,0.02492705740447028
16474,0.1644269452684186
16475,0.09924124370065338
16476,0.026042659330237333
16477,0.010272279423128156
16478,0.03874946220400498
16479,0.05765779676179937
16480,0.0094963689364323
16481,0.030932652073248648
16482,0.43786706824881666
16483,0.1671551160937628
16484,0.1873210611490917
16485,0.535921721852779
16486,0.034715346663389296
16487,0.0
16488,0.350009
16489,0.041139929771748046
16490,0.349908
16491,0.07148586233696683
16492,0.060356561005409676
16493,0.042562214932592754
16494,0.046143213265967
16495,0.11798438088348279
16496,0.19045543217586597
16497,0.08456732576705993
16498,0.03743962286799464
16499,0.00777559006409545
16500,0.071636176190495
16501,0.350009
16502,0.07062794420376298
16503,0.02855037641854377
16504,0.0819768546586134
16505,0.05323686017237442
16506,0.11225654074514675
16507,0.08489311313693534
16508,0.1426032099631966
16509,0.03541181263576276
16510,0.220016
16511,0.220016
16512,0.0
16513,0.04116027906943112
16514,0.0449445188892018
16515,0.0247991417780851
16516,0.3852617672049345
16517,0.21486421351690815
16518,0.09188278690698486
16519,0.24190627922772212
16520,0.3898077725555159
16521,0.10706112753054528
16522,0.0463477708505734
16523,0.02293750152545658
16524,0.0318756691664678
16525,0.0
16526,0.06489704451227296
16527,0.009901668937431322
16528,0.0022291272949697
16529,0.0081198484563012
16530,0.1256058293734083
16531,0.08029576635308125
16532,0.24598014402203622
16533,0.350009
16534,0.008824035487355823
16535,0.220016
16536,0.06850859508056086
16537,0.0081483164628987
16538,0.012113535695692644
16539,0.220016
16540,0.05884997289490344
16541,0.03193848139337694
16542,0.010464037793753576
16543,0.06963191021769
16544,0.017340499960338
16545,0.350009
16546,0.46191531654427725
16547,0.06954927492628317
16548,0.020335393991648763
16549,0.0746798729086548
16550,0.02260543756140214
16551,0.0318741944984257
16552,0.01534248760936803
16553,0.11423708215846479
16554,0.09420029825717319
16555,0.09773184293289235
16556,0.02795832058562544
16557,0.048517036696650216
16558,0.0
16559,0.044562459039071224
16560,0.036657499346185646
16561,0.036012397152939864
16562,0.09220417669420555
16563,0.06351426776689204
16564,0.220016
16565,0.03513598161136392
16566,0.09904125674132905
16567,0.058243537337556155
16568,0.026529825630930332
16569,0.043545900030763834
16570,0.03735450358935321
16571,0.05117866397024111
16572,0.0045490865732345
16573,0.028754541900853827
16574,0.04504845898314675
16575,0.219997
16576,0.2934385728686053
16577,0.06340792388870646
16578,0.03634730079827937
16579,0.005010968178535946
16580,0.11479813562272907
16581,0.0
16582,0.012262577689866602
16583,0.06181817814732604
16584,0.030417689653155153
16585,0.19568266500073014
16586,0.06463587346905685
16587,0.03577844698539763
16588,0.024775549101851254
16589,0.220016
16590,0.07314723935166036
16591,0.23527409345885297
16592,0.2503927573749357
16593,0.220016
16594,0.11958566724681471
16595,0.09792105538442925
16596,0.04883616772804836
16597,0.07070728178719937
16598,0.05645521227062975
16599,0.12164287213806457
16600,0.038947199891599005
16601,0.7676254014433048
16602,0.12230857587782076
16603,0.04107372062137715
16604,0.09766204796098836
16605,0.05087971821474209
16606,0.09259140322347792
16607,0.015835895617587897
16608,0.008509663156947428
16609,0.012202025030787367
16610,0.12483760419792587
16611,0.0324699312092345
16612,0.013153227125862324
16613,0.023619205025486187
16614,0.1265371411341216
16615,0.039005882403931005
16616,0.11488405580292614
16617,0.0796196172199364
16618,0.18806035422657352
16619,0.2890641362048878
16620,0.3782589287876693
16621,0.11478687330138977
16622,0.06729947843318793
16623,0.12475677278228921
16624,0.03917667511611542
16625,0.06990280551274419
16626,0.0
16627,0.00784173055140315
16628,0.11244462527801938
16629,0.09758323783625839
16630,0.12301352443379882
16631,0.07320600532012207
16632,0.12266904960114026
16633,0.002260496913109463
16634,0.08796176128455509
16635,0.05706370924789297
16636,0.16432735398864246
16637,0.0030516902592974
16638,0.024456269979761653
16639,0.055374531742992644
16640,0.07599633822461699
16641,0.0019634006758735
16642,0.0
16643,0.03569895093988405
16644,0.11802851888278745
16645,0.10973234072987144
16646,0.1974749744425619
16647,0.20551003412092014
16648,0.29454470233952484
16649,0.19125241848931035
16650,0.219997
16651,0.0503439613328784
16652,0.13609607882920233
16653,0.06609153763921441
16654,0.009496776356394867
16655,0.07281643800534071
16656,0.11623584311695916
16657,0.008458333121444037
16658,0.023177959624205612
16659,0.07369855690056645
16660,0.07360960906816788
16661,0.06889342809884794
16662,0.11516953815899547
16663,0.013753467018355926
16664,0.07999010456322243
16665,0.014983765780383953
16666,0.0
16667,0.13756919198757186
16668,0.032247051870808514
16669,0.04842659918329733
16670,0.14540945644006437
16671,0.10613980682866825
16672,0.219997
16673,0.4444721500399892
16674,0.16806206569703958
16675,0.19595400091527904
16676,0.07728047722246847
16677,0.16491203277755645
16678,0.14850915962056946
16679,0.11343070855288805
16680,0.07250337752988897
16681,0.014950283635177222
16682,0.349908
16683,0.14879871464377617
16684,0.09544903172810808
16685,0.04896230640419572
16686,0.1089430181399149
16687,0.004278787058838
16688,0.015068223035630851
16689,0.0107141760321011
16690,0.025842543660341298
16691,0.08517821422724192
16692,0.219997
16693,0.06807625333240132
16694,0.07049980042954923
16695,0.207911042716044
16696,0.9410394377927265
16697,0.15175689252605332
16698,0.01771260361896848
16699,0.220016
16700,0.10369002925117533
16701,0.33991669442432676
16702,0.219997
16703,0.13318677765702455
16704,0.006625288081407952
16705,0.07133205549090917
16706,0.0028640182244046
16707,0.11463934940973186
16708,0.220016
16709,0.053698040085209967
16710,0.220016
16711,0.05695947762747827
16712,0.04301460734749495
16713,0.011933791885436359
16714,0.015528353296221684
16715,0.03346736157919214
16716,0.07731620575721088
16717,0.08559732911258745
16718,0.0241352291447071
16719,0.17911409701831443
16720,0.219997
16721,0.24813719176306764
16722,0.14622390184231157
16723,0.06889155354351345
16724,0.20766253206037777
16725,0.219997
16726,0.350009
16727,0.09594121425560194
16728,0.11442034975028292
16729,0.01796814238739717
16730,0.07397867922497503
16731,0.5859215388160475
16732,0.027317050030099613
16733,0.1729315952212896
16734,0.350009
16735,0.219997
16736,0.0
16737,0.0045947257204560655
16738,0.0041302086219771085
16739,0.05506133254908365
16740,0.07465719216997095
16741,0.2507163895364541
16742,0.27303245454274744
16743,0.0091846951455427
16744,0.1725796715947865
16745,0.14900627813240006
16746,0.349908
16747,0.219997
16748,0.18345474655224764
16749,0.2654443897402256
16750,0.350009
16751,0.136810542349576
16752,0.09771361450432303
16753,0.16221096342997282
16754,0.06356236329233723
16755,0.219997
16756,0.9550714259145398
16757,0.08094062637364575
16758,0.09064396944391254
16759,0.4991518513291967
16760,0.06647734697651514
16761,0.27726103118516354
16762,0.06429570978825572
16763,0.12375190136025281
16764,0.023996035259053302
16765,0.05688050386211935
16766,0.004233996190908918
16767,0.40097977119336753
16768,0.07372713162562754
16769,0.15234944195629652
16770,0.219997
16771,0.219997
16772,0.219997
16773,0.49858424941981827
16774,0.350009
16775,0.0328354793371215
16776,0.2728317648111168
16777,0.17552286409002438
16778,0.220016
16779,1.0
16780,0.32139203185827697
16781,0.349908
16782,0.055447722686065695
16783,0.220016
16784,0.13501196977372965
16785,0.03493680372866437
16786,0.00922124368236023
16787,0.09101792937377134
16788,0.0010032494739008
16789,0.007024335167216122
16790,0.031298742128138296
16791,0.09428506873509084
16792,0.1836476924524544
16793,0.16892921551269768
16794,0.219997
16795,0.1444051388208285
16796,0.220016
16797,0.16556393689968402
16798,0.1747961351087974
16799,0.22167258410511323
16800,0.04304787306127593
16801,0.07995566334134405
16802,1.0
16803,0.9240527345338351
16804,0.6689300696112386
16805,0.01696734948519424
16806,0.018894193149496842
16807,0.11326674212592072
16808,0.3513819998997345
16809,0.09027833576991
16810,0.0026816727854891125
16811,0.0
16812,0.014804784573091983
16813,0.09572904053775018
16814,0.09865115406965055
16815,0.1278115905787438
16816,0.03590473888884213
16817,0.46148888283068157
16818,0.05210223258978516
16819,0.08785101169683424
16820,0.219997
16821,0.10786758204333799
16822,0.11838915766221994
16823,0.11509713050503492
16824,0.22772338190743213
16825,0.350009
16826,0.0475073773282396
16827,0.12463779092158452
16828,0.18174572989408644
16829,0.220016
16830,1.0
16831,1.0
16832,0.7161975389755064
16833,0.03659119201351654
16834,0.11777850093505789
16835,0.010743230124562705
16836,0.350009
16837,0.05611177976663982
16838,0.3367833227142207
16839,0.06687407041664134
16840,0.0734494115585736
16841,0.032313597622639675
16842,0.18870722839020754
16843,0.21664754556561616
16844,0.219997
16845,0.219997
16846,0.6614235420629819
16847,0.5263616511700525
16848,0.33185000797867353
16849,0.219997
16850,0.1829795115268685
16851,0.10199164411109407
16852,0.220016
16853,0.06053164967992178
16854,0.051864852391487457
16855,0.0
16856,0.14940351550397035
16857,0.08766998284087103
16858,0.0936016870596103
16859,0.1821989026090069
16860,0.03275191364773655
16861,0.9487899972235065
16862,0.9987129917049317
16863,0.8758172834243962
16864,0.1521446556122003
16865,0.04977127868888598
16866,0.23417651183170635
16867,0.265608272338932
16868,0.006506907220367744
16869,0.022083254496763634
16870,0.01789448156428314
16871,0.09853270776116846
16872,0.18864526618440086
16873,0.09731623576793438
16874,0.5542594062236277
16875,1.0
16876,0.15698759304456927
16877,0.19647322730233263
16878,0.21552748637976493
16879,0.219997
16880,0.10201833225320292
16881,0.350009
16882,0.220016
16883,0.05425958497687788
16884,0.0933134108952419
16885,0.11836543757600738
16886,0.14454624258716595
16887,0.10281507043468205
16888,0.012949370341146137
16889,0.2758567818002943
16890,0.3323495725711251
16891,0.219997
16892,0.17074098202090154
16893,0.017204178784793925
16894,0.17005726108258487
16895,0.0775549012208121
16896,0.24432989817419856
16897,0.03278262382522393
16898,0.025480073657177086
16899,0.07700249131907347
16900,0.00661538898902784
16901,0.024311309968862507
16902,0.07486552504537851
16903,0.10250712072285445
16904,0.350009
16905,1.0
16906,0.349908
16907,0.349908
16908,0.17241063671530596
16909,0.219997
16910,0.29788123508916825
16911,0.6870044746270217
16912,0.09169649585271102
16913,0.055319381575552995
16914,0.023567859871329512
16915,0.15263217798473294
16916,0.2598123162012119
16917,0.14469537511232403
16918,0.349908
16919,0.27357702343544393
16920,0.2828416004182527
16921,1.0
16922,0.220016
16923,0.015709090881207557
16924,0.19265998715946342
16925,0.220016
16926,0.020768944767347412
16927,0.058546614300590466
16928,0.219997
16929,0.1411419917180995
16930,0.06512652773994203
16931,0.07902246900168611
16932,0.08990819361345323
16933,0.219997
16934,0.5662817802844445
16935,0.349908
16936,0.7284619369818108
16937,0.349908
16938,0.219997
16939,0.219997
16940,0.350009
16941,0.007370098178489401
16942,0.1687694922736678
16943,0.054445325731555326
16944,0.10444864366149273
16945,0.350009
16946,0.28649927825695737
16947,0.09256463876415699
16948,0.0394816925374613
16949,0.6968975500411105
16950,0.350009
16951,0.0731890496453588
16952,0.21225127115077028
16953,0.09902212805327075
16954,0.07750059466106544
16955,0.0040970208953826
16956,0.0403339482093355
16957,0.07516742984376312
16958,0.1570174751510342
16959,0.19810478926728836
16960,0.219997
16961,0.5919438970756796
16962,1.0
16963,0.5965705679590558
16964,0.4412222352171823
16965,0.8752259987751738
16966,0.1169807883493499
16967,0.05233127206268458
16968,0.08482574910612035
16969,0.220016
16970,0.21436125063563435
16971,0.04434955900876781
16972,0.038796238845719866
16973,0.10334115144217172
16974,0.1914283138513178
16975,0.046071739397042094
16976,0.006621083299380531
16977,0.13022167986575225
16978,0.007957597009437599
16979,0.045966074685100985
16980,0.023763991314978777
16981,0.002638300342714877
16982,0.057936909989643695
16983,0.17196869470559525
16984,0.10017239693808486
16985,0.08157077140465269
16986,0.31546927809436176
16987,0.3474357651998704
16988,0.350009
16989,1.0
16990,0.9356517973889348
16991,0.349908
16992,0.08903552532439943
16993,0.03968235333730816
16994,0.03223920267324174
16995,0.07062525084708834
16996,0.12321796753696988
16997,0.006863947213325875
16998,0.008721953098776375
16999,0.047960123397041636
17000,1.0
17001,0.06589530382382676
17002,0.03423789835599733
17003,0.0754170495657715
17004,0.09600819462067653
17005,0.1256744155568171
17006,0.03800283083346383
17007,0.09742482224964114
17008,0.020146417247904374
17009,0.033066512267780776
17010,0.010609253574981863
17011,0.014076952993880234
17012,0.05469741693452038
17013,0.164225734090042
17014,0.17924169255017397
17015,0.7328109324596815
17016,0.4780007871503439
17017,0.25693347573454417
17018,1.0
17019,0.5532622847820726
17020,0.626796776315393
17021,0.220016
17022,0.03742614591021802
17023,0.036718307141049775
17024,0.0034936416073516347
17025,0.07332911460730124
17026,0.06836851338485717
17027,0.06549482574214513
17028,0.09436657228736942
17029,0.6045387593925577
17030,0.220016
17031,0.350009
17032,0.048037467840810026
17033,0.09948153522610143
17034,0.20621295847102883
17035,0.15580217580392597
17036,0.17789382667319173
17037,0.040202989151502846
17038,0.04645783322112591
17039,0.015679118813344398
17040,0.050039886282789346
17041,0.219997
17042,1.0
17043,0.36961974444867984
17044,0.7544521536588293
17045,0.3305028822978988
17046,0.3853231414953417
17047,0.219997
17048,0.1865300613216116
17049,0.003197617183737363
17050,0.013393521828512433
17051,0.0411205976969349
17052,0.035652529976456085
17053,0.15142613927747128
17054,0.219997
17055,0.022891916254046317
17056,0.349908
17057,0.10141186490015196
17058,0.010508439648478682
17059,0.350009
17060,0.09222289187249418
17061,0.008782945201661
17062,0.2189768756313239
17063,0.28550947924044956
17064,0.07330532717962726
17065,0.0008838935646702
17066,0.350009
17067,0.219997
17068,0.13863942695480377
17069,0.1798403067162996
17070,0.02065589157738105
17071,0.1368182595734382
17072,0.11729415281548157
17073,0.10160764419601456
17074,0.08796347734332649
17075,0.20903013298379092
17076,0.08434409178845659
17077,0.007820898404494635
17078,0.220016
17079,0.013106081408343032
17080,0.1442576498910065
17081,0.03958149103783865
17082,0.16887056283550853
17083,0.07624038404215204
17084,0.10219904555654716
17085,0.0119478010234039
17086,0.11883283192355328
17087,0.219997
17088,0.45321382305828517
17089,0.5378122500050109
17090,0.11524012354873983
17091,0.03131586864732469
17092,0.09334642066082588
17093,0.01387026831551416
17094,0.1499836884627391
17095,0.16828111399821177
17096,0.03617479409371187
17097,0.034798181119253056
17098,0.005334948380949083
17099,0.037449583408982724
17100,0.012650872264686896
17101,0.07274955836527226
17102,0.13885056069725882
17103,0.16355797885783496
17104,0.42805268155062054
17105,0.021030357479909317
17106,0.027379179510185044
17107,0.09723042372052301
17108,0.0924062221513941
17109,0.1688395459333227
17110,0.3953070450380695
17111,0.15346683472676717
17112,0.0186332593215664
17113,0.14627236263018092
17114,0.032058123995014585
17115,0.07043009197807062
17116,0.15674315892205182
17117,0.0
17118,0.051008583536818086
17119,0.219997
17120,0.0190547048884818
17121,0.0027706468474199032
17122,0.014342635386704935
17123,0.219997
17124,0.1079740130935755
17125,0.07582206119516957
17126,0.027455940680662642
17127,0.07616719867116295
17128,0.07550632678255714
17129,0.32852289369245435
17130,0.03308440249037471
17131,0.024844055170320963
17132,0.045657606202237105
17133,0.03650367362558822
17134,0.11773684281680205
17135,0.18715357239210997
17136,0.06927891629574914
17137,0.272897633761356
17138,0.18012596146640855
17139,0.05683314150744019
17140,0.0130146045176184
17141,0.02745947914255072
17142,0.06616510866567332
17143,0.03264664272014722
17144,0.29999863830291
17145,0.219997
17146,0.030034337164546517
17147,0.1710906750842802
17148,0.04173751796690971
17149,0.024709396926574
17150,0.3991488233841497
17151,0.7709314900638731
17152,0.22210065301293785
17153,0.04305087033489788
17154,0.0136259475494431
17155,0.03556063437064646
17156,0.10829583121368183
17157,0.07012060437349435
17158,0.09109691253515295
17159,0.08942369449086185
17160,1.0
17161,0.03551621116495574
17162,0.05782780603790188
17163,0.04790637363402488
17164,0.06694209563574183
17165,0.017483405308707026
17166,0.05740000713865342
17167,0.1274101111541825
17168,0.4245246168354735
17169,0.06922810531657873
17170,0.15668440396365546
17171,0.025783365104170473
17172,0.02268571813189684
17173,0.045119976840204655
17174,0.15372820231424644
17175,0.025994215938319565
17176,0.02005089983098277
17177,0.10420928096213351
17178,0.09867390551502866
17179,0.06700593061818758
17180,0.006085523124644202
17181,0.07373381426247332
17182,0.023510270434635924
17183,0.0160347079638083
17184,0.1615131107379683
17185,0.03947318132917829
17186,0.0561580924133209
17187,0.0375376473423379
17188,0.029127125055655817
17189,0.09143806062204096
17190,0.05553094626937813
17191,0.027515846527478516
17192,0.0415777425899817
17193,0.8196654275998361
17194,0.03406887546865467
17195,0.09913343951353518
17196,0.0517418485787816
17197,0.0674193644675302
17198,0.09029675802685772
17199,0.0739499929055602
17200,0.017835187255500484
17201,0.037355816815057535
17202,0.32418367190356534
17203,0.0853926607964704
17204,0.00555042165256222
17205,0.0033848464968189575
17206,0.007191900327688811
17207,0.015691906430850267
17208,0.01143589869641813
17209,0.03725088761068775
17210,0.13958512004940626
17211,0.005580688243768141
17212,0.015727090322899196
17213,0.17328653595310667
17214,0.023165642491917767
17215,0.025073600770188848
17216,0.0
17217,0.350009
17218,0.02972817367924189
17219,0.0047222436221273
17220,0.01163974912889355
17221,0.054672006580673393
17222,0.0025641590437538234
17223,0.06772248683350904
17224,0.13520312835922982
17225,0.12343832076444103
17226,0.044077508826360315
17227,0.032457180502508065
17228,0.0953983511128251
17229,0.15239590333208836
17230,0.13487363486605738
17231,0.11870362090154289
17232,0.08190897833676195
17233,0.019295827376232238
17234,0.010261376152729939
17235,0.0203714335457368
17236,0.220016
17237,0.2641467172072886
17238,0.16819135433715066
17239,0.006420155899252507
17240,0.0
17241,0.037739712193354785
17242,0.023047300349326484
17243,0.022733525322799986
17244,0.026566206710734685
17245,0.018804268880148356
17246,0.051516731583903415
17247,0.01625428713819435
17248,0.049832880351541695
17249,0.012489405420089783
17250,0.0408045819466956
17251,0.11258685145885816
17252,0.07261857573431615
17253,0.18232711694729067
17254,0.0043917856106846
17255,0.12090418332067222
17256,0.007940778533815085
17257,0.219997
17258,0.008545362255730124
17259,0.02542458062231541
17260,0.0
17261,0.0021220178656813247
17262,0.014389368528326202
17263,0.03723553674980504
17264,0.042873381335618535
17265,0.02579066278246303
17266,0.0
17267,0.0083497162846558
17268,0.09365146446748851
17269,0.01647080751934705
17270,0.031054015512742773
17271,0.10516411212458013
17272,0.01106214424793725
17273,0.0028827133521130296
17274,0.019547528725338638
17275,0.17305264115244684
17276,0.04567766990650615
17277,0.05126701072912351
17278,0.003923004243710027
17279,0.008701800917093393
17280,0.04659668511268416
17281,0.12884177395442675
17282,0.04605256113182217
17283,0.04553170984965181
17284,0.219997
17285,0.04134281519774466
17286,0.061095512380568776
17287,0.11680905974059001
17288,0.012255972883322185
17289,0.08004265628681471
17290,0.029729860087362496
17291,0.0
17292,0.0058773825499271
17293,0.15371312040241325
17294,0.07993041348681672
17295,0.006390528088768827
17296,0.15716119585567334
17297,0.014656605613720463
17298,0.017022527128366577
17299,0.08764792949097137
17300,0.03052611015293161
17301,0.0019439225504137812
17302,0.01741326406368538
17303,0.02202600910919439
17304,0.01152577945898438
17305,0.051830317838196374
17306,0.03243445419969566
17307,0.059808932302728296
17308,0.08028924205362621
17309,0.0039814601075136
17310,0.220016
17311,0.0248502270422164
17312,0.0789960270144682
17313,0.0115335697814082
17314,0.006162414487516933
17315,0.01863902241765481
17316,0.07673220976047782
17317,0.03761912680452556
17318,0.0167451372210529
17319,0.03209831652149194
17320,0.0361176708978721
17321,0.02848491236255354
17322,0.0224460856190712
17323,0.040472434267356
17324,0.1189406352795862
17325,0.219997
17326,0.09466178144700432
17327,0.0
17328,0.024296615280792855
17329,0.019587318848472854
17330,0.0426073022584464
17331,0.220016
17332,0.0629490560658885
17333,0.015370521809461
17334,0.11413880692082425
17335,0.08391179598056475
17336,0.0246665343680337
17337,0.219997
17338,0.0823863852173389
17339,0.0461022704222428
17340,0.209154274245905
17341,0.350009
17342,0.01997148842349169
17343,0.021183697085374
17344,0.030046455468844203
17345,0.220016
17346,0.0
17347,0.220016
17348,0.1855517183805191
17349,0.062369293924737515
17350,0.05673528708306725
17351,0.023889931122892664
17352,0.012876305057223645
17353,0.0
17354,0.011387287797396709
17355,0.350009
17356,0.09648987339581268
17357,0.6890670959857295
17358,0.220016
17359,0.043628056806365084
17360,0.220016
17361,0.03744211827169472
17362,0.10891230823111551
17363,0.10219480069523114
17364,0.0
17365,0.0436134796658113
17366,0.12962918457081563
17367,0.220016
17368,0.39606589506985573
17369,0.350009
17370,0.219997
17371,0.220016
17372,0.021943855673282258
17373,0.018960695929515183
17374,0.03501869737884907
17375,0.0094963689364323
17376,0.006852091360452147
17377,0.022373721241062197
17378,0.350009
17379,0.1409004816480906
17380,0.220016
17381,0.37102128194276124
17382,0.0
17383,0.0
17384,0.3552969623908124
17385,0.07510503616302364
17386,0.349908
17387,0.10000219915339664
17388,0.09575915520148388
17389,0.03316195658206545
17390,0.058415537283278904
17391,0.024536235419995205
17392,0.12269563467225797
17393,0.16923542290721838
17394,0.08456732576705993
17395,0.0222144176714712
17396,0.0
17397,0.06553478002250279
17398,0.350009
17399,0.07911585023389107
17400,0.07673703033531357
17401,0.026634752649863
17402,0.05603165483279371
17403,0.10814765641548736
17404,0.07601413731447246
17405,0.020208354581051385
17406,0.0727151400033458
17407,0.1358808792800268
17408,0.03866274723827659
17409,0.019710119031069166
17410,0.12451608807751993
17411,0.220016
17412,0.025920288470183683
17413,0.024260894037744618
17414,0.0160727287169324
17415,0.018865362686824202
17416,0.0324140292964588
17417,0.4560826033022737
17418,0.21066314312992435
17419,0.15655765718413797
17420,0.350009
17421,0.349908
17422,0.00976520017888862
17423,0.13363349763829718
17424,0.040958898824738
17425,0.0144724467970898
17426,0.0149795730054302
17427,0.005167643539029642
17428,0.006102241876481225
17429,0.033135785861076544
17430,0.0022291272949697
17431,0.04884822199878135
17432,0.1338321629477281
17433,0.10025557444930144
17434,0.17996967388535579
17435,0.220016
17436,0.350009
17437,0.008824035487355823
17438,0.220016
17439,0.05714800741073446
17440,0.0210055948800227
17441,0.0
17442,0.030446238711387047
17443,0.012968988784710846
17444,0.22364928698458367
17445,0.04252428259300034
17446,0.0004322383830301
17447,0.0935005947303087
17448,0.08928387997154864
17449,0.220016
17450,0.350009
17451,0.046115710327853
17452,0.03645544204507317
17453,0.020335393991648763
17454,0.08055461403923739
17455,0.08839376555722063
17456,0.0168440385523878
17457,0.07950234872959393
17458,0.01113363932259705
17459,0.20656552855107818
17460,0.13587493344984988
17461,0.08538359409116805
17462,0.039998955996587544
17463,0.02569867374019362
17464,0.0008485835540058
17465,0.0056708092727417
17466,0.02638922111486732
17467,0.04511610659615935
17468,0.12225500891696506
17469,0.08480160240420613
17470,0.220016
17471,0.029730780695111623
17472,0.08817519891469144
17473,0.06692688107342255
17474,0.03043144496656218
17475,0.01460238805553634
17476,0.05434075364387751
17477,0.039619081003011015
17478,0.027951683526222
17479,0.028756035045531925
17480,0.07379930220141585
17481,0.219997
17482,0.3132093736075293
17483,0.07296570639564626
17484,0.03425789919884317
17485,0.0009142514192897453
17486,0.09093066850544658
17487,0.007909443558543436
17488,0.015386410714367851
17489,0.06262783800428415
17490,0.031770690383840866
17491,0.02484074368797585
17492,0.20726297242012995
17493,0.05184364987837985
17494,0.04820476329066093
17495,0.056090071773099257
17496,0.09604784209892635
17497,0.08617188335909115
17498,0.2245834236455158
17499,0.22075016378170803
17500,0.23427954127803463
17501,0.11503381232713072
17502,0.07376023122265765
17503,0.03692551664869716
17504,0.08090327904509206
17505,0.07505126418260526
17506,0.01157710630380254
17507,0.12900138966094749
17508,0.0596569043738083
17509,0.8042870028074569
17510,0.12434871520423436
17511,0.06514475567399565
17512,0.09946906843560147
17513,0.03783764284220529
17514,0.09874893146819942
17515,0.01557781368968898
17516,0.1376972609350386
17517,0.016187982704459324
17518,0.019204223267869885
17519,0.08536026852519368
17520,0.05703773226409391
17521,0.10603988029204783
17522,0.07226708123568482
17523,0.1970914369733332
17524,0.32244781833507596
17525,0.349908
17526,0.13866254222035096
17527,0.04322577575056992
17528,0.1373074644578014
17529,0.04050235743452382
17530,0.05073964123757309
17531,0.06524762627343336
17532,0.053376211154641494
17533,0.13796952907576693
17534,0.03425093673996558
17535,0.12118761704213986
17536,0.02463855066862696
17537,0.1049424165902029
17538,0.07267695811754477
17539,0.01546691558070894
17540,0.15938303358716194
17541,0.010101815159765493
17542,0.04994893906580245
17543,0.07243821260437434
17544,0.043522879574363196
17545,0.0269103193475176
17546,0.018361232586512073
17547,0.06180277533578766
17548,0.08808279351366874
17549,0.10121321339056784
17550,0.18878244807917244
17551,0.19761119201024546
17552,0.26832678872406035
17553,0.220016
17554,0.219997
17555,0.037282514128962996
17556,0.17012373478238632
17557,0.08965650667656341
17558,0.06417344358226382
17559,0.10693973187825036
17560,0.04935705608799794
17561,0.05686165769996667
17562,0.003480776145809451
17563,0.048957843129508925
17564,0.04994041356189207
17565,0.03251013676405283
17566,0.11766276650009244
17567,0.0020529577252785
17568,0.03929740837452175
17569,0.0
17570,0.16562013423293825
17571,0.016040590863607217
17572,0.06269154598354333
17573,0.11459654677491198
17574,0.09849760746861264
17575,0.219997
17576,0.349908
17577,0.15868740704043238
17578,0.19780349712176765
17579,0.08113655225370436
17580,0.16477189493674554
17581,0.13630992612393678
17582,0.12166727114517244
17583,0.07466297774795128
17584,0.015003223319481226
17585,0.0020063671389807195
17586,0.349908
17587,0.11837396510250467
17588,0.13490515607479028
17589,0.07669923382366833
17590,0.08608346888490839
17591,0.03553260245899315
17592,0.0170211082664551
17593,0.038358140082125
17594,0.07866110670331622
17595,0.219997
17596,0.08826531644228432
17597,0.11562166086574872
17598,0.2175266479773323
17599,0.9938547806541986
17600,0.1888621386148303
17601,0.020004422708596283
17602,0.350009
17603,0.12847553107053872
17604,0.31228258086960653
17605,0.219997
17606,0.10708267910778185
17607,0.0525074373151133
17608,0.08130344798695249
17609,0.13514009900083676
17610,0.17721041092640719
17611,0.07733788589805615
17612,0.220016
17613,0.04181629191779967
17614,0.08426732304095605
17615,0.0
17616,0.025945228035418783
17617,0.03226191480175764
17618,0.07298906120026497
17619,0.08946757570930106
17620,0.0327347194670536
17621,0.17131552620583806
17622,0.219997
17623,0.219997
17624,0.11154941184588568
17625,0.051152397278433556
17626,0.17645179660619054
17627,0.279067769965911
17628,0.350009
17629,0.09342144752744114
17630,0.10644741849814812
17631,0.028145572675368772
17632,0.0150879369053288
17633,0.06161047416537952
17634,0.5255902329582482
17635,0.17983137580961808
17636,0.4300563032371161
17637,0.2329095640626779
17638,0.0
17639,0.0
17640,0.0074824890527099
17641,0.08601132340587256
17642,0.06967383375177685
17643,0.220016
17644,0.264702555563436
17645,0.1556023935568216
17646,0.13039031635120724
17647,0.219997
17648,0.219997
17649,0.19007858401792654
17650,0.219997
17651,0.3892541025364856
17652,0.13446927096657618
17653,0.07275064774168533
17654,0.06292016021664053
17655,0.06038391108139743
17656,0.3244940471669264
17657,0.8565216801764961
17658,0.12105933401068045
17659,0.48567644839339197
17660,0.06427338747065092
17661,0.349908
17662,0.0028550218981292
17663,0.06222388930527482
17664,0.11883359593395772
17665,0.0367988291829022
17666,0.06981881010844815
17667,0.004233996190908918
17668,0.42885705508309013
17669,0.09667381272281243
17670,0.17796542457547762
17671,0.33156627813097084
17672,0.219997
17673,0.3197110877851946
17674,0.46938328453743905
17675,0.350009
17676,0.219997
17677,0.220016
17678,0.220016
17679,1.0
17680,0.349908
17681,0.3871968754050553
17682,0.010553767824493498
17683,0.220016
17684,0.13387368251892195
17685,0.010253708624006964
17686,0.0018345282131596661
17687,0.0068071594733756
17688,0.09605199071067175
17689,0.0067742566284357
17690,0.0269519572787081
17691,0.13973245429565684
17692,0.1853741591398921
17693,0.219997
17694,0.219997
17695,0.12247914595915481
17696,0.220016
17697,0.220016
17698,0.15794847655603939
17699,0.350009
17700,0.056755988242188096
17701,0.10256224131423874
17702,1.0
17703,0.9335242988392628
17704,0.727094616708091
17705,0.008201799900660018
17706,0.013660400530990099
17707,0.018894193149496842
17708,0.10728936669988912
17709,0.38140730224579555
17710,0.076457261626279
17711,0.003691731166266244
17712,0.0
17713,0.007608614047559817
17714,0.08406615622302938
17715,0.12859245307245395
17716,0.12756806653464092
17717,0.027767856172828728
17718,0.4432239848458831
17719,0.0475239325261302
17720,0.08247653937243503
17721,0.24400928070301078
17722,0.1614750850471383
17723,0.10408147898216603
17724,0.07171828185163934
17725,0.23805432406072305
17726,0.350009
17727,0.0384481114085113
17728,0.1427561224650441
17729,0.16560923371491815
17730,0.16708736311696198
17731,1.0
17732,1.0
17733,0.6769388076298402
17734,0.034619146626029836
17735,0.09357417024666893
17736,0.0
17737,0.304082172063348
17738,0.05092930541315302
17739,0.29873289027503913
17740,0.0504939830398041
17741,0.04363123949007018
17742,0.17523002327498244
17743,0.19054566489523236
17744,0.219997
17745,0.219997
17746,0.7459747963747673
17747,0.5364147395617092
17748,0.27705188156452615
17749,0.219997
17750,0.1685104420444281
17751,0.07874489789684767
17752,0.18770749099331002
17753,0.11146989754123808
17754,0.07558620733316096
17755,0.16314548269812978
17756,0.161809881679278
17757,0.052120786090458615
17758,0.1616099851142823
17759,0.00976741492578455
17760,0.890399632758545
17761,0.9987129917049317
17762,0.8758172834243962
17763,0.1971769292266655
17764,0.06864778341803228
17765,0.220016
17766,0.26872896106507765
17767,0.03318243158798154
17768,0.03581630258534864
17769,0.08955004925849816
17770,0.19291545650629116
17771,0.10776903052217979
17772,0.4674655776511297
17773,1.0
17774,0.1408246675194192
17775,0.17099738847276663
17776,0.219997
17777,0.219997
17778,0.10683084995574582
17779,0.350009
17780,0.1559871062097581
17781,0.04732737857164367
17782,0.08505558212989539
17783,0.09904061832208938
17784,0.19240248994036305
17785,0.06646912083489356
17786,0.01697162827809894
17787,0.27538973291075997
17788,0.350009
17789,0.214787858368677
17790,0.14236267149231874
17791,0.17535806812289245
17792,0.0787853154456318
17793,0.28098231401615664
17794,0.013691516868224077
17795,0.006079698480911987
17796,0.04219095683035247
17797,0.03959608165557374
17798,0.03364828786598971
17799,0.10508354079628301
17800,0.08640669103072435
17801,0.36277138288473326
17802,1.0
17803,0.349908
17804,0.349908
17805,0.18429897299822767
17806,0.219997
17807,0.219997
17808,0.6474630727836571
17809,0.07709018401085281
17810,0.039924920248746866
17811,0.0792990840923706
17812,0.005948987399641311
17813,0.1494407127426594
17814,0.219997
17815,0.14482818885208193
17816,0.4487052539924584
17817,0.349908
17818,0.28342969454779443
17819,1.0
17820,0.09119600069774678
17821,0.04902291429283426
17822,0.21452634932806802
17823,0.2680971316884948
17824,0.028844005429842612
17825,0.11713257388446197
17826,0.219997
17827,0.14196360833294266
17828,0.051417192039255426
17829,0.07884081269389079
17830,0.06677001814715572
17831,0.3071383468313077
17832,0.5829625239804724
17833,0.349908
17834,0.7748425556962075
17835,0.5026886602937186
17836,0.219997
17837,0.219997
17838,0.2997648618497194
17839,0.0
17840,0.1467426642326411
17841,0.11499887337457743
17842,0.12664021543399584
17843,0.4044694779655205
17844,0.33306433134975066
17845,0.10729785850376858
17846,0.0394816925374613
17847,0.6937022759727527
17848,0.3923397957101421
17849,0.0585086324087319
17850,0.21789336811400328
17851,0.10685431103014435
17852,0.06048493110085355
17853,0.02295484006366095
17854,0.029505668952710305
17855,0.05772001460930573
17856,0.219997
17857,0.219997
17858,0.211135104456684
17859,0.5531058615353988
17860,1.0
17861,0.6602199970782877
17862,0.5146251534979998
17863,0.8197250385054725
17864,0.160821311085493
17865,0.04164790046143618
17866,0.04451545486566746
17867,0.14555987785934313
17868,0.219997
17869,0.0800923832840336
17870,0.036837975076332546
17871,0.16975010491588033
17872,0.18460402729647132
17873,0.054354473742520615
17874,0.0
17875,0.13141816167309076
17876,0.0333348985767187
17877,0.0
17878,0.0295591744754087
17879,0.019051741960310578
17880,0.0498614333762223
17881,0.13832493360519987
17882,0.10814144541274345
17883,0.11994953338498969
17884,0.324350506197589
17885,0.219997
17886,0.350009
17887,1.0
17888,1.0
17889,0.349908
17890,0.08185384829426003
17891,0.031945012486324156
17892,0.010384037998913045
17893,0.06344798585233236
17894,0.10750659577185179
17895,0.0
17896,0.008721953098776375
17897,0.04104289464508843
17898,1.0
17899,0.06169123583169206
17900,0.03423789835599733
17901,0.13119439855556198
17902,0.11827780698207044
17903,0.1310643357887974
17904,0.025418017820154223
17905,0.09312864406102403
17906,0.020146417247904374
17907,0.03636830020469068
17908,0.026487144782707764
17909,0.008110749346327734
17910,0.04757154304889938
17911,0.1556247639585936
17912,0.21779137586730468
17913,0.8544961056266109
17914,0.48384550778949287
17915,0.2449956524978827
17916,1.0
17917,0.5578215402540977
17918,0.6100979851600061
17919,0.220016
17920,0.03633545750033246
17921,0.02920215240964947
17922,0.01631589360501823
17923,0.08012624118009135
17924,0.09051968265325086
17925,0.04041338299494954
17926,0.10906407057894432
17927,0.5866848060830085
17928,0.220016
17929,0.35218763383492535
17930,0.06538431830778023
17931,0.11996089697030664
17932,0.17952637243690694
17933,0.15909539759298236
17934,0.12167866492969054
17935,0.02344047892977755
17936,0.024335836031055616
17937,0.05981955654144785
17938,0.219997
17939,1.0
17940,0.35769530325671606
17941,0.8082540699135075
17942,0.350009
17943,0.349908
17944,0.2424509421182945
17945,0.1741090792492164
17946,0.06745525595507995
17947,0.0396893259555217
17948,0.012326069371186134
17949,0.06496237964469895
17950,0.01739886080592099
17951,0.10925720984003677
17952,0.219997
17953,0.04567545864375441
17954,0.219997
17955,0.038928071265439596
17956,0.08147171302823267
17957,0.010508439648478682
17958,0.350009
17959,0.0789726303102272
17960,0.00709936128612269
17961,0.025543194727464004
17962,0.19842960017889527
17963,0.2817865804757649
17964,0.08638033114860716
17965,0.0008838935646702
17966,0.2732880927761143
17967,0.24938458376442352
17968,0.13273260690332117
17969,0.1442652545713662
17970,0.04536469971270775
17971,0.1592679919707858
17972,0.09467836599961726
17973,0.10334098014147496
17974,0.1213006373037944
17975,0.1868269324569522
17976,0.07548067758675545
17977,0.04635505231810091
17978,0.133438728722795
17979,0.10763881005916731
17980,0.07148834565817296
17981,0.15929259038191124
17982,0.07614441782275014
17983,0.11188536940054267
17984,0.0310554586086019
17985,0.11227646602352437
17986,0.219997
17987,0.45136452273468
17988,0.6550061820137731
17989,0.11956087281348683
17990,0.01500369531276593
17991,0.0626681645843369
17992,0.08755184233266107
17993,0.03971117971772726
17994,0.09446228432821181
17995,0.08695480197908717
17996,0.02397531783301566
17997,0.013958302549201003
17998,0.017278362816370508
17999,0.011846623853673233
18000,0.020158601248165257
18001,0.0808787253489851
18002,0.12535632974935973
18003,0.12537361819213647
18004,0.4791817593393459
18005,0.03763677720671392
18006,0.01725840732680494
18007,0.220016
18008,0.09603575665238148
18009,0.1572962547198445
18010,0.44794556393091195
18011,0.14526855733159197
18012,0.0078035133420607
18013,0.14866933302795812
18014,0.07765980877503519
18015,0.11371148592413433
18016,0.15115391896317532
18017,0.020689343451041488
18018,0.219997
18019,0.025312209527520037
18020,0.219997
18021,0.10536931127721649
18022,0.09343401323854955
18023,0.019810235633968543
18024,0.061511631473624456
18025,0.09946468727464854
18026,0.2897555769270921
18027,0.03020120823926061
18028,0.0
18029,0.027337876496657098
18030,0.07010617580278983
18031,0.16557916515390586
18032,0.16710218247385347
18033,0.07636891158032294
18034,0.2632891305837991
18035,0.17337020230770223
18036,0.0638113756056305
18037,0.0064899375717071
18038,0.03286661403132122
18039,0.03916915377068203
18040,0.04487438079093292
18041,0.3142773938807577
18042,0.219997
18043,0.040982387090400814
18044,0.2081301893130382
18045,0.06378220477296781
18046,0.0100582331988408
18047,0.02098224843001744
18048,0.4422456942198204
18049,0.7953084129045154
18050,0.220016
18051,0.060972119734260075
18052,0.03973410995751916
18053,0.06041035293178214
18054,0.019364409083905118
18055,0.11213098896634643
18056,0.11340757813654916
18057,0.06857287340777116
18058,1.0
18059,0.09654165571812258
18060,0.004614815714759431
18061,0.023230572004362182
18062,0.08719018407673322
18063,0.017483405308707026
18064,0.07260213376700672
18065,0.1228181020937507
18066,0.350009
18067,0.05435100961788394
18068,0.220016
18069,0.017354201071795073
18070,0.05484722010842494
18071,0.036866662065970855
18072,0.13687399859554966
18073,0.027682802314401168
18074,0.04920000618088777
18075,0.10420928096213351
18076,0.08903005313819518
18077,0.05272159335471388
18078,0.0124678246479993
18079,0.0266448706085884
18080,0.0628358866123419
18081,0.0075842212987477006
18082,0.1636356752333995
18083,0.03576049997000069
18084,0.033496377112068904
18085,0.04072180212208031
18086,0.04646726159430691
18087,0.11965144598178507
18088,0.10359514140430243
18089,0.0597449865045372
18090,0.025762000326160106
18091,0.860993738950949
18092,0.054372248668592374
18093,0.220016
18094,0.0845376322953651
18095,0.0666652446032243
18096,0.06782978713898183
18097,0.0540977000324959
18098,0.0037565478299026846
18099,0.2603337925197094
18100,0.053238112581256186
18101,0.00555042165256222
18102,0.015691906430850267
18103,0.05134398751013545
18104,0.09337975659076987
18105,0.0
18106,0.17863446673808847
18107,0.056217142716605564
18108,0.005182747439876302
18109,0.02930845156363765
18110,0.3806220061145077
18111,0.02972817367924189
18112,0.03268251741641031
18113,0.008159546544727335
18114,0.02569853371512855
18115,0.013695544078130199
18116,0.05911257384731369
18117,0.054279562601363934
18118,0.1403211534698123
18119,0.12451081656285792
18120,0.017827696832383368
18121,0.09543333313939331
18122,0.21538698466414885
18123,0.10905041117672458
18124,0.11963981839262469
18125,0.15302589101567354
18126,0.06704754159291614
18127,0.05197204843584954
18128,0.220016
18129,0.220016
18130,0.14854804306925895
18131,0.006420155899252507
18132,0.05051230919971139
18133,0.013344970625998286
18134,0.007006667951546185
18135,0.03541574033969429
18136,0.012719748510888466
18137,0.04806311357972441
18138,0.022404587529248916
18139,0.009007525434895098
18140,0.10188938589695556
18141,0.05818395366161916
18142,0.21068495306297336
18143,0.0043917856106846
18144,0.18619839551244902
18145,0.0012196646036663
18146,0.219997
18147,0.014899704260171311
18148,0.014494627481626235
18149,0.007307910381948009
18150,0.020294684454816202
18151,0.02656492546839764
18152,0.03227158679860394
18153,0.04177816455327033
18154,0.0083497162846558
18155,0.13955857666918992
18156,0.01647080751934705
18157,0.07202636256185008
18158,0.02028597326486515
18159,0.08327619341018083
18160,0.0
18161,0.006377422361805582
18162,0.011315913390069099
18163,0.019547528725338638
18164,0.13929408462156642
18165,0.035589544875524154
18166,0.036123347694014415
18167,0.003923004243710027
18168,0.04393050581524026
18169,0.0106396619060966
18170,0.17603928210955597
18171,0.23906775451466977
18172,0.07906024616428164
18173,0.12268236922132257
18174,0.09730176865773152
18175,0.06149426430962891
18176,0.014601550523799698
18177,0.0022776625055802996
18178,0.16814506613191096
18179,0.08978537180634781
18180,0.006390528088768827
18181,0.18195891405771014
18182,0.042804564575421866
18183,0.031175877611141874
18184,0.050118478782042016
18185,0.08663149365204917
18186,0.030379930897849617
18187,0.0038803362190571802
18188,0.006339039164088847
18189,0.023546145784520984
18190,0.020163860174393436
18191,0.0101316338153229
18192,0.04175512021336818
18193,0.02069848807640466
18194,0.0074195065763561045
18195,0.0321306453938681
18196,0.09563767666574981
18197,0.006560547538566576
18198,0.0039814601075136
18199,0.220016
18200,0.012827682065827201
18201,0.04211272759747291
18202,0.0164011178011566
18203,0.008610825187542333
18204,0.0099738063838403
18205,0.006681689483536014
18206,0.014379827349329313
18207,0.07518647196710682
18208,0.019591486064548858
18209,0.0031040658530343997
18210,0.048254336205112144
18211,0.01531194541647014
18212,0.0
18213,0.012168294051193814
18214,0.047546530125747194
18215,0.1463401871214622
18216,0.219997
18217,0.016802251483719693
18218,0.06408286025041533
18219,0.0
18220,0.01199641804567847
18221,0.024296615280792855
18222,0.0478870206632769
18223,0.220016
18224,0.05347790374437305
18225,0.0137881820742741
18226,0.20142488587012425
18227,0.08346742413370073
18228,0.0246665343680337
18229,0.219997
18230,0.030215907878197557
18231,0.1061904992820047
18232,0.067722573925864
18233,0.350009
18234,0.350009
18235,0.04623310362610067
18236,0.0970338982628913
18237,0.0
18238,0.3425825294905552
18239,0.1110335424135499
18240,0.1385445267864089
18241,0.023889931122892664
18242,0.02014956731080025
18243,0.13523631605928663
18244,0.00034154729641556504
18245,0.220016
18246,0.09648987339581268
18247,0.7292363544899296
18248,0.220016
18249,0.0056956716120887
18250,0.1647135515750782
18251,0.0
18252,0.0021904725693048
18253,0.09176661425981392
18254,0.021466437970988447
18255,0.08433288374743972
18256,0.04817273409136974
18257,0.0
18258,0.027670321186038998
18259,0.11553559222845204
18260,0.220016
18261,0.350009
18262,0.4480907020405589
18263,0.0
18264,0.220016
18265,0.026042659330237333
18266,0.08222523016431815
18267,0.042085625379372577
18268,0.06340082024338058
18269,0.11251437839049735
18270,0.350009
18271,0.095737316874914
18272,0.219997
18273,0.350009
18274,0.0
18275,0.0
18276,0.41598733622896733
18277,0.07119139686064774
18278,0.6571943907803297
18279,0.10379160297026283
18280,0.06506756789762008
18281,0.06557285767929215
18282,0.0188313479696499
18283,0.10221568429315536
18284,0.220016
18285,0.08456732576705993
18286,0.037392757784311795
18287,0.00777559006409545
18288,0.0733585547082279
18289,0.2379589828195725
18290,0.012797450264405374
18291,0.06063203644337617
18292,0.04654341304099464
18293,0.06912209446862912
18294,0.04858819136809246
18295,0.02545122951225893
18296,0.0898930197718333
18297,0.0877289122739932
18298,0.08170819375528157
18299,0.07492674421323284
18300,0.220016
18301,0.0
18302,0.05335365732427842
18303,0.023508177666749636
18304,0.025646626424068
18305,0.350009
18306,0.13649255899743384
18307,0.12700712068690798
18308,0.220016
18309,0.349908
18310,0.1546415737550552
18311,0.0521183386046991
18312,0.02293750152545658
18313,0.0356367259385377
18314,0.01789250295183644
18315,0.006102241876481225
18316,0.0022291272949697
18317,0.04884822199878135
18318,0.0081198484563012
18319,0.1618791205528183
18320,0.09027555950261745
18321,0.12265603849416518
18322,0.219997
18323,0.350009
18324,0.008824035487355823
18325,0.220016
18326,0.06010529664660616
18327,0.00886818331687304
18328,0.013225310516009031
18329,0.011614627576868687
18330,0.219997
18331,0.035718639760845744
18332,0.010464037793753576
18333,0.0780339296119
18334,0.13953726545360096
18335,0.0401428704928177
18336,0.08097418392016992
18337,0.350009
18338,0.0514033405486159
18339,0.07625188481975197
18340,0.006339241823707153
18341,0.03254338852998535
18342,0.098158717396663
18343,0.11039425736174094
18344,0.0042635977623859
18345,0.02969801791266213
18346,0.03041040414720695
18347,0.1722123106493682
18348,0.1762018048437861
18349,0.09054154724485294
18350,0.07060185423868864
18351,0.030277720860152214
18352,0.0231242012757947
18353,0.041018106679992825
18354,0.03872602433134245
18355,0.04391314589369687
18356,0.16529261849703936
18357,0.12376470233422263
18358,0.220016
18359,0.03538340814497343
18360,0.08385816642270134
18361,0.051200331399573355
18362,0.023747797810648882
18363,0.02076714297409414
18364,0.049366131828558014
18365,0.04551497173384851
18366,0.016687786018035528
18367,0.05052999820494765
18368,0.219997
18369,0.350009
18370,0.05550126065353485
18371,0.045979080689545065
18372,0.036202647595003246
18373,0.09502473604502518
18374,0.0033954356356080406
18375,0.0089527848996715
18376,0.05650476043736584
18377,0.219997
18378,0.036204850269160045
18379,0.03138184179648253
18380,0.053904444604658756
18381,0.0152772391611743
18382,0.220016
18383,0.09556279480632156
18384,0.23206854576335212
18385,0.22110157397557192
18386,0.220016
18387,0.08675726478441802
18388,0.11678939433102833
18389,0.04434458243779006
18390,0.08458331743632516
18391,0.055315102224561756
18392,0.01157710630380254
18393,0.1395054577866674
18394,0.05739198461049101
18395,0.8681574959075746
18396,0.15357829146940477
18397,0.036895891727563454
18398,0.10801302377218797
18399,0.08130619880913098
18400,0.06775445387375062
18401,0.020684878532352197
18402,0.21182294651391226
18403,0.02482303969457218
18404,0.020795325175839725
18405,0.029490444195998788
18406,0.1249483101176922
18407,0.08041437647178541
18408,0.220016
18409,0.08738443798396442
18410,0.2033758424778266
18411,0.2803166733764875
18412,0.4268432284863668
18413,0.11891588293489128
18414,0.04392556782166662
18415,0.1590309576758514
18416,0.011124600777265719
18417,0.04809184570892969
18418,0.0
18419,0.0
18420,0.00784173055140315
18421,0.13533530050517367
18422,0.06151717273467079
18423,0.12116144405226122
18424,0.07334046635007588
18425,0.14569587914750187
18426,0.03587236667174926
18427,0.0824225366356656
18428,0.026823330063579662
18429,0.19266274707995995
18430,0.07350362056888035
18431,0.07545706489607525
18432,0.0114571789857394
18433,0.025150337223879576
18434,0.05566512052227006
18435,0.07795733801030294
18436,0.08643259650100964
18437,0.2089167593981529
18438,0.20453666324701103
18439,0.220016
18440,0.18947780936335246
18441,0.17872798792540345
18442,0.037859462579085096
18443,0.12662958191807183
18444,0.0070400988011064
18445,0.08860309325065441
18446,0.009496776356394867
18447,0.047367615125154916
18448,0.07124865444104896
18449,0.023039135523030715
18450,0.059862258616390156
18451,0.06782776180872009
18452,0.0
18453,0.04215936111516382
18454,0.05344571792968827
18455,0.03251013676405283
18456,0.036078384939880935
18457,0.030564885047350453
18458,0.15271574953866346
18459,0.023175568595510117
18460,0.06810386062104573
18461,0.12013662206575047
18462,0.08616357580654455
18463,0.219997
18464,0.349908
18465,0.1541435047440382
18466,0.219997
18467,0.08172127821704427
18468,0.16023482420407853
18469,0.12953111502507797
18470,0.11586395049767693
18471,0.08683908678789107
18472,0.015003223319481226
18473,0.01249939139854181
18474,0.219997
18475,0.09445568264534557
18476,0.06946359484618338
18477,0.06021679195678343
18478,0.0824667781904283
18479,0.0
18480,0.0406911992028316
18481,0.0263095391274719
18482,0.04954673576871363
18483,0.219997
18484,0.10659507134470601
18485,0.08856142279563073
18486,0.19878649429603001
18487,0.9489917674290604
18488,0.17655436000117672
18489,0.03925499910975668
18490,0.350009
18491,0.12683695509556692
18492,0.3279153139107062
18493,0.219997
18494,0.11560099175855676
18495,0.0
18496,0.05596134072551316
18497,0.21194555871813103
18498,0.03455996535503
18499,0.16359757282373286
18500,0.18290297215379248
18501,0.07961766898304187
18502,0.220016
18503,0.10424496162838497
18504,0.03403177410721386
18505,0.0
18506,0.008467391962255984
18507,0.013151479596240741
18508,0.07756661061611797
18509,0.06599012065047735
18510,0.031638450383848
18511,0.19138469301432937
18512,0.219997
18513,0.22993299688192537
18514,0.12660270861499598
18515,0.07196220933948375
18516,0.17041964857210518
18517,0.219997
18518,0.350009
18519,0.11405927349049534
18520,0.07136975977261012
18521,0.05726063141625107
18522,0.009167448184996289
18523,0.06414671628499372
18524,0.4343365072093856
18525,0.02402334328283471
18526,0.1366399261126132
18527,0.4530939172338172
18528,0.219997
18529,0.0
18530,0.0
18531,0.0135545055357999
18532,0.04773103036260125
18533,0.07050858069070425
18534,0.229312572590537
18535,0.2551926568373355
18536,0.1574832365680074
18537,0.13647869571708354
18538,0.219997
18539,0.219997
18540,0.2139407457594809
18541,0.219997
18542,0.3781138911788575
18543,0.12261394611905009
18544,0.022777011137996954
18545,0.08540664899813542
18546,0.13704267186964303
18547,0.07016265888453233
18548,0.350009
18549,0.9626910600200377
18550,0.08094062637364575
18551,0.09333854924893614
18552,0.47147414684500066
18553,0.04259731138572233
18554,0.38024756334992105
18555,0.09245151090250352
18556,0.12451224905249181
18557,0.0294994873920171
18558,0.06635006633788135
18559,0.39219072281323913
18560,0.09563781036851564
18561,0.15666735974573343
18562,0.3465559752002766
18563,0.219997
18564,0.29532791089326826
18565,0.4840057033524634
18566,0.350009
18567,0.0249324684746959
18568,0.2747462925259662
18569,0.220016
18570,0.10398306690624899
18571,1.0
18572,0.3490877127539825
18573,0.350009
18574,0.0316945571481488
18575,0.10647687535700258
18576,0.09252817185134464
18577,0.007834011930496364
18578,0.019134078614616468
18579,0.0091635459809083
18580,0.007492188771780601
18581,0.08541029198823516
18582,0.0073588097541215
18583,0.007024335167216122
18584,0.0276302847260998
18585,0.220016
18586,0.15619165029106472
18587,0.1486983586100015
18588,0.20139085711272608
18589,0.1297322779772603
18590,0.2693694526698014
18591,0.220016
18592,0.017426154037389282
18593,0.1539337369294035
18594,0.245079770996131
18595,0.09907705471744956
18596,1.0
18597,1.0
18598,0.7209429854004368
18599,0.01696734948519424
18600,0.10512522898746952
18601,0.36410102847371184
18602,0.0908988663162662
18603,0.003691731166266244
18604,0.01067555044091413
18605,0.014804784573091983
18606,0.08051976524195419
18607,0.14157926564081896
18608,0.1382106130521591
18609,0.03511932320785274
18610,0.47581007530123487
18611,0.041781314631206705
18612,0.06369876099724824
18613,0.2156669518836665
18614,0.14591222458893738
18615,0.09300969003234263
18616,0.11609179734908354
18617,0.27100533516988257
18618,0.350009
18619,0.0405567092305298
18620,0.1384570815524141
18621,0.12012771756849457
18622,0.220016
18623,1.0
18624,0.9158173373629218
18625,0.58520890951998
18626,0.02302661459318434
18627,0.13877424156121562
18628,0.008716634988706997
18629,0.349908
18630,0.058657922069825424
18631,0.2800921604508594
18632,0.042894333006216
18633,0.025118410574634778
18634,0.16258407298781197
18635,0.17711105483315315
18636,0.219997
18637,0.219997
18638,0.7604304951540704
18639,0.4838081155638877
18640,0.2885161947873863
18641,0.219997
18642,0.1898363019478505
18643,0.06465618037977137
18644,0.20112115599821784
18645,0.08695654399034489
18646,0.08196927419736236
18647,0.14809042454593646
18648,0.16071436682496804
18649,0.054852615282327016
18650,0.12402754388755019
18651,0.032586498038163575
18652,0.7813118671739551
18653,0.9987129917049317
18654,0.8758172834243962
18655,0.145906734251535
18656,0.030195988940983777
18657,0.18223004020599606
18658,0.350009
18659,0.0
18660,0.037388839255797536
18661,0.03385870674013744
18662,0.07127186194858096
18663,0.18231634125117374
18664,0.11602181964320599
18665,0.4597311868382328
18666,1.0
18667,0.10712946052186678
18668,0.19916376541143993
18669,0.219997
18670,0.219997
18671,0.10785414443857781
18672,0.350009
18673,0.220016
18674,0.006250998043204775
18675,0.0833632755516994
18676,0.11857824983359569
18677,0.15032964770621635
18678,0.07144682234023136
18679,0.02755982591353382
18680,0.25248180473656423
18681,0.32479463096232436
18682,0.219997
18683,0.13799839821567464
18684,0.028781839501579982
18685,0.21760015287307455
18686,0.07785513040606679
18687,0.24532041069516455
18688,0.011510810385182377
18689,0.033480899208323735
18690,0.04802060012289207
18691,0.032233720040357544
18692,0.028336209494291005
18693,0.12396712286279041
18694,0.061091437321465936
18695,0.36059081881137345
18696,1.0
18697,0.349908
18698,0.219997
18699,0.19524640175086044
18700,0.219997
18701,0.219997
18702,0.7279032609103471
18703,0.10171799818175581
18704,0.02919877726403662
18705,0.0773839020069038
18706,0.01723480489953951
18707,0.15819761454561332
18708,0.219997
18709,0.14248460018572034
18710,0.4036338646279244
18711,0.30294637647232625
18712,0.2745328457574592
18713,1.0
18714,0.15291385694211548
18715,0.031923273248269456
18716,0.18632101767463122
18717,0.2625061071193524
18718,0.051163764890014014
18719,0.07748290289242736
18720,0.5705472131435652
18721,0.14099341891169817
18722,0.05693248091503593
18723,0.0813211248700773
18724,0.08006013762228772
18725,0.31679739076037683
18726,0.5513341175009003
18727,0.4771285187147587
18728,0.7414663827317757
18729,0.5426052034685696
18730,0.219997
18731,0.219997
18732,0.350009
18733,0.1364569474400003
18734,0.07525945926335123
18735,0.08577643795248463
18736,0.36354724878706696
18737,0.3294082281304272
18738,0.08445478284435959
18739,0.0394816925374613
18740,0.6800422897606047
18741,0.349908
18742,0.003896396651025599
18743,0.0665280762916905
18744,0.219997
18745,0.13046611057949425
18746,0.07731946681937304
18747,0.02295484006366095
18748,0.0128927570839813
18749,0.015454355425396651
18750,0.04555165437126581
18751,0.07048903415406213
18752,0.1599631218431649
18753,0.219997
18754,0.219997
18755,0.5517655708939965
18756,1.0
18757,0.6393640883553808
18758,0.48907058865917596
18759,0.8870027643956511
18760,0.15002391259180942
18761,0.009452338955093707
18762,0.047438811160062475
18763,0.010673101400623657
18764,0.18913098021545793
18765,0.219997
18766,0.04528158206705331
18767,0.05247816521835155
18768,0.17803366233746623
18769,0.20890730547249972
18770,0.054354473742520615
18771,0.0017953374754754667
18772,0.046542117802413525
18773,0.14706844011928577
18774,0.013271927129609062
18775,0.018918424756301698
18776,0.05703582249047419
18777,0.023763991314978777
18778,0.017770460595188876
18779,0.032537172716636795
18780,0.15632676937364445
18781,0.10873076436859994
18782,0.1022813541622112
18783,0.350009
18784,0.219997
18785,0.350009
18786,1.0
18787,0.991303376702642
18788,0.349908
18789,0.09729263331489013
18790,0.047384808290017164
18791,0.011825659106300745
18792,0.06032251174265535
18793,0.12032834328407208
18794,0.006863947213325875
18795,0.008721953098776375
18796,0.029830013493161334
18797,1.0
18798,0.050735047682982155
18799,0.03423789835599733
18800,0.05078604173271219
18801,0.08232269024121394
18802,0.1569337366088174
18803,0.04791126867283145
18804,0.08222652017127283
18805,0.04361734730381108
18806,0.03768375404058376
18807,0.028893116126390332
18808,0.04706674611846168
18809,0.14998500225299732
18810,0.18972952136126167
18811,0.874332476978795
18812,0.4125640187985895
18813,0.3018571068073632
18814,1.0
18815,0.5672288195744034
18816,0.6853822822784947
18817,0.220016
18818,0.007392242538819667
18819,0.02736044264973546
18820,0.010613234309164271
18821,0.0
18822,0.09283258243569124
18823,0.09011253437711256
18824,0.01565508697916366
18825,0.030424826265491638
18826,0.10134902792231013
18827,0.531583858127441
18828,0.13794707551687846
18829,0.4007557557067715
18830,0.04842488531171282
18831,0.11981923002880904
18832,0.19836639392550526
18833,0.13467949050695047
18834,0.17353265934483403
18835,0.05716437451788725
18836,0.025520147886597615
18837,0.049113661743669046
18838,0.219997
18839,1.0
18840,0.350009
18841,0.7954731447969308
18842,0.31545355897223093
18843,0.47454752753853735
18844,0.219997
18845,0.19388653282026438
18846,0.03927151969065916
18847,0.012326069371186134
18848,0.07138513878921025
18849,0.009966166774964086
18850,0.08797680032850957
18851,0.219997
18852,0.024875649418503516
18853,0.3047583467189193
18854,0.038928071265439596
18855,0.05446997892114256
18856,0.010508439648478682
18857,0.257390788544236
18858,0.07336680465536008
18859,0.010672509386691238
18860,0.00709936128612269
18861,0.1976453816853363
18862,0.27382566778005013
18863,0.08065923833606006
18864,0.0008838935646702
18865,0.350009
18866,0.31382137543465594
18867,0.1680839234122297
18868,0.1475031937274564
18869,0.02134097006330555
18870,0.14684292825894724
18871,0.10703766588130417
18872,0.08498647220842445
18873,0.1499722966818527
18874,0.1529439124060556
18875,0.0740388074855278
18876,0.007820898404494635
18877,0.220016
18878,0.1333260480921958
18879,0.06630711019554186
18880,0.1719091889401465
18881,0.061212266839863735
18882,0.12830219135561266
18883,0.018988733368996
18884,0.10818505233225786
18885,0.219997
18886,0.4410603729356105
18887,0.587247668503373
18888,0.09125753764914823
18889,0.014773285063029749
18890,0.044084481264312296
18891,0.08130202968923997
18892,0.0895212456391688
18893,0.09563132796862107
18894,0.022423084825842265
18895,0.034798181119253056
18896,0.013729704473500182
18897,0.023635591627322726
18898,0.020158601248165257
18899,0.0808787253489851
18900,0.1421109021697589
18901,0.14701221621969696
18902,0.49558221678143005
18903,0.019029471726591217
18904,0.025084980556835744
18905,0.220016
18906,0.08190810316178279
18907,0.1423001131268532
18908,0.44195947681762443
18909,0.16097161619280617
18910,0.01232750811631309
18911,0.0
18912,0.220016
18913,0.05308772671498309
18914,0.02808932703896238
18915,0.10012185222444572
18916,0.17418606542847953
18917,0.008269302782752574
18918,0.015623677158443585
18919,0.219997
18920,0.012708289881979801
18921,0.03528421674684044
18922,0.219997
18923,0.10213345298605331
18924,0.08732121011833585
18925,0.03864822554830546
18926,0.10288154368368282
18927,0.29656746343020013
18928,0.024981512516408413
18929,0.015639735701721662
18930,0.0250930881059591
18931,0.046041612054582126
18932,0.08826637543249775
18933,0.219997
18934,0.04791584695633273
18935,0.22348801634342266
18936,0.11425381882140644
18937,0.0218493858939635
18938,0.0315887802543145
18939,0.01876472910080832
18940,0.08537506803215342
18941,0.07260360170165453
18942,0.2778085617337904
18943,0.219997
18944,0.04961394401109392
18945,0.1609906991105931
18946,0.057888278085670014
18947,0.0155132814532326
18948,0.4306510458461891
18949,0.7990473256515648
18950,0.21412015572192253
18951,0.07260877309152508
18952,0.0136259475494431
18953,0.05161377762237336
18954,0.04520776479568003
18955,0.02613637875476962
18956,0.11312768953750844
18957,0.08631769341570784
18958,0.07446561051280805
18959,1.0
18960,0.06910184065391188
18961,0.017251026980765104
18962,0.023535023294477382
18963,0.04985817820096062
18964,0.017483405308707026
18965,0.1466328429653157
18966,0.3448730415574646
18967,0.04401621968041773
18968,0.16549092881252087
18969,0.08362333892788514
18970,0.019654923479281453
18971,0.15705096966815185
18972,0.02633394091947507
18973,0.03586039842966897
18974,0.10420928096213351
18975,0.10036568876181898
18976,0.04408349231989278
18977,0.004860780319413201
18978,0.01882692772635913
18979,0.06518851964162452
18980,0.0016905922714734005
18981,0.18239137056266808
18982,0.0157148428995246
18983,0.029648428777058818
18984,0.08109110632552056
18985,0.057195175772660825
18986,0.0251379987005836
18987,0.035848252991868806
18988,0.8512538226394768
18989,0.05251998592033287
18990,0.13161557107862218
18991,0.0519412029220406
18992,0.0550661723663891
18993,0.06596157205132333
18994,0.0453697774299763
18995,0.019454566719614486
18996,0.027917382375768438
18997,0.3680655452177646
18998,0.045692913846149985
18999,0.00555042165256222
19000,0.0033848464968189575
19001,0.017445866686333016
19002,0.015691906430850267
19003,0.0096239255757019
19004,0.04508282893833265
19005,0.12040002298199128
19006,0.011050294595395652
19007,0.015727090322899196
19008,0.15900183427715747
19009,0.05956039475743517
19010,0.005023709170947
19011,0.01262450470596655
19012,0.3037185167345966
19013,0.0057196522808797
19014,0.0047222436221273
19015,0.025232592145938152
19016,0.0024116044142476994
19017,0.0698682691752188
19018,0.0025641590437538234
19019,0.05980739631523844
19020,0.004385999562232583
19021,0.1772737474243963
19022,0.09833951877731001
19023,0.005142660101189334
19024,0.0127489779792668
19025,0.0441272274596643
19026,0.016135641778741047
19027,0.09621191212071431
19028,0.1943049584638165
19029,0.06817317382508409
19030,0.08296122724132268
19031,0.09398135719542625
19032,0.051949911782177643
19033,0.04974987169197774
19034,0.220016
19035,0.2265105658872644
19036,0.220016
19037,0.0001902888836933
19038,0.03612508704623539
19039,0.024785884238234336
19040,0.011935860262989685
19041,0.021332332065672584
19042,0.018804268880148356
19043,0.04956054045056132
19044,0.008712740224042753
19045,0.0066114139688616385
19046,0.022404587529248916
19047,0.012489405420089783
19048,0.0329178263484372
19049,0.11681099486384647
19050,0.10148566877630116
19051,0.19234892571556278
19052,0.0043917856106846
19053,0.0003356714041004
19054,0.15960785007886893
19055,0.015344108992657
19056,0.220016
19057,0.008545362255730124
19058,0.04147046554890011
19059,0.007628204438521609
19060,0.0
19061,0.029711691572866003
19062,0.041003683077039735
19063,0.03537512105937054
19064,0.04255932106815723
19065,0.0
19066,0.13260252244898832
19067,0.03563424835181245
19068,0.06212097488787087
19069,0.0
19070,0.06334229888689784
19071,0.00202146350397515
19072,0.01296927316298903
19073,0.015506022610338448
19074,0.15762311941645943
19075,0.028677535138014548
19076,0.025624651015983213
19077,0.03616973313985257
19078,0.01052517061805875
19079,0.01567065156061092
19080,0.15302996826047427
19081,0.0469855683869261
19082,0.007584330820704904
19083,0.04553170984965181
19084,0.27563032296907497
19085,0.06293239581334767
19086,0.07167870990070027
19087,0.12497602191399142
19088,0.012255972883322185
19089,0.053931551458037116
19090,0.0
19091,0.013836155685469698
19092,0.17465978309558347
19093,0.031981455645658706
19094,0.12329278257578222
19095,0.18966737789236754
19096,0.030696520430535862
19097,0.008777743862617218
19098,0.10204498058789477
19099,0.014733698475673108
19100,0.004434615203001348
19101,0.02202600910919439
19102,0.0109253923954472
19103,0.015254100236810581
19104,0.04934934816029447
19105,0.018566128433067562
19106,0.00931273509973261
19107,0.0859469360986942
19108,0.085415588774883
19109,0.19237400198826882
19110,0.0399794201014075
19111,0.006162414487516933
19112,0.012793925786166714
19113,0.06092061462311911
19114,0.019697351828474957
19115,0.05898031156736445
19116,0.0005801565523777
19117,0.05282566803303414
19118,0.012168294051193814
19119,0.1902372717596055
19120,0.219997
19121,0.10921188594317793
19122,0.0
19123,0.01199641804567847
19124,0.0
19125,0.023295277113360567
19126,0.03800710373324767
19127,0.106811528330063
19128,0.05347790374437305
19129,0.0106248181384564
19130,0.03398183410370854
19131,0.09130830465214305
19132,0.08391179598056475
19133,0.008222563728781229
19134,0.219997
19135,0.1064450172837107
19136,0.04207891475956081
19137,0.19611978350486808
19138,0.350009
19139,0.2527167478748118
19140,0.0
19141,0.20033556605880176
19142,0.1394571668463389
19143,0.220016
19144,0.08529147593340922
19145,0.029636396893103854
19146,0.030697681610697223
19147,0.00034526936973235285
19148,0.13299890464415604
19149,0.10252496032447829
19150,0.6356382232449509
19151,0.220016
19152,0.010958610230201098
19153,0.1730147217977526
19154,0.033375432779687214
19155,0.08607199277180111
19156,0.019534847822656142
19157,0.0031668449194763477
19158,0.028988712234348398
19159,0.14087413740652416
19160,0.220016
19161,0.24858207716870995
19162,0.38410142785789814
19163,0.04322293651266452
19164,0.2082368077853258
19165,0.14244679384730508
19166,0.015944404423204113
19167,0.017676840778904055
19168,0.06682210888895188
19169,0.03784543094685167
19170,0.11945230718395253
19171,0.037117576679173994
19172,0.38261630738249847
19173,0.0634051105161262
19174,0.1366000488167748
19175,0.40630133194150236
19176,0.0
19177,0.49756331356429956
19178,0.017306648099691235
19179,0.07049697721175124
19180,0.4256428753882024
19181,0.07283132898822595
19182,0.04592232537973967
19183,0.059809975034878754
19184,0.041588514204464896
19185,0.13321300883524878
19186,0.13351968985006837
19187,0.0198649687049676
19188,0.03743962286799464
19189,0.0
19190,0.0452999150184605
19191,0.220016
19192,0.024926774382480876
19193,0.04833954760066357
19194,0.0300317962384022
19195,0.08554991268338522
19196,0.07114516836200636
19197,0.024834638572663548
19198,0.0925917795288601
19199,0.07551173452337387
19200,0.13546848904429243
19201,0.21687685991997685
19202,0.02186501153740688
19203,0.04335590332693382
19204,0.010881576142434669
19205,0.0459758268816289
19206,0.3598261430778577
19207,0.18761024233466644
19208,0.08167734455801096
19209,0.350009
19210,0.3673868159988845
19211,0.18129165340924178
19212,0.044662133156131004
19213,0.0160791469099077
19214,0.0175310296407204
19215,0.0
19216,0.006102241876481225
19217,0.03175798033257665
19218,0.0081198484563012
19219,0.0713487710647466
19220,0.16905583561175577
19221,0.1470137524044441
19222,0.18339812664958685
19223,0.350009
19224,0.0
19225,0.220016
19226,0.09380724574607466
19227,0.00886818331687304
19228,0.019025977978540026
19229,0.03748725734324829
19230,0.017323509699438345
19231,0.349908
19232,0.0
19233,0.02133387774220274
19234,0.0085932903223388
19235,0.06775736587326034
19236,0.02449929642679328
19237,0.220016
19238,0.350009
19239,0.076339718388112
19240,0.08169313442639187
19241,0.020870544929110182
19242,0.01325501994042635
19243,0.0965094540173506
19244,0.07916798858611133
19245,0.010621154681804029
19246,0.16998000824079898
19247,0.14698687639861518
19248,0.12492189670415904
19249,0.05228327682272354
19250,0.05678772450960932
19251,0.006674944620466899
19252,0.07717954070542293
19253,0.027205316691089047
19254,0.03601993093474616
19255,0.14932534805845404
19256,0.09566586654865034
19257,0.220016
19258,0.04018276174990765
19259,0.08441154245724135
19260,0.05006579481428655
19261,0.02747928754658368
19262,0.01532031738603924
19263,0.03958162828483261
19264,0.04377704309401162
19265,0.017543686420639127
19266,0.08127180485613744
19267,0.219997
19268,0.350009
19269,0.06992025479095465
19270,0.04518763833101516
19271,0.0
19272,0.029837933489111776
19273,0.04660213735524303
19274,0.0240860542250931
19275,0.08228916784911454
19276,0.007952992204921351
19277,0.13978369095891952
19278,0.04345376380465445
19279,0.018522301001750528
19280,0.04814720263466765
19281,0.0097845761074718
19282,0.220016
19283,0.09380239038597815
19284,0.2557028457057667
19285,0.2273855415866966
19286,0.220016
19287,0.09807397486951622
19288,0.11560550059604566
19289,0.02643352797580426
19290,0.07796774886435927
19291,0.051655087171499255
19292,0.01157710630380254
19293,0.1429053732072719
19294,0.052718736047052
19295,0.812122452548198
19296,0.15922238714596976
19297,0.007930089369733951
19298,0.12128296877334986
19299,0.021202856999147392
19300,0.012166857809728999
19301,0.0171228946683531
19302,0.16126736268478836
19303,0.02482303969457218
19304,0.0071992360507986
19305,0.014073743864795724
19306,0.027276776124268386
19307,0.10495352956055778
19308,0.048418146994403805
19309,0.220016
19310,0.06567673651209112
19311,0.1769170263313396
19312,0.2775314074258577
19313,0.350009
19314,0.11991391215261887
19315,0.05234056002135042
19316,0.12116604295835731
19317,0.03137602240476792
19318,0.04954948325772259
19319,0.0
19320,0.0
19321,0.00784173055140315
19322,0.09847895621769798
19323,0.10665105519709428
19324,0.08145185252036251
19325,0.05570617281665478
19326,0.06319054229100346
19327,0.04522980978639396
19328,0.10439495604464819
19329,0.017663942033128262
19330,0.219997
19331,0.0296343107967299
19332,0.05932832832959445
19333,0.028662692262907394
19334,0.01765054652979079
19335,0.029922925536329976
19336,0.07233415837988416
19337,0.10245413298276734
19338,0.10565469105015005
19339,0.18730482108084923
19340,0.16260774744758474
19341,0.22787187364032516
19342,0.19810914086399026
19343,0.20383990117037434
19344,0.0419083166043286
19345,0.11989455507073132
19346,0.04592835649876431
19347,0.07219254685467683
19348,0.08807949809138646
19349,0.031907408219348614
19350,0.04799993753760416
19351,0.04959574159014607
19352,0.07213482117147282
19353,0.07524422494061127
19354,0.04540215389978083
19355,0.07267839752259904
19356,0.06769084792924265
19357,0.0
19358,0.15608225656249586
19359,0.012202267190304816
19360,0.04514200126373703
19361,0.18907597018523808
19362,0.09026028512593684
19363,0.1725916557467082
19364,0.349908
19365,0.1824809782921145
19366,0.22093067585812104
19367,0.08371133163760186
19368,0.15592332386954044
19369,0.12398520598203805
19370,0.14290899680693953
19371,0.11045389442463847
19372,0.015003223319481226
19373,0.0
19374,0.349908
19375,0.11461214730709599
19376,0.09047392183065978
19377,0.007659693940818425
19378,0.034384082062519195
19379,0.017985739620861342
19380,0.0148645847974435
19381,0.10508292709851133
19382,0.349908
19383,0.10757020029822972
19384,0.06868657786498943
19385,0.219997
19386,0.9150833692172987
19387,0.1755258974986224
19388,0.03176735087251378
19389,0.350009
19390,0.08248811119206763
19391,0.34282642044753553
19392,0.219997
19393,0.13923189544700276
19394,0.009742878195967098
19395,0.13465952006631415
19396,0.04361707172668965
19397,0.13587758132519526
19398,0.1569339104713578
19399,0.08171032771859846
19400,0.2190330768107329
19401,0.05186616924238077
19402,0.016199868779743755
19403,0.04086107466264949
19404,0.02569221508536204
19405,0.07414158162707457
19406,0.08293593401733015
19407,0.044082302357297404
19408,0.18162806054354097
19409,0.219997
19410,0.219997
19411,0.15793418126250186
19412,0.04104073171304745
19413,0.13846681007659817
19414,0.219997
19415,0.350009
19416,0.11390882290873584
19417,0.015728751217325074
19418,0.06406341792505282
19419,0.020731221788023273
19420,0.00236379335435
19421,0.03707281623462342
19422,0.5010064811739814
19423,0.0
19424,0.15136143101375318
19425,0.45607658289743114
19426,0.220016
19427,0.018532971916992998
19428,0.0032977503772615
19429,0.04285409556219545
19430,0.07933259455351804
19431,0.2409741963167908
19432,0.350009
19433,0.1576135936286101
19434,0.13829256463343714
19435,0.349908
19436,0.219997
19437,0.18557821915642714
19438,0.26980921724495177
19439,0.350009
19440,0.1374773600590697
19441,0.041969579126149126
19442,0.07801939762575963
19443,0.08639724831564113
19444,0.2818126060467653
19445,0.9555876059440839
19446,0.08812191806651085
19447,0.349908
19448,0.06503995822361873
19449,0.219997
19450,0.06132746353026182
19451,0.1375305400240789
19452,0.0293275780440726
19453,0.03921093470932594
19454,0.0066520063681362
19455,0.41947568342949443
19456,0.220016
19457,0.16573965927917372
19458,0.349908
19459,0.219997
19460,0.2919312688228404
19461,0.4479387670366146
19462,0.3658916631761688
19463,0.0334403244724207
19464,0.219997
19465,0.220016
19466,0.1603251573570475
19467,1.0
19468,0.350009
19469,0.350009
19470,0.030922029867390025
19471,0.220016
19472,0.09611624542924524
19473,0.0054068730605345665
19474,0.0096714971356326
19475,0.10211702850714405
19476,0.007024335167216122
19477,0.026125572401233203
19478,0.12274986236553265
19479,0.18892969090929812
19480,0.17304711345928708
19481,0.186121947916533
19482,0.11591425059155641
19483,0.350009
19484,0.350009
19485,0.017426154037389282
19486,0.1394058364530752
19487,0.350009
19488,0.04304787306127593
19489,0.11292943919487845
19490,1.0
19491,0.9348696504094576
19492,0.625929744666726
19493,0.008201799900660018
19494,0.018894193149496842
19495,0.1386722554385188
19496,0.36561180486260914
19497,0.10652818380447429
19498,0.003691731166266244
19499,0.0
19500,0.006074019082415
19501,0.016205391591370317
19502,0.05276827473497328
19503,0.12363571208104676
19504,0.126264334786711
19505,0.03511932320785274
19506,0.47510063055456647
19507,0.0519656045915439
19508,0.06804791733895513
19509,0.2048457608694419
19510,0.1010794828183533
19511,0.07482802891931264
19512,0.11246946126961774
19513,0.350009
19514,0.350009
19515,0.04005488321219026
19516,0.08606169170661682
19517,0.13956047785061856
19518,0.1271654061097701
19519,1.0
19520,0.9884111973859002
19521,0.5906050429161533
19522,0.13936277208604791
19523,0.0
19524,0.0
19525,0.349908
19526,0.031558213302171415
19527,0.219997
19528,0.052078791810064126
19529,0.048057384769321
19530,0.04007998231786908
19531,0.17504689300593734
19532,0.16395571218608096
19533,0.219997
19534,0.18577238517905764
19535,0.728123796221303
19536,0.49604521389215595
19537,0.26366882425359006
19538,0.219997
19539,0.173146147055272
19540,0.06131310477751247
19541,0.19142669430702303
19542,0.10410495742900679
19543,0.09494115859969596
19544,0.0
19545,0.12131730656195817
19546,0.16067931639434224
19547,0.03886286895515921
19548,0.16765193422198887
19549,0.02264424311958825
19550,0.7338730580676495
19551,0.9987129917049317
19552,0.8758172834243962
19553,0.1603620558142262
19554,0.018353884665080276
19555,0.220016
19556,0.02424048686340178
19557,0.36855736424976515
19558,0.011612996919419943
19559,0.02857893653524323
19560,0.016013234881101544
19561,0.07773397037252786
19562,0.14817196749803765
19563,0.10579892423196618
19564,0.47025446002123084
19565,1.0
19566,0.11759353662949588
19567,0.18471769020336345
19568,0.19192469762649905
19569,0.219997
19570,0.12482883304752332
19571,0.350009
19572,0.220016
19573,0.060383373683154176
19574,0.05397140823512539
19575,0.1472848475044139
19576,0.16238384365299655
19577,0.08423825704839336
19578,0.02755982591353382
19579,0.220016
19580,0.349908
19581,0.219997
19582,0.14019488185172113
19583,0.17480969637347804
19584,0.0861466769949577
19585,0.33618624704448413
19586,0.04652303066030128
19587,0.0
19588,0.038624609623076164
19589,0.02713429430043844
19590,0.04353657482216281
19591,0.08597666969880571
19592,0.06370630135079963
19593,0.3620200003250098
19594,1.0
19595,0.349908
19596,0.219997
19597,0.16101863809812106
19598,0.219997
19599,0.219997
19600,0.6625905313610975
19601,0.11635889390461701
19602,0.06428940536215512
19603,0.0648123222647846
19604,0.04009515740188341
19605,0.16988496203413442
19606,0.219997
19607,0.220016
19608,0.350009
19609,0.350009
19610,0.219997
19611,1.0
19612,0.219997
19613,0.028757744096941467
19614,0.21882364913565114
19615,0.2531658033171893
19616,0.02458487136884041
19617,0.06098370441576086
19618,0.349908
19619,0.10524133279582998
19620,0.054760793835525026
19621,0.0607795273505579
19622,0.06605670612293332
19623,0.28918973945224624
19624,0.5048661303383106
19625,0.349908
19626,0.6978062144705995
19627,0.5127598875446225
19628,0.219997
19629,0.219997
19630,0.350009
19631,0.051591130753392
19632,0.128961528188039
19633,0.09722183029378793
19634,0.06220288042711343
19635,0.49755581776548274
19636,0.2891484932594065
19637,0.04062771182578818
19638,0.6989485955328305
19639,0.5063888400988286
19640,0.050902736510749204
19641,0.17915587149570905
19642,0.10738103499715836
19643,0.09027439367425275
19644,0.02295484006366095
19645,0.01515379353790015
19646,0.07235163147625001
19647,0.06319559639910782
19648,0.09917411087911782
19649,0.18903558260488637
19650,0.19476580229387927
19651,0.552065476645268
19652,1.0
19653,0.6299133949698335
19654,0.4375461045324358
19655,0.928271667026098
19656,0.12771323746322139
19657,0.09273699624889367
19658,0.06937564870256856
19659,0.1777706684713306
19660,0.22821929933294535
19661,0.05449881301156991
19662,0.035869682394908745
19663,0.09041634351312422
19664,0.18768724096369352
19665,0.06258998353152259
19666,0.0017953374754754667
19667,0.0
19668,0.13133180827720936
19669,0.0
19670,0.008552089203091667
19671,0.04467790688913429
19672,0.021592137117335698
19673,0.010989827439219177
19674,0.0368985620045017
19675,0.14160712053994617
19676,0.12567019750565583
19677,0.10514582695592459
19678,0.349908
19679,0.219997
19680,0.350009
19681,1.0
19682,0.9171788053941288
19683,0.349908
19684,0.06551072160859603
19685,0.03160931902741576
19686,0.010677056866318646
19687,0.09315455930646845
19688,0.11832018050484988
19689,0.005134944877322953
19690,0.008721953098776375
19691,1.0
19692,0.06890853178662797
19693,0.03423789835599733
19694,0.09675537862221219
19695,0.09290797954234645
19696,0.1409042479128252
19697,0.02301744199090732
19698,0.044806059848185434
19699,0.04482677190209518
19700,0.011279352963305364
19701,0.017226799743790634
19702,0.03378774560067558
19703,0.1334936732461724
19704,0.2011136927164613
19705,0.923440274178621
19706,0.44225555885030254
19707,0.2570951880359002
19708,1.0
19709,0.530964909701533
19710,0.6637693835986698
19711,0.220016
19712,0.05054854804144076
19713,0.014735187612085872
19714,0.008102169635332234
19715,0.06943097361100885
19716,0.09396332102745375
19717,0.008125526845407339
19718,0.10141521031420932
19719,0.5932213976551828
19720,0.13416245886837228
19721,0.353103639856095
19722,0.057667945807511375
19723,0.09587142778299604
19724,0.13419639691835544
19725,0.17563588153037146
19726,0.12812937624717685
19727,0.05152806960020295
19728,0.038478474774150416
19729,0.004437729854042748
19730,0.03880240783272394
19731,0.219997
19732,1.0
19733,0.40080932315960205
19734,0.8390250319482512
19735,0.350009
19736,0.349908
19737,0.21753881661937657
19738,0.207480754396182
19739,0.04784263829418396
19740,0.052760005846300195
19741,0.012326069371186134
19742,0.10992289711886825
19743,0.010682990559312187
19744,0.10185172375008147
19745,0.219997
19746,0.027817310409454912
19747,0.33069846167207884
19748,0.025753942184870766
19749,0.07867097990359896
19750,0.228051804807941
19751,0.06135173130823268
19752,0.0016100726080538002
19753,0.027040672330465303
19754,0.17462819387125447
19755,0.2879316072078234
19756,0.07566250288888235
19757,0.0008838935646702
19758,0.2664289082718183
19759,0.3223115545025445
19760,0.14437133442458058
19761,0.1322832100498647
19762,0.07505778616192885
19763,0.11565277747441832
19764,0.13526474664612037
19765,0.12602541265480516
19766,0.14994904079664412
19767,0.13669407229969271
19768,0.07875132291715489
19769,0.05191388012415081
19770,0.220016
19771,0.022238468905583016
19772,0.132730962627569
19773,0.05432266771538755
19774,0.16424436266181014
19775,0.07942932026765795
19776,0.13080017463734728
19777,0.01479090700380149
19778,0.07812856061634298
19779,0.219997
19780,0.45928058558703155
19781,0.5955837730530515
19782,0.14055024415170533
19783,0.01603689182560495
19784,0.057113333036185196
19785,0.07779297002111707
19786,0.02050241908790814
19787,0.10594308075508882
19788,0.09570524204434706
19789,0.016956252886085366
19790,0.034798181119253056
19791,0.024744343204611483
19792,0.021765484178038433
19793,0.020158601248165257
19794,0.0808787253489851
19795,0.13935311277756832
19796,0.19174836835655507
19797,0.5264536571349805
19798,0.011438230159864718
19799,0.0312608695667486
19800,0.08105013098432712
19801,0.06479557457381789
19802,0.1859866583407102
19803,0.43773878268775473
19804,0.16272427482808627
19805,0.11882483181095724
19806,0.013926652786508384
19807,0.09259438878281681
19808,0.05115708679052201
19809,0.029632822028540277
19810,0.0030628248096711864
19811,0.010513846834778354
19812,0.2866178286827356
19813,0.0
19814,0.03643933203232813
19815,0.219997
19816,0.12103930654307901
19817,0.07056022815923496
19818,0.015798083361281044
19819,0.04368969402813066
19820,0.08608749611937863
19821,0.3241787926373235
19822,0.03780421553317831
19823,0.0
19824,0.0309610712710716
19825,0.06079748677196272
19826,0.08060479236974805
19827,0.219997
19828,0.08559444882023713
19829,0.2566417023387545
19830,0.13425322584456273
19831,0.041277232368486794
19832,0.04657478962771572
19833,0.024351082596619025
19834,0.07475286052875002
19835,0.349908
19836,0.219997
19837,0.03366704358654163
19838,0.177957426341571
19839,0.08111173417817961
19840,0.0105533236790229
19841,0.02098224843001744
19842,0.43850475071667605
19843,0.9464338760624217
19844,0.22980321206250381
19845,0.04674870906911817
19846,0.07150291145765146
19847,0.038337517800932336
19848,0.03826771648753912
19849,0.10074610754145324
19850,0.11842164428844044
19851,0.08984463119737375
19852,1.0
19853,0.03551621116495574
19854,0.05728151002530938
19855,0.005917573815860031
19856,0.04124262991700938
19857,0.04734715679611282
19858,0.013661727842513885
19859,0.03143626654757522
19860,0.1219073649087951
19861,0.3303675092039648
19862,0.10042278581453713
19863,0.15436647509288276
19864,0.04154333358306707
19865,0.058141594768078335
19866,0.014897353347979434
19867,0.018320508079847454
19868,0.17745391705352614
19869,0.02463848222037177
19870,0.03135732631948047
19871,0.10420928096213351
19872,0.09324245921091778
19873,0.046446173241252886
19874,0.02809011890711372
19875,0.0229577326901692
19876,0.06256107762085111
19877,0.003923169323438101
19878,0.19537987717197247
19879,0.057044265660797996
19880,0.020958741780480416
19881,0.07145924711868107
19882,0.03734628236882623
19883,0.030489325352436203
19884,0.05790370365233761
19885,1.0
19886,0.08058942467060326
19887,0.12608003693953337
19888,0.10268549111147969
19889,0.0549465104492894
19890,0.034222073968257924
19891,0.0460883631105125
19892,0.03725776585802189
19893,0.020428101391298338
19894,0.349908
19895,0.03271875642484029
19896,0.017445866686333016
19897,0.015691906430850267
19898,0.01143589869641813
19899,0.04855693871649755
19900,0.10787429485386937
19901,0.010611152044687953
19902,0.015727090322899196
19903,0.15689050900416857
19904,0.05869435510621297
19905,0.0152618521196389
19906,0.005023709170947
19907,0.029605057710060848
19908,0.350009
19909,0.0050066094494693
19910,0.0047222436221273
19911,0.01563930101480565
19912,0.012848584213973623
19913,0.06697528891170669
19914,0.05730652082564133
19915,0.14154514719078579
19916,0.12155747037442563
19917,0.044077508826360315
19918,0.016135641778741047
19919,0.08757125912956351
19920,0.22067637154989544
19921,0.07874928285019259
19922,0.1716383830821947
19923,0.10201645128720385
19924,0.04422162925311533
19925,0.057083301775240736
19926,0.041259410249930406
19927,0.220016
19928,0.219997
19929,0.350009
19930,0.0098159367544905
19931,0.010276616412918434
19932,0.026097856931194586
19933,0.025792142742006287
19934,0.028379831320108184
19935,0.018804268880148356
19936,0.04335523082760631
19937,0.0
19938,0.005449406359889551
19939,0.011282594186904499
19940,0.0390326891544871
19941,0.10268120760689636
19942,0.08258104841898475
19943,0.16353366674743897
19944,0.12101216355796192
19945,0.29985423342933126
19946,0.033253238629590114
19947,0.011190861383066233
19948,0.0318708658678203
19949,0.03837160653824514
19950,0.007421002222613678
19951,0.02967060535145804
19952,0.06113978081700573
19953,0.0
19954,0.013411628625566972
19955,0.0083497162846558
19956,0.0070731192390241
19957,0.08762373268539392
19958,3.419312539284895e-05
19959,0.05330248785561587
19960,0.01075918789661145
19961,0.10656325322404053
19962,0.008180773734639334
19963,0.013144733524066171
19964,0.019517896784367647
19965,0.14622935387527813
19966,0.02497901792747315
19967,0.03550584910017661
19968,0.008701800917093393
19969,0.047343395096518255
19970,0.016144200523112984
19971,0.0105931504273728
19972,0.19780727793029496
19973,0.037087664168290894
19974,0.28391042365201097
19975,0.07869702321361086
19976,0.07472094574654067
19977,0.09667650986725142
19978,0.043178668209187615
19979,0.009988079037904498
19980,0.0036070903827914993
19981,0.14516716430560966
19982,0.0
19983,0.10485745344206021
19984,0.20082426371807716
19985,0.021290904442600962
19986,0.054393421019175575
19987,0.03757304378225892
19988,0.05826257542139577
19989,0.030379930897849617
19990,0.0033103879079922974
19991,0.006339039164088847
19992,0.026427533113698883
19993,0.011688496304578314
19994,0.015479593859773901
19995,0.038056771290586974
19996,0.019323461203695762
19997,0.0535970080362232
19998,0.08446177297206331
19999,0.219997
20000,0.0038102453764686005
20001,0.0038262233656976997
20002,0.005186440779963214
20003,0.02379112416168344
20004,0.06103317496899621
20005,0.03352956262638036
20006,0.0121594335717775
20007,0.048818221370164346
20008,0.020615530471488144
20009,0.012168294051193814
20010,0.035576459297924995
20011,0.219997
20012,0.219997
20013,0.008194594464830236
20014,0.15426483185395873
20015,0.0
20016,0.015635767519587958
20017,0.0039775535530159
20018,0.023295277113360567
20019,0.0004123392559836998
20020,0.0899217837194182
20021,0.0023437639533151
20022,0.16330398459226897
20023,0.06260020981482123
20024,0.0232954186084184
20025,0.20422906227828558
20026,0.0
20027,0.0028649157359314
20028,0.0604668872907108
20029,0.1716040114952972
20030,0.220016
20031,0.2842407037843133
20032,0.350009
20033,0.0867085104653321
20034,0.220016
20035,0.08529147593340922
20036,0.09258776209296508
20037,0.03929500532628643
20038,0.00034526936973235285
20039,0.12592200131331224
20040,0.0836414000342656
20041,0.7384863458195143
20042,0.05573423738697554
20043,0.04200223741716869
20044,0.2047733693206557
20045,0.0
20046,0.012640584905613934
20047,0.06853945883495402
20048,0.01859256680978754
20049,0.024495447798139548
20050,0.14815566447942113
20051,0.14187759835139077
20052,0.47120123451200113
20053,0.350009
20054,0.011973364514201995
20055,0.2122817919071479
20056,0.24526082363839796
20057,0.026042659330237333
20058,0.06431019793112565
20059,0.02660457351515928
20060,0.05152332992476047
20061,0.010475892592748049
20062,0.350009
20063,0.1325608380760101
20064,0.16092658732643517
20065,0.350009
20066,0.5349207308540569
20067,0.08443289411664145
20068,0.349908
20069,0.028169684606106436
20070,0.06968741780831259
20071,0.054883240043487144
20072,0.050382081149176305
20073,0.14168749265389957
20074,0.1636356399257597
20075,0.03743962286799464
20076,0.0
20077,0.009829678590678102
20078,0.350009
20079,0.06871491740506057
20080,0.06931006241513687
20081,0.0842357471402092
20082,0.07419720633760601
20083,0.06724969438930596
20084,0.04146184186896225
20085,0.1369515109172191
20086,0.03866274723827659
20087,0.059427407130750766
20088,0.220016
20089,0.17610490406038024
20090,0.02186501153740688
20091,0.020756868975777817
20092,0.010881576142434669
20093,0.0179801878815203
20094,0.0631818309567507
20095,0.4645289387135765
20096,0.07515721604810975
20097,0.04063701776940176
20098,0.2695595613633265
20099,0.38874009162357553
20100,0.0056002016483506405
20101,0.14978219005241009
20102,0.1021374973152339
20103,0.0201786219821268
20104,0.036005758003312405
20105,0.011545109658341142
20106,0.036201357430543854
20107,0.0081198484563012
20108,0.1144841233632568
20109,0.02940113590491185
20110,0.05445272987749127
20111,0.220016
20112,0.350009
20113,0.220016
20114,0.09624222503372225
20115,0.00886818331687304
20116,0.020357494196628287
20117,0.0074690271256066445
20118,0.28948079126926185
20119,0.02906620326861494
20120,0.0019216655189065
20121,0.019949658981153643
20122,0.220016
20123,0.349908
20124,0.084833213086794
20125,0.08915742685811356
20126,0.020870544929110182
20127,0.007932521311988551
20128,0.07351655529327761
20129,0.08382284596142124
20130,0.010119583974481228
20131,0.1290481842508529
20132,0.0887149328131204
20133,0.04593419518230895
20134,0.054803544945257444
20135,0.04561145961888503
20136,0.023263982425358997
20137,0.051149705922882524
20138,0.026189842821297746
20139,0.052210490182636564
20140,0.14716646560581087
20141,0.11087650256763663
20142,0.220016
20143,0.035333476779233826
20144,0.07854203810430524
20145,0.06586923974480635
20146,0.03421623805682508
20147,0.02560754841200024
20148,0.038447939749641113
20149,0.06493109489890192
20150,0.022126720194538065
20151,0.05903319712697035
20152,0.219997
20153,0.349908
20154,0.07583070886310385
20155,0.05675648381200227
20156,0.0
20157,0.06189189827815418
20158,0.031007490019111836
20159,0.02490743041187214
20160,0.02050068008041605
20161,0.20625135493459273
20162,0.060877202011095345
20163,0.018903898292678925
20164,0.03607811512487155
20165,0.0094844507147232
20166,0.12456641372647535
20167,0.09200927957498745
20168,0.220016
20169,0.23304503457742232
20170,0.220016
20171,0.08858241401171311
20172,0.11058379945404304
20173,0.013048804581322258
20174,0.09615134121152635
20175,0.04898772343288645
20176,0.0060608717604689
20177,0.1640278990546711
20178,0.030026267973188005
20179,0.8034326769711007
20180,0.16270702339076204
20181,0.01992695450887293
20182,0.12109213055849406
20183,0.007493791035301192
20184,0.040224335716137025
20185,0.011121179544829097
20186,0.01557781368968898
20187,0.008509663156947428
20188,0.11073164784836598
20189,0.021451461559339427
20190,0.013610246559131187
20191,0.07608957683836429
20192,0.022478968645376903
20193,0.11189043765078094
20194,0.08777162289926072
20195,0.2013149510266266
20196,0.350009
20197,0.350009
20198,0.220016
20199,0.05087255374489702
20200,0.155767587368
20201,0.03322095996133102
20202,0.03532558322554159
20203,0.0
20204,0.00784173055140315
20205,0.13709674603526967
20206,0.0612714719781343
20207,0.11973738894314571
20208,0.061359163008372075
20209,0.07680219875472566
20210,0.030488839892824263
20211,0.051946715194664386
20212,0.03365114467134656
20213,0.02978475488953511
20214,0.0068493678519666815
20215,0.19171185136212426
20216,0.010101815159765493
20217,0.03225495753710545
20218,0.08728693148435485
20219,0.0054982395033621
20220,0.01765054652979079
20221,0.029231085407984775
20222,0.07422826722501326
20223,0.11347167863229896
20224,0.07718323460700384
20225,0.19825141684891562
20226,0.16891040788336464
20227,0.219997
20228,0.220016
20229,0.22464950465652533
20230,0.0454182593022427
20231,0.14032532168104192
20232,0.04597347641767071
20233,0.0128944114581358
20234,0.08902964962103292
20235,0.07807441900375237
20236,0.046299055027624256
20237,0.04882901630341517
20238,0.09484343761412403
20239,0.07923187296668546
20240,0.028608987036074226
20241,0.036500375159220236
20242,0.059502664741588454
20243,0.0
20244,0.13635321918365495
20245,0.01360467681236027
20246,0.03616588602146853
20247,0.14497112319215447
20248,0.10248386338466714
20249,0.20849611623071052
20250,0.349908
20251,0.17677777792286997
20252,0.220016
20253,0.09945118536740957
20254,0.13218445825068634
20255,0.11880447718991045
20256,0.14776622244924092
20257,0.09282371541166047
20258,0.01249939139854181
20259,0.349908
20260,0.08972362304126627
20261,0.11438143171653987
20262,0.016721625831304425
20263,0.0853706274899206
20264,0.0014850290448574
20265,0.008898202513054001
20266,0.048731059417938795
20267,0.07515348094497352
20268,0.349908
20269,0.11973025435574282
20270,0.08176886890066122
20271,0.1787943213361736
20272,0.9472775584221083
20273,0.1624336512362074
20274,0.012696553553242382
20275,0.350009
20276,0.09829970373131602
20277,0.32809830133860135
20278,0.219997
20279,0.09580033469978097
20280,0.00334593396377145
20281,0.006625288081407952
20282,0.07786007906783446
20283,0.0107976988313511
20284,0.11145737926259937
20285,0.219997
20286,0.056067617761052166
20287,0.220016
20288,0.06723464864414166
20289,0.00845748957328222
20290,0.04794966066679536
20291,0.041361275552807886
20292,0.06365958689428367
20293,0.06651032690780745
20294,0.042263997764035596
20295,0.18735344082463584
20296,0.219997
20297,0.25751598483548965
20298,0.16562110486769038
20299,0.07666199852698036
20300,0.15547263077099777
20301,0.3152888509429476
20302,0.350009
20303,0.10119381367825034
20304,0.07903705937942743
20305,0.02837419797119867
20306,0.0205830033029823
20307,0.03626210845674572
20308,0.472518755841906
20309,0.0
20310,0.1727587215416736
20311,0.37124850680342814
20312,0.220016
20313,0.0
20314,0.01381528424554885
20315,0.0160671298923966
20316,0.03978861207314035
20317,0.07818046499597575
20318,0.220016
20319,0.350009
20320,0.16891295662658928
20321,0.13518346380172205
20322,0.349908
20323,0.219997
20324,0.16452670812298384
20325,0.220016
20326,0.3919502615184748
20327,0.1119161997371619
20328,0.05715013609376583
20329,0.10748796637027973
20330,0.10844977913635404
20331,0.31221308550300786
20332,0.8779727994108184
20333,0.08094062637364575
20334,0.07006646087551374
20335,0.349908
20336,0.06982533560961723
20337,0.219997
20338,0.006475173972265647
20339,0.05563001182041822
20340,0.12420099045719982
20341,0.035896454786307735
20342,0.04999119221174504
20343,0.5144449774733569
20344,0.220016
20345,0.14195842452136803
20346,0.219997
20347,0.219997
20348,0.26027802292960545
20349,0.5065330586589001
20350,0.4035424247134999
20351,0.0371582780447254
20352,0.219997
20353,0.220016
20354,0.12610332622483528
20355,1.0
20356,0.41426203498311465
20357,0.350009
20358,0.005835887699661316
20359,0.0173930943260096
20360,0.220016
20361,0.10604066461641035
20362,0.008031530057327464
20363,0.02361262837262447
20364,0.08382271779022396
20365,0.005517690777982383
20366,0.007393641051607515
20367,0.007024335167216122
20368,0.0190142201797578
20369,0.11726245217996424
20370,0.18587862041694692
20371,0.1829523195882619
20372,0.19796026052619292
20373,0.11245879365080391
20374,0.350009
20375,0.220016
20376,0.008882188516565286
20377,0.1472439629996653
20378,0.219997
20379,0.04304787306127593
20380,0.09017967027757495
20381,1.0
20382,0.9730972277601815
20383,0.6952412616258865
20384,0.0014532232403976003
20385,0.08711203948803292
20386,0.350009
20387,0.07589893334673489
20388,0.0
20389,0.0
20390,0.017371414197920217
20391,0.05673210409082098
20392,0.10086895934242857
20393,0.11341925060527522
20394,0.03375173337339893
20395,0.4608920492588358
20396,0.05210223258978516
20397,0.06911671399420673
20398,0.219997
20399,0.0966736778143302
20400,0.07849511447267554
20401,0.09364904206739494
20402,0.350009
20403,0.350009
20404,0.043924244097839696
20405,0.16028662897661072
20406,0.14990093599524817
20407,0.1412215190232946
20408,1.0
20409,0.9118563542016483
20410,0.6855528442520842
20411,0.02696333905375174
20412,0.14370595478120202
20413,0.015825984773834297
20414,0.3610662604163619
20415,0.015481659945159022
20416,0.2694461056082792
20417,0.06480429344994892
20418,0.0892717296322135
20419,0.04614254655024538
20420,0.16943376853505804
20421,0.14764793789432934
20422,0.219997
20423,0.16439967206480083
20424,0.7278400950591282
20425,0.4863611479580593
20426,0.26927592755992075
20427,0.219997
20428,0.1418579859400907
20429,0.06861763166603968
20430,0.18823784730176624
20431,0.07992527416363399
20432,0.09939183573810345
20433,0.12779907467728488
20434,0.1409173757413169
20435,0.04272548050078601
20436,0.220016
20437,0.01592867036863355
20438,0.936434733712711
20439,0.9987129917049317
20440,0.8758172834243962
20441,0.1734631534497158
20442,0.0036242977146564758
20443,0.24683851762132755
20444,0.02424048686340178
20445,0.39000580112553523
20446,0.02163512614771956
20447,0.009177084786307332
20448,0.011253183547765543
20449,0.06457835549644246
20450,0.19070698093564764
20451,0.1094129604275006
20452,0.4624136410895821
20453,1.0
20454,0.1318428862434659
20455,0.18129700228661125
20456,0.219997
20457,0.2711071698388786
20458,0.1140118620233977
20459,0.350009
20460,0.2228832436772903
20461,0.013134448431862076
20462,0.0717857158895929
20463,0.09359529761641819
20464,0.12515878501704386
20465,0.13425449269195217
20466,0.023512912653932835
20467,0.22165817254397716
20468,0.30547829851129876
20469,0.219997
20470,0.12237435698101264
20471,0.006429487812217224
20472,0.20495148607570676
20473,0.1427075096199664
20474,0.219997
20475,0.028792778598133877
20476,0.027524146291172485
20477,0.03433192720866807
20478,0.007514656635843041
20479,0.027679883816925308
20480,0.0998003270699343
20481,0.05664335946903624
20482,0.350009
20483,1.0
20484,0.5692622859449503
20485,0.349908
20486,0.17294184187956257
20487,0.219997
20488,0.219997
20489,0.7259125878539047
20490,0.11034351119670421
20491,0.0839056311921759
20492,0.03356903127333991
20493,0.17562953365911563
20494,0.1286303498763684
20495,0.219997
20496,0.349908
20497,0.35778215756996323
20498,0.219997
20499,1.0
20500,0.14728172396594316
20501,0.028757744096941467
20502,0.219997
20503,0.220016
20504,0.023333389826645377
20505,0.07282063962590926
20506,0.349908
20507,0.08398606828128538
20508,0.046033790265431626
20509,0.07979988176043909
20510,0.07708698036467193
20511,0.219997
20512,0.5013036522683926
20513,0.349908
20514,0.6577348363781149
20515,0.349908
20516,0.219997
20517,0.219997
20518,0.350009
20519,0.220016
20520,0.10268853431295112
20521,0.06866505722749322
20522,0.3797186578663164
20523,0.219997
20524,0.04770121050162978
20525,0.6722962936647807
20526,0.349908
20527,0.005324663854614466
20528,0.0857547604968918
20529,0.219997
20530,0.12947916274129945
20531,0.05308753910697355
20532,0.01193016664222795
20533,0.04516592219756001
20534,0.09344226836211263
20535,0.1242934985801551
20536,0.17551280798655117
20537,0.18828751289793916
20538,0.536766984636339
20539,1.0
20540,0.6116142617881859
20541,0.43031793135085616
20542,0.8831731575175448
20543,0.1244117955069345
20544,0.03786288512992737
20545,0.06638192502162506
20546,0.17483220959626833
20547,0.219997
20548,0.03351639531755611
20549,0.02902699494770305
20550,0.11972649619871283
20551,0.21056742705590914
20552,0.0520245177439345
20553,0.0017953374754754667
20554,0.01778177089006063
20555,0.15210676726039907
20556,0.009000478174504598
20557,0.04201265661702409
20558,0.0090406698798746
20559,0.035740967481481395
20560,0.14376541966320397
20561,0.09644252544172643
20562,0.119401087746698
20563,0.350009
20564,0.34138882267987747
20565,0.350009
20566,1.0
20567,0.8834605722263733
20568,0.349908
20569,0.09740772535432232
20570,0.0019380929510473544
20571,0.0
20572,0.09211535538645625
20573,0.17903937578748658
20574,0.0035718482623266525
20575,0.008721953098776375
20576,0.021111374206281834
20577,1.0
20578,0.05350948566729666
20579,0.0512850432109763
20580,0.11054974982131718
20581,0.06704952500657654
20582,0.12033854193316998
20583,0.023215683855478023
20584,0.05175852855017973
20585,0.014814750797676185
20586,0.04039717975132108
20587,0.014206149701100663
20588,0.0037597340980799338
20589,0.05462386020491408
20590,0.14873778251671702
20591,0.16062806965821017
20592,0.8360779122837058
20593,0.4571876488495524
20594,0.2689538567913855
20595,1.0
20596,0.5486104030067975
20597,0.6591712036755455
20598,0.292683768486081
20599,0.05740484793630257
20600,0.0
20601,0.10077929205605164
20602,0.08211884427033346
20603,0.01565508697916366
20604,0.00704041552800834
20605,0.04840436135318552
20606,0.5721350482783898
20607,0.08701023897581317
20608,0.350009
20609,0.04284844372676263
20610,0.13749489133908754
20611,0.219997
20612,0.14032331302569637
20613,0.18430943331418845
20614,0.028050990440792848
20615,0.004437729854042748
20616,0.025711056554702544
20617,0.219997
20618,1.0
20619,0.3826489553299271
20620,0.9209909613941193
20621,0.30943924101706693
20622,0.4348972595481675
20623,0.219997
20624,0.19315044367474318
20625,0.03636042418354906
20626,0.012326069371186134
20627,0.08919870701671614
20628,0.038825754145825585
20629,0.11929659007123558
20630,0.219997
20631,0.07247777709353811
20632,0.350009
20633,0.038928071265439596
20634,0.08106475706893626
20635,0.017242337540018422
20636,0.350009
20637,0.05997177979872908
20638,0.0115945882671428
20639,0.03248084006837034
20640,0.2065729891418362
20641,0.350009
20642,0.06747750228174795
20643,0.0008838935646702
20644,0.2260354279672355
20645,0.3199315616385842
20646,0.09768555204548028
20647,0.1356499353362606
20648,0.051459686411046146
20649,0.10609875889561032
20650,0.14240022392640528
20651,0.10002068581324605
20652,0.1464752989575493
20653,0.13337951218283423
20654,0.06129823507147889
20655,0.06349863882837611
20656,0.007820898404494635
20657,0.18790255446450632
20658,0.008879168489618847
20659,0.12237282787929141
20660,0.00738010085985265
20661,0.04597694883833545
20662,0.19518377364719164
20663,0.05536544336855004
20664,0.10930533595505645
20665,0.0129883230904505
20666,0.10219356855018827
20667,0.219997
20668,0.4190919701416469
20669,0.6457595319519822
20670,0.1261649503775122
20671,0.0
20672,0.044060343283185095
20673,0.07646068874389897
20674,0.02050241908790814
20675,0.1512083382012582
20676,0.17492802733164256
20677,0.02397531783301566
20678,0.034798181119253056
20679,0.017966888833788282
20680,0.0012113699957312237
20681,0.008989496923695233
20682,0.0808787253489851
20683,0.11950629343598512
20684,0.17156693955402486
20685,0.4794217426573833
20686,0.018846541194590418
20687,0.02245018118589374
20688,0.220016
20689,0.05826685358881769
20690,0.21829641034531932
20691,0.4478650171371795
20692,0.15700443232214517
20693,0.01232750811631309
20694,0.12084468222033803
20695,0.017062065681360483
20696,0.02892835011041188
20697,0.09184769353892983
20698,0.07225359021970781
20699,0.006722409926916976
20700,0.017243583404115977
20701,0.010513846834778354
20702,0.220016
20703,0.0104492031268563
20704,0.0027706468474199032
20705,0.015549712497846936
20706,0.20500606931220416
20707,0.12065444199832959
20708,0.06508536125455607
20709,0.027623157828869243
20710,0.03255080845813606
20711,0.11713647348196234
20712,0.349908
20713,0.02796141157734651
20714,0.0037288763839497
20715,0.0026374551765329605
20716,0.038045884718331896
20717,0.04763017328243312
20718,0.05967249838772165
20719,0.220016
20720,0.07940745370664834
20721,0.220016
20722,0.09022183762372504
20723,0.038330653101661
20724,0.01203243237430738
20725,0.04369413922655032
20726,0.08758314796266962
20727,0.06591254071718032
20728,0.219997
20729,0.015113938522549499
20730,0.219997
20731,0.04531604783610622
20732,0.1598517912721188
20733,0.0910007816150595
20734,0.006342384740327625
20735,0.42023340025718325
20736,1.0
20737,0.219997
20738,0.05250165027083097
20739,0.0136259475494431
20740,0.056784918253605765
20741,0.07190980437283113
20742,0.049463635852990614
20743,0.07688483963204584
20744,0.12002677054277305
20745,0.05179955528610265
20746,1.0
20747,0.03551621116495574
20748,0.07133807677740547
20749,0.08012531939695577
20750,0.10759911946246171
20751,0.017483405308707026
20752,0.08534563149860842
20753,0.1372575119584214
20754,0.350009
20755,0.07628756515589244
20756,0.11156382346496226
20757,0.034367522353773224
20758,0.056761822427296535
20759,0.013825331439887234
20760,0.012393969412054054
20761,0.14374664846190566
20762,0.03973899242143086
20763,0.01115485707222177
20764,0.08347093797587457
20765,0.034549547049863086
20766,0.014565318690687602
20767,0.049113019680091005
20768,0.013356183790184935
20769,0.014927751629096757
20770,0.1940359484803134
20771,0.05865871666028766
20772,0.0664765465481304
20773,0.04072180212208031
20774,0.024953046123211316
20775,0.08458109548954557
20776,0.0
20777,0.0388120236634695
20778,0.0731135806572456
20779,1.0
20780,0.04700079152743027
20781,0.12685671052870898
20782,0.0342678555873992
20783,0.04186708778593872
20784,0.0706930662049145
20785,0.020879278308608185
20786,0.030295443969067436
20787,0.36336037441686597
20788,0.037316031313865086
20789,0.0146257621057749
20790,0.015691906430850267
20791,0.048785529627267454
20792,0.08843023903033917
20793,0.010053603946097951
20794,0.015727090322899196
20795,0.1421739539957426
20796,0.04328941951449067
20797,0.0029775014456693014
20798,0.0030894772264895495
20799,0.350009
20800,0.02972817367924189
20801,0.0440834819367016
20802,0.02367135888361035
20803,0.012848584213973623
20804,0.06897292530590218
20805,0.061289085353467936
20806,0.1321545986411374
20807,0.12560522130219162
20808,0.047592263964074705
20809,0.016135641778741047
20810,0.006175019838374222
20811,0.0825948116777548
20812,0.220016
20813,0.142296495208659
20814,0.12844547365436979
20815,0.10946065261347526
20816,0.05617171313054084
20817,0.06112259756983574
20818,0.033590928867652164
20819,0.220016
20820,0.2322324803045957
20821,0.350009
20822,0.007535656517827729
20823,0.025779955414440385
20824,0.014586392985674686
20825,0.02267855631814847
20826,0.03914560120697272
20827,0.0
20828,0.0024110182803225
20829,0.0066114139688616385
20830,0.022404587529248916
20831,0.005790456294209
20832,0.023309024744178397
20833,0.11443054377233006
20834,0.09165209343038186
20835,0.10870775493029486
20836,0.0029248129089684
20837,0.1481624677843882
20838,0.007940778533815085
20839,0.28813700422406274
20840,0.0108674648163537
20841,0.0
20842,0.01565599734225731
20843,0.004836430602107933
20844,0.0070449374803071025
20845,0.04562534229472154
20846,0.02778417292131324
20847,0.027952296906632826
20848,0.08919949554113792
20849,0.01580334819290475
20850,0.03662189236356137
20851,0.10448778333047934
20852,0.008180773734639334
20853,0.0016249063533189
20854,0.021686903794785828
20855,0.019547528725338638
20856,0.18417746979269764
20857,0.01898248869770195
20858,0.05543330277968361
20859,0.0005105982022939996
20860,0.039219923971863156
20861,0.0058688653992776
20862,0.17233486405360376
20863,0.007584330820704904
20864,0.04553170984965181
20865,0.350009
20866,0.04581304735464248
20867,0.09453178401911341
20868,0.040215471240792215
20869,0.006597671710096098
20870,0.0011066965932951993
20871,0.15993904281660076
20872,0.01320577118943467
20873,0.0922089275569438
20874,0.219997
20875,0.011555888529483263
20876,0.014950749928733076
20877,0.030187195116634317
20878,0.06014900000577447
20879,0.030329338295098308
20880,0.004434615203001348
20881,0.02202600910919439
20882,0.01070078303738
20883,0.03874791033075117
20884,0.02714504345421276
20885,0.0889010393890117
20886,0.06858565338202602
20887,0.060376847237385345
20888,0.006560547538566576
20889,0.219997
20890,0.002353730345523701
20891,0.0271655603266009
20892,0.024933974628352833
20893,0.006962763299576615
20894,0.025567158706533415
20895,0.06133414589414711
20896,0.048044007391784355
20897,0.004993927116325498
20898,0.05328723172066615
20899,0.015873245485227044
20900,0.028908446010057695
20901,0.2075679343209991
20902,0.219997
20903,0.016802251483719693
20904,0.10293614876377273
20905,0.019587318848472854
20906,0.045793263882349604
20907,0.0777869961572806
20908,0.05347790374437305
20909,0.03329036260335696
20910,0.03398183410370854
20911,0.039680868049375796
20912,0.219997
20913,0.04195244779941077
20914,0.14604209622004927
20915,0.03635429871223256
20916,0.07493876098574294
20917,0.0025993396564093
20918,0.220016
20919,0.350009
20920,0.1706324144531422
20921,0.0
20922,0.30474929973984527
20923,0.1276018407876797
20924,0.220016
20925,0.08529147593340922
20926,0.023889931122892664
20927,0.018439616165611353
20928,0.012876305057223645
20929,0.017453962195510323
20930,0.0
20931,0.12491781495455903
20932,0.09648987339581268
20933,0.6850545941352015
20934,0.07582796046747464
20935,0.161517432721176
20936,0.0026369253360655764
20937,0.012640584905613934
20938,0.023333991154119313
20939,0.05524274275893311
20940,0.0006955500785855422
20941,0.0453706558099819
20942,0.04664087061149625
20943,0.08554097677690037
20944,0.350009
20945,0.350009
20946,0.053919000797749264
20947,0.014002477209098654
20948,0.1466703395328621
20949,0.350009
20950,0.04391636316251335
20951,0.039696327474904786
20952,0.01588485173168317
20953,0.012696840666757499
20954,0.4179595811108779
20955,0.12235495171728591
20956,0.08720296848341658
20957,0.350009
20958,0.0098582663387657
20959,0.5739424655417995
20960,0.056380255458072744
20961,0.45182815665690496
20962,0.07982925576384023
20963,0.04718732463990938
20964,0.02734601256862835
20965,0.1113221346241159
20966,0.09425112060790267
20967,0.219997
20968,0.08456732576705993
20969,0.0815496821210354
20970,0.0451748582922618
20971,0.350009
20972,0.07048808365092737
20973,0.07342748079791507
20974,0.0977587778203571
20975,0.06113068831521401
20976,0.05630393731704496
20977,0.07566127043529844
20978,0.08393095142070969
20979,0.1278503934977808
20980,0.0287403370324678
20981,0.07595916855303377
20982,0.220016
20983,0.056598549934605204
20984,0.017851617856191423
20985,0.02186501153740688
20986,0.025920288470183683
20987,0.009149130087336619
20988,0.0156111873814914
20989,0.350009
20990,0.07754259785610484
20991,0.05501658355195736
20992,0.04992624970618312
20993,0.350009
20994,0.09474854749658307
20995,0.09269504733969809
20996,0.0125475831441816
20997,0.049857810435821395
20998,0.008108043497328792
20999,0.006102241876481225
21000,0.06495737533401086
21001,0.0046148600808575
21002,0.1016065297855327
21003,0.12329373570601335
21004,0.11373627965135205
21005,0.10238572344913022
21006,0.220016
21007,0.220016
21008,0.11038480671813355
21009,0.0
21010,0.030446238711387047
21011,0.03256885348510624
21012,0.2603814371268377
21013,0.0
21014,0.018429606626411743
21015,0.0688074176802415
21016,0.004896144702800044
21017,0.0190474649245675
21018,0.07226706206343532
21019,0.4008950914734614
21020,0.0646661057882889
21021,0.02763853916751257
21022,0.02790251306718315
21023,0.00661113513501315
21024,0.0833086498889109
21025,0.14800745932371556
21026,0.007102903267246429
21027,0.015943246334731452
21028,0.166506365075891
21029,0.1073797784906225
21030,0.08505091444312125
21031,0.07499188272331886
21032,0.0
21033,0.010912772222899821
21034,0.0381686409818494
21035,0.03680863699797822
21036,0.020630201889981846
21037,0.028550208705580664
21038,0.14072423276488255
21039,0.07851004110473844
21040,0.220016
21041,0.04018276174990765
21042,0.06397406384997775
21043,0.04934138992731646
21044,0.01692610253011368
21045,0.012992249680152442
21046,0.02640027467876551
21047,0.05290398318426291
21048,0.06606606156837302
21049,0.06652067211927715
21050,0.219997
21051,0.350009
21052,0.06727268611439745
21053,0.07993828525226576
21054,0.018049304455032847
21055,0.05703417020134717
21056,0.0064487032384399345
21057,0.0297144008182127
21058,0.04456292536462594
21059,0.024924476370594452
21060,0.219997
21061,0.07756099775578745
21062,0.022380750057600526
21063,0.046619626755392655
21064,0.005676170132666495
21065,0.220016
21066,0.09970628782489024
21067,0.23672792442550472
21068,0.252183319713123
21069,0.350009
21070,0.06602559393330401
21071,0.08320744201895894
21072,0.039170961410736255
21073,0.09311219144688906
21074,0.07762617313277785
21075,0.0141302030652688
21076,0.1232445336985594
21077,0.0597484121657553
21078,0.6923018042035723
21079,0.14686907470532445
21080,0.01992695450887293
21081,0.10129364032463967
21082,0.03036882010330339
21083,0.035063143715271125
21084,0.0
21085,0.014401284982706163
21086,0.008509663156947428
21087,0.012202025030787367
21088,0.07455487628721938
21089,0.02617634836298946
21090,0.01831662381270649
21091,0.07777478993464329
21092,0.04138029894803211
21093,0.13843506335689115
21094,0.07590389036969691
21095,0.15925298023772091
21096,0.24091295395896883
21097,0.350009
21098,0.11636232148126438
21099,0.03527692584782982
21100,0.13682049473102953
21101,0.01983951050359402
21102,0.02825497234867639
21103,0.0
21104,0.00784173055140315
21105,0.11271319278380468
21106,0.1049365042018724
21107,0.11866977802135262
21108,0.05682545465370617
21109,0.04832105580736876
21110,0.023517259300417263
21111,0.04189526306594739
21112,0.0
21113,0.02978475488953511
21114,0.01546691558070894
21115,0.220016
21116,0.0084072248932229
21117,0.03152754869554975
21118,0.08058780952005705
21119,0.0076140733420957
21120,0.02917217279922047
21121,0.06015083264861625
21122,0.09399860948325435
21123,0.09217801099128844
21124,0.1597921600704043
21125,0.16481569884226194
21126,0.26297427139722485
21127,0.220016
21128,0.219997
21129,0.040073590192622
21130,0.1426130364493614
21131,0.060604305062363306
21132,0.0088405968869349
21133,0.08160556929044052
21134,0.09808014413644636
21135,0.020093986600303815
21136,0.06375904992655945
21137,0.04570963184814767
21138,0.05503190922873182
21139,0.05001621366284777
21140,0.014897472429164527
21141,0.05286054631748144
21142,0.034443066634925856
21143,0.017988683052386725
21144,0.17117922021362808
21145,0.020226034623241216
21146,0.04155425703781313
21147,0.18090760632820738
21148,0.10401401136399184
21149,0.1828269061403457
21150,0.4648546524608155
21151,0.1369191141442224
21152,0.18256602980674863
21153,0.10350924362688187
21154,0.11188268725400995
21155,0.13225177817629646
21156,0.12194593531661994
21157,0.09586397850943047
21158,0.0
21159,0.219997
21160,0.07900675322659907
21161,0.11481738001852858
21162,0.0
21163,0.0929160186436464
21164,0.017985739620861342
21165,0.01245680034863485
21166,0.0042471053673056
21167,0.040491474315521
21168,0.07581047710215492
21169,0.349908
21170,0.10775066156405752
21171,0.058855029376209525
21172,0.19607608507405322
21173,0.9709434211895053
21174,0.1625663001523524
21175,0.019319109048977184
21176,0.350009
21177,0.09112148972147203
21178,0.3414273351254885
21179,0.33709384636664474
21180,0.07681390758324386
21181,0.06969679234949797
21182,0.0554527013102364
21183,0.19001968880499995
21184,0.219997
21185,0.050109539382123966
21186,0.220016
21187,0.06792570858592227
21188,0.035115869171495354
21189,0.019556249424663285
21190,0.027130446994828243
21191,0.05530662493547617
21192,0.07689694341828396
21193,0.0297581543908284
21194,0.16494677599429824
21195,0.219997
21196,0.219997
21197,0.219997
21198,0.07568868639693355
21199,0.17227187247866954
21200,0.219997
21201,0.350009
21202,0.09199077034851613
21203,0.015728751217325074
21204,0.06510308659515943
21205,0.01628723955105327
21206,0.0088510124251058
21207,0.03772843563271352
21208,0.5314738814655349
21209,0.0
21210,0.19702039205752228
21211,0.350009
21212,0.220016
21213,0.0
21214,0.0262999283791004
21215,0.02896855631915795
21216,0.09653974861676345
21217,0.22449122145753841
21218,0.350009
21219,0.0091846951455427
21220,0.1537899022969535
21221,0.14014872033570805
21222,0.349908
21223,0.219997
21224,0.18013378049770162
21225,0.219997
21226,0.35753865604328455
21227,0.10396387122326249
21228,0.02435604809744273
21229,0.07015219441392873
21230,0.08599052936926853
21231,0.30799308890457944
21232,0.8318970617980543
21233,0.08094062637364575
21234,0.06444424654751203
21235,0.37067871960272614
21236,0.004943804564640735
21237,0.07905641541891212
21238,0.219997
21239,0.04661525507842641
21240,0.1238061271100677
21241,0.0262688359859858
21242,0.05904907887253624
21243,0.004233996190908918
21244,0.44768809629832745
21245,0.220016
21246,0.15504220686082082
21247,0.32731433851060726
21248,0.219997
21249,0.2755741943235227
21250,0.5102458018332726
21251,0.36328072519937027
21252,0.0182688223082909
21253,0.219997
21254,0.220016
21255,0.1043140584094187
21256,1.0
21257,0.427394632705797
21258,0.350009
21259,0.005835887699661316
21260,0.0434182269338965
21261,0.220016
21262,0.08754353602640513
21263,0.03590880694544656
21264,0.0291057128074386
21265,0.07968412542666035
21266,0.0133950600459464
21267,0.007024335167216122
21268,0.0191030272741874
21269,0.13414983362656693
21270,0.1476692358775078
21271,0.18346455687828678
21272,0.2123744285811529
21273,0.07978313812479632
21274,0.350009
21275,0.220016
21276,0.0
21277,0.1540130182079219
21278,0.24353410595608202
21279,0.04304787306127593
21280,0.13743671688011005
21281,1.0
21282,1.0
21283,0.8309625629099244
21284,0.01696734948519424
21285,0.018894193149496842
21286,0.219997
21287,0.37105823923507064
21288,0.1492288135292349
21289,0.0
21290,0.05458283603330273
21291,0.014804784573091983
21292,0.06671058751437858
21293,0.10048262067481656
21294,0.1121915911426547
21295,0.03982196583091193
21296,0.4749491538461772
21297,0.05210223258978516
21298,0.06830891500950813
21299,0.2638869876760443
21300,0.1365401551775599
21301,0.08065239460441084
21302,0.10069768060011983
21303,0.350009
21304,0.350009
21305,0.040429082042768294
21306,0.13125486294760752
21307,0.14152586250028576
21308,0.12625220189646658
21309,1.0
21310,0.9267593040905303
21311,0.6637750712648158
21312,0.034619146626029836
21313,0.14688732981283453
21314,0.0105470678649349
21315,0.3866205013000782
21316,0.0
21317,0.350009
21318,0.06546046053812073
21319,0.0632598174169114
21320,0.039616988847821874
21321,0.14768676528421795
21322,0.18246753860493464
21323,0.219997
21324,0.16400076526580765
21325,0.7209276134155751
21326,0.5125653807042952
21327,0.28163973660484987
21328,0.219997
21329,0.16136653238962212
21330,0.06410470690279477
21331,0.16577800365727463
21332,0.10662908897097648
21333,0.220016
21334,0.220016
21335,0.08648996898817793
21336,0.025741137436027614
21337,0.15915516316966977
21338,0.03564153627236425
21339,0.7645106630101699
21340,0.9987129917049317
21341,0.8758172834243962
21342,0.1886463756032079
21343,0.05029037208377887
21344,0.220016
21345,0.35999642821223277
21346,0.015030401545353943
21347,0.06596281382894686
21348,0.15273865230208916
21349,0.1052215227959607
21350,0.47605238568929886
21351,1.0
21352,0.1292291616309215
21353,0.17521990861873404
21354,0.21814265842269603
21355,0.219997
21356,0.10588362855108502
21357,0.350009
21358,0.220016
21359,0.03814346460820828
21360,0.0574959600065601
21361,0.10655837829697049
21362,0.15828088764412646
21363,0.10383923113794226
21364,0.02755982591353382
21365,0.27893061491184407
21366,0.29900699218895804
21367,0.219997
21368,0.14408486775227325
21369,0.16736824096866815
21370,0.0887323693951296
21371,0.23486080569012985
21372,0.04178957783725998
21373,0.024810062595865285
21374,0.03794785243857117
21375,0.03685369290689211
21376,0.1075413179609242
21377,0.07027328119350634
21378,0.37999017569224597
21379,1.0
21380,0.5253777429172807
21381,0.349908
21382,0.17807593392173798
21383,0.219997
21384,0.219997
21385,0.7799829779472536
21386,0.1099322262872735
21387,0.0635523862662016
21388,0.00898159535101671
21389,0.1820080594186153
21390,0.219997
21391,0.219997
21392,0.349908
21393,0.2834631609230135
21394,0.27083533889159883
21395,1.0
21396,0.220016
21397,0.024430353359013758
21398,0.20089124782015552
21399,0.220016
21400,0.006643514931647611
21401,0.06452571694217386
21402,0.7797069026412533
21403,0.08092111199687568
21404,0.05276412535566613
21405,0.0653919239868253
21406,0.07830206507748552
21407,0.219997
21408,0.5435502212149285
21409,0.42566035612960895
21410,0.7190530845949454
21411,0.349908
21412,0.219997
21413,0.219997
21414,0.219997
21415,0.019615912423656463
21416,0.220016
21417,0.06700765684315073
21418,0.09251816053790182
21419,0.40843513324964176
21420,0.25389083188913286
21421,0.015271256285145078
21422,0.6665963920708062
21423,0.349908
21424,0.005324663854614466
21425,0.0490962218847185
21426,0.20450116404848778
21427,0.11679722822873555
21428,0.02295484006366095
21429,0.013908050539828552
21430,0.031729048941391905
21431,0.05279405552588143
21432,0.0987066428898244
21433,0.18412054153433008
21434,0.1894374685614379
21435,0.5306315239550872
21436,1.0
21437,0.6056967518610481
21438,0.4996344630429132
21439,0.8604037897168265
21440,0.1753658429714961
21441,0.0
21442,0.04231793792815068
21443,0.021739895184710457
21444,0.16673368945929623
21445,0.22049138946268995
21446,0.05026201487977991
21447,0.02325218499809315
21448,0.10686890952322953
21449,0.21764627019447882
21450,0.0017953374754754667
21451,0.05133151534392153
21452,0.17835205234571685
21453,0.013271927129609062
21454,0.008552089203091667
21455,0.034995946399279484
21456,0.009019135873109898
21457,0.0
21458,0.0379552982182389
21459,0.13461610747702096
21460,0.10011515264568255
21461,0.09239236259144479
21462,0.350009
21463,0.219997
21464,0.350009
21465,1.0
21466,0.9444570039195366
21467,0.4448537654435061
21468,0.10190761068218582
21469,0.006497255177501132
21470,0.01599065991145964
21471,0.05295957306720725
21472,0.1903593014511571
21473,0.0009603760354872527
21474,0.008721953098776375
21475,0.014815029645871234
21476,1.0
21477,0.08161625350388746
21478,0.03423789835599733
21479,0.12290457025962079
21480,0.09536158167796563
21481,0.220016
21482,0.09906618423482653
21483,0.017951990050453587
21484,0.01122083217330838
21485,0.026973778487521263
21486,0.0
21487,0.03857903096335758
21488,0.11851828128157052
21489,0.20424939575676607
21490,0.8495590115692917
21491,0.4704619759378733
21492,0.23800046339798142
21493,1.0
21494,0.5029789586471849
21495,0.613849110823854
21496,0.220016
21497,0.10353677816915546
21498,0.012844125076231536
21499,0.05155686062677825
21500,0.09168192743258556
21501,0.01987846478508134
21502,0.09678261665514372
21503,0.6017048576851021
21504,0.220016
21505,0.350009
21506,0.04625571607762373
21507,0.11428667422763024
21508,0.20735326256427106
21509,0.18645548368744658
21510,0.18415097856061755
21511,0.007504462332458549
21512,0.03901184528841543
21513,0.006814046698205999
21514,0.048642153298609644
21515,0.219997
21516,1.0
21517,0.350009
21518,0.9705370484084702
21519,0.3168203383747095
21520,0.349908
21521,0.2683221473251168
21522,0.16888533160700758
21523,0.037022580190708115
21524,0.013393521828512433
21525,0.08568111597972766
21526,0.044193485589075286
21527,0.19780131354307537
21528,0.219997
21529,0.027205874679627214
21530,0.3113681053420889
21531,0.038928071265439596
21532,0.08291248810278916
21533,0.010508439648478682
21534,0.350009
21535,0.05562433565335248
21536,0.0004912389972123003
21537,0.03248084006837034
21538,0.14961370982315797
21539,0.266994299574979
21540,0.059805329573136355
21541,0.0008838935646702
21542,0.22849578168311702
21543,0.219997
21544,0.1258960426071375
21545,0.13661426060263251
21546,0.028519636057830148
21547,0.20018499478184662
21548,0.16145948881614247
21549,0.07791638818820355
21550,0.1135384806695225
21551,0.1670579038766167
21552,0.07548067758675545
21553,0.0704721332716878
21554,0.1326169530258796
21555,0.013106081408343032
21556,0.023828977732806747
21557,0.0852724107188533
21558,0.03875545805120655
21559,0.17208138507909942
21560,0.06231605241024474
21561,0.11308230772346275
21562,0.0138997048930807
21563,0.09222806705359148
21564,0.2615917424234419
21565,0.40253325516987726
21566,0.6861731759719523
21567,0.14342195020537762
21568,0.08462577444453548
21569,0.06775033035652392
21570,0.08621291486883667
21571,0.02397531783301566
21572,0.034798181119253056
21573,0.017278362816370508
21574,0.024789238209027325
21575,0.13314690381871203
21576,0.12942741457263177
21577,0.5248745829695922
21578,0.022938327986641468
21579,0.0312608695667486
21580,0.220016
21581,0.07863662549848488
21582,0.19885894779298463
21583,0.3884302888371211
21584,0.15133287236542797
21585,0.0049940130840946
21586,0.14876646917616754
21587,0.044767827993724085
21588,0.035644932479752076
21589,0.10539182404040381
21590,0.07543554218855901
21591,0.017117321667902176
21592,0.016309171992900405
21593,0.017243583404115977
21594,0.010513846834778354
21595,0.25676455987839775
21596,0.0
21597,0.021419924892195838
21598,0.219997
21599,0.11866817819288009
21600,0.07289498060746716
21601,0.02846032249535694
21602,0.02861536166452296
21603,0.10620353797071794
21604,0.33004936319937195
21605,0.047834794144909314
21606,0.0
21607,0.0248705853676997
21608,0.03243348220179153
21609,0.06546421226390915
21610,0.220016
21611,0.09043693916153824
21612,0.21617332396696276
21613,0.16551105788526013
21614,0.04526300994382859
21615,0.04620237952178482
21616,0.07736598630952653
21617,0.04551250101924234
21618,0.2881984360200795
21619,0.07004208991265515
21620,0.219997
21621,0.034524866792662715
21622,0.1685606833571034
21623,0.09927103500856582
21624,0.006342384740327625
21625,0.0158717123860113
21626,0.4205811515350044
21627,1.0
21628,0.23038969141037094
21629,0.07351746835834067
21630,0.0136259475494431
21631,0.07237683842981886
21632,0.05874761358899544
21633,0.02072330458244302
21634,0.09424869394721354
21635,0.11677366983131195
21636,0.05343957157016195
21637,1.0
21638,0.11869195269403898
21639,0.017251026980765104
21640,0.05430752689590798
21641,0.07067920514410742
21642,0.02602233462857728
21643,0.08699660657581013
21644,0.123774584175836
21645,0.4364071420587364
21646,0.059701954288542435
21647,0.13597649560539965
21648,0.03945166359087164
21649,0.006873624716751034
21650,0.14812158919554658
21651,0.026213674346550465
21652,0.00973619740378187
21653,0.08459998573174657
21654,0.053943868559660685
21655,0.029933632819157903
21656,0.06153301676144442
21657,0.0091247691290445
21658,0.1797159395652168
21659,0.05865871666028766
21660,0.0634531958768256
21661,0.04072180212208031
21662,0.016703755204335514
21663,0.15701618353694735
21664,0.02352944921577283
21665,0.0316245516183549
21666,0.06403473790666228
21667,0.07382659881431851
21668,1.0
21669,0.04350434259377747
21670,0.220016
21671,0.0631479809145192
21672,0.0692565488310673
21673,0.046332190784158025
21674,0.08308693060466851
21675,0.012244010844443223
21676,0.034562294608447536
21677,0.3231402934483688
21678,0.02781860273403719
21679,0.00555042165256222
21680,0.015691906430850267
21681,0.0043613745113903
21682,0.04409062431401225
21683,0.220016
21684,0.0
21685,0.015727090322899196
21686,0.15130998290898018
21687,0.024068282431735068
21688,0.025073600770188848
21689,0.026673485931784355
21690,0.350009
21691,0.0305408454011789
21692,0.02367135888361035
21693,0.0636441553267626
21694,0.05268998166869734
21695,0.1744321902184701
21696,0.09564182464107171
21697,0.0561178116835142
21698,0.016135641778741047
21699,0.006175019838374222
21700,0.090589645525436
21701,0.219997
21702,0.09004608476280629
21703,0.1545464629770933
21704,0.13132401164123336
21705,0.010007444926911038
21706,0.04774472794062454
21707,0.0224699299133966
21708,0.220016
21709,0.219997
21710,0.220016
21711,0.0039891732026336
21712,0.007506512606141887
21713,0.024785884238234336
21714,0.020674110426479986
21715,0.021496190818895484
21716,0.026098332676229567
21717,0.04956477641688942
21718,0.015075707202274708
21719,0.0142031159499903
21720,0.030071548260979596
21721,0.12138146416088326
21722,0.07197493230110885
21723,0.14334198716814556
21724,0.012132344692579893
21725,0.009423772527418368
21726,0.09805794049912313
21727,0.350009
21728,0.008545362255730124
21729,0.0108674648163537
21730,0.09537930688432114
21731,0.0
21732,0.030428406367133114
21733,0.018844712959578222
21734,0.012192287479720102
21735,0.04967086115247274
21736,0.007421002222613678
21737,0.031945360316478155
21738,0.03142838731794901
21739,0.0
21740,0.016210337846531482
21741,0.05412029087937261
21742,0.020549208611689247
21743,0.08510505969757504
21744,0.008180773734639334
21745,0.006377422361805582
21746,0.014506654742267429
21747,0.019547528725338638
21748,0.13725093119328852
21749,0.04100479535752395
21750,0.0733462944738911
21751,0.008055763708405828
21752,0.03352541803800796
21753,0.01567065156061092
21754,0.2030513785509916
21755,0.02104944585499453
21756,0.02262322320417534
21757,0.007584330820704904
21758,0.350009
21759,0.05780256567802776
21760,0.07576109073292858
21761,0.10115314488533961
21762,0.04098073726675252
21763,0.010424013298297398
21764,0.11314486665563925
21765,0.007711043326622801
21766,0.09887412946450361
21767,0.0166701296148883
21768,0.2159326131991796
21769,0.01819748171979856
21770,0.034139831157627476
21771,0.045080578386082315
21772,0.08851696806646178
21773,0.0
21774,0.006339039164088847
21775,0.014134965911501082
21776,0.02202600910919439
21777,0.06672677837349537
21778,0.01848136611044816
21779,0.00931273509973261
21780,0.0896679762892615
21781,0.10600179324277641
21782,0.006560547538566576
21783,0.2112562144990305
21784,0.0078509050610718
21785,0.0594547825296717
21786,0.026895184866548835
21787,0.010344589875070215
21788,0.017304218345451212
21789,0.07613465870056212
21790,0.018588312809330057
21791,0.0124136225321213
21792,0.044144010129870244
21793,0.009413562649045543
21794,0.0
21795,0.0344947089539951
21796,0.219997
21797,0.219997
21798,0.1353999592023749
21799,0.007374071492861963
21800,0.018497644628780976
21801,0.0422271585559007
21802,0.06716781646391269
21803,0.10455030663620701
21804,0.0123769000990942
21805,0.039680868049375796
21806,0.18071048740866716
21807,0.08391179598056475
21808,0.06855255027736998
21809,0.0246665343680337
21810,0.0048930200427529
21811,0.19047362573337748
21812,0.005165946298530573
21813,0.1940598230458813
21814,0.220016
21815,0.350009
21816,0.0214347484297011
21817,0.0257741927473063
21818,0.350009
21819,0.0
21820,0.30051713859766277
21821,0.1063924807646128
21822,0.220016
21823,0.023889931122892664
21824,0.008296520014361151
21825,0.014438389387796225
21826,0.0038009361826306636
21827,0.220016
21828,0.07357529630916199
21829,0.7319276176851433
21830,0.09899822580117185
21831,0.1422823721099582
21832,0.0
21833,0.03837297031461481
21834,0.04840897654891835
21835,0.11584244174547398
21836,0.350009
21837,0.350009
21838,0.0625547962627137
21839,0.10736402696174505
21840,0.2082168797715614
21841,0.09560411638517728
21842,0.06254738628844206
21843,0.025791736268901484
21844,0.060609363446198966
21845,0.09539713488328425
21846,0.039399738142792726
21847,0.3509392420136472
21848,0.1222820313119849
21849,0.220016
21850,0.36524563483481465
21851,0.09429268046393549
21852,0.47319464281460144
21853,0.09067556238749075
21854,0.349908
21855,0.057956961988235835
21856,0.029528371666361474
21857,0.04122928864511535
21858,0.06446417451586771
21859,0.220016
21860,0.15982334810315768
21861,0.0323247844063118
21862,0.0809666206588274
21863,0.0922281360096668
21864,0.350009
21865,0.04738527069531097
21866,0.0711568263269872
21867,0.08226344549140181
21868,0.050883266526739857
21869,0.01006372247522205
21870,0.1499787122583034
21871,0.0809306516621815
21872,0.0152543055610567
21873,0.019615145164952164
21874,0.220016
21875,0.06550927035612139
21876,0.14713700161732562
21877,0.02186501153740688
21878,0.00501698489551252
21879,0.0426857477917138
21880,0.0130030092555092
21881,0.349908
21882,0.018788974718452145
21883,0.008534432524610744
21884,0.12385481718735517
21885,0.251438022755256
21886,0.350009
21887,0.09572916543647936
21888,0.0360908417714463
21889,0.0125475831441816
21890,0.021983526112670602
21891,0.008108043497328792
21892,0.006102241876481225
21893,0.06514953355629816
21894,0.1145873694002642
21895,0.015871889643171953
21896,0.10707413459015798
21897,0.220016
21898,0.26780300226950465
21899,0.010619410852965116
21900,0.350009
21901,0.060095070428609856
21902,0.00886818331687304
21903,0.01301509711546683
21904,0.024030349409649886
21905,0.026959734132015845
21906,0.24832009998067947
21907,0.0
21908,0.03803386932784044
21909,0.009850028105394
21910,0.14271371273508215
21911,0.014975785373694
21912,0.10413891110220493
21913,0.46186864006753314
21914,0.0712866815059936
21915,0.08528921510854656
21916,0.011972671840548652
21917,0.02459515865152105
21918,0.075382585631497
21919,0.07187687932450483
21920,0.01896143232288463
21921,0.15529978562475588
21922,0.09125535277217789
21923,0.058877900445724454
21924,0.06937311330333185
21925,0.030394312172302727
21926,0.0876808379832706
21927,0.04229172034750312
21928,0.03966709502737345
21929,0.028909520626104166
21930,0.13900617310765737
21931,0.11985149917760914
21932,0.220016
21933,0.04929934331425712
21934,0.07651950038313945
21935,0.034747990863457257
21936,0.027735826240557582
21937,0.017694063882835842
21938,0.03015368306593831
21939,0.04677357959652531
21940,0.03164450045641573
21941,0.060075884432941554
21942,0.219997
21943,0.3377782269945251
21944,0.05025314528189645
21945,0.052838727462913265
21946,0.00012108763906364551
21947,0.06332785710886107
21948,0.0
21949,0.0247132149479469
21950,0.04725641353084354
21951,0.006215476465977553
21952,0.24634374709174064
21953,0.07297476450430904
21954,0.01942035605998623
21955,0.04574806949606246
21956,0.002850591392685
21957,0.220016
21958,0.09064490897911126
21959,0.350009
21960,0.24303709707317753
21961,0.350009
21962,0.08752861095029002
21963,0.09568704517248655
21964,0.03467194653690046
21965,0.07047622579284757
21966,0.05291623478021875
21967,0.009031489265594
21968,0.14302342952076527
21969,0.0703044673380544
21970,0.7113338041974997
21971,0.13656194503290348
21972,0.00428811597084715
21973,0.09974519443384766
21974,0.048079105404892394
21975,0.046353002343481414
21976,0.012905339672734155
21977,0.014965406328709364
21978,0.03677098440716358
21979,0.028150435556504226
21980,0.008500233652846087
21981,0.1017325340951078
21982,0.056944987734435196
21983,0.220016
21984,0.07644011903978182
21985,0.2004853856993315
21986,0.350009
21987,0.37037748228931155
21988,0.12669625380094457
21989,0.04890068544960072
21990,0.12890364923300512
21991,0.007331069659204289
21992,0.10085088188657937
21993,0.0900209252141923
21994,0.1253567300060906
21995,0.09460686690804578
21996,0.05201918305635766
21997,0.014959518503888663
21998,0.07640157181318928
21999,0.0028059444995754638
22000,0.16537883482812676
22001,0.051633167515300046
22002,0.0005324634273269995
22003,0.023146782546648398
22004,0.017418410716434674
22005,0.05051784558211746
22006,0.11960382505490144
22007,0.11718991015891153
22008,0.1702999937485183
22009,0.16549269883406365
22010,0.22241385326753565
22011,0.220016
22012,0.24353925592178563
22013,0.050382054395075204
22014,0.11272775070884022
22015,0.0089963203128737
22016,0.067337360777316
22017,0.06282381607373025
22018,0.01631307375818454
22019,0.04496604003005791
22020,0.03398757304970916
22021,0.06128415701652708
22022,0.0
22023,0.05634427893327002
22024,0.05260638966798017
22025,0.017904121121735728
22026,0.028965385550309235
22027,0.024385686884472055
22028,0.0
22029,0.17002267394170406
22030,0.03867348200481583
22031,0.14804462950227779
22032,0.11221655172122214
22033,0.1878780592863658
22034,0.5017594805734895
22035,0.1741969320552077
22036,0.17601611684187735
22037,0.09354935063230436
22038,0.12278256885731365
22039,0.12196992903547016
22040,0.10757635781807394
22041,0.10059800816280227
22042,0.01249939139854181
22043,0.219997
22044,0.13429159420256548
22045,0.11848365181861988
22046,0.040886330658465926
22047,0.0600965154816475
22048,0.020482649739392213
22049,0.0379522693748088
22050,0.057265071432754125
22051,0.219997
22052,0.08246700706129852
22053,0.08884142174648393
22054,0.1737367753846851
22055,0.9660897484785412
22056,0.15159841274234043
22057,0.020972198667117182
22058,0.350009
22059,0.11141518748088353
22060,0.219997
22061,0.349908
22062,0.09091031662042666
22063,0.00334593396377145
22064,0.0
22065,0.10495150588024127
22066,0.0275948833234673
22067,0.16872033272051157
22068,0.219997
22069,0.036426910435636964
22070,0.220016
22071,0.011136315427122973
22072,0.060217219273671255
22073,0.0
22074,0.017125847455180983
22075,0.03813311278057134
22076,0.05778518384335827
22077,0.08683607405693836
22078,0.0305533069864229
22079,0.16260932234187386
22080,0.219997
22081,0.219997
22082,0.18184942812743027
22083,0.061149081587603654
22084,0.16930419817734665
22085,0.219997
22086,0.350009
22087,0.09110933076758615
22088,0.0157704257941919
22089,0.06261402441060103
22090,0.009167448184996289
22091,0.059061318188069416
22092,0.5618898690938113
22093,0.016454690256905914
22094,0.17900013113057459
22095,0.350009
22096,0.220016
22097,0.0
22098,0.05617669680776765
22099,0.09785142114203854
22100,0.2595771114943031
22101,0.350009
22102,0.0091846951455427
22103,0.1732077356101053
22104,0.14016898286639995
22105,0.219997
22106,0.219997
22107,0.17531795604502964
22108,0.219997
22109,0.37862551366296254
22110,0.0998831552335846
22111,0.07689224829663323
22112,0.09895843166209363
22113,0.05972091403641203
22114,0.2879533587440284
22115,0.857187557280889
22116,0.08094062637364575
22117,0.08326900571013884
22118,0.46080130802729136
22119,0.004943804564640735
22120,0.08827881585232752
22121,0.3456969259251894
22122,0.06352793258236991
22123,0.11931163334885951
22124,0.0428302160579676
22125,0.06472478744341645
22126,0.004233996190908918
22127,0.4814624782011812
22128,0.350009
22129,0.15619470886271203
22130,0.33670056021276434
22131,0.219997
22132,0.219997
22133,0.48283874386832026
22134,0.350009
22135,0.031725754614627996
22136,0.219997
22137,0.220016
22138,0.1664628204583382
22139,1.0
22140,0.349908
22141,0.350009
22142,0.005835887699661316
22143,0.046416846019651896
22144,0.057044028820156883
22145,0.10505153109376084
22146,0.022174095848873664
22147,0.0204478527662852
22148,0.08208319040683956
22149,0.005517690777982383
22150,0.0112257633146208
22151,0.007024335167216122
22152,0.0229164524249119
22153,0.220016
22154,0.1857751458896675
22155,0.16375455737020278
22156,0.20746986749562962
22157,0.11942858134180671
22158,0.350009
22159,0.220016
22160,0.1462704631617838
22161,0.220016
22162,0.04304787306127593
22163,0.10453975911822624
22164,1.0
22165,1.0
22166,0.8007196984150076
22167,0.008558370943366417
22168,0.1254052326105019
22169,0.350009
22170,0.0787777634439505
22171,0.0
22172,0.025283968635897436
22173,0.09014862212344689
22174,0.08042644480959885
22175,0.11088463350195371
22176,0.03511932320785274
22177,0.4795184346423274
22178,0.05210223258978516
22179,0.06363753424123483
22180,0.2478582425892227
22181,0.2032421189565466
22182,0.06737798812518725
22183,0.09087825913012643
22184,0.350009
22185,0.220016
22186,0.023198026087049697
22187,0.11587133572567881
22188,0.11180408104514516
22189,0.1382099699399349
22190,1.0
22191,0.808636380477032
22192,0.72510298719621
22193,0.034619146626029836
22194,0.10901604118397124
22195,0.0006417594273623109
22196,0.398475832730281
22197,0.0
22198,0.25954228725037615
22199,0.07642970008004893
22200,0.06718217526726089
22201,0.03891290421944098
22202,0.14959404140475815
22203,0.21335208453141605
22204,0.219997
22205,0.182232269021933
22206,0.705003061759951
22207,0.5456758715439933
22208,0.27282164198533176
22209,0.219997
22210,0.12311534958119041
22211,0.06488686853895778
22212,0.1905055443287214
22213,0.11103809746018338
22214,0.08811355864720896
22215,0.0
22216,0.15107911196602308
22217,0.12455047220303282
22218,0.04748564830516831
22219,0.12173468137114149
22220,0.7585632890197591
22221,0.9987129917049317
22222,0.8758172834243962
22223,0.219997
22224,0.03254231505920868
22225,0.24446755064780057
22226,0.0
22227,0.350009
22228,0.0064595327738138425
22229,0.08428847983260745
22230,0.15308860418567616
22231,0.09926266905051728
22232,0.4667064276991547
22233,1.0
22234,0.1386608020616671
22235,0.18131118464385326
22236,0.21744453274545622
22237,0.219997
22238,0.11396123461287372
22239,0.350009
22240,0.220016
22241,0.03190161795357203
22242,0.0624909108439623
22243,0.11150813292048868
22244,0.13759818524379416
22245,0.09608639530679947
22246,0.054142235195411836
22247,0.350009
22248,0.374481300451908
22249,0.220016
22250,0.11245783992587063
22251,0.008997413535229825
22252,0.18684956201938385
22253,0.06194556172481679
22254,0.219997
22255,0.017433901063167577
22256,0.017971079970204487
22257,0.019252464567117666
22258,0.08974025511442041
22259,0.07949201454413704
22260,0.3831444943603577
22261,1.0
22262,0.349908
22263,0.349908
22264,0.21987658385037206
22265,0.219997
22266,0.25646799436353473
22267,0.7939221483790747
22268,0.1307329057122005
22269,0.0677023073031931
22270,0.006596693605645711
22271,0.13728387047423432
22272,0.219997
22273,0.21585708711514945
22274,0.349908
22275,0.2943954860733489
22276,0.219997
22277,1.0
22278,0.08005447000887797
22279,0.019916760537546856
22280,0.219997
22281,0.16406601522021808
22282,0.023333389826645377
22283,0.09298196323726567
22284,0.349908
22285,0.08899656830849008
22286,0.04545036771456823
22287,0.0630530934347512
22288,0.10336066142188823
22289,0.219997
22290,0.5579504028897834
22291,0.349908
22292,0.7285728355526008
22293,0.349908
22294,0.219997
22295,0.219997
22296,0.350009
22297,0.019720762767557774
22298,0.0040297042367413004
22299,0.220016
22300,0.08689348772262893
22301,0.10594432843858384
22302,0.46078295420963095
22303,0.23522462238335287
22304,0.050229985617559515
22305,0.6092314003761021
22306,0.350009
22307,0.0633393499859376
22308,0.15420872778338868
22309,0.13301066675686785
22310,0.050545375042873354
22311,0.0325372482626134
22312,0.01404695045315485
22313,0.0344579664102473
22314,0.06498429325944882
22315,0.12956970237283283
22316,0.1936663137909121
22317,0.18786784244289648
22318,0.5545214838321225
22319,1.0
22320,0.6562825449156313
22321,0.541593165610969
22322,0.8845521431165531
22323,0.1666521871167074
22324,0.042030341227617174
22325,0.07312985455808425
22326,0.15452337417424694
22327,0.27248792633454333
22328,0.05213190556864731
22329,0.044202922503325345
22330,0.08271200723858672
22331,0.1869608309461157
22332,0.002644545831802729
22333,0.13225307800004343
22334,0.0
22335,0.008552089203091667
22336,0.015017961771763589
22337,0.023763991314978777
22338,0.0601708216720379
22339,0.0090406698798746
22340,0.037425638097170894
22341,0.13301329455353347
22342,0.06699499869083254
22343,0.1128619511586081
22344,0.2721147738587112
22345,0.349908
22346,0.350009
22347,1.0
22348,0.9387702929866094
22349,0.349908
22350,0.054971567707245636
22351,0.009972041337424346
22352,0.057276146010903646
22353,0.13950509562994287
22354,0.004226332279404553
22355,0.026236315728879633
22356,1.0
22357,0.08260025874773155
22358,0.03423789835599733
22359,0.06080898535198939
22360,0.10517780601322865
22361,0.1285530149119551
22362,0.04791126867283145
22363,0.04687611789955473
22364,0.04931430174454318
22365,0.022344268155165062
22366,0.010220007261020358
22367,0.046748672250821285
22368,0.1345349874547776
22369,0.19314937533701138
22370,0.8924507311874847
22371,0.54259400766465
22372,0.2440786292547826
22373,1.0
22374,0.349908
22375,0.6334220206713299
22376,0.220016
22377,0.02982427228293766
22378,0.03880539779028357
22379,0.009131417920385135
22380,0.08108169434067135
22381,0.08796358730808346
22382,0.03821967343836864
22383,0.11222572413397103
22384,0.6084581334368917
22385,0.11411696065343047
22386,0.3773375604134306
22387,0.041616053587658526
22388,0.13008024529605655
22389,0.219997
22390,0.11903838261493507
22391,0.220016
22392,0.01903802051074685
22393,0.018862621069991314
22394,0.05575837198789155
22395,0.219997
22396,1.0
22397,0.350009
22398,0.8442293965238374
22399,0.2981315661721127
22400,0.349908
22401,0.219997
22402,0.17113637120063918
22403,0.020882829530737564
22404,0.013393521828512433
22405,0.053667937912899005
22406,0.08594979310325886
22407,0.022556521718134617
22408,0.15047509354671648
22409,0.219997
22410,0.0030764355425205153
22411,0.349908
22412,0.038928071265439596
22413,0.08143656706854026
22414,0.2457660774906617
22415,0.055722470025989276
22416,0.14926650908405698
22417,0.28065492980757306
22418,0.06742211455056725
22419,0.2633038435003573
22420,0.219997
22421,0.11085587013832118
22422,0.1482225569089284
22423,0.01540345574974145
22424,0.13970322019522993
22425,0.09508335692487017
22426,0.0966222664801723
22427,0.1480483862416331
22428,0.07548067758675545
22429,0.007820898404494635
22430,0.220016
22431,0.013106081408343032
22432,0.12750031639552573
22433,0.04925889854279196
22434,0.041520467019135754
22435,0.14479994710467264
22436,0.06017804954069884
22437,0.11617856606120486
22438,0.09490462150067447
22439,0.219997
22440,0.44986454456937264
22441,0.6678682822324149
22442,0.10588779541446994
22443,0.0
22444,0.01500369531276593
22445,0.037589478169126396
22446,0.07539405585076017
22447,0.0741081824383579
22448,0.04296810847744377
22449,0.022984561545067568
22450,0.034798181119253056
22451,0.017278362816370508
22452,0.015444129160749024
22453,0.019541405492321733
22454,0.020158601248165257
22455,0.1432409680029672
22456,0.15551214435815247
22457,0.5710812808625712
22458,0.017524012210480718
22459,0.0312608695667486
22460,0.220016
22461,0.08137063163434088
22462,0.19750784017767542
22463,0.350009
22464,0.13833043394849315
22465,0.0014662278221152
22466,0.220016
22467,0.0031631731399535
22468,0.021377639460871584
22469,0.02876876231864324
22470,0.07351354809745152
22471,0.11279118270033921
22472,0.031028553518257077
22473,0.0
22474,0.010513846834778354
22475,0.220016
22476,0.03706593064565332
22477,0.0
22478,0.019577671416109936
22479,0.219997
22480,0.12023819577351069
22481,0.07228810082130686
22482,0.02190682829379354
22483,0.04481757281791916
22484,0.08222954466224194
22485,0.31474034723100225
22486,0.04941339693476731
22487,0.0014398837231750592
22488,0.047410754829996404
22489,0.021797932293561126
22490,0.12476949949397866
22491,0.28937379441344446
22492,0.060658890959977334
22493,0.220016
22494,0.13240733885595424
22495,0.032671320581620096
22496,0.02337354797186372
22497,0.04014834028058342
22498,0.04918285316261713
22499,0.34451170593095903
22500,0.015113938522549499
22501,0.219997
22502,0.03971612641427272
22503,0.1568700652127589
22504,0.1036277805477768
22505,0.0197272597356459
22506,0.4274571904151634
22507,1.0
22508,0.24356069197771302
22509,0.07712568580636497
22510,0.0064921167857463
22511,0.07727304158482697
22512,0.017357265442007136
22513,0.04348915319844962
22514,0.10651657020412383
22515,0.15746740067843235
22516,0.09946025557481085
22517,1.0
22518,0.09631625568735927
22519,0.017251026980765104
22520,0.05771503679967308
22521,0.09071129497805153
22522,0.012659902210930385
22523,0.04071080487974492
22524,0.1071149550703958
22525,0.349908
22526,0.03965452903155643
22527,0.19829194385029453
22528,0.034367522353773224
22529,0.07777990860577853
22530,0.16113611677886547
22531,0.04724521386181217
22532,0.03007107627924567
22533,0.08922333268157348
22534,0.06379629915610388
22535,0.0197415690234271
22536,0.01882692772635913
22537,0.09345632398108591
22538,0.0083140170574711
22539,0.1294809385326594
22540,0.04945507917481369
22541,0.03667726325697655
22542,0.04072180212208031
22543,0.04082842660422434
22544,0.13324565176749448
22545,0.014377951730932634
22546,0.045629440389248
22547,0.054440228417260685
22548,0.03907241539238311
22549,1.0
22550,0.032684844647497976
22551,0.15649086463535447
22552,0.0819826858352676
22553,0.036775472335580504
22554,0.05145409104368792
22555,0.0504169244622642
22556,0.012244010844443223
22557,0.019208489478036037
22558,0.2847673405553239
22559,0.03976184727641509
22560,0.015691906430850267
22561,0.04973884947986765
22562,0.12744969922065227
22563,0.005580688243768141
22564,0.015727090322899196
22565,0.15447694118250827
22566,0.027438084840733866
22567,0.0471461279678828
22568,0.026673485931784355
22569,0.350009
22570,0.027864471276186797
22571,0.03268251741641031
22572,0.02161382980418275
22573,0.012848584213973623
22574,0.095072553521722
22575,0.04120895694968904
22576,0.004385999562232583
22577,0.1911642354125687
22578,0.11370549077817041
22579,0.052156068005298706
22580,0.006175019838374222
22581,0.1069091424299137
22582,0.219997
22583,0.07117123884169937
22584,0.1282613400119306
22585,0.16818814459306786
22586,0.009976116979367039
22587,0.033590928867652164
22588,0.220016
22589,0.2633974293876693
22590,0.220016
22591,0.007535656517827729
22592,0.010876383626256234
22593,0.020110955812554787
22594,0.024785884238234336
22595,0.00953536850140276
22596,0.03409638955218694
22597,0.019203401194915266
22598,0.05341418808701992
22599,0.015075707202274708
22600,0.008313691501057
22601,0.0216181052044131
22602,0.012489405420089783
22603,0.02919663948470695
22604,0.10878961950316546
22605,0.09699499923703186
22606,0.17660266158598206
22607,0.06949564579713423
22608,0.1627392123430482
22609,0.008545362255730124
22610,0.0
22611,0.01449996470311921
22612,0.009891862758412733
22613,0.014031751633669825
22614,0.005608266986966703
22615,0.050067463938356635
22616,0.02311134182979674
22617,0.02593566855192693
22618,0.0
22619,0.013411628625566972
22620,0.0083497162846558
22621,0.10489720177023962
22622,0.008708419795902648
22623,0.05968971132056758
22624,0.00617125161984095
22625,0.06446431921291124
22626,0.008180773734639334
22627,0.006377422361805582
22628,0.0020714953606134293
22629,0.019547528725338638
22630,0.13662762823646513
22631,0.04643207460920551
22632,0.008055763708405828
22633,0.011476162859735257
22634,0.0106683880328737
22635,0.20065512494506654
22636,0.007584330820704904
22637,0.350009
22638,0.03557754790081356
22639,0.03434642589623697
22640,0.09310172919013271
22641,0.00968388598640625
22642,0.05093648277599591
22643,0.009312167831387599
22644,0.12544168362745317
22645,0.17723017638101032
22646,0.006390528088768827
22647,0.219997
22648,0.0020750242704694623
22649,0.03240351715867186
22650,0.08623328711249997
22651,0.006339039164088847
22652,0.022043952534918983
22653,0.02202600910919439
22654,0.07092411412253548
22655,0.01000882729630856
22656,0.0022286037462827
22657,0.0789294732921845
22658,0.118451094822031
22659,0.0039814601075136
22660,0.16598212388967892
22661,0.015426579747351801
22662,0.0522377250971952
22663,0.014912919879832079
22664,0.020663617593894134
22665,0.018994430417901213
22666,0.015355911752412814
22667,0.0693516869919305
22668,0.02286301537708796
22669,0.007060905535042598
22670,0.04161576770909935
22671,0.001655917096190243
22672,0.0
22673,0.012168294051193814
22674,0.015800923615552336
22675,0.028386457030866494
22676,0.2051982078921993
22677,0.219997
22678,0.019865128432317625
22679,0.13046983211402952
22680,0.0
22681,0.008866328117088602
22682,0.0416687839153896
22683,0.1311488034082212
22684,0.0610435401242262
22685,0.21151757113175026
22686,0.02665518215805904
22687,0.19022723209233788
22688,0.0
22689,0.1060733088815666
22690,0.0084644485117366
22691,0.220016
22692,0.350009
22693,0.0421778061784656
22694,0.219997
22695,0.24306433867248645
22696,0.115790416912799
22697,0.219997
22698,0.023889931122892664
22699,0.07680668089800355
22700,0.0280892624862564
22701,0.009343776487453624
22702,0.00034526936973235285
22703,0.220016
22704,0.09648987339581268
22705,0.7235690849004122
22706,0.220016
22707,0.04200223741716869
22708,0.1356502713637335
22709,0.017363271243151207
22710,0.01530828180660991
22711,0.026706023479645544
22712,0.0286606568835487
22713,0.0258376604759859
22714,0.03652732067749655
22715,0.220016
22716,0.350009
22717,0.350009
22718,0.027739117223977695
22719,0.04322293651266452
22720,0.219997
22721,0.220016
22722,0.010942365334721014
22723,0.04838308213392335
22724,0.05334090169784718
22725,0.013286794574026775
22726,0.0296841171043402
22727,0.3521410070374606
22728,0.022940815507371502
22729,0.219997
22730,0.350009
22731,0.06109249452302201
22732,0.4076178916681066
22733,0.06012149658369455
22734,0.349908
22735,0.05075453514942214
22736,0.04962362830999705
22737,0.09057171239396421
22738,0.18550008931166867
22739,0.13497530565374768
22740,0.0172772036887917
22741,0.00777559006409545
22742,0.0160736394415103
22743,0.30918758145378816
22744,0.032277931599712775
22745,0.05775371910155127
22746,0.1327830917017423
22747,0.09132190076293811
22748,0.08919041924435757
22749,0.04173952962081985
22750,0.012664617017915384
22751,0.0315645117419108
22752,0.08676998437810786
22753,0.07778546611522663
22754,0.0
22755,0.09982185818975212
22756,0.03438538187088572
22757,0.0590159949472373
22758,0.24508367042597978
22759,0.09159318591013785
22760,0.09585085979307706
22761,0.349908
22762,0.349908
22763,0.0097528113623325
22764,0.0056002016483506405
22765,0.12119908013249836
22766,0.0364595061639341
22767,0.0125475831441816
22768,0.0
22769,0.03728501119637315
22770,0.09170231771865694
22771,0.09218454653841288
22772,0.14021000196324424
22773,0.220016
22774,0.010619410852965116
22775,0.008824035487355823
22776,0.220016
22777,0.04468031947076816
22778,0.00886818331687304
22779,0.02074232629191513
22780,0.029547679804107187
22781,0.04459981294860474
22782,0.3010966124915673
22783,0.0
22784,0.020663880104151443
22785,0.1120489951563867
22786,0.04371041365365584
22787,0.15737582558012514
22788,0.5077544520592747
22789,0.126787890701537
22790,0.040637799458848364
22791,0.020870544929110182
22792,0.03459006841330375
22793,0.0658061058340301
22794,0.08404052298162483
22795,0.017815691309019402
22796,0.010544589903119428
22797,0.1378298468403727
22798,0.1512417773760707
22799,0.03309521935139475
22800,0.05852610226420494
22801,0.03422710862361642
22802,0.010912772222899821
22803,0.056070883339695204
22804,0.05338359701258282
22805,0.037934059329360045
22806,0.03861211840201816
22807,0.00412049596839452
22808,0.16677235266063978
22809,0.09808779626883073
22810,0.220016
22811,0.044734266157461525
22812,0.07928909073217835
22813,0.04838099548073316
22814,0.01505754800682354
22815,0.01296591110428601
22816,0.03920285985258232
22817,0.038412330037058025
22818,0.04945685610025015
22819,0.219997
22820,0.350009
22821,0.09515100975035896
22822,0.045238645545423464
22823,0.007271119978462946
22824,0.029780555477293476
22825,0.0
22826,0.012056739373936802
22827,0.06560855057692994
22828,0.03152224085361867
22829,0.05670059255615396
22830,0.22282363263234015
22831,0.054415803182438646
22832,0.03703135569469973
22833,0.06040761200776996
22834,0.00146595771243
22835,0.220016
22836,0.09249037307853675
22837,0.2215239071392761
22838,0.350009
22839,0.350009
22840,0.10379852299468992
22841,0.07623922387018994
22842,0.04973733138126246
22843,0.05938839055256557
22844,0.058258974578760954
22845,0.1450639349783042
22846,0.05424243803160411
22847,0.8234301335493406
22848,0.13136569132948306
22849,0.01992695450887293
22850,0.11181961453352766
22851,0.0
22852,0.058183942440198796
22853,0.012905339672734155
22854,0.0125250660143899
22855,0.08278240864921368
22856,0.019071751195324
22857,0.020363704348400125
22858,0.033396511580777485
22859,0.12429097313718739
22860,0.10536740687902771
22861,0.220016
22862,0.09135980763856301
22863,0.19033898915835432
22864,0.350009
22865,0.36302222985909827
22866,0.12661509655791636
22867,0.04470797659656292
22868,0.09480225316548281
22869,0.024214765981552616
22870,0.02919965683614969
22871,0.06668163671029778
22872,0.07057869398549399
22873,0.1385774997590139
22874,0.06941493000106927
22875,0.07046338623241426
22876,0.03585911154923816
22877,0.08428457615752899
22878,0.015790206649071065
22879,0.15435822959196005
22880,0.0061187814141409
22881,0.02965037310855684
22882,0.0306611357009944
22883,0.0116772366580542
22884,0.03959514726525727
22885,0.05834128117054745
22886,0.10922054251496835
22887,0.14486239762032024
22888,0.1410725709563847
22889,0.15120619091984866
22890,0.24769460969669985
22891,0.19919786199061984
22892,0.22069372493513245
22893,0.029594039433045498
22894,0.14618441934876114
22895,0.0001870873083567998
22896,0.05637629895599111
22897,0.06734883680479752
22898,0.07949531004357366
22899,0.021041756766451737
22900,0.024777244307541815
22901,0.05387894833116116
22902,0.04043866233896607
22903,0.03645716408467262
22904,0.03779349781521907
22905,0.03251013676405283
22906,0.07643451785687344
22907,0.014917162082919454
22908,0.0
22909,0.15973901331497556
22910,0.020619917670714916
22911,0.03808572431207533
22912,0.13560396307426237
22913,0.08125305675871625
22914,0.219997
22915,0.349908
22916,0.18284578927726908
22917,0.17206117084816147
22918,0.09090461068358187
22919,0.14075456290644944
22920,0.13983265832294667
22921,0.10122339222320184
22922,0.09112233556678667
22923,0.015003223319481226
22924,0.42142883771514494
22925,0.18669956339669896
22926,0.08363575244330518
22927,0.036238695887269926
22928,0.0487500186064432
22929,0.020482649739392213
22930,0.0079190007160355
22931,0.039718272914792095
22932,0.05315023789765043
22933,0.219997
22934,0.08926100265845621
22935,0.07567153368053192
22936,0.1861090266254666
22937,0.9571451569104303
22938,0.1844388629968472
22939,0.032675946128855285
22940,0.350009
22941,0.15489761545852893
22942,0.219997
22943,0.219997
22944,0.06746086649402186
22945,0.0
22946,0.06589150057001227
22947,0.0544774903679672
22948,0.14526394313493207
22949,0.21398547160681627
22950,0.06208465815554486
22951,0.10689958732805781
22952,0.03535925798973027
22953,0.05090446165883365
22954,0.02268166727179704
22955,0.049372885082270564
22956,0.07963182998947796
22957,0.026814850830952003
22958,0.18138495151880366
22959,0.219997
22960,0.27800448457711696
22961,0.20235824540390046
22962,0.031109207169638557
22963,0.14989998794535556
22964,0.219997
22965,0.350009
22966,0.11371134079198383
22967,0.03849241322558372
22968,0.06775237913668061
22969,0.6006905188340033
22970,0.0
22971,0.21240416680318047
22972,0.3554054365860313
22973,0.20952434159333752
22974,0.0
22975,0.0
22976,0.0006892887497321
22977,0.06745517454352054
22978,0.09756421585482054
22979,0.23560861669931038
22980,0.2668589966431452
22981,0.0091846951455427
22982,0.1866678683906993
22983,0.15323903081361345
22984,0.219997
22985,0.219997
22986,0.17117126940885963
22987,0.2177535487375487
22988,0.350009
22989,0.0832283650649414
22990,0.10564082384828873
22991,0.11782249458749552
22992,0.03021643986731673
22993,0.219997
22994,0.9320000602364139
22995,0.08094062637364575
22996,0.08014530995662825
22997,0.4803122723083537
22998,0.004943804564640735
22999,0.04470928397926593
23000,0.307183175551187
23001,0.015358921229286985
23002,0.0002489405333401494
23003,0.07291823393356892
23004,0.10834617276448971
23005,0.0259448267265414
23006,0.06649484401630794
23007,0.004233996190908918
23008,0.5189920857288695
23009,0.220016
23010,0.15241073378075443
23011,0.349908
23012,0.219997
23013,0.219997
23014,0.4971550402810163
23015,0.3631348766621751
23016,0.219997
23017,0.18037109598076778
23018,0.220016
23019,1.0
23020,0.349908
23021,0.3197173521317913
23022,0.0497562267386407
23023,0.220016
23024,0.219997
23025,0.028411284604548663
23026,0.011686347282699665
23027,0.10318683024475947
23028,0.007393641051607515
23029,0.007024335167216122
23030,0.0390749674874718
23031,0.13234836207487644
23032,0.2054103281106251
23033,0.16247291005975018
23034,0.17352696377096172
23035,0.1201652536623
23036,0.2669553643327757
23037,0.350009
23038,0.017426154037389282
23039,0.1796995215336304
23040,0.220016
23041,0.04304787306127593
23042,0.07733329334789396
23043,1.0
23044,0.8697029701110848
23045,0.6864613155984176
23046,0.008201799900660018
23047,0.0073027717997036
23048,0.10409579244298822
23049,0.38651011771153687
23050,0.0939653442669762
23051,0.0
23052,0.0
23053,0.0317317015049464
23054,0.0071489597057954124
23055,0.09192356329977498
23056,0.11777162919810796
23057,0.1259486822181903
23058,0.03511932320785274
23059,0.5174317761004005
23060,0.0396498188806867
23061,0.05820250883155023
23062,0.24514570355780319
23063,0.2049302170520542
23064,0.04890359855620414
23065,0.09542913370108803
23066,0.350009
23067,0.220016
23068,0.0445725396981329
23069,0.11026407348908421
23070,0.13226202912197896
23071,0.156017935943402
23072,1.0
23073,0.8629278984823978
23074,0.6878751611050258
23075,0.03160003136040554
23076,0.10341280597590173
23077,0.010743230124562705
23078,0.425379782872054
23079,0.0048355344033282205
23080,0.220016
23081,0.09301909178304973
23082,0.088923346648144
23083,0.029052776697645277
23084,0.13042169380781765
23085,0.20191715061958596
23086,0.219997
23087,0.219997
23088,0.7311855625439544
23089,0.5531742557269059
23090,0.29074176981942523
23091,0.219997
23092,0.1234985631105539
23093,0.06664998737847797
23094,0.1580584907639943
23095,0.10039951745380307
23096,0.220016
23097,0.11232300075781627
23098,0.20983935727922504
23099,0.056160874798063906
23100,0.1631521337791349
23101,0.05973994459222445
23102,0.7569804508566825
23103,0.9987129917049317
23104,0.8758172834243962
23105,0.219997
23106,0.05344941146699668
23107,0.22884618637926765
23108,0.39846399363146395
23109,0.019293338396994143
23110,0.08944190653407726
23111,0.19464226207725477
23112,0.0845157659377159
23113,0.4897823928988635
23114,1.0
23115,0.12020856364696209
23116,0.18344334589462186
23117,0.219997
23118,0.219997
23119,0.10938433293768061
23120,0.350009
23121,0.220016
23122,0.03190161795357203
23123,0.0357464515554172
23124,0.10506692695525868
23125,0.11690019788092215
23126,0.11396225245535554
23127,0.13174191141854943
23128,0.24900712478935613
23129,0.349908
23130,0.1597540016606909
23131,0.13177510515739194
23132,0.009792212342515524
23133,0.14697604752861176
23134,0.0655306685469055
23135,0.21110337195502335
23136,0.03278262382522393
23137,0.021866441755429587
23138,0.040997371544173766
23139,0.005278745872556738
23140,0.02969133867156551
23141,0.0857221890406362
23142,0.05669507087109254
23143,0.350009
23144,1.0
23145,0.349908
23146,0.349908
23147,0.18617334807111616
23148,0.219997
23149,0.219997
23150,0.8050279762159228
23151,0.12344519198418272
23152,0.0523468886261903
23153,0.02660056005647721
23154,0.145822506351513
23155,0.2105680263061925
23156,0.18899131075242565
23157,0.349908
23158,0.2673606395909858
23159,0.219997
23160,1.0
23161,0.07278084059034327
23162,0.028757744096941467
23163,0.16283294189064412
23164,0.220016
23165,0.010903633544607811
23166,0.07173851429147707
23167,0.349908
23168,0.09204228070623427
23169,0.04579860832717593
23170,0.052371542462231
23171,0.08329570127328832
23172,0.219997
23173,0.5651128164725305
23174,0.219997
23175,0.7110074047465615
23176,0.349908
23177,0.219997
23178,0.21384257226301234
23179,0.349908
23180,0.020402727171345898
23181,0.1790300187606291
23182,0.10506095932347642
23183,0.04563156113266693
23184,0.42758113901271766
23185,0.22138711139805628
23186,0.009640634793293279
23187,0.5554903027352807
23188,0.2968492130154837
23189,0.005324663854614466
23190,0.07393886075550381
23191,0.15116715187981197
23192,0.13334047096483925
23193,0.010217244572830651
23194,0.0237119995576463
23195,0.00254770230017735
23196,0.0403993285513615
23197,0.04655556349166113
23198,0.15501829002724432
23199,0.20828577458611547
23200,0.17957859783453978
23201,0.5742536017784555
23202,1.0
23203,0.5623005677861255
23204,0.5218044566005202
23205,0.8927228959696812
23206,0.1966196851870426
23207,0.021528424448264638
23208,0.0
23209,0.06939733858885215
23210,0.220016
23211,0.2878260971471057
23212,0.05927292713347741
23213,0.08366993511200906
23214,0.09512872033880833
23215,0.16696483780860852
23216,0.04620711114710689
23217,0.0
23218,0.12771197450787425
23219,0.002532310441410999
23220,0.03913085975694499
23221,0.012566869002011597
23222,0.0601708216720379
23223,0.0
23224,0.0286415115986913
23225,0.14449308369324376
23226,0.07234673487247305
23227,0.1173184757877279
23228,0.296010173125999
23229,0.34287991863604217
23230,0.350009
23231,1.0
23232,0.9340226224248438
23233,0.349908
23234,0.220016
23235,0.006497255177501132
23236,0.07890227335306825
23237,0.1400879250843149
23238,0.006863947213325875
23239,0.012323768381943934
23240,1.0
23241,0.06708659389831316
23242,0.029505795075967504
23243,0.12857603255654498
23244,0.08174009146182454
23245,0.1366976226966177
23246,0.04791126867283145
23247,0.06585186592537204
23248,0.020146417247904374
23249,0.01077455130334268
23250,0.020666151180105563
23251,0.001983487831677934
23252,0.05469160156390078
23253,0.13166689682583452
23254,0.2035653094145738
23255,0.9201786657769342
23256,0.4710021058936584
23257,0.2691529701003727
23258,1.0
23259,0.349908
23260,0.6635348659010352
23261,0.220016
23262,0.00516035446508856
23263,0.01979465378066467
23264,0.009863165268175336
23265,0.11396783390580165
23266,0.07638801057128747
23267,0.03078200923800504
23268,0.04970534758429032
23269,0.6049129473866037
23270,0.220016
23271,0.3349517720184168
23272,0.06317218916938502
23273,0.15858865685208795
23274,0.219997
23275,0.18378119827897008
23276,0.220016
23277,0.01378624284872515
23278,0.0006836590439316
23279,0.03901184528841543
23280,0.004437729854042748
23281,0.041262218398475346
23282,0.219997
23283,1.0
23284,0.3722252851368586
23285,0.8336940629242189
23286,0.3211165257156997
23287,0.349908
23288,0.20950609777750928
23289,0.220016
23290,0.012870399910051764
23291,0.013393521828512433
23292,0.0466835934047677
23293,0.012326069371186134
23294,0.022556521718134617
23295,0.10115384282345517
23296,0.219997
23297,0.05634225509532321
23298,0.219997
23299,0.026283882953780563
23300,0.08726373041684127
23301,0.010508439648478682
23302,0.350009
23303,0.05591045942707918
23304,0.1532899138802163
23305,0.3033339564416231
23306,0.08666967468079886
23307,0.2232275119016846
23308,0.219997
23309,0.12102715370148409
23310,0.12040076564872632
23311,0.031077739030069242
23312,0.1419479346030753
23313,0.10618064883752207
23314,0.07276733862895016
23315,0.131208300357762
23316,0.1281167465662984
23317,0.06214275289131009
23318,0.04289901121478861
23319,0.1801214271869998
23320,0.013106081408343032
23321,0.0079557014630254
23322,0.023543855929515245
23323,0.05211767050153691
23324,0.06954061683801915
23325,0.14014380372017482
23326,0.07551674134409644
23327,0.10890976217053146
23328,0.0154394251834956
23329,0.11955249423446877
23330,0.219997
23331,0.349908
23332,0.6825422352341894
23333,0.12140748313221734
23334,0.11148618010496937
23335,0.02454508334537736
23336,0.09707445959123082
23337,0.07585152901225627
23338,0.02397531783301566
23339,0.034798181119253056
23340,0.005011874968563583
23341,0.010232381016247023
23342,0.023635591627322726
23343,0.020158601248165257
23344,0.07160952904994466
23345,0.12876777763208672
23346,0.15922917910787077
23347,0.48741546524744983
23348,0.012443309923894417
23349,0.02548193747036834
23350,0.0869443322002342
23351,0.08695781880509289
23352,0.1915231047960268
23353,0.4015532455331651
23354,0.15095499594210227
23355,0.220016
23356,0.03170410700096718
23357,0.02876876231864324
23358,0.15084177904923982
23359,0.1251089276433441
23360,0.04057222922082718
23361,0.008806054640945866
23362,0.017243583404115977
23363,0.0170535596560805
23364,0.220016
23365,0.03706593064565332
23366,0.0190547048884818
23367,0.0
23368,0.016188985289989737
23369,0.219997
23370,0.10025719745457759
23371,0.08892075404271277
23372,0.02557541573855264
23373,0.053867324908773856
23374,0.06315311616528733
23375,0.350009
23376,0.04117433910103811
23377,0.0
23378,0.06307964458908359
23379,0.05354284025662742
23380,0.08417671187225165
23381,0.220016
23382,0.056958965416579334
23383,0.190942588961318
23384,0.11418766946495394
23385,0.0361316842306809
23386,0.0412751112769341
23387,0.004402670444254719
23388,0.03155333552421152
23389,0.07081162202527393
23390,0.350009
23391,0.34813013424685557
23392,0.037938460966949916
23393,0.1585731844103076
23394,0.0836446578513246
23395,0.006342384740327625
23396,0.02098224843001744
23397,0.47551072329911204
23398,0.9671430951740898
23399,0.220016
23400,0.07474564063312387
23401,0.08578337541422346
23402,0.10139254794133533
23403,0.05150056245962265
23404,0.14384057587976584
23405,0.15466379005609793
23406,0.09043144750159045
23407,1.0
23408,0.06942754236357328
23409,0.011212742236969732
23410,0.04707007180032858
23411,0.04245979647280822
23412,0.04177522184483568
23413,0.02585384777053602
23414,0.1334520880490701
23415,0.3842489163625648
23416,0.08598572220076194
23417,0.17490407329772323
23418,0.024848432176055073
23419,0.050660790125828234
23420,0.15945314465962135
23421,0.02919088853955237
23422,0.03191249318714297
23423,0.07658630638789587
23424,0.05671871570165448
23425,0.007368437960745301
23426,0.01882692772635913
23427,0.0671366574329079
23428,0.0219042154022513
23429,0.19762215518781318
23430,0.03383284967424289
23431,0.037055332472218094
23432,0.04072180212208031
23433,0.04667723409545491
23434,0.11601614697362507
23435,0.020938831243982034
23436,0.012736189820308
23437,0.03116312749320751
23438,1.0
23439,0.026306112523711973
23440,0.12484021976522097
23441,0.0706256707100125
23442,0.0314887798999931
23443,0.07909108224977263
23444,0.0519460646241889
23445,0.012244010844443223
23446,0.02090162561222564
23447,0.219997
23448,0.03212344805615849
23449,0.015691906430850267
23450,0.05114936352788925
23451,0.13691002695274795
23452,0.0
23453,0.144195023784426
23454,0.047588704609259264
23455,0.0105261368036341
23456,0.02434165763755545
23457,0.350009
23458,0.03268251741641031
23459,0.02713266443237925
23460,0.0777359264219015
23461,0.053227356212753235
23462,0.1864689966006356
23463,0.10780417584343863
23464,0.036178342252167504
23465,0.006175019838374222
23466,0.1309252810542067
23467,0.219997
23468,0.12020654027302119
23469,0.10458028516644939
23470,0.13701375433361135
23471,0.0060959451954889395
23472,0.05504422333988144
23473,0.033590928867652164
23474,0.220016
23475,0.219997
23476,0.220016
23477,0.007535656517827729
23478,0.02925948174272599
23479,0.026009605183097688
23480,0.0
23481,0.03409638955218694
23482,0.06062230006874832
23483,0.0124705334088899
23484,0.0046127670496907
23485,0.008712740224042753
23486,0.0024987530446343494
23487,0.0336834375000449
23488,0.025470259362503002
23489,0.14396881264811717
23490,0.08685303394093426
23491,0.17467257230563327
23492,0.009423772527418368
23493,0.220016
23494,0.219997
23495,0.0108674648163537
23496,0.0
23497,0.03492089342963011
23498,0.016238941071119933
23499,0.009765921521946825
23500,0.04766452204762624
23501,0.031945360316478155
23502,0.02129135212452843
23503,0.0
23504,0.013411628625566972
23505,0.0083497162846558
23506,0.0070731192390241
23507,0.13204234329386003
23508,0.0
23509,0.05522498608888327
23510,0.0034011785663145503
23511,0.005921854824458749
23512,0.019547528725338638
23513,0.19254805571248423
23514,0.02703304372997405
23515,0.0796459527666391
23516,0.008055763708405828
23517,0.008701800917093393
23518,0.03616973313985257
23519,0.15993907749811676
23520,0.0128177408886956
23521,0.007584330820704904
23522,0.3527773786079575
23523,0.04730183574151436
23524,0.028421927161797776
23525,0.10212826590652462
23526,0.012255972883322185
23527,0.00968388598640625
23528,0.05275987672656432
23529,0.010975232985481498
23530,0.14879116407166096
23531,0.1089309668772303
23532,0.21836844187200333
23533,0.016882346116762263
23534,0.033844286352837476
23535,0.03240351715867186
23536,0.04972265057126807
23537,0.006339039164088847
23538,0.018312009831738984
23539,0.02202600910919439
23540,0.04767810107120457
23541,0.01130456985855866
23542,0.0042272564250041
23543,0.078932302657246
23544,0.056008633268970806
23545,0.220016
23546,0.013030972196108378
23547,0.0036545768555882006
23548,0.029866748049973503
23549,0.011525674001315715
23550,0.023019925736227013
23551,0.0825984685877085
23552,0.021371941476981557
23553,0.0098520529964573
23554,0.035550349565068945
23555,0.02090159739205834
23556,0.0
23557,0.012168294051193814
23558,0.0280376062500995
23559,0.0662264069338393
23560,0.2103184468831207
23561,0.219997
23562,0.002257712845035825
23563,0.12279600920491313
23564,0.0
23565,0.03961653713918
23566,0.1155815285120189
23567,0.03800710373324767
23568,0.06342801552182531
23569,0.0540976216122315
23570,0.0378898616914703
23571,0.0179348518254136
23572,0.19459732137413147
23573,0.08391179598056475
23574,0.08766530035496127
23575,0.02665518215805904
23576,0.20550898570939927
23577,0.0
23578,0.0475342565526932
23579,0.220016
23580,0.25754597035620796
23581,0.0630795075485897
23582,0.1263938577258258
23583,0.0
23584,0.350009
23585,0.1186611031640665
23586,0.1833307752947657
23587,0.07959133550674655
23588,0.07511727790353515
23589,0.014662398169880325
23590,0.018044280059229
23591,0.09114442161056294
23592,0.09158100670592818
23593,0.9105008675072965
23594,0.17341280392253894
23595,0.0383313378455557
23596,0.0140736454760019
23597,0.1278038372927797
23598,0.0
23599,0.028596217567034614
23600,0.01567825361999041
23601,0.015096940365722
23602,0.11164663129920134
23603,0.220016
23604,0.4640647199899147
23605,0.356021169741421
23606,0.0
23607,0.219997
23608,0.220016
23609,0.026042659330237333
23610,0.030123177264527855
23611,0.01423547972770248
23612,0.047115463496560775
23613,0.051343848230803346
23614,0.039445121456940596
23615,0.3668581497434395
23616,0.1547900651301218
23617,0.219997
23618,0.6019764969725871
23619,0.034574067331362396
23620,0.47126032705274146
23621,0.017306648099691235
23622,0.046514254568521346
23623,0.349908
23624,0.05648829715815114
23625,0.058584474901615974
23626,0.037144427941844846
23627,0.0890555487603927
23628,0.12830640578790897
23629,0.17784117664699617
23630,0.08456732576705993
23631,0.03743962286799464
23632,0.0888974795284416
23633,0.219997
23634,0.07032495414512918
23635,0.04438349954935567
23636,0.0531417629834282
23637,0.09831299440524112
23638,0.08417882375821137
23639,0.03000095529011895
23640,0.018145232345611582
23641,0.10267965237033969
23642,0.1016332662410863
23643,0.0633407969555074
23644,0.09099642460832187
23645,0.14678725900028713
23646,0.007195180285742689
23647,0.220016
23648,0.02186501153740688
23649,0.016013793555469044
23650,0.02979921806306992
23651,0.0091817916879583
23652,0.3756290040676207
23653,0.15212760012322873
23654,0.056358071468153956
23655,0.2574076627158764
23656,0.4583465161048743
23657,0.00976520017888862
23658,0.0056002016483506405
23659,0.06823938387732087
23660,0.0100528618635873
23661,0.0125475831441816
23662,0.0081198484563012
23663,0.05806021266416086
23664,0.14941391760039788
23665,0.219997
23666,0.220016
23667,0.008824035487355823
23668,0.350009
23669,0.028645600739004358
23670,0.03294765320863703
23671,0.026439148645572546
23672,0.350009
23673,0.0
23674,0.012300201685936343
23675,0.0357942933423335
23676,0.06591809345552384
23677,0.10123969424873883
23678,0.38637433189590736
23679,0.0929570464451826
23680,0.04862715779836367
23681,0.03820074986500735
23682,0.1162789357535243
23683,0.09126059893195664
23684,0.0093416767516824
23685,0.0221949587999934
23686,0.03522069207778383
23687,0.02133960648885455
23688,0.0941396068117736
23689,0.1097069777874109
23690,0.05008306378798615
23691,0.06212890738538105
23692,0.05555529277501132
23693,0.010912772222899821
23694,0.0308574870029979
23695,0.05071920865046782
23696,0.020687247647368547
23697,0.012074631761392765
23698,0.00412049596839452
23699,0.13667624666355227
23700,0.07015338995938253
23701,0.220016
23702,0.06637348659698532
23703,0.07590749368359315
23704,0.057583777006308755
23705,0.02127089114166358
23706,0.01270975358228394
23707,0.02921290830891151
23708,0.037542897137824514
23709,0.0160031143858785
23710,0.032297663759980624
23711,0.04035472433531655
23712,0.21264010058510957
23713,0.350009
23714,0.06956887630993136
23715,0.018268150593665967
23716,0.02909531726095816
23717,0.07890200712821088
23718,0.0
23719,0.09636876924906133
23720,0.031770690383840866
23721,0.02902540323823255
23722,0.26664063380896486
23723,0.04240289621854905
23724,0.014481669124402427
23725,0.05814865367809555
23726,0.005676170132666495
23727,0.220016
23728,0.12098359587103126
23729,0.23014729265977962
23730,0.22033823043313572
23731,0.350009
23732,0.08565881232834181
23733,0.11727765291108874
23734,0.04517155312084826
23735,0.10050835205247166
23736,0.04878509306819085
23737,0.1088380256652467
23738,0.03933910469344451
23739,0.7495772719807315
23740,0.13690730093713455
23741,0.07973293566033586
23742,0.021270712717415093
23743,0.02032752837849066
23744,0.005045167180690701
23745,0.012202025030787367
23746,0.059671195248353376
23747,0.0174993135738158
23748,0.0252782382974841
23749,0.022289716461664125
23750,0.024413648078519787
23751,0.07344391252695098
23752,0.08615006829666931
23753,0.12754200579538183
23754,0.1292209418177986
23755,0.182235086623874
23756,0.350009
23757,0.37835185444791974
23758,0.11971823632392488
23759,0.06227926958049172
23760,0.0836931765344836
23761,0.02403455311020912
23762,0.02436927144954159
23763,0.0
23764,0.00784173055140315
23765,0.05718599988697877
23766,0.043215255443777995
23767,0.1317508860057951
23768,0.07426164341379177
23769,0.09090657822150526
23770,0.018626083443430263
23771,0.07042993624426458
23772,0.029178476878896867
23773,0.01596894464352743
23774,0.13893026711519268
23775,0.0187725179224904
23776,0.033798543517718035
23777,0.018473941506245598
23778,0.0226110631955575
23779,0.032963986833599475
23780,0.057484829281064555
23781,0.09564395107866475
23782,0.14789494364561553
23783,0.1499433776887033
23784,0.14544048168909754
23785,0.28346269592662987
23786,0.220016
23787,0.219997
23788,0.0298217418911284
23789,0.16068728948844935
23790,0.01036155683595351
23791,0.07450968228195881
23792,0.07969109649231482
23793,0.08551703179847196
23794,0.026751133105035137
23795,0.018514458595944114
23796,0.045850201233171656
23797,0.07950250634741568
23798,0.0
23799,0.059356663273582924
23800,0.08167122184597826
23801,0.03251013676405283
23802,0.06718047866112094
23803,0.026267861516410754
23804,0.0
23805,0.0045970738784095
23806,0.0073059597830064
23807,0.12515373700444907
23808,0.014778440017512117
23809,0.02973541213747003
23810,0.17621038522053628
23811,0.12299126653942713
23812,0.2000713130922137
23813,0.349908
23814,0.1698030749906116
23815,0.18007174103317436
23816,0.07326328162589016
23817,0.11827234829819284
23818,0.11932904476448425
23819,0.10601013005762094
23820,0.10415588592632047
23821,0.0067537483987853
23822,0.01249939139854181
23823,0.219997
23824,0.15387969691340198
23825,0.05118753324740037
23826,0.011557391721599024
23827,0.0399536629360164
23828,0.017985739620861342
23829,0.01315649828857575
23830,0.014414791192829702
23831,0.0334891754828584
23832,0.07021935318920562
23833,0.349908
23834,0.10541345575695271
23835,0.06056714910609333
23836,0.2165032781446103
23837,1.0
23838,0.1481038678042337
23839,0.025670832562138264
23840,0.350009
23841,0.09498226117869132
23842,0.219997
23843,0.334984199900877
23844,0.08203790610572056
23845,0.006625288081407952
23846,0.07952094194225007
23847,0.0249885140973909
23848,0.17560877468926356
23849,0.16483774769867848
23850,0.043543190079707264
23851,0.156302890927075
23852,0.03964693298611007
23853,0.04385242983191835
23854,0.007789198812050984
23855,0.025680680283706944
23856,0.04479570730794477
23857,0.08626714370701906
23858,0.03229798178710377
23859,0.15813685423325213
23860,0.219997
23861,0.26021585030448013
23862,0.16496664175343728
23863,0.052645779166127754
23864,0.13469628039000306
23865,0.219997
23866,0.350009
23867,0.12114508554127584
23868,0.0158807644010692
23869,0.05318479755743863
23870,0.03960203571114787
23871,0.009167448184996289
23872,0.05275096257364032
23873,0.5396991097195312
23874,0.012209029663488913
23875,0.18499060539753678
23876,0.350009
23877,0.1863619471708493
23878,0.0280705088297213
23879,0.06293847840058395
23880,0.08667551668780224
23881,0.220016
23882,0.27404415033799623
23883,0.0091846951455427
23884,0.18665993784913681
23885,0.15719100080280105
23886,0.219997
23887,0.2919738713639432
23888,0.14640608566045074
23889,0.219997
23890,0.350009
23891,0.1017827916967074
23892,0.006046104660682451
23893,0.08023623421100133
23894,0.17102410298546022
23895,0.04483706707435883
23896,0.219997
23897,1.0
23898,0.08056249342312594
23899,0.4926393270273951
23900,0.0
23901,0.06622045103021083
23902,0.349908
23903,0.0099254249119463
23904,0.04624669653316972
23905,0.10220021072973622
23906,0.035896454786307735
23907,0.05486187468469354
23908,0.0053520941539242
23909,0.5692309706881338
23910,0.220016
23911,0.1795882426107202
23912,0.349908
23913,0.219997
23914,0.219997
23915,0.520359781909943
23916,0.42447265835390635
23917,0.349908
23918,0.220016
23919,0.1823996737775725
23920,1.0
23921,0.33355810348816217
23922,0.350009
23923,0.005835887699661316
23924,0.0320802923261323
23925,0.06864759722803339
23926,0.11781306780258785
23927,0.007395996591406464
23928,0.008048814422957667
23929,0.05734911365199396
23930,0.007393641051607515
23931,0.007024335167216122
23932,0.052170147632381494
23933,0.13356924341885773
23934,0.18662128875199213
23935,0.1933796112753864
23936,0.17989358486068668
23937,0.10303665828036501
23938,0.25257718253750583
23939,0.350009
23940,0.0022782602522602863
23941,0.14129102013517308
23942,0.3363302085568921
23943,0.04304787306127593
23944,0.08908459818943006
23945,1.0
23946,0.901452339957092
23947,0.7212562676617116
23948,0.0
23949,0.10678960145847623
23950,0.35700798102194287
23951,0.0718793166690179
23952,0.0
23953,0.0
23954,0.0071489597057954124
23955,0.07640739192550798
23956,0.06358634929211385
23957,0.1019290837374254
23958,0.03511932320785274
23959,0.4815552889861043
23960,0.0414789878638589
23961,0.07344424172235163
23962,0.219695701329912
23963,0.1763921336840926
23964,0.06616669576919104
23965,0.10388256697085194
23966,0.350009
23967,0.350009
23968,0.04582929251635599
23969,0.09389613689801711
23970,0.15993255592020406
23971,0.1324664553844908
23972,1.0
23973,0.9638325016301568
23974,0.6203002694005488
23975,0.029167906588848738
23976,0.220016
23977,0.004648167759536798
23978,0.357676380305987
23979,0.012892740830145022
23980,0.24411816223497076
23981,0.05190921412025353
23982,0.0403851601306771
23983,0.03874972459477598
23984,0.16222269638851178
23985,0.219997
23986,0.219997
23987,0.219997
23988,0.7028543094217434
23989,0.6330967227087583
23990,0.350009
23991,0.219997
23992,0.1495316270302709
23993,0.08742505931340327
23994,0.19286753223633393
23995,0.13711565769170078
23996,0.07517369528481556
23997,0.11876178813424088
23998,0.165561215923675
23999,0.06784663382536701
24000,0.13656981427899567
24001,0.03303572380370405
24002,0.8667497505488553
24003,0.9987129917049317
24004,0.8758172834243962
24005,0.219997
24006,0.04926798705941948
24007,0.220016
24008,0.350009
24009,0.015656668425995845
24010,0.0060829997048981
24011,0.012027323008095742
24012,0.11808015846217866
24013,0.18272258172915734
24014,0.110138624706142
24015,0.4414937913073204
24016,1.0
24017,0.07751269763363358
24018,0.15456965213456086
24019,0.219997
24020,0.219997
24021,0.13394186377300352
24022,0.350009
24023,0.220016
24024,0.008205883692128576
24025,0.029500036534712996
24026,0.10452876288464308
24027,0.13780027371223566
24028,0.06974895600520337
24029,0.03851268470580604
24030,0.25658533976281267
24031,0.350009
24032,0.2304250489177368
24033,0.15830348012696413
24034,0.16934071882018106
24035,0.009187333772003899
24036,0.13451007631660278
24037,0.21287879024701126
24038,0.03412895441030968
24039,0.048955085750033885
24040,0.043300185788619064
24041,0.012835459897677108
24042,0.0727941875749897
24043,0.06821007086584605
24044,0.350009
24045,1.0
24046,0.349908
24047,0.3428592988735734
24048,0.15468537062280446
24049,0.219997
24050,0.25594978051801953
24051,0.8679848681952808
24052,0.10118266022844831
24053,0.045348748409937314
24054,0.0812485133727962
24055,0.01589438209753841
24056,0.219997
24057,0.219997
24058,0.24184806466498493
24059,0.38628844271653906
24060,0.2924030629933857
24061,0.219997
24062,1.0
24063,0.13140593054315708
24064,0.02747282267414436
24065,0.220016
24066,0.220016
24067,0.03164947999383611
24068,0.04447727080265576
24069,0.41661831332357113
24070,0.09137296370179879
24071,0.04484129811208823
24072,0.0760318219763223
24073,0.07656765768408723
24074,0.219997
24075,0.608005991666462
24076,0.349908
24077,0.7475603735491201
24078,0.349908
24079,0.219997
24080,0.1979654231202984
24081,0.29313273950217783
24082,0.0
24083,0.1974639248114107
24084,0.046892476540006126
24085,0.07744250332849384
24086,0.3714521736297035
24087,0.220016
24088,0.03841169216389368
24089,0.6425288949828929
24090,0.30613217834671924
24091,0.005324663854614466
24092,0.0771373822640599
24093,0.18172008031142248
24094,0.12595842408297825
24095,0.02295484006366095
24096,0.059889400251182404
24097,0.038734312285716624
24098,0.1502753673880532
24099,0.16181424483678097
24100,0.219997
24101,0.5968436257797485
24102,1.0
24103,0.6395963258170909
24104,0.46931114996007584
24105,0.8869284475065424
24106,0.15562333666455458
24107,0.025598117489159473
24108,0.02800575404449636
24109,0.18183512978860195
24110,0.219997
24111,0.03179566682253221
24112,0.05337919011392235
24113,0.12240016314776342
24114,0.2049739217509705
24115,0.054354473742520615
24116,0.0017953374754754667
24117,0.00651718758779293
24118,0.09147120910663765
24119,0.035163750863721505
24120,0.013494681306608199
24121,0.046928087695874886
24122,0.023763991314978777
24123,0.0090406698798746
24124,0.0405972177727069
24125,0.16570372236038997
24126,0.07190541149114385
24127,0.10036997124169379
24128,0.2703483263366777
24129,0.219997
24130,0.350009
24131,1.0
24132,0.9802605075538686
24133,0.349908
24134,0.220016
24135,0.08846730763707535
24136,0.1540323187712539
24137,0.006863947213325875
24138,0.0124285970377623
24139,1.0
24140,0.07990090755071066
24141,0.036339969453713504
24142,0.14266403410979467
24143,0.054679584564204645
24144,0.0795468546005424
24145,0.04393824463665622
24146,0.09195480430547442
24147,0.013177004992984485
24148,0.03273225706144768
24149,0.004923615262026493
24150,0.03421094684645447
24151,0.0
24152,0.058906932728281784
24153,0.15080439666525441
24154,0.18596019846524647
24155,0.8742575814678526
24156,0.4453069667648788
24157,0.2627759210087145
24158,1.0
24159,0.601036957935366
24160,0.6706418823446625
24161,0.220016
24162,0.03805964342940546
24163,0.0
24164,0.049958647752314046
24165,0.052997133143980954
24166,0.0298308813803092
24167,0.037720588931536736
24168,0.09188272995351113
24169,0.599977362176028
24170,0.220016
24171,0.3962226209190352
24172,0.07413817235810052
24173,0.10901245269979713
24174,0.219997
24175,0.16682031981088458
24176,0.220016
24177,0.005507362745018849
24178,0.06134898964739895
24179,0.219997
24180,1.0
24181,0.37469980158077165
24182,0.8452348107278737
24183,0.30043438522789523
24184,0.349908
24185,0.19814802251083208
24186,0.17903574481910378
24187,0.011368093576308663
24188,0.0361048877721854
24189,0.022556521718134617
24190,0.13981444923993777
24191,0.219997
24192,0.042907972940364816
24193,0.219997
24194,0.038928071265439596
24195,0.08925501826619375
24196,0.014441998153788726
24197,0.220016
24198,0.06797081945101648
24199,0.014215458660101602
24200,0.16939703855756297
24201,0.29991751775392994
24202,0.062465292846008755
24203,0.238748713248706
24204,0.219997
24205,0.08086650064448178
24206,0.1589760495323336
24207,0.01346570277810495
24208,0.12376874184328424
24209,0.12276482832562577
24210,0.08549101362178152
24211,0.1330596577804306
24212,0.16322067740381002
24213,0.08719898908686119
24214,0.007820898404494635
24215,0.219997
24216,0.013106081408343032
24217,0.220016
24218,0.0083990326562705
24219,0.03877861419345445
24220,0.15966493822657463
24221,0.06979803167247303
24222,0.10989751637103026
24223,0.10327536589041267
24224,0.219997
24225,0.47632840239798446
24226,0.6463371324617022
24227,0.11032500808453694
24228,0.0
24229,0.01778346041873315
24230,0.032930680381117225
24231,0.09937446682323148
24232,0.1121380807048086
24233,0.15455844976953306
24234,0.013353999569379467
24235,0.025582665145146802
24236,0.01692498796572838
24237,0.009417222857993623
24238,0.023941603066827633
24239,0.015793438996110895
24240,0.09348662584378276
24241,0.006791096665933967
24242,0.12120995682824831
24243,0.13435741663755246
24244,0.42145785876960723
24245,0.03316484963553982
24246,0.02913034372878414
24247,0.08014028405616962
24248,0.06709095794600399
24249,0.1746134467122818
24250,0.4012547458679278
24251,0.12431861014305595
24252,0.01232750811631309
24253,0.0
24254,0.220016
24255,0.012494057007992089
24256,0.020844187127898282
24257,0.02876876231864324
24258,0.07357986497075703
24259,0.220016
24260,0.017612625118324378
24261,0.017243583404115977
24262,0.002174498643733
24263,0.22220025171925703
24264,0.03706593064565332
24265,0.0
24266,0.018517948331653235
24267,0.219997
24268,0.08824104171051961
24269,0.07696646967497467
24270,0.027156776497261143
24271,0.05033807827383776
24272,0.08380212588326313
24273,0.350009
24274,0.03801084934158171
24275,0.035452446241373364
24276,0.008895728010159
24277,0.05031446398953862
24278,0.09942628621665095
24279,0.220016
24280,0.07633325609395264
24281,0.24446609731301008
24282,0.11040780126557444
24283,0.0388078054794197
24284,0.006346935541536819
24285,0.016726968806518624
24286,0.04321675610109953
24287,0.2920481678173288
24288,0.219997
24289,0.03750062806796521
24290,0.15966005903388059
24291,0.06789587102837022
24292,0.02098224843001744
24293,0.44756390217456044
24294,0.9042896409104985
24295,0.22283038547885783
24296,0.07661959356140427
24297,0.001160356728615
24298,0.09868215133192966
24299,0.05791901394675954
24300,0.04486792394115242
24301,0.14522834919699446
24302,0.09606635654897375
24303,0.08657749832447385
24304,1.0
24305,0.03551621116495574
24306,0.13452869110564708
24307,0.01655685229534943
24308,0.11982650309929228
24309,0.07863934714300493
24310,0.03367523891528358
24311,0.03261884393691722
24312,0.1389204290902914
24313,0.3447703866435653
24314,0.08087107452996653
24315,0.220016
24316,0.037793215134670974
24317,0.03998441150506514
24318,0.15846513640442778
24319,0.012618917930232669
24320,0.03134519222720627
24321,0.07985482592039667
24322,0.059872194008729486
24323,0.0236722736544726
24324,0.0158120771566142
24325,0.0734151420694742
24326,0.0294228785195394
24327,0.1537370167007702
24328,0.04942540409583889
24329,0.0202897653411882
24330,0.039223109120351714
24331,0.1346824820983369
24332,0.050470637778972635
24333,0.0363801358579154
24334,0.03895793778288041
24335,1.0
24336,0.019330597496871275
24337,0.15470185867600297
24338,0.0820330609168571
24339,0.0604947210530908
24340,0.06830413968744732
24341,0.055016773574285
24342,0.0047733947481761844
24343,0.219997
24344,0.05129527733535629
24345,0.015691906430850267
24346,0.05872139187859755
24347,0.220016
24348,0.0
24349,0.015727090322899196
24350,0.220016
24351,0.04035838648826827
24352,0.0
24353,0.350009
24354,0.043710265927421305
24355,0.03268251741641031
24356,0.0047222436221273
24357,0.02367135888361035
24358,0.009822218098954899
24359,0.06734891226626688
24360,0.059569368650167535
24361,0.1817724003307726
24362,0.12751561082531973
24363,0.006175019838374222
24364,0.1186954055577024
24365,0.20873539935891672
24366,0.1307560995225548
24367,0.1657655296772965
24368,0.12174010060582754
24369,0.03394315341425684
24370,0.033590928867652164
24371,0.220016
24372,0.219997
24373,0.22363165563889836
24374,0.007535656517827729
24375,0.04392258888571149
24376,0.025809843870765986
24377,0.00953536850140276
24378,0.03409638955218694
24379,0.011040266322399966
24380,0.032921862863268314
24381,0.015075707202274708
24382,0.008712740224042753
24383,0.0066114139688616385
24384,0.0308077365234692
24385,0.004306216002694801
24386,0.0157855078852092
24387,0.11957947132739297
24388,0.07305735413168946
24389,0.18661683818678795
24390,0.0043917856106846
24391,0.04432888570950382
24392,0.007940778533815085
24393,0.23706517815523087
24394,0.00650539839245105
24395,0.04777493939478081
24396,9.962443595463305e-05
24397,0.04138772032617754
24398,0.05049659597584063
24399,0.0
24400,0.004788142936026483
24401,0.032451790235256
24402,0.013411628625566972
24403,0.0083497162846558
24404,0.0070731192390241
24405,0.1506161329039928
24406,0.05089886537335825
24407,0.055453090880746375
24408,0.0
24409,0.08014100517255238
24410,0.022337020274076247
24411,0.024692555439894
24412,0.03043731426765023
24413,0.02595896476768205
24414,0.20063201206191042
24415,0.03781046120292465
24416,0.04711414900472531
24417,0.008055763708405828
24418,0.008701800917093393
24419,0.025752107342786556
24420,0.016144200523112984
24421,0.0017885420063729
24422,0.11594040392986427
24423,0.009070620607936099
24424,0.02262322320417534
24425,0.007584330820704904
24426,0.04553170984965181
24427,0.3716474185784874
24428,0.05431684012590186
24429,0.08723710238163468
24430,0.16247566935786742
24431,0.003451704379215367
24432,0.03027025506050702
24433,0.014588336177921197
24434,0.17925716321926186
24435,0.13578161385527263
24436,0.219997
24437,0.012249596540472562
24438,0.039872045228862577
24439,0.05569289248448102
24440,0.05146920424893525
24441,0.02430482165829571
24442,0.0018940055965385796
24443,0.019309819725266335
24444,0.05286865706557997
24445,0.01152626626647356
24446,0.0056353636538051
24447,0.0805921225606703
24448,0.10369180507151261
24449,0.03515233804225685
24450,0.219997
24451,0.013030972196108378
24452,0.026895184866548835
24453,0.015979085980557917
24454,0.027867770486897314
24455,0.050043054231398515
24456,0.0026774008917139994
24457,0.04566703183075754
24458,0.0
24459,0.0
24460,0.038289505478812894
24461,0.220016
24462,0.20344187709315417
24463,0.016802251483719693
24464,0.14280228890057334
24465,0.02094688800968103
24466,0.045767460104652796
24467,0.0674019267359669
24468,0.03800710373324767
24469,0.055194411842602195
24470,0.07038642231999742
24471,0.008222563728781229
24472,0.219997
24473,0.052942790708170956
24474,0.0282712209935035
24475,0.12214293688560228
24476,0.220016
24477,0.0038953007507706
24478,0.013888303990193815
24479,0.220016
24480,0.0
24481,0.220016
24482,0.0307565258421271
24483,0.1611279255563863
24484,0.024661735095161723
24485,0.023889931122892664
24486,0.16004198412199205
24487,0.0254195433320415
24488,0.04018202167833133
24489,0.0
24490,0.10859341267664532
24491,0.07961319158259268
24492,0.7196840118747596
24493,0.220016
24494,0.04200223741716869
24495,0.2075390514383288
24496,0.013182223624589706
24497,0.03360242130163951
24498,0.0
24499,0.025563137663394506
24500,0.0179313103195961
24501,0.13720387950166385
24502,0.350009
24503,0.350009
24504,0.350009
24505,0.053919000797749264
24506,0.08942519916271116
24507,0.219997
24508,0.16329012456044706
24509,0.02551884876685563
24510,0.019589143492152912
24511,0.06752568345622326
24512,0.02762655475636398
24513,0.08202555535372558
24514,0.13724422374020584
24515,0.10500744223117921
24516,0.3593672939189175
24517,0.0983399353920153
24518,0.350009
24519,0.39858368424637336
24520,0.0871576637547235
24521,0.0
24522,0.350009
24523,0.0278588469087404
24524,0.026901523001570546
24525,0.349908
24526,0.12436824606223515
24527,0.016862407564516176
24528,0.03354428275080585
24529,0.1078822232563866
24530,0.09594206649000106
24531,0.11605570107009498
24532,0.0761720534672473
24533,0.0388116069285841
24534,0.00777559006409545
24535,0.1017312936747748
24536,0.219997
24537,0.03858885397128367
24538,0.05977226492065377
24539,0.0562404184575578
24540,0.14004797729868593
24541,0.08802189230364026
24542,0.033768396359979344
24543,0.0
24544,0.10267965237033969
24545,0.0947489082765096
24546,0.039751253896273
24547,0.009581706704422165
24548,0.09001711530712583
24549,0.0
24550,0.220016
24551,0.0
24552,0.01675805133488882
24553,0.0147690380553915
24554,0.0292416602280013
24555,0.0502109024611443
24556,0.015851488168820985
24557,0.38221414262524517
24558,0.09932444522155494
24559,0.12498782411779386
24560,0.11618174406783112
24561,0.219997
24562,0.06697957347266467
24563,0.043230888513715905
24564,0.008025589030534852
24565,0.1350825283050663
24566,0.05314300473979555
24567,0.17421007908689454
24568,0.220016
24569,0.008824035487355823
24570,0.350009
24571,0.049826443712021454
24572,0.00886818331687304
24573,0.013763834906957345
24574,0.29689778422123136
24575,0.03851907533902216
24576,0.002125289738921343
24577,0.000346134173414
24578,0.0347205622006617
24579,0.0
24580,0.02449929642679328
24581,0.12228233716603591
24582,0.40197250287181285
24583,0.1456414548395812
24584,0.07277028898212297
24585,0.005869446895752653
24586,0.04149019961505255
24587,0.1084810642929297
24588,0.09163676473167644
24589,0.0093416767516824
24590,0.022961935414259428
24591,0.00614962782793695
24592,0.1045488128270916
24593,0.12337608998846208
24594,0.07911671443018735
24595,0.03850458294707405
24596,0.06488464820805503
24597,0.010912772222899821
24598,0.0363034148523004
24599,0.05917777246048402
24600,0.012242220128631047
24601,0.03603320896980697
24602,0.14600848540162156
24603,0.09349194687975984
24604,0.350009
24605,0.049986397873204524
24606,0.05994018475940714
24607,0.05252352475249905
24608,0.02831579527177418
24609,0.01686182077989734
24610,0.024430196449198312
24611,0.058766777510302015
24612,0.0449059182059156
24613,0.04634480545140943
24614,0.05221136834759475
24615,0.24711314893510877
24616,0.350009
24617,0.044183687251549954
24618,0.057293494858363464
24619,0.02909531726095816
24620,0.03807953728851407
24621,0.02509797519701744
24622,0.07708756833364014
24623,0.024555106620001876
24624,0.031770690383840866
24625,0.06438080549365656
24626,0.25184978639879063
24627,0.05491237059591694
24628,0.012370688889955829
24629,0.06384408164138645
24630,0.005676170132666495
24631,0.220016
24632,0.10423631398318176
24633,0.350009
24634,0.350009
24635,0.350009
24636,0.10721915711713911
24637,0.09029486145614145
24638,0.04111389178782776
24639,0.08432078372769936
24640,0.04682222844465565
24641,0.13382114799196618
24642,0.09046667734616891
24643,0.7805600794100201
24644,0.08351354627204116
24645,0.01583827444523475
24646,0.12691422867271215
24647,0.004197034129101293
24648,0.04285032011498572
24649,0.01557781368968898
24650,0.008509663156947428
24651,0.012202025030787367
24652,0.04392670633640188
24653,0.048826210877368
24654,0.0304128515697741
24655,0.0290531893500762
24656,0.025558392216231324
24657,0.028949488948362686
24658,0.07851739040171249
24659,0.1102235865086764
24660,0.12928484233279103
24661,0.09500020785803902
24662,0.1569692154099177
24663,0.350009
24664,0.39374875302949675
24665,0.13491671899867788
24666,0.05454775867982252
24667,0.12438402881381741
24668,0.03252992123602952
24669,0.04413936012544719
24670,0.004482199335321201
24671,0.04142436665327067
24672,0.05610524508400269
24673,0.15424911210725623
24674,0.06654060406611229
24675,0.12789058820497295
24676,0.033916926621924165
24677,0.06583077240209709
24678,0.019131358657604364
24679,0.021949325540817632
24680,0.13621179573226844
24681,0.005046613622343052
24682,0.08299538805867354
24683,0.009227637826263
24684,0.0209140601998798
24685,0.004145408141140974
24686,0.058934870175142755
24687,0.08297400093721835
24688,0.15373918322717264
24689,0.13510079535978953
24690,0.17572793077570775
24691,0.350009
24692,0.220016
24693,0.23682302189197593
24694,0.0296872540580234
24695,0.1281462313966245
24696,0.0026201988014077
24697,0.08773854167687631
24698,0.08081880569420072
24699,0.07224550415421656
24700,0.0
24701,0.022576462493830114
24702,0.08383884940601266
24703,0.08206896655504767
24704,0.01721645923882375
24705,0.05730025441038202
24706,0.06315068568402117
24707,0.017206648822325525
24708,0.11400311916301724
24709,0.0
24710,0.014250137252925127
24711,0.16996552331480427
24712,0.01360467681236027
24713,0.03807286230553903
24714,0.16462067550292359
24715,0.10980130095158944
24716,0.185407406755587
24717,0.349908
24718,0.1720645494896863
24719,0.16361183158533285
24720,0.07439024660632207
24721,0.220016
24722,0.12604339525587385
24723,0.08418756405767475
24724,0.09583910390785397
24725,0.010533911176241001
24726,0.006228015784429579
24727,0.031191233787917022
24728,0.349908
24729,0.10791370473984398
24730,0.08963767043017798
24731,0.02109797874223812
24732,0.046019623236009596
24733,0.017985739620861342
24734,0.020482649739392213
24735,0.033967386209914296
24736,0.07094256189912172
24737,0.349908
24738,0.11781038369058942
24739,0.04021445140612563
24740,0.1519016533590998
24741,1.0
24742,0.16962330109198842
24743,0.040207732647133884
24744,0.350009
24745,0.09893584803283113
24746,0.27556058636393443
24747,0.33789516079566073
24748,0.10944299211610256
24749,0.11419538233645057
24750,0.0140781430869391
24751,0.14601682285721326
24752,0.1642522870280693
24753,0.04812008961697746
24754,0.162646789080996
24755,0.02579507138935727
24756,0.00845748957328222
24757,0.07281202222789546
24758,0.030379512242240843
24759,0.06790642270721876
24760,0.12279054095513516
24761,0.03229798178710377
24762,0.16950903750644286
24763,0.219997
24764,0.25882668802104974
24765,0.1584974169945887
24766,0.040072728328784855
24767,0.11880909867930337
24768,0.219997
24769,0.350009
24770,0.13099299032748135
24771,0.0291434022916602
24772,0.09563870823727323
24773,0.04618252255743427
24774,0.0020004117732996
24775,0.08292763951888452
24776,0.6207575833169041
24777,0.0
24778,0.219997
24779,0.3655521432560148
24780,0.1823977632235102
24781,0.043503970927021095
24782,0.0098747928077839
24783,0.04301623338516825
24784,0.09989602432725064
24785,0.220016
24786,0.350009
24787,0.0091846951455427
24788,0.220016
24789,0.16550555474890716
24790,0.349908
24791,0.2703540173305211
24792,0.12579193590966115
24793,0.219997
24794,0.350009
24795,0.11243412691138009
24796,0.07458905054588903
24797,0.13932665310757214
24798,0.06614562057424672
24799,0.2315973913630058
24800,1.0
24801,0.08094062637364575
24802,0.10526871338695214
24803,0.4444686669406904
24804,0.048279825895974696
24805,0.04801280363115943
24806,0.219997
24807,0.0
24808,0.07540388461029741
24809,0.11949236465044871
24810,0.034632017768167
24811,0.08702958383809745
24812,0.002616067189579
24813,0.5695386330088564
24814,0.350009
24815,0.158059483287104
24816,0.349908
24817,0.219997
24818,0.28476292552735105
24819,0.46933344628495177
24820,0.349908
24821,0.0333321299685097
24822,0.2666417653425575
24823,0.220016
24824,0.1366280653096528
24825,1.0
24826,0.34200092260826126
24827,0.3294060699978908
24828,0.005835887699661316
24829,0.0283275626416157
24830,0.220016
24831,0.14438034789648424
24832,0.018189601963120878
24833,0.01966501025174726
24834,0.0
24835,0.06030842685829896
24836,0.0059541682545055
24837,0.007024335167216122
24838,0.0294582652723591
24839,0.220016
24840,0.16529398623299113
24841,0.1724423555388541
24842,0.16791466458465382
24843,0.132425948616078
24844,0.350009
24845,0.220016
24846,0.0
24847,0.1504323119746894
24848,0.24442659774364492
24849,0.030955514992718598
24850,0.09228452686605326
24851,1.0
24852,1.0
24853,0.6832700299509178
24854,0.01696734948519424
24855,0.018894193149496842
24856,0.10364922925208822
24857,0.37222027545082437
24858,0.1038346065741156
24859,0.0
24860,0.08002605745618899
24861,0.08910332718494285
24862,0.10908323146871832
24863,0.03511932320785274
24864,0.4911493715420905
24865,0.05210223258978516
24866,0.09199139875198534
24867,0.1819902727022528
24868,0.1286093004253876
24869,0.060677362698326034
24870,0.10974290443962484
24871,0.350009
24872,0.350009
24873,0.027868510152824197
24874,0.09925235376332461
24875,0.12732380688073658
24876,0.12832598941340118
24877,1.0
24878,0.9455627340758599
24879,0.6380410517166997
24880,0.220016
24881,0.010743230124562705
24882,0.0006417594273623109
24883,0.4082450353155611
24884,0.01710697732186932
24885,0.2503856785935705
24886,0.055322156705432834
24887,0.0869682627821689
24888,0.028326032386433976
24889,0.20217833525959616
24890,0.19145173374285307
24891,0.219997
24892,0.219997
24893,0.6792636027913843
24894,0.6051409058554477
24895,0.350009
24896,0.219997
24897,0.140980049986687
24898,0.06929804246702227
24899,0.18542795640841742
24900,0.13288721468226408
24901,0.06416798482614886
24902,0.0
24903,0.15948524066389608
24904,0.18603402327798285
24905,0.05789870491964032
24906,0.15650582408985797
24907,0.02790471640337345
24908,0.9299154082586489
24909,0.9987129917049317
24910,0.8758172834243962
24911,0.1498184153933373
24912,0.042502974692825476
24913,0.24894658288601157
24914,0.39410072168775395
24915,0.0006965039330676438
24916,0.0
24917,0.0072238655939415326
24918,0.009222803312882243
24919,0.12534355802447095
24920,0.14092734083595485
24921,0.11607866992529259
24922,0.46586201550518846
24923,1.0
24924,0.10701813343110578
24925,0.14657992081519436
24926,0.20771057439130905
24927,0.219997
24928,0.10421497692598441
24929,0.350009
24930,0.219997
24931,0.022521786419454976
24932,0.0491464242509171
24933,0.06935793238667318
24934,0.14790887197772926
24935,0.10661238943807856
24936,0.032067492702007636
24937,0.24170043130942945
24938,0.22190816363050236
24939,0.219997
24940,0.14149336122320663
24941,0.028781839501579982
24942,0.13618640840442717
24943,0.1335739902743773
24944,0.25719094365467354
24945,0.03278262382522393
24946,0.06186461128772068
24947,0.046659607001041666
24948,0.025332463703480107
24949,0.081084854988765
24950,0.06935281041026294
24951,0.350009
24952,1.0
24953,0.45718979755022165
24954,0.219997
24955,0.17398605290337427
24956,0.219997
24957,0.219997
24958,0.7619573507252965
24959,0.1473982218196205
24960,0.060499709112677505
24961,0.018823721202604213
24962,0.24156683149149882
24963,0.219997
24964,0.350009
24965,0.38468706550015197
24966,0.368323881776209
24967,0.30553255399058576
24968,1.0
24969,0.13497651555817808
24970,0.034826128366982456
24971,0.220016
24972,0.220016
24973,0.03613189832274661
24974,0.030397612037483264
24975,0.349908
24976,0.10623857128916939
24977,0.06571446781115753
24978,0.0804836449737393
24979,0.09545366102462402
24980,0.219997
24981,0.5346235343397298
24982,0.349908
24983,0.7743212909218811
24984,0.349908
24985,0.219997
24986,0.21729804209032394
24987,0.350009
24988,0.0268383155915044
24989,0.219415108835915
24990,0.06852011365875943
24991,0.08048765355281393
24992,0.350009
24993,0.2533067033520069
24994,0.04407415250048778
24995,0.5699401325351671
24996,0.28677699248192673
24997,0.0033415830490166327
24998,0.0789701354674846
24999,0.20970090189538515
25000,0.06819531964628506
25001,0.02295484006366095
25002,0.010990299151616728
25003,0.011641154415831557
25004,0.0670617775596751
25005,0.07400212328675024
25006,0.12494287055424821
25007,0.17297659203480087
25008,0.17273483458614286
25009,0.5807166768117527
25010,1.0
25011,0.605647494800071
25012,0.4499786438574591
25013,0.8898291049347602
25014,0.1398982277788275
25015,0.03301611826796777
25016,0.039078950869918055
25017,0.17766672689647972
25018,0.219997
25019,0.02612035216297391
25020,0.05565758027259775
25021,0.00388044845457
25022,0.1613221671548752
25023,0.10799982063474563
25024,0.054354473742520615
25025,0.03592048085044323
25026,0.11416508984441835
25027,0.008552089203091667
25028,0.009624045533892988
25029,0.007535380582307698
25030,0.0175873858217915
25031,0.010276906759977077
25032,0.04425772024369
25033,0.15350194272888418
25034,0.06933800431295785
25035,0.0949904366255597
25036,0.350009
25037,0.3258334494793664
25038,0.350009
25039,1.0
25040,0.9336058748221607
25041,0.4875881247060282
25042,0.220016
25043,0.0
25044,0.0
25045,0.08488499437809294
25046,0.20951782863711188
25047,0.006863947213325875
25048,0.013804246333187433
25049,1.0
25050,0.11419790292272355
25051,0.0363180958979544
25052,0.09655290184640399
25053,0.11466036897655343
25054,0.1701266718664782
25055,0.05331195879193932
25056,0.05264624540106273
25057,0.008132803656229686
25058,0.02645992563968948
25059,0.034603729367215764
25060,0.004321813927114735
25061,0.061232382359962784
25062,0.1377517814662075
25063,0.18809929917648707
25064,0.8988170614203743
25065,0.48217727034711044
25066,0.2699695811693025
25067,1.0
25068,0.5698104766175451
25069,0.6503315798863671
25070,0.2297796120340174
25071,0.0059521118859246595
25072,0.010964018858440271
25073,0.047040967611227245
25074,0.08278500549580946
25075,0.0321238962744059
25076,0.06842505059878842
25077,0.6816683976127551
25078,0.220016
25079,0.3741659557344103
25080,0.06950726788420412
25081,0.14580218952138635
25082,0.16551220761351665
25083,0.16531805784756387
25084,0.2621528413361489
25085,0.220016
25086,0.016810068588063318
25087,0.059384270640530645
25088,0.219997
25089,1.0
25090,0.350009
25091,0.9808960943817715
25092,0.350009
25093,0.349908
25094,0.21905590497248828
25095,0.220016
25096,0.030869904859735765
25097,0.055276907911406103
25098,0.0079516363754004
25099,0.004061380411877716
25100,0.07641481279689666
25101,0.022556521718134617
25102,0.18825060409919808
25103,0.219997
25104,0.096439607144329
25105,0.349908
25106,0.029362370482732866
25107,0.10006868501865386
25108,0.002402655287939125
25109,0.350009
25110,0.05360706429551648
25111,0.010672509386691238
25112,0.13735354710933717
25113,0.3304983539049856
25114,0.08483694765454966
25115,0.0008838935646702
25116,0.2675511580994388
25117,0.219997
25118,0.09500913275910068
25119,0.14014074258807402
25120,0.03118231898981525
25121,0.13354033133729412
25122,0.14610722351488567
25123,0.08549101362178152
25124,0.1541444288636299
25125,0.1293102829437341
25126,0.0915138865971987
25127,0.0793748622377588
25128,0.007820898404494635
25129,0.220016
25130,0.013106081408343032
25131,0.1218883332231192
25132,0.04408189897299351
25133,0.049190668401584155
25134,0.20959684800081382
25135,0.05173244246272104
25136,0.08755941228936756
25137,0.01479090700380149
25138,0.11015258561671387
25139,0.219997
25140,0.43021911069434193
25141,0.7387904772492055
25142,0.12284222885772873
25143,0.0
25144,0.005430942519303086
25145,0.011092246358046749
25146,0.032930680381117225
25147,0.11225409422598437
25148,0.02050241908790814
25149,0.0756719368537124
25150,0.220016
25151,0.017259554912760367
25152,0.014924317770782403
25153,0.017278362816370508
25154,0.023635591627322726
25155,0.0189765752083583
25156,0.0808787253489851
25157,0.15956168592182163
25158,0.15329042382062685
25159,0.5011412984038219
25160,0.022602692161635317
25161,0.01823166162122914
25162,0.08855551191059131
25163,0.0806024246488426
25164,0.1970824809292975
25165,0.4026452057397352
25166,0.15099363515243827
25167,0.0084135287758652
25168,0.220016
25169,0.0260504163912564
25170,0.03687672623658948
25171,0.06985738660887172
25172,0.1818017296413434
25173,0.029080607950170576
25174,0.009935044515236701
25175,0.017243583404115977
25176,0.010513846834778354
25177,0.220016
25178,0.03706593064565332
25179,0.0037523573925022004
25180,0.015647682955955033
25181,0.219997
25182,0.1455887798026383
25183,0.09593670129992857
25184,0.03361307177656124
25185,0.04153252297137966
25186,0.06477667072427014
25187,0.350009
25188,0.04891757351750691
25189,0.0
25190,0.0030081379784329
25191,0.058169973923876024
25192,0.08702927356560075
25193,0.220016
25194,0.058694031348205035
25195,0.22371919081895336
25196,0.14258925421063134
25197,0.047460785220039395
25198,0.059566423221478516
25199,0.06050671561352522
25200,0.04256113039363192
25201,0.3332048850965819
25202,0.015113938522549499
25203,0.219997
25204,0.03941599461872992
25205,0.143478562585209
25206,0.09356764835453901
25207,0.02098224843001744
25208,0.44073882506744
25209,0.8318351300583504
25210,0.21462560083020824
25211,0.060271581356615575
25212,0.10712846831870117
25213,0.048892234387211034
25214,0.05501501459749382
25215,0.220016
25216,0.11676675687906005
25217,0.07825677875649395
25218,1.0
25219,0.03551621116495574
25220,0.10935690468725098
25221,0.002172787102183931
25222,0.08247941825395748
25223,0.050223184809535824
25224,0.013016552497472885
25225,0.03125260000294572
25226,0.1325233202892609
25227,0.374192590109534
25228,0.07551234077299504
25229,0.220016
25230,0.016131074568296475
25231,0.11705768477353083
25232,0.0048509606629847535
25233,0.15893991847336747
25234,0.02382626305000497
25235,0.01842429997624937
25236,0.07192290427596677
25237,0.07737085984589559
25238,0.02809011890711372
25239,0.0115235200085007
25240,0.09789794917804481
25241,0.03133046868993811
25242,0.19679373101924902
25243,0.05594656576545519
25244,0.0107837094676646
25245,0.0517328935098423
25246,0.016006035510793815
25247,0.13920504413512858
25248,0.040318616823232234
25249,0.027515846527478516
25250,0.054148319464871
25251,1.0
25252,0.025171823291039074
25253,0.14619397043092008
25254,0.0832849327445637
25255,0.026739805718043602
25256,0.053986896735185225
25257,0.0463137013964363
25258,0.012244010844443223
25259,0.02103576405048864
25260,0.3032567984518769
25261,0.0680749517366486
25262,0.00555042165256222
25263,0.05981235689801255
25264,0.19421150104774748
25265,0.0
25266,0.015727090322899196
25267,0.08487057885745439
25268,0.04596069413774997
25269,0.023222074624661602
25270,0.050244841097144645
25271,0.350009
25272,0.02972817367924189
25273,0.03268251741641031
25274,0.0047222436221273
25275,0.008159546544727335
25276,0.0037243705715295995
25277,0.09221276801677539
25278,0.0025641590437538234
25279,0.06170236081393214
25280,0.2387483792786313
25281,0.10073686235387902
25282,0.0012750367333067
25283,0.044077508826360315
25284,0.1122814409341823
25285,0.219997
25286,0.14579097852745948
25287,0.14120658943828868
25288,0.12932078127965085
25289,0.04007962527432224
25290,0.029884335502393937
25291,0.0373375233967069
25292,0.10118690029425337
25293,0.24789658582175442
25294,0.220016
25295,0.007535656517827729
25296,0.046450139766467585
25297,0.04345539224541448
25298,0.006180579837934986
25299,0.026255572302676684
25300,0.018804268880148356
25301,0.03348403456637552
25302,0.0161146064542963
25303,0.015075707202274708
25304,0.008712740224042753
25305,0.0066114139688616385
25306,0.013245121242603899
25307,0.012489405420089783
25308,0.015082724364762799
25309,0.07345517168132835
25310,0.07704542112280856
25311,0.15154381519543267
25312,0.0043917856106846
25313,0.009423772527418368
25314,0.12070702445412662
25315,0.350009
25316,0.041123335237199514
25317,0.00031583046552303333
25318,0.010890591021335225
25319,0.043887172690334736
25320,0.007421002222613678
25321,0.005880117423413827
25322,0.0
25323,0.016210337846531482
25324,0.0083497162846558
25325,0.20442303729282751
25326,0.039186444115755246
25327,0.07722474839078347
25328,0.016680393369280483
25329,0.056147984327306937
25330,0.0008031056313233496
25331,0.0066338229459318
25332,0.011319950601403629
25333,0.02194676065281815
25334,0.219997
25335,0.03075404009952745
25336,0.06753057051269412
25337,0.008055763708405828
25338,0.008701800917093393
25339,0.06702134376881055
25340,0.01052517061805875
25341,0.01567065156061092
25342,0.09825671090130755
25343,0.04553170984965181
25344,0.37201246541351035
25345,0.06346294571961456
25346,0.06996906436611487
25347,0.15278017472335992
25348,0.06195921478299611
25349,0.0
25350,0.007796133711301078
25351,0.0044057290065268005
25352,0.14124988509059175
25353,0.0157033948440487
25354,0.11228460157994591
25355,0.219997
25356,0.015342996717943362
25357,0.07113293310439321
25358,0.026925336559055973
25359,0.06249741962838051
25360,0.0
25361,0.011961576152537635
25362,0.04513789109040087
25363,0.015807332706814163
25364,0.0015239823332092
25365,0.0076443929197793
25366,0.0784342011865017
25367,0.06590950658200931
25368,0.02879728207515495
25369,0.219997
25370,0.0249844489497445
25371,0.022658558065519432
25372,0.006162414487516933
25373,0.009089279254725914
25374,0.04371960868032841
25375,0.06631485004157911
25376,0.02293206217871727
25377,0.006412718708386977
25378,0.038954804571887144
25379,0.01724415501785324
25380,0.0
25381,2.192114794362368e-05
25382,0.018803266468043395
25383,0.220016
25384,0.2679533305296283
25385,0.020336138664543126
25386,0.220016
25387,0.0
25388,0.1400164129533912
25389,0.007762371174954599
25390,0.0767750811635453
25391,0.0
25392,0.03329036260335696
25393,0.03398183410370854
25394,0.0663219649325637
25395,0.06381862934695925
25396,0.08391179598056475
25397,0.06728330709832987
25398,0.02665518215805904
25399,0.19131077998874196
25400,0.04488414080387636
25401,0.0700449780773147
25402,0.04207891475956081
25403,0.19669027488382546
25404,0.220016
25405,0.08447903848886555
25406,0.04623310362610067
25407,0.220016
25408,0.0
25409,0.350009
25410,0.1092778121102489
25411,0.220016
25412,0.08529147593340922
25413,0.024661735095161723
25414,0.023889931122892664
25415,0.035481211659574255
25416,0.011387287797396709
25417,0.220016
25418,0.6300493739164772
25419,0.17074663163111153
25420,0.04200223741716869
25421,0.1547152845684904
25422,0.0
25423,0.015844115094166014
25424,0.054553623456181005
25425,0.036082354004966344
25426,0.020672094555948147
25427,0.03656369270621182
25428,0.220016
25429,0.350009
25430,0.47357415515260315
25431,0.350009
25432,0.053919000797749264
25433,0.04322293651266452
25434,0.219997
25435,0.14123249091998547
25436,0.02551884876685563
25437,0.06977403175884825
25438,0.05417076022696887
25439,0.08498550155022057
25440,0.04080206558276795
25441,0.0248370824194759
25442,0.350009
25443,0.034439681739351705
25444,0.220016
25445,0.4149372263154574
25446,0.06720543116681621
25447,0.0
25448,0.350009
25449,0.07630591689994995
25450,0.349908
25451,0.08960329572565814
25452,0.053844752886510985
25453,0.04612290955831265
25454,0.025385288671474573
25455,0.10603296778684938
25456,0.1032763734127814
25457,0.0941294362135834
25458,0.00777559006409545
25459,0.0557884299646494
25460,0.22735500330217617
25461,0.046048114926442674
25462,0.06237745282692477
25463,0.0492024334491558
25464,0.09780780010596202
25465,0.08169096354604266
25466,0.02545122951225893
25467,0.10267965237033969
25468,0.0493492352406619
25469,0.06023464340749209
25470,0.07729370165261612
25471,0.17612611393040914
25472,0.03849869111363592
25473,0.04123897098987363
25474,0.015851488168820985
25475,0.3628228845676753
25476,0.15396529603414766
25477,0.04826045249032446
25478,0.2333631072603416
25479,0.349908
25480,0.14540477354138487
25481,0.1042244454589874
25482,0.02293750152545658
25483,0.0236178029894486
25484,0.03487201382698865
25485,0.0584717520509832
25486,0.17937481907307795
25487,0.220016
25488,0.39072659495103373
25489,0.008824035487355823
25490,0.350009
25491,0.05043567170243615
25492,0.008576989498652831
25493,0.010521130636253687
25494,0.04507415177882554
25495,0.23526950557669546
25496,0.0
25497,0.02451277491977754
25498,0.010464037793753576
25499,0.06485286571153796
25500,0.012930254614435942
25501,0.0246489528993624
25502,0.15719974222964472
25503,0.349908
25504,0.1429264164198859
25505,0.11630405320896686
25506,0.020870544929110182
25507,0.02016640316670015
25508,0.0859829601241204
25509,0.09615802002273113
25510,0.02190929729355103
25511,0.15013975966705678
25512,0.05898453889747249
25513,0.06443839546713916
25514,0.220016
25515,0.03357245414056242
25516,0.030863257552793903
25517,0.05890756640291852
25518,0.025433046631290448
25519,0.040094829050446465
25520,0.00412049596839452
25521,0.1674044910893165
25522,0.09814098588560204
25523,0.350009
25524,0.04018276174990765
25525,0.06746584667668695
25526,0.053095901707770454
25527,0.04234758254415148
25528,0.01167188687493334
25529,0.03745463080664921
25530,0.06617930036379842
25531,0.03646911250420623
25532,0.03813343724401265
25533,0.23890471465627433
25534,0.36429744286385923
25535,0.031112230285863653
25536,0.04242834047160977
25537,0.03650461938277527
25538,0.08157248187024964
25539,0.0203862105412327
25540,0.08522004148335464
25541,0.024555106620001876
25542,0.0
25543,0.24135634184615434
25544,0.04105112707768355
25545,0.0035545451335971283
25546,0.03207622117541535
25547,0.005676170132666495
25548,0.220016
25549,0.10310333233059765
25550,0.350009
25551,0.350009
25552,0.350009
25553,0.08296063461089301
25554,0.06452941779347454
25555,0.030092321973683556
25556,0.09482879425244056
25557,0.052750781859118155
25558,0.1682526981856953
25559,0.0856791123591548
25560,0.7600861405542823
25561,0.08955048575796626
25562,0.13711774564460028
25563,0.06038914050676009
25564,0.04252581866335952
25565,0.012905339672734155
25566,0.04745052552789618
25567,0.02617634836298946
25568,0.03250634879469559
25569,0.08452659380217249
25570,0.0966574008101073
25571,0.13483589444639935
25572,0.11318255958511211
25573,0.1474146704763575
25574,0.350009
25575,0.44574017205745164
25576,0.11820056313718577
25577,0.05866629747328212
25578,0.12465975415864901
25579,0.02439886003244552
25580,0.00817532386271119
25581,0.08344656234933748
25582,0.0744434001990944
25583,0.1467196316795026
25584,0.08561318405055168
25585,0.14332996854911706
25586,0.05428777466989156
25587,0.07490063078974038
25588,0.032367795027093166
25589,0.220016
25590,0.010101815159765493
25591,0.015167909905274852
25592,0.09769412532074674
25593,0.008542194910310599
25594,0.01765054652979079
25595,0.011063015886884072
25596,0.04954125658029446
25597,0.07588104543027355
25598,0.14371454350940394
25599,0.147755254639463
25600,0.17404963553345504
25601,0.350009
25602,0.220016
25603,0.26497799840264025
25604,0.0282345263271151
25605,0.14734184973283762
25606,0.05851064457821021
25607,0.08935235437282121
25608,0.055928325625503754
25609,0.06411619584042255
25610,0.06631398904626967
25611,0.058499108204755526
25612,0.05009825762995357
25613,0.03251013676405283
25614,0.07595516450970034
25615,0.0
25616,0.17808147045524678
25617,0.012679808487413817
25618,0.041035526109746034
25619,0.20230286734429406
25620,0.10740608919702374
25621,0.220016
25622,0.4403326724520567
25623,0.20012627515874498
25624,0.220016
25625,0.09194518959735407
25626,0.08409891673912584
25627,0.12465701789251836
25628,0.10245788290562344
25629,0.08533318278050377
25630,0.05049563370632482
25631,0.219997
25632,0.12002885474827799
25633,0.09120517299273698
25634,0.06976661216701863
25635,0.0791970967100975
25636,0.020482649739392213
25637,0.015135585925130627
25638,0.07577184928572203
25639,0.349908
25640,0.10346123456708323
25641,0.05202964067042133
25642,0.1656917046509602
25643,1.0
25644,0.16727722901144582
25645,0.026693833976598382
25646,0.350009
25647,0.10650541656874013
25648,0.25906116687455416
25649,0.349908
25650,0.11521252619452726
25651,0.012599655697836101
25652,0.07342432413018066
25653,0.16472891379075535
25654,0.2092110168439321
25655,0.06980120919870597
25656,0.220016
25657,0.004630693879344271
25658,0.030989842719515256
25659,0.0
25660,0.011117348381684084
25661,0.10236060626067296
25662,0.14426586372925737
25663,0.0239443751049222
25664,0.16287608496622596
25665,0.219997
25666,0.32485029101151164
25667,0.13883972068541137
25668,0.03457482042272186
25669,0.14152116932732206
25670,0.219997
25671,0.350009
25672,0.07760272944372834
25673,0.05508674565953263
25674,0.02272789057095767
25675,0.220016
25676,0.6563387404694432
25677,0.006156089619489113
25678,0.219997
25679,0.350009
25680,0.21920099818760572
25681,0.0057082946623621
25682,0.01381528424554885
25683,0.04309086091181095
25684,0.10802277225509385
25685,0.350009
25686,0.350009
25687,0.0091846951455427
25688,0.220016
25689,0.15342139438413036
25690,0.349908
25691,0.219997
25692,0.12532442438045205
25693,0.219997
25694,0.350009
25695,0.090852539046463
25696,0.09255159886319372
25697,0.08954101490232193
25698,0.10537715570444983
25699,0.3072045112725229
25700,1.0
25701,0.10990345834924624
25702,0.5595984544782181
25703,0.048868138482411734
25704,0.2902070485432755
25705,0.06401906919706332
25706,0.12089291282430431
25707,0.035896454786307735
25708,0.07592791243185674
25709,0.0063229246608182
25710,0.5912837394226005
25711,0.220016
25712,0.15785569910767683
25713,0.3426277028360152
25714,0.219997
25715,0.2898559419121679
25716,0.41895740658326386
25717,0.3770512745122377
25718,0.0387285079685938
25719,0.30423832896694214
25720,0.220016
25721,0.17163589997369838
25722,1.0
25723,0.4735427015173628
25724,0.4343607589257362
25725,0.005835887699661316
25726,0.026959876473875398
25727,0.06728592370002909
25728,0.08881403803516125
25729,0.018189601963120878
25730,0.037522354282424265
25731,0.007227258340298817
25732,0.0127502470726882
25733,0.06729212370132837
25734,0.005517690777982383
25735,0.007393641051607515
25736,0.007024335167216122
25737,0.0625779911459091
25738,0.220016
25739,0.2106332423456163
25740,0.1680381201139072
25741,0.219997
25742,0.220016
25743,0.350009
25744,0.220016
25745,0.037719407923355486
25746,0.13543495974828118
25747,0.2910358078737022
25748,0.037431548084552096
25749,0.11827290131078476
25750,1.0
25751,1.0
25752,0.742016362068048
25753,0.011821279651954501
25754,0.002898659315147212
25755,0.14534981863966795
25756,0.402000226335791
25757,0.09454052161601939
25758,0.0
25759,0.014072697367721043
25760,0.0317317015049464
25761,0.0071489597057954124
25762,0.022682843342289316
25763,0.05815005319169468
25764,0.07958239598607206
25765,0.11649916037895111
25766,0.03452301452796953
25767,0.5113800482486575
25768,0.05210223258978516
25769,0.07465346011701562
25770,0.17012834220758438
25771,0.12856601982063348
25772,0.06290162106979233
25773,0.08099654501514494
25774,0.2796773293965755
25775,0.350009
25776,0.11844079258847731
25777,0.10409197193684017
25778,0.15269140563509298
25779,1.0
25780,1.0
25781,0.7438733641829722
25782,0.034619146626029836
25783,0.09508588522319403
25784,0.010743230124562705
25785,0.010212567236244832
25786,0.4970124425089551
25787,0.014566921467727721
25788,0.2577500641082304
25789,0.06167404741958623
25790,0.1148006655121166
25791,0.16623395413674763
25792,0.17215815341945875
25793,0.219997
25794,0.219997
25795,0.7114908896720533
25796,0.522192204316978
25797,0.2774752185627306
25798,0.20589647645241063
25799,0.1224101889761724
25800,0.06667438095022418
25801,0.19736644000319103
25802,0.10848228543693259
25803,0.04642142125427916
25804,0.13621461534873325
25805,0.11898534307828203
25806,0.09367998459370382
25807,0.15581827287884178
25808,0.02731763880078385
25809,0.9879615956615936
25810,0.9987129917049317
25811,0.8758172834243962
25812,0.1614678628595454
25813,0.022042640400985976
25814,0.350009
25815,0.029683126552762597
25816,0.44270593154462784
25817,0.004965315497115257
25818,0.008672544561216633
25819,0.012910580807921042
25820,0.09254113432284325
25821,0.15472736494657355
25822,0.1087690198592976
25823,0.49805092778556237
25824,1.0
25825,0.0965705975314026
25826,0.16771949339154435
25827,0.19985415307595153
25828,0.219997
25829,0.1027567178162832
25830,0.350009
25831,0.22706985814129527
25832,0.07216457041746108
25833,0.075306463029927
25834,0.13359798530982378
25835,0.15382200483556266
25836,0.08197431400104126
25837,0.02755982591353382
25838,0.22933555575125555
25839,0.24645248628127636
25840,0.219997
25841,0.13884843137475614
25842,0.028781839501579982
25843,0.19020314777942787
25844,0.0783168439273704
25845,0.220016
25846,0.03007266047215268
25847,0.03880082227548329
25848,0.040163428701893766
25849,0.02401590174635281
25850,0.0865067611567657
25851,0.10666316712515164
25852,0.350009
25853,1.0
25854,0.349908
25855,0.219997
25856,0.17241372523196347
25857,0.219997
25858,0.20593048695768063
25859,0.7355587324276003
25860,0.220016
25861,0.0291615770416424
25862,0.025054501018299615
25863,0.219997
25864,0.219997
25865,0.220016
25866,0.365899500969902
25867,0.3193563420775807
25868,0.326413415612829
25869,1.0
25870,0.06748704077731578
25871,0.03568644036848456
25872,0.220016
25873,0.220016
25874,0.023333389826645377
25875,0.08994457102894396
25876,0.349908
25877,0.006666784866839933
25878,0.09826277106219838
25879,0.03881546232631533
25880,0.0651205963838192
25881,0.10619459613361062
25882,0.219997
25883,0.5316528759186496
25884,0.349908
25885,0.7694115758788769
25886,0.349908
25887,0.219997
25888,0.219997
25889,0.350009
25890,0.023097647425406223
25891,0.013515204823089499
25892,0.1098750808208059
25893,0.08577212281693973
25894,0.058424322120053926
25895,0.350009
25896,0.220016
25897,0.02303411443103048
25898,0.5894010128130924
25899,0.349908
25900,0.0033415830490166327
25901,0.0797793420496263
25902,0.219997
25903,0.10778249981293435
25904,0.0157705412962949
25905,0.010990299151616728
25906,0.0378133751670891
25907,0.09691567295661843
25908,0.1394158141110229
25909,0.15083745304253698
25910,0.1461539672762261
25911,0.6066789755259948
25912,1.0
25913,0.5463121148524327
25914,0.4688833296026894
25915,0.8255696667773349
25916,0.1636830563402957
25917,0.009452338955093707
25918,0.0
25919,0.06248937932703455
25920,0.19195027699613854
25921,0.24371333260318515
25922,0.010692430996260511
25923,0.02918533695112335
25924,0.10900665959510253
25925,0.17812079447259743
25926,0.054354473742520615
25927,0.0017953374754754667
25928,0.04710549515085213
25929,0.14783106150348446
25930,0.028235001467815598
25931,0.03799489093810726
25932,0.023763991314978777
25933,0.0175873858217915
25934,0.012346322649651176
25935,0.0456472747258045
25936,0.18990019619042586
25937,0.08898155626563005
25938,0.0936485353771253
25939,0.2886443256464656
25940,0.219997
25941,0.350009
25942,1.0
25943,0.9438405747279749
25944,0.349908
25945,0.220016
25946,0.01784944185758336
25947,0.0
25948,0.06436864063096225
25949,0.18538190053117948
25950,0.006863947213325875
25951,0.03477032497313343
25952,1.0
25953,0.08829528505878695
25954,0.03423789835599733
25955,0.220016
25956,0.07131617340492674
25957,0.220016
25958,0.09162664160911453
25959,0.06774109108724657
25960,0.0012808421101669345
25961,0.04483088289271328
25962,0.1342177107830793
25963,0.20463401648817778
25964,0.8277209328311632
25965,0.4627241519670561
25966,0.25710288268531667
25967,1.0
25968,0.5611969207611244
25969,0.6422556419664897
25970,0.2061279152705399
25971,0.02253590884437076
25972,0.053401105504098774
25973,0.0
25974,0.07137153387540415
25975,0.09690623062201825
25976,0.017575878797537338
25977,0.057027195495788024
25978,0.7330346423375066
25979,0.220016
25980,0.3617029568100596
25981,0.05977555797340113
25982,0.14076515529458955
25983,0.17618688637657876
25984,0.19772316062822756
25985,0.219997
25986,0.052161415629847344
25987,0.03370690065783022
25988,0.0
25989,0.04676281638394165
25990,0.219997
25991,1.0
25992,0.350009
25993,1.0
25994,0.350009
25995,0.349908
25996,0.219997
25997,0.220016
25998,0.0364936958609089
25999,0.06719746293581855
26000,0.06150631944768269
26001,0.15035503431986746
26002,0.219997
26003,0.037188685657974015
26004,0.349908
26005,0.04656712476864917
26006,0.06413015190537606
26007,0.010508439648478682
26008,0.350009
26009,0.05068371841680808
26010,0.18081421254247487
26011,0.3194830368702729
26012,0.07025485560339065
26013,0.0008838935646702
26014,0.28512794803377184
26015,0.219997
26016,0.15183618415478028
26017,0.1677638477375577
26018,0.12125778706011422
26019,0.09589270829739867
26020,0.07302039678485456
26021,0.1440680734808208
26022,0.1880916371963571
26023,0.06702111058645371
26024,0.007820898404494635
26025,0.220016
26026,0.013106081408343032
26027,0.008060816343416348
26028,0.1410469290626927
26029,0.0083990326562705
26030,0.05140723673584725
26031,0.15016378286952023
26032,0.07073000529872553
26033,0.10628261534602707
26034,0.01479090700380149
26035,0.12306642836216458
26036,0.219997
26037,0.4215572765318315
26038,0.697089308350243
26039,0.09446167838679803
26040,0.01500369531276593
26041,0.01969664964782325
26042,0.020888165623049095
26043,0.12457164260601566
26044,0.00911854050753306
26045,0.07750901443391381
26046,0.220016
26047,0.017431343090321266
26048,0.030679779082884003
26049,0.017278362816370508
26050,0.0022933112473246236
26051,0.023024378864927995
26052,0.0808787253489851
26053,0.13313355223074422
26054,0.14246620636665958
26055,0.4608305018956541
26056,0.01677975797512792
26057,0.02194111773096614
26058,0.09501339174083812
26059,0.09053361495936998
26060,0.21586114239353732
26061,0.4091167167015453
26062,0.16698231070997646
26063,0.01232750811631309
26064,0.0
26065,0.220016
26066,0.0221661872958927
26067,0.04678542929394909
26068,0.06686812933061302
26069,0.17717953864747
26070,0.007831607053313074
26071,0.008806054640945866
26072,0.017243583404115977
26073,0.010513846834778354
26074,0.219997
26075,0.03706593064565332
26076,0.0190547048884818
26077,0.0027706468474199032
26078,0.036232469555688235
26079,0.219997
26080,0.1381346681165575
26081,0.07567418519295686
26082,0.021143552603690743
26083,0.04607102604234216
26084,0.09712970126153044
26085,0.4320326064369694
26086,0.04404268638346951
26087,0.01426702400691046
26088,0.0189579671592798
26089,0.09175142950637366
26090,0.2182443385571053
26091,0.07534142075189984
26092,0.24260758927497647
26093,0.12308079527269754
26094,0.050993955795439694
26095,0.0167968149906375
26096,0.029396698597836023
26097,0.05414242514272352
26098,0.03544534925279622
26099,0.219997
26100,0.07004208991265515
26101,0.015113938522549499
26102,0.349908
26103,0.040849979751682614
26104,0.1472003082978669
26105,0.0710053421462371
26106,0.02098224843001744
26107,0.349908
26108,0.7658913020803462
26109,0.19109878934535274
26110,0.08639504412357987
26111,0.0003691946699818
26112,0.11223622195347066
26113,0.017494202308240735
26114,0.02260802857542962
26115,0.220016
26116,0.18774585781658276
26117,0.08629658865533454
26118,1.0
26119,0.12621394106234307
26120,0.017251026980765104
26121,0.05201945453375138
26122,0.09458584715146143
26123,0.009153041006753085
26124,0.02540872324549242
26125,0.1329501524394747
26126,0.349908
26127,0.09422426278909013
26128,0.220016
26129,0.034367522353773224
26130,0.0179371033603188
26131,0.12775680664250563
26132,0.007846776186898854
26133,0.16062501166987786
26134,0.02153817062562817
26135,0.00438905854761486
26136,0.01342112484727967
26137,0.05156115732022387
26138,0.08180252037043689
26139,0.02809011890711372
26140,0.08074676787000551
26141,0.2074789496827048
26142,0.033278016711985395
26143,0.0494453454399682
26144,0.04072180212208031
26145,0.047630060980823515
26146,0.11613792844295347
26147,0.10482585163677083
26148,0.027515846527478516
26149,0.028340688422213208
26150,1.0
26151,0.036955375057028374
26152,0.1873350972455106
26153,0.0510074373149977
26154,0.05481395824715544
26155,0.03513384840563802
26156,0.060166273573090304
26157,0.006750365177016585
26158,0.048126373054256336
26159,0.264085315748216
26160,0.054045509699784985
26161,0.010448585263714
26162,0.0075678250064217
26163,0.017445866686333016
26164,0.0048100843096381
26165,0.0185193882773081
26166,0.04714044854708175
26167,0.15300169573327715
26168,0.005580688243768141
26169,0.015727090322899196
26170,0.1225035714439815
26171,0.018405482705189866
26172,0.008549683297285102
26173,0.0053252431489370505
26174,0.3944156317855906
26175,0.0164711137355052
26176,0.008159546544727335
26177,0.03845583439802795
26178,0.08420909969583368
26179,0.0025641590437538234
26180,0.057143876079036836
26181,0.219997
26182,0.11854633365861783
26183,0.012851155203260934
26184,0.0422185646405316
26185,0.09977349350778761
26186,0.219997
26187,0.09941930338240489
26188,0.1351195718615293
26189,0.14535023988083134
26190,0.034210167682916834
26191,0.013463206699293039
26192,0.032532775506501
26193,0.10317586048044937
26194,0.219997
26195,0.220016
26196,0.006420155899252507
26197,0.04763863369386809
26198,0.03838244435923478
26199,0.001790666065093885
26200,0.024035845278544785
26201,0.018804268880148356
26202,0.033092379806864615
26203,0.0047486473868812995
26204,0.008712740224042753
26205,0.022404587529248916
26206,0.012489405420089783
26207,0.026149009871366598
26208,0.10896547501470596
26209,0.07821206514325293
26210,0.219997
26211,0.06742708614941204
26212,0.007940778533815085
26213,0.2923114721993382
26214,0.019920699579549152
26215,0.0
26216,0.027300889594499708
26217,0.0034268545024063336
26218,0.007307910381948009
26219,0.007421002222613678
26220,0.03376306328178474
26221,0.02048221660285133
26222,0.0
26223,0.016210337846531482
26224,0.032481213135001956
26225,0.0083497162846558
26226,0.0070731192390241
26227,0.13135472275701912
26228,0.043275793016677146
26229,0.08410149042884807
26230,0.0
26231,0.08611880499882514
26232,0.008180773734639334
26233,0.006377422361805582
26234,0.01967828409133303
26235,0.019547528725338638
26236,0.19543177299234052
26237,0.02664607676786475
26238,0.06305598424020381
26239,0.0018344998211126
26240,0.008701800917093393
26241,0.010932225407150557
26242,0.01052517061805875
26243,0.0194033767110297
26244,0.14837298117552167
26245,0.02104944585499453
26246,0.0018374130555568668
26247,0.050439690733677794
26248,0.34715907879314667
26249,0.06413012885621117
26250,0.10942038223783687
26251,0.11582446800394962
26252,0.003451704379215367
26253,0.06602894201434902
26254,0.01059054218434702
26255,0.15901498056794766
26256,0.028484907102483803
26257,0.14003535948430512
26258,0.17340820697828763
26259,0.01819748171979856
26260,0.011042631424945255
26261,0.05146920424893525
26262,0.030379930897849617
26263,0.006339039164088847
26264,0.012670464434031484
26265,0.013135185727454535
26266,0.026794837952362482
26267,0.04814350025601888
26268,0.01285568575393186
26269,0.1023904309103246
26270,0.08574043996073481
26271,0.03163552845017943
26272,0.2069986790984068
26273,0.0
26274,0.0405115668289497
26275,0.006162414487516933
26276,0.018640295969970813
26277,0.027152223744732213
26278,0.06756901517971421
26279,0.02293206217871727
26280,0.059506309793095846
26281,0.035758144428240546
26282,0.0
26283,0.0035661357032814
26284,0.039609581217466
26285,0.040472434267356
26286,0.220016
26287,0.219997
26288,0.008194594464830236
26289,0.11744601924036463
26290,0.012926615389056286
26291,0.0018392539580110272
26292,0.1020159136138493
26293,0.029517628587349198
26294,0.03800710373324767
26295,0.03329036260335696
26296,0.0446485281111335
26297,0.0096341224841313
26298,0.14535890237241803
26299,0.0057140399449714
26300,0.07982766984606787
26301,0.0231484253350924
26302,0.219997
26303,0.0034785286784559596
26304,0.0415134129100654
26305,0.1317349139202384
26306,0.350009
26307,0.0200218856704382
26308,0.0053223115664318
26309,0.030046455468844203
26310,0.220016
26311,0.0
26312,0.20917650473639943
26313,0.018058180702398702
26314,0.17024883889841372
26315,0.08529147593340922
26316,0.024661735095161723
26317,0.024781296403014852
26318,0.00600403162584657
26319,0.023182008887349625
26320,0.00034526936973235285
26321,0.15055946022713895
26322,0.09648987339581268
26323,0.8247233934760305
26324,0.14581811080780055
26325,0.0361226518722923
26326,0.04200223741716869
26327,0.1881097568651762
26328,0.009775084136147402
26329,0.0188534636219179
26330,0.023846754295979215
26331,0.08423622493014371
26332,0.019140544441697344
26333,0.050034379912712146
26334,0.220016
26335,0.46535168877422195
26336,0.350009
26337,0.034518871936222655
26338,0.1734050895815368
26339,0.12015187233084848
26340,0.07956253339057995
26341,0.06380145853160897
26342,0.046099319864603375
26343,0.03568842813130855
26344,0.350009
26345,0.0835730061166451
26346,0.219997
26347,0.38740767499173234
26348,0.052762052219112995
26349,0.0
26350,0.4157427251256531
26351,0.0099578760364086
26352,0.09352060553307115
26353,0.349908
26354,0.07040483217948365
26355,0.08212436285743528
26356,0.042411796309610256
26357,0.1261403148777438
26358,0.047834574860862775
26359,0.1866370292704934
26360,0.1078032272863059
26361,0.03743962286799464
26362,0.0
26363,0.0369004306341677
26364,0.220016
26365,0.08046305001904168
26366,0.04222403610339887
26367,0.1351162131293372
26368,0.11747087679570371
26369,0.12533124612801377
26370,0.10267965237033969
26371,0.0180843749623525
26372,0.04142011503804646
26373,0.0
26374,0.03751859742051232
26375,0.010099138830116143
26376,0.03682487511184092
26377,0.0190913478400792
26378,0.0
26379,0.0015136537978125
26380,0.04123897098987363
26381,0.3915191791236799
26382,0.06893814152502424
26383,0.01579204664049906
26384,0.2114943864000795
26385,0.349908
26386,0.18666306609430028
26387,0.0471452507786407
26388,0.041022292551866804
26389,0.021121042907441122
26390,0.037402229967779047
26391,0.007744343982123151
26392,0.044058368079348806
26393,0.0584717520509832
26394,0.1435173531312235
26395,0.220016
26396,0.350009
26397,0.008824035487355823
26398,0.220016
26399,0.029099642847426357
26400,0.00886818331687304
26401,0.05019822354261583
26402,0.030097247668624146
26403,0.220016
26404,0.01319847775350005
26405,0.016813998702623144
26406,0.06485286571153796
26407,0.022376933149890043
26408,0.0061222500958518
26409,0.029170308885014526
26410,0.43923688867016114
26411,0.0978240650730056
26412,0.10693731435277216
26413,0.01265735421155685
26414,0.11048037950769139
26415,0.09947135302158944
26416,0.0013601233395698284
26417,0.01830715672149595
26418,0.08855143775026439
26419,0.0765705874171572
26420,0.08200414374102645
26421,0.026419222046444847
26422,0.07400022771254702
26423,0.010912772222899821
26424,0.0293089534736355
26425,0.046981473262869125
26426,0.026727639395163646
26427,0.014535228576505965
26428,0.13575521572653956
26429,0.09069069036750074
26430,0.350009
26431,0.03888295605179162
26432,0.06691876254612884
26433,0.044104516396141956
26434,0.05182052842587268
26435,0.013467459830125341
26436,0.02354540043232731
26437,0.06252029715287322
26438,0.006967713542561275
26439,0.03167537476599333
26440,0.05520073836026705
26441,0.219997
26442,0.3621994125236626
26443,0.04630618886714755
26444,0.03357573225921287
26445,0.05587906563544605
26446,0.06024389055544198
26447,0.04643599036565543
26448,0.015386410714367851
26449,0.02154120900412844
26450,0.014488414855962667
26451,0.01992890027272718
26452,0.22658768459117143
26453,0.055000020000844446
26454,0.024461793769133426
26455,0.005676170132666495
26456,0.220016
26457,0.09872639801779126
26458,0.350009
26459,0.350009
26460,0.350009
26461,0.08980009798602992
26462,0.07478512239752165
26463,0.03321593699027816
26464,0.09855136895020547
26465,0.021408464902858953
26466,8.162158392233404e-05
26467,0.1596639840054413
26468,0.0315987741431199
26469,0.8311800594276749
26470,0.15340837087972203
26471,0.03010923907852665
26472,0.15030434109230406
26473,0.08286395720128048
26474,0.07116445611557502
26475,0.0077479835695633634
26476,0.0179323417000876
26477,0.012202025030787367
26478,0.031236637230333077
26479,0.0193271588001854
26480,0.015601672638100625
26481,0.03892342812059618
26482,0.12129854873337449
26483,0.09665827304709561
26484,0.16393208849813284
26485,0.09675548699386621
26486,0.18406688531085622
26487,0.350009
26488,0.40814506783987414
26489,0.12530647924639368
26490,0.06977647109785902
26491,0.090811480089204
26492,0.02163625484618089
26493,0.05595521276622727
26494,0.08145305248716789
26495,0.13571587463513662
26496,0.09776098065340927
26497,0.13618580988067866
26498,0.061113823767473166
26499,0.08311585738604169
26500,0.025993905687634933
26501,0.01546691558070894
26502,0.220016
26503,0.0084864231836625
26504,0.0
26505,0.02054703488735374
26506,0.0204630434279535
26507,0.009945555627639147
26508,0.012297925280706
26509,0.0
26510,0.055447412084014054
26511,0.11110047974023934
26512,0.12238314604402004
26513,0.1342421594873081
26514,0.15335974490131005
26515,0.350009
26516,0.220016
26517,0.22458847641456295
26518,0.041378953586598696
26519,0.14401021810989634
26520,0.03887474703561651
26521,0.06394076685871541
26522,0.10086237157805546
26523,0.009249078718464115
26524,0.07255659798491806
26525,0.0
26526,0.027313208822460223
26527,0.049041774454292364
26528,0.03251013676405283
26529,0.026760159883470937
26530,0.0
26531,0.11692757959829767
26532,0.05961553524166073
26533,0.18110048559120948
26534,0.10655520783728795
26535,0.220016
26536,0.4708886974010427
26537,0.201706604653198
26538,0.20703548780796446
26539,0.08063068318131816
26540,0.09657802860584765
26541,0.10507906626494457
26542,0.08143974410085053
26543,0.09455108145260926
26544,0.0096986141390268
26545,0.03269649271845452
26546,0.4450029135115041
26547,0.12878205422332736
26548,0.06616807464907898
26549,0.03340475063191272
26550,0.0741885418453083
26551,0.017985739620861342
26552,0.020482649739392213
26553,0.015135585925130627
26554,0.0169873252746803
26555,0.08461360684687422
26556,0.349908
26557,0.11303851738466532
26558,0.044711150203506425
26559,0.170811839703917
26560,0.9877225795205207
26561,0.17916996454363832
26562,0.03500328948585228
26563,0.350009
26564,0.08960517878901683
26565,0.30162891990268764
26566,0.349908
26567,0.09125331848594596
26568,0.0
26569,0.07790427095623216
26570,0.0684185469690498
26571,0.13082935172502366
26572,0.219997
26573,0.07973086083583576
26574,0.1088769239147906
26575,0.05455230739608407
26576,0.06030936108923185
26577,0.011933791885436359
26578,0.015070761981429485
26579,0.07325489333425256
26580,0.10349640657830045
26581,0.0232790466631237
26582,0.19385101970394866
26583,0.219997
26584,0.3202182482326764
26585,0.14633191769839976
26586,0.039461980023358253
26587,0.14851235831804555
26588,0.219997
26589,0.350009
26590,0.04945013746670984
26591,0.09787864773424852
26592,0.08892825084199327
26593,0.11390715264065512
26594,0.6934249672216304
26595,0.219997
26596,0.350009
26597,0.2088298644311694
26598,0.0
26599,0.025277981052026596
26600,0.01381528424554885
26601,0.05682330374409165
26602,0.13323379593331655
26603,0.350009
26604,0.350009
26605,0.0091846951455427
26606,0.1899592476945258
26607,0.18184231084753966
26608,0.219997
26609,0.23581009485336
26610,0.17617041483087353
26611,0.219997
26612,0.38246873891341504
26613,0.1097525604186468
26614,0.10291947435810223
26615,0.10735605734637393
26616,0.09961260948780164
26617,0.219997
26618,1.0
26619,0.08789074381862104
26620,0.435958109763939
26621,0.06452807034384334
26622,0.349908
26623,0.061635486090128616
26624,0.12576296875225423
26625,0.026533304862216202
26626,0.049220826888037444
26627,0.0046743499024297
26628,0.574820681317122
26629,0.220016
26630,0.15864554389408614
26631,0.349908
26632,0.219997
26633,0.219997
26634,0.47444371993332435
26635,0.350009
26636,0.0211131236012038
26637,0.219997
26638,0.220016
26639,0.12707029979757878
26640,1.0
26641,0.44748851231963704
26642,0.36254208412927924
26643,0.014910115256520098
26644,0.0907675832531336
26645,0.09394804503808944
26646,0.021497070459467065
26647,0.0015642498366099334
26648,0.0506219094317085
26649,0.0053068870824883
26650,0.056408869150456155
26651,0.005517690777982383
26652,0.0084075675015754
26653,0.007024335167216122
26654,0.050251608911455595
26655,0.12322876908765143
26656,0.16125438651730062
26657,0.18397474550396398
26658,0.1995391754639949
26659,0.220016
26660,0.220016
26661,0.220016
26662,0.04148983334957439
26663,0.0938695728486198
26664,0.3123653461249294
26665,0.0304097241868579
26666,0.08093266943755656
26667,1.0
26668,1.0
26669,0.813170221277155
26670,0.008201799900660018
26671,0.0170646016265866
26672,0.018894193149496842
26673,0.06822462119077272
26674,0.36051269338582903
26675,0.12975908570521089
26676,0.006240372529971533
26677,0.025321643650234114
26678,0.07988057671029439
26679,0.09334374374406346
26680,0.1102362842201386
26681,0.06313770780818992
26682,0.5403221783784642
26683,0.054645558239303504
26684,0.07611764930572593
26685,0.21063095984094388
26686,0.1114901536042046
26687,0.06563756272871143
26688,0.09223232157024604
26689,0.2721544106268676
26690,0.350009
26691,0.07763411446360219
26692,0.220016
26693,0.16332586220178524
26694,0.1531664513947344
26695,1.0
26696,1.0
26697,0.6978779155255828
26698,0.220016
26699,0.010743230124562705
26700,0.3771767901633194
26701,0.05477270869271382
26702,0.219997
26703,0.05915811489521003
26704,0.0837519076606502
26705,0.028803523784206975
26706,0.18691918427006138
26707,0.18569654777146477
26708,0.219997
26709,0.219997
26710,0.66691014125511
26711,0.4615463553357422
26712,0.25306071962040494
26713,0.21207313294069444
26714,0.1449712392209893
26715,0.06472982593053778
26716,0.17203549053093592
26717,0.06170385873750778
26718,0.053591274366734755
26719,0.10654309881772818
26720,0.11162737294007223
26721,0.050846024795274516
26722,0.10036721454883749
26723,0.02039126763537915
26724,1.0
26725,0.9987129917049317
26726,0.8758172834243962
26727,0.1086823256057426
26728,0.05772695325961538
26729,0.220016
26730,0.042154758318311794
26731,0.350009
26732,0.00038275339993624384
26733,0.004965315497115257
26734,0.014255684595824726
26735,0.017179436664402543
26736,0.08266455642399796
26737,0.15301348439586476
26738,0.1083370401895248
26739,0.4357431368763798
26740,1.0
26741,0.08677541760377508
26742,0.21320555612374437
26743,0.18635160445316923
26744,0.219997
26745,0.12244484495962342
26746,0.350009
26747,0.22939424354952664
26748,0.07298666117652117
26749,0.06999344395359369
26750,0.15064315009574228
26751,0.17094472930719795
26752,0.09690900796327946
26753,0.02755982591353382
26754,0.350009
26755,0.24019557991490187
26756,0.2369886152585625
26757,0.08453667294856464
26758,0.028781839501579982
26759,0.13196852193519595
26760,0.009187333772003899
26761,0.134488862521574
26762,0.26094867140431804
26763,0.028332579553930277
26764,0.039249478009679484
26765,0.03178244124680467
26766,0.0008863879454671392
26767,0.022147992203364705
26768,0.09601647225295021
26769,0.09280895338900913
26770,0.350009
26771,1.0
26772,0.349908
26773,0.219997
26774,0.15427161393086447
26775,0.219997
26776,0.20847592513369145
26777,0.6877151867703812
26778,0.11053646041980031
26779,0.0751696091058558
26780,0.025054501018299615
26781,0.21018989081576872
26782,0.219997
26783,0.21526603141117465
26784,0.37681047337526263
26785,0.350009
26786,0.219997
26787,1.0
26788,0.10272767531039848
26789,0.024572706168197254
26790,0.25015545156646524
26791,0.2535511619781788
26792,0.009688555672354712
26793,0.349908
26794,0.10384150604862297
26795,0.03794013364734643
26796,0.0792917323682231
26797,0.08123982408060852
26798,0.21737268265185744
26799,0.5456541583687695
26800,0.349908
26801,0.7648944665976982
26802,0.349908
26803,0.219997
26804,0.219997
26805,0.350009
26806,0.023097647425406223
26807,0.019166893792072
26808,0.1561604269862073
26809,0.07537603563033043
26810,0.07147354104237616
26811,0.45924970308778096
26812,0.219997
26813,0.03638902681135618
26814,0.702285020646594
26815,0.350009
26816,0.029139008655764204
26817,0.219997
26818,0.11875640229658345
26819,0.034312459191221556
26820,0.02295484006366095
26821,0.0368105976406215
26822,0.045202345762032525
26823,0.1332852022304061
26824,0.17566737706988697
26825,0.17562769841365328
26826,0.5452999681065208
26827,1.0
26828,0.5680938938146285
26829,0.4407045042155246
26830,0.8413220433822557
26831,0.1540701193851397
26832,0.03530892239357858
26833,0.06229389395786085
26834,0.18878320783806235
26835,0.219997
26836,0.044904897453993606
26837,0.03865725730590925
26838,0.09591925574210003
26839,0.16209403088211302
26840,0.0844766520539869
26841,0.0017953374754754667
26842,0.049610894162812134
26843,0.09186189618778785
26844,0.006501980428234499
26845,0.009732749492296688
26846,0.023763991314978777
26847,0.023196866232679376
26848,0.036522437764493
26849,0.17910237203096374
26850,0.06307073200021035
26851,0.1184043165073829
26852,0.350009
26853,0.219997
26854,0.350009
26855,1.0
26856,1.0
26857,0.349908
26858,0.220016
26859,0.08866082708353655
26860,0.17034210461644228
26861,0.0
26862,1.0
26863,0.048455659599509655
26864,0.03423789835599733
26865,0.08805393124354349
26866,0.13016975789080454
26867,0.1521129098059234
26868,0.03185514388266422
26869,0.11119202512432333
26870,0.03203490708504518
26871,0.05098615377104666
26872,0.04723760268060608
26873,0.12797540993340661
26874,0.21141939392916176
26875,0.8461504980391987
26876,0.4497594460774389
26877,0.23592488491928598
26878,1.0
26879,0.349908
26880,0.6458197107148577
26881,0.2048559736946693
26882,0.03780599600082466
26883,0.03193259401604657
26884,0.026629426562085747
26885,0.05919973065735716
26886,0.0078834398321464
26887,0.03569792556431214
26888,0.08714203158926932
26889,0.6815948521551964
26890,0.12254382690618397
26891,0.4024509900640249
26892,0.05331882410008713
26893,0.14619501130327434
26894,0.219997
26895,0.17105846670375108
26896,0.26185124175657903
26897,0.220016
26898,0.003461635844352
26899,0.023329180921965315
26900,0.219997
26901,1.0
26902,0.350009
26903,1.0
26904,0.350009
26905,0.349908
26906,0.20181644914591418
26907,0.2256590727501966
26908,0.04519743429935876
26909,0.045933781660382
26910,0.004061380411877716
26911,0.08157587153242246
26912,0.005328269092869487
26913,0.1379399323706414
26914,0.219997
26915,0.028336243679650118
26916,0.219997
26917,0.030610796484208464
26918,0.11871020393324436
26919,0.350009
26920,0.06403757760425348
26921,0.06149015625182592
26922,0.17484687705885457
26923,0.219997
26924,0.07757456831459665
26925,0.2470131255319263
26926,0.219997
26927,0.17472941858329377
26928,0.1847116604264853
26929,0.01664321135494715
26930,0.12531591177661242
26931,0.12459193943724307
26932,0.07810999327061185
26933,0.15752322458953288
26934,0.17711988326562522
26935,0.05633763655336199
26936,0.059845754786249455
26937,0.012408862585944
26938,0.220016
26939,0.013106081408343032
26940,0.0079557014630254
26941,0.220016
26942,0.04408189897299351
26943,0.0534774609889373
26944,0.15469984095132722
26945,0.07620521101307924
26946,0.09977988401549875
26947,0.10021234652050498
26948,0.219997
26949,0.4351937316129173
26950,0.7052560700831019
26951,0.14178901835467783
26952,0.0
26953,0.01500369531276593
26954,0.03015664941433685
26955,0.035752294043016296
26956,0.11226315140082807
26957,0.05653897167115421
26958,0.12025529142536648
26959,0.018927605615524968
26960,0.034798181119253056
26961,0.017278362816370508
26962,0.03618725441778782
26963,0.02673090147222333
26964,0.016899563715770997
26965,0.07461963462620376
26966,0.13584113074697712
26967,0.15011595917234927
26968,0.49747329697876025
26969,0.022938327986641468
26970,0.04372554048250274
26971,0.08752163854987671
26972,0.09569844292552138
26973,0.2013656677286434
26974,0.49141742782200054
26975,0.15486042186018936
26976,0.0124280003140464
26977,0.220016
26978,0.019755864487495986
26979,0.02876876231864324
26980,0.10736336675824992
26981,0.16427174631800823
26982,0.05807260606254127
26983,0.016309171992900405
26984,0.017243583404115977
26985,0.010513846834778354
26986,0.219997
26987,0.0170772972557963
26988,0.029854414308186035
26989,0.219997
26990,0.1132444220234049
26991,0.07698475520668285
26992,0.03348584290461244
26993,0.040034874311844756
26994,0.07953327236466434
26995,0.37101946526758756
26996,0.021339978205213113
26997,0.005192401837798387
26998,0.0
26999,0.05880841248753192
27000,0.08308518631013084
27001,0.3107978996641588
27002,0.07676170129134963
27003,0.220016
27004,0.11934779183772094
27005,0.013893644979637998
27006,0.002665757048833
27007,0.06952473946415952
27008,0.06112564345480262
27009,0.04551250101924234
27010,0.350009
27011,0.07004208991265515
27012,0.015113938522549499
27013,0.349908
27014,0.03181398417435312
27015,0.1464052356303731
27016,0.09246656888642321
27017,0.02098224843001744
27018,0.349908
27019,0.7789526648105767
27020,0.219997
27021,0.08385774126341727
27022,8.283736069091436e-05
27023,0.08699785117831767
27024,0.06147433980197094
27025,0.05796463871880562
27026,0.06061911561060274
27027,0.18628832735447887
27028,0.06791459144016035
27029,1.0
27030,0.13948535285547947
27031,0.017251026980765104
27032,0.05342525068813308
27033,0.07714055174668442
27034,0.026460702498990782
27035,0.032301111397305224
27036,0.1060557023467151
27037,0.349908
27038,0.04148520192149113
27039,0.220016
27040,0.035395075220245875
27041,0.17618206272142672
27042,0.017213813472133355
27043,0.11199359637488357
27044,0.029840228864940265
27045,0.02570739143889747
27046,0.06072049484054587
27047,0.062058869585668586
27048,0.0181475434284835
27049,0.1090223709332021
27050,0.219997
27051,0.05865871666028766
27052,0.0477650692526025
27053,0.03273254492985751
27054,0.11492329505872197
27055,0.041900665861148934
27056,0.024379791621787703
27057,0.046237514993028306
27058,1.0
27059,0.048585842055780974
27060,0.19740115659289348
27061,0.0692807285687584
27062,0.0532695489098675
27063,0.04574638846354882
27064,0.0522135960066463
27065,0.015105833454136585
27066,0.019204117643281837
27067,0.219997
27068,0.05455707603462169
27069,0.0018357711000881
27070,0.0100383274679144
27071,0.03130553029868015
27072,0.10070255530910707
27073,0.005580688243768141
27074,0.1360978864064195
27075,0.06348362525221687
27076,0.025073600770188848
27077,0.04316317817617425
27078,0.41168542786682194
27079,0.022443002718683103
27080,0.035164080329082095
27081,0.008159546544727335
27082,0.012848584213973623
27083,0.07771728894281468
27084,0.07060428940021454
27085,0.1919324024890144
27086,0.10117500050541031
27087,0.012851155203260934
27088,0.044451064088073505
27089,0.014207996642676766
27090,0.1119408387849812
27091,0.220016
27092,0.1589446128719021
27093,0.09196094858215739
27094,0.13751427789269594
27095,0.02283273778037464
27096,0.02693433816956184
27097,0.10512330827493357
27098,0.3298231401410377
27099,0.220016
27100,0.053372776312673384
27101,0.04099845995796489
27102,0.00953536850140276
27103,0.023212526719831685
27104,0.008564382092655667
27105,0.04643039605632161
27106,0.0035858042543307667
27107,0.015075707202274708
27108,0.008712740224042753
27109,0.0066114139688616385
27110,0.015869135771569898
27111,0.02919663948470695
27112,0.11394744596388326
27113,0.07546800812933727
27114,0.14566279023199907
27115,0.009423772527418368
27116,0.12754820676199125
27117,0.007940778533815085
27118,0.33366380258444484
27119,0.0149242788561408
27120,0.0108674648163537
27121,0.018134298485306198
27122,0.0
27123,0.008530639660102134
27124,0.007307910381948009
27125,0.02984216773788933
27126,0.0
27127,0.01310948787635985
27128,0.0083497162846558
27129,0.0017416456407456
27130,0.18992685257102712
27131,0.025025659330482848
27132,0.06318133777192328
27133,0.00518351018016555
27134,0.10993049480054534
27135,0.008180773734639334
27136,0.02251507124412873
27137,0.01663109757943665
27138,0.20237616030061123
27139,0.03086197120039555
27140,0.05555246531586791
27141,0.0070997968965239
27142,0.0050911141656154
27143,0.05830533066720336
27144,0.014867829040296
27145,0.15986715232900717
27146,0.0278365350592854
27147,0.04605256113182217
27148,0.007584330820704904
27149,0.0401066833849911
27150,0.349908
27151,0.04111799688775516
27152,0.06965092230052447
27153,0.11429404184901032
27154,0.012255972883322185
27155,0.003451704379215367
27156,0.00968388598640625
27157,0.056951190908418214
27158,0.00040551118197649887
27159,0.00589088992521
27160,0.16469578067176976
27161,0.022166407637048698
27162,0.12245431505221561
27163,0.006390528088768827
27164,0.219997
27165,0.009150240138187063
27166,0.029728874673373075
27167,0.05320176767304062
27168,0.05562270644812267
27169,0.00870227101602201
27170,0.006339039164088847
27171,0.015932658270084735
27172,0.025274304714815482
27173,0.05451291961060957
27174,0.016908384286635776
27175,0.0076265675105244
27176,0.1303462740045616
27177,0.03877117788941011
27178,0.219997
27179,0.056273986484317404
27180,0.0234815040707197
27181,0.0046812107065035
27182,0.006162414487516933
27183,0.006985974889785814
27184,0.024618960781758212
27185,0.06396899857740261
27186,0.02657436483433856
27187,0.0
27188,0.0019961739043463
27189,0.015800923615552336
27190,0.0574636721979051
27191,0.219997
27192,0.22585753035400916
27193,0.008194594464830236
27194,0.12896423616925584
27195,0.0
27196,0.019587318848472854
27197,0.034004580846266
27198,0.1181885096918841
27199,0.0796296692596646
27200,0.0777869961572806
27201,0.0692447767645682
27202,0.039680868049375796
27203,0.07578086503427556
27204,0.06300527587663643
27205,0.011039504441394
27206,0.0100659710824924
27207,0.13590099137374326
27208,0.005165946298530573
27209,0.0294668798031495
27210,0.0160997079754797
27211,0.21981007154070126
27212,0.350009
27213,0.0092485257789514
27214,0.350009
27215,0.0
27216,0.14258510420703185
27217,0.1133948432072721
27218,0.09341032659844961
27219,0.024661735095161723
27220,0.17275359058812484
27221,0.0011953391547156
27222,0.011820498205282767
27223,0.219997
27224,0.09383817239255579
27225,0.9646525806163662
27226,0.07630539116858444
27227,0.04200223741716869
27228,0.1831923797812221
27229,0.009809973453631214
27230,0.05164607978018801
27231,0.0015362851710947418
27232,0.021841886719950746
27233,0.03656369270621182
27234,0.025567034556846745
27235,0.21714423649311518
27236,0.5046025445053848
27237,0.3672199796076934
27238,0.04322293651266452
27239,0.0803584594310697
27240,0.21525397132306018
27241,0.01170685409176607
27242,0.08150012770512335
27243,0.06841650397848847
27244,0.06987593144088167
27245,0.0621121691178894
27246,0.350009
27247,0.220016
27248,0.15388188867596736
27249,0.5005128237694929
27250,0.04270374628396101
27251,0.3715316648001071
27252,0.08139720761880584
27253,0.349908
27254,0.11182897770842815
27255,0.03084647709089478
27256,0.046624089642050254
27257,0.0712487564405334
27258,0.13798538158704138
27259,0.14562919847594247
27260,0.1039153274629952
27261,0.03743962286799464
27262,0.0942187638437343
27263,0.350009
27264,0.029830998246804474
27265,0.06854100389077566
27266,0.08178212230511689
27267,0.17408702701289722
27268,0.12214969047098027
27269,0.0026683112490619824
27270,0.10267965237033969
27271,0.045268102763775
27272,0.10534686224054177
27273,0.10175021595365544
27274,0.007195180285742689
27275,0.219997
27276,0.025920288470183683
27277,0.04561065406209542
27278,0.0382619395982109
27279,0.03539294772545
27280,0.04123897098987363
27281,0.4347512101320455
27282,0.03250112398108104
27283,0.08190044975343456
27284,0.219997
27285,0.27260154713346585
27286,0.0056002016483506405
27287,0.16131214029879937
27288,0.0683418533947335
27289,0.02293750152545658
27290,0.021121042907441122
27291,0.059505533263711746
27292,0.06671043285366621
27293,0.02901384862996255
27294,0.07810424982026157
27295,0.17676238612393302
27296,0.5243965895590039
27297,0.0018930031783570746
27298,0.350009
27299,0.059533201787034154
27300,0.00886818331687304
27301,0.01630488388657773
27302,0.011726512447719887
27303,0.025951303471800722
27304,0.350009
27305,0.008124090743795151
27306,0.035351759016562345
27307,0.06485286571153796
27308,0.035087971238128644
27309,0.0462131422317113
27310,0.08846597717349322
27311,0.46433476817884195
27312,0.0679698124492625
27313,0.08977336277520617
27314,0.03161140172506875
27315,0.0023056662943950496
27316,0.1167268674899502
27317,0.10148136327343443
27318,0.0093416767516824
27319,0.027273699034588626
27320,0.15170873806126378
27321,0.0944180926569245
27322,0.08142183395834585
27323,0.017061759700850644
27324,0.07827953727391351
27325,0.032454933361471205
27326,0.03401389751700322
27327,0.032254252912188947
27328,0.008302489712961065
27329,0.14263947975032976
27330,0.12113327988562883
27331,0.350009
27332,0.06250136725631582
27333,0.06278782259938905
27334,0.050269344167761354
27335,0.05303491035929248
27336,0.023792911996973042
27337,0.01328043172264361
27338,0.04693416086762582
27339,0.011243893265798527
27340,0.061495131064943455
27341,0.219997
27342,0.349908
27343,0.08204255044161235
27344,0.08612584680285207
27345,0.030542311538706846
27346,0.06942647840132847
27347,0.0
27348,0.015386410714367851
27349,0.040254336675088036
27350,0.013894499528044267
27351,0.01992890027272718
27352,0.21068840021635935
27353,0.04131661495775925
27354,0.022572942282670927
27355,0.005676170132666495
27356,0.220016
27357,0.10072772759392645
27358,0.350009
27359,0.350009
27360,0.220016
27361,0.09822425038509561
27362,0.08567564104458264
27363,0.029760580512745057
27364,0.07751170958958767
27365,0.05141905621667645
27366,0.0127543152251263
27367,0.21120871769185198
27368,0.0637160734080312
27369,0.7428531564978538
27370,0.16899064322398943
27371,0.04340144940767435
27372,0.0144646132089857
27373,0.14851812318314117
27374,0.08352903468115469
27375,0.057846056276457614
27376,0.012905339672734155
27377,0.008509663156947428
27378,0.02108056509437508
27379,0.0304134085963497
27380,0.029040910650331625
27381,0.04075376129936849
27382,0.09234254096333099
27383,0.07305592386198971
27384,0.14235681980815496
27385,0.08145419797695391
27386,0.164342431228951
27387,0.2795855422051373
27388,0.350009
27389,0.12412495742623808
27390,0.06320930423020522
27391,0.08032018164137221
27392,0.016139265449236016
27393,0.02436982413393499
27394,0.00784173055140315
27395,0.08952881319158647
27396,0.0838634167973972
27397,0.09953131589228181
27398,0.07930113561479119
27399,0.09506569485137475
27400,0.03703364067543216
27401,0.0944920825180185
27402,0.0021304186979814645
27403,0.02520993709776163
27404,0.01546691558070894
27405,0.20079904522379938
27406,0.0093153601245102
27407,0.026463603779417554
27408,0.05465025540736944
27409,0.009945555627639147
27410,0.01765054652979079
27411,0.0
27412,0.052114079771923956
27413,0.10443269194043575
27414,0.11765398830887373
27415,0.15089663366276823
27416,0.14622800974058042
27417,0.350009
27418,0.220016
27419,0.25153089894254105
27420,0.0308260263488018
27421,0.17019143867454822
27422,0.03561793149965051
27423,0.07318384730971682
27424,0.09990992748066836
27425,0.0
27426,0.04301042555437006
27427,0.07683377770019387
27428,0.0
27429,0.054285376100941626
27430,0.050606723703792364
27431,0.021513597280665125
27432,0.04891661363786454
27433,0.019909362425792287
27434,0.017988683052386725
27435,0.16122291550116247
27436,0.03725725555531993
27437,0.17906020568982828
27438,0.08622184780015055
27439,0.21718811294497242
27440,0.4924675776340613
27441,0.1946515462420787
27442,0.19369581362299504
27443,0.08247298349605327
27444,0.11387132968056804
27445,0.09512576484939025
27446,0.11405198602909894
27447,0.06770360904059697
27448,0.349908
27449,0.15313969472586297
27450,0.05129500188257817
27451,0.029803932746057527
27452,0.0480970667437589
27453,0.020482649739392213
27454,0.0456970793976378
27455,0.0058561880131313
27456,0.07866783003104452
27457,0.349908
27458,0.09678161575865513
27459,0.054153255056332034
27460,0.1922500887609522
27461,1.0
27462,0.163589183165804
27463,0.036673961565649185
27464,0.350009
27465,0.13237408050527855
27466,0.219997
27467,0.30949749693199313
27468,0.12154775153053357
27469,0.0
27470,0.06799888160983075
27471,0.0897036382951581
27472,0.13918485948927686
27473,0.21429014008834088
27474,0.12423569004089356
27475,0.2118030707769933
27476,0.07205790839129327
27477,0.0131750440657303
27478,0.09454189780985126
27479,0.01828012902257144
27480,0.08803335144094107
27481,0.08000708371997076
27482,0.0269537327922528
27483,0.19534878522315835
27484,0.219997
27485,0.27813554749054653
27486,0.15911738901498496
27487,0.029861429852248454
27488,0.15782390862610676
27489,0.219997
27490,0.350009
27491,0.06606770681041044
27492,0.015728751217325074
27493,0.11443086106613663
27494,0.06687014995857977
27495,0.1013542237592101
27496,0.6872984839690962
27497,0.00762161916413754
27498,0.16334001526197828
27499,0.350009
27500,0.17528496716964811
27501,0.05908878604845515
27502,0.11845855824240854
27503,0.350009
27504,0.350009
27505,0.164409550478196
27506,0.16125099436135676
27507,0.219997
27508,0.219997
27509,0.14625427588286383
27510,0.219997
27511,0.350009
27512,0.10452937677143279
27513,0.005626604848140675
27514,0.020433586058118985
27515,0.036644074318471026
27516,0.10242832582420033
27517,0.08272099477680833
27518,0.219997
27519,1.0
27520,0.08674862613205504
27521,0.3878907742810152
27522,0.0
27523,0.041165674475243434
27524,0.350009
27525,0.08868225535875372
27526,0.12155963773160021
27527,0.0249754173367695
27528,0.05196159190759514
27529,0.5545815883728187
27530,0.350009
27531,0.14784562952341362
27532,0.349908
27533,0.219997
27534,0.30368661153157095
27535,0.4820532107548732
27536,0.350009
27537,0.0459397331091155
27538,0.32427283211788316
27539,0.220016
27540,0.220016
27541,1.0
27542,0.3782322184985787
27543,0.350009
27544,0.016684661625528896
27545,0.220016
27546,0.11432163662829983
27547,0.004609065960267365
27548,0.015431503528813366
27549,0.06388405929663515
27550,0.005517690777982383
27551,0.0029036700576354
27552,0.057728797006510894
27553,0.11321808271564934
27554,0.17580890158460782
27555,0.1730503093411498
27556,0.219997
27557,0.220016
27558,0.220016
27559,0.220016
27560,0.022276983330199486
27561,0.11218472028061019
27562,0.3016401562299095
27563,0.07082146963763886
27564,1.0
27565,1.0
27566,0.842324621615032
27567,0.008201799900660018
27568,0.01696734948519424
27569,0.041825660203744716
27570,0.220016
27571,0.4383565475356146
27572,0.0987957320464322
27573,0.002366768310922737
27574,0.0317317015049464
27575,0.06301725806992259
27576,0.09488156340772726
27577,0.09811188104955071
27578,0.03468053040134833
27579,0.5446695023769207
27580,0.0431719150808869
27581,0.08394501695623603
27582,0.18688045125611308
27583,0.1425842895523077
27584,0.08467779773876304
27585,0.08326896923032363
27586,0.23249820882668454
27587,0.350009
27588,0.0703005183513033
27589,0.220016
27590,0.12294210546714396
27591,0.1071867725849292
27592,1.0
27593,0.9638088844718737
27594,0.7312437636597924
27595,0.034619146626029836
27596,0.220016
27597,0.004007606261936898
27598,0.0006417594273623109
27599,0.4323677532102858
27600,0.08205410916496152
27601,0.26031951995737657
27602,0.06674944815040913
27603,0.1230377502834856
27604,0.05450237965296788
27605,0.18578727738408857
27606,0.14575210668061486
27607,0.219997
27608,0.219997
27609,0.6949286157649712
27610,0.3686815020549003
27611,0.23333758974258473
27612,0.219997
27613,0.162752420699384
27614,0.06933244018925037
27615,0.18482185770733212
27616,0.08541412250977659
27617,0.03988233933092826
27618,0.0
27619,0.16288993275010338
27620,0.17800685951531975
27621,0.06338954565804311
27622,0.1566939829307073
27623,1.0
27624,0.9987129917049317
27625,0.8758172834243962
27626,0.1330510146519056
27627,0.04107537778258648
27628,0.24667996425551575
27629,0.013794697944405299
27630,0.3811237777887422
27631,0.02163512614771956
27632,0.004965315497115257
27633,0.0006139790545666326
27634,0.03362718635350524
27635,0.08716252256013646
27636,0.12442850354182886
27637,0.11995052560380079
27638,0.4377956935178356
27639,1.0
27640,0.07806840426368908
27641,0.14700516719670875
27642,0.18887615783678563
27643,0.219997
27644,0.1138458293768966
27645,0.350009
27646,0.220016
27647,0.03615453057333817
27648,0.057950495391062604
27649,0.1560884540334781
27650,0.14000370632568696
27651,0.09803046941979895
27652,0.05364555638006364
27653,0.350009
27654,0.32586508148679405
27655,0.220016
27656,0.10986992497232413
27657,0.024007127295847225
27658,0.17103658365934055
27659,0.009187333772003899
27660,0.1480120185635983
27661,0.24205336154778695
27662,0.03899157473057148
27663,0.07660022046914179
27664,0.08077081740794351
27665,0.07550394602858024
27666,0.350009
27667,1.0
27668,0.349908
27669,0.219997
27670,0.17097680233606677
27671,0.219997
27672,0.219997
27673,0.6965782920505035
27674,0.1274103922293791
27675,0.057862465459970494
27676,0.02829587757561961
27677,0.219997
27678,0.1880571942138197
27679,0.13847833638912263
27680,0.3750577194669179
27681,0.26776068558232213
27682,0.219997
27683,1.0
27684,0.06641263037862558
27685,0.028757744096941467
27686,0.19227194257677893
27687,0.220016
27688,0.020524434571738713
27689,0.022484582831188666
27690,0.219997
27691,0.06772752184657188
27692,0.04342713510691343
27693,0.0891097987059408
27694,0.06847704228688173
27695,0.219997
27696,0.5117274674920022
27697,0.219997
27698,0.349908
27699,0.349908
27700,0.219997
27701,0.219997
27702,0.350009
27703,0.0238261516930088
27704,0.1814381383218707
27705,0.09842774330829153
27706,0.057021398574686424
27707,0.6051633731119603
27708,0.2755328144435091
27709,0.032589652240501574
27710,0.6820898066486788
27711,0.37222504161720593
27712,0.005324663854614466
27713,0.220016
27714,0.219997
27715,0.15385325403093847
27716,0.03525607349079835
27717,0.02295484006366095
27718,0.0087393766740249
27719,0.011641154415831557
27720,0.03412572632934781
27721,0.03588495401035313
27722,0.1461497755891586
27723,0.14823454224669988
27724,0.16791011393055857
27725,0.5577130416125485
27726,1.0
27727,0.5808225476914817
27728,0.4492675194621088
27729,0.9269580994106492
27730,0.16957672140062618
27731,0.029384871637891483
27732,0.04555496155888225
27733,0.22754422741396785
27734,0.219997
27735,0.05049971877257761
27736,0.038796238845719866
27737,0.11429082956971692
27738,0.18290500156561873
27739,0.0584205183846816
27740,0.01602145210142033
27741,0.11730723897222495
27742,0.007900783233546399
27743,0.008552089203091667
27744,0.03467094179460799
27745,0.023763991314978777
27746,0.003365467459861377
27747,0.0402799387819205
27748,0.15423788214650666
27749,0.07936320392343454
27750,0.1027527670741311
27751,0.350009
27752,0.219997
27753,0.350009
27754,1.0
27755,0.9638475180866781
27756,0.349908
27757,0.220016
27758,0.010547483064761044
27759,0.058800524444042344
27760,0.1774127370867624
27761,0.03203902433290525
27762,0.03148805931282474
27763,1.0
27764,0.07358407085573135
27765,0.03423789835599733
27766,0.08801086237733868
27767,0.13183114212568844
27768,0.1846414079565277
27769,0.02575204510425082
27770,0.08690540463811694
27771,0.028804370847244784
27772,0.06821307940744298
27773,0.0
27774,0.043359583836711776
27775,0.1340763581579661
27776,0.17050680331284246
27777,0.8460011118536841
27778,0.4960513862890985
27779,0.2561255914429763
27780,1.0
27781,0.5179750417828646
27782,0.6481893631537025
27783,0.17623583109700428
27784,0.015924113935414562
27785,0.04321752224560957
27786,0.0
27787,0.04590985166902815
27788,0.09154414565860935
27789,0.01565508697916366
27790,0.03848944103099494
27791,0.08132625719611543
27792,0.6473881659151148
27793,0.13541359161608976
27794,0.35281580669954693
27795,0.220016
27796,0.16311913489106653
27797,0.17915947455669864
27798,0.19631041556165876
27799,0.21429001813224594
27800,0.10621465147782286
27801,0.0006836590439316
27802,0.05875816041726885
27803,0.219997
27804,1.0
27805,0.350009
27806,1.0
27807,0.32424948652473423
27808,0.349908
27809,0.18909775578062388
27810,0.2435819518467089
27811,0.05507443471988866
27812,0.013393521828512433
27813,0.0337414730822227
27814,0.09672166087982226
27815,0.008302559718919687
27816,0.09226133459154287
27817,0.219997
27818,0.0672090508548549
27819,0.349908
27820,0.034982540544309465
27821,0.07525018684116647
27822,0.350009
27823,0.06660060069067009
27824,0.1664823286201101
27825,0.26505478916494085
27826,0.08722498663229056
27827,0.0008838935646702
27828,0.2638220496445096
27829,0.219997
27830,0.1542854563007711
27831,0.220016
27832,0.0060578134886330745
27833,0.13522670266904763
27834,0.08406123626667057
27835,0.08229967772681826
27836,0.1973211163002475
27837,0.13437170309613
27838,0.045826341787654094
27839,0.059845754786249455
27840,0.0054670916887465
27841,0.220016
27842,0.013106081408343032
27843,0.1749542649191075
27844,0.031018206260391253
27845,0.12541272792059271
27846,0.05565231328934784
27847,0.09044464761288966
27848,0.0091781240784861
27849,0.11734003187063798
27850,0.219997
27851,0.4599592032919645
27852,0.7016983031326469
27853,0.12764506151524302
27854,0.032930680381117225
27855,0.09719406141699087
27856,0.08871174603873971
27857,0.16106016968994558
27858,0.02397531783301566
27859,0.034798181119253056
27860,0.012037085468778082
27861,0.032014345015522624
27862,0.023635591627322726
27863,0.017538459074220497
27864,0.07919904571844116
27865,0.12326599509184571
27866,0.13363251120352826
27867,0.4588921879714724
27868,0.010315225101762717
27869,0.02062716862133854
27870,0.220016
27871,0.07130290829620539
27872,0.18509074348229332
27873,0.4289472859903715
27874,0.14389732474037456
27875,0.0143279707063575
27876,0.009748826047038268
27877,0.220016
27878,0.017316572867339786
27879,0.03788311122168468
27880,0.12491530375754123
27881,0.17114027632739232
27882,0.020075238702307575
27883,0.0091963711598261
27884,0.017243583404115977
27885,0.010513846834778354
27886,0.21764619886514433
27887,0.014280236925854702
27888,0.03448634717052304
27889,0.219997
27890,0.1337336760890533
27891,0.06393233842953606
27892,0.01820272950852144
27893,0.023269047590465358
27894,0.08366541259283043
27895,0.38344213868080335
27896,0.04695368223201011
27897,0.027800221653854262
27898,0.039949012764475
27899,0.052292035825360426
27900,0.08458209495871225
27901,0.1989507316928918
27902,0.10160290661714953
27903,0.220016
27904,0.10472710645959454
27905,0.0300332768408603
27906,0.01203243237430738
27907,0.05042015182861342
27908,0.08553022861336612
27909,0.033428197749566825
27910,0.3859023901887026
27911,0.07004208991265515
27912,0.015113938522549499
27913,0.349908
27914,0.03246412063529572
27915,0.1544316499908012
27916,0.09487853932543172
27917,0.02098224843001744
27918,0.349908
27919,0.8114996493645678
27920,0.20359503931605813
27921,0.07585984406618437
27922,0.0136259475494431
27923,0.10579802894815626
27924,0.0
27925,0.08312099291263172
27926,0.220016
27927,0.18781340982185046
27928,0.07160056280887366
27929,1.0
27930,0.033614112949792566
27931,0.1651184705694338
27932,0.09639920409485168
27933,0.07184362068447682
27934,0.037021530089370286
27935,0.03438486169036492
27936,0.07847947107426731
27937,0.300877946566592
27938,0.07855769319718593
27939,0.220016
27940,0.027596238122926074
27941,0.025957057379553897
27942,0.08080132761689644
27943,0.016200015631153832
27944,0.005817056203543554
27945,0.11938037533343186
27946,0.047505812340759165
27947,0.025854718796601055
27948,0.07939051012041468
27949,0.06764815041999989
27950,0.0251178470478038
27951,0.01882692772635913
27952,0.1100347516543705
27953,0.219997
27954,0.03500896610719179
27955,0.014996135914006899
27956,0.040777234774995404
27957,0.021300150750832116
27958,0.10921072511032656
27959,0.07899466456462713
27960,0.06685335219407698
27961,1.0
27962,0.06667978930812707
27963,0.1870149508982319
27964,0.0850783003022285
27965,0.0965880659708792
27966,0.03457221617049962
27967,0.027186561965976103
27968,0.027465943681343686
27969,0.02170285317382184
27970,0.219997
27971,0.07137452416050138
27972,0.00555042165256222
27973,0.01143589869641813
27974,0.04527398910133795
27975,0.21932409820972348
27976,0.013780088727778653
27977,0.009351891457082852
27978,0.13428662105325828
27979,0.05776802880643486
27980,0.028886339483204
27981,0.02096429861642305
27982,0.511143638263283
27983,0.02972817367924189
27984,0.03268251741641031
27985,0.0047222436221273
27986,0.0108819505324045
27987,0.05936754258854959
27988,0.047254436633961235
27989,0.220016
27990,0.11843784979244842
27991,0.012851155203260934
27992,0.016135641778741047
27993,0.0047111078510702
27994,0.1032276011082669
27995,0.26060720569932555
27996,0.12101085129961169
27997,0.1591009118453297
27998,0.13199122150891235
27999,0.06180235272361054
28000,0.02219373064760754
28001,0.06266181413086311
28002,0.220016
28003,0.219997
28004,0.2703614872507203
28005,0.018724290742763487
28006,0.026749278231761688
28007,0.00953536850140276
28008,0.014107614182528566
28009,0.051294288367239316
28010,0.0222546759036986
28011,0.0066114139688616385
28012,0.0217674286911207
28013,0.02919663948470695
28014,0.08137175278613876
28015,0.06998773754631857
28016,0.14605054082376895
28017,0.009423772527418368
28018,0.13775761828249913
28019,0.007940778533815085
28020,0.350009
28021,0.008545362255730124
28022,0.0
28023,0.02115694127189521
28024,0.013015853029948333
28025,0.008920969198066602
28026,0.046181065791128545
28027,0.02062644700596103
28028,0.0
28029,0.004788142936026483
28030,0.013411628625566972
28031,0.0083497162846558
28032,0.0070731192390241
28033,0.16773132933800391
28034,0.028964277956335147
28035,0.060275648742136576
28036,0.09953666025020894
28037,0.01775971437799805
28038,0.009854929052604329
28039,0.01559954106524885
28040,0.18212211502477021
28041,0.06371687104142715
28042,0.03964504843264771
28043,0.0057935107097398
28044,0.008701800917093393
28045,0.03616973313985257
28046,0.01052517061805875
28047,0.13290444202941787
28048,0.007738099510713589
28049,0.04605256113182217
28050,0.016630269190025367
28051,0.0549206494876561
28052,0.350009
28053,0.04206553199730666
28054,0.12199195222102567
28055,0.07750522744885502
28056,0.05265580141589221
28057,0.0076995959283784
28058,0.002448293311813999
28059,0.16588964297485867
28060,0.0178522813655645
28061,0.10430691807162291
28062,0.2514161980098879
28063,0.023715341699605264
28064,0.05160262295772942
28065,0.055905496802541574
28066,0.01749040028660811
28067,0.02075175468038427
28068,0.00480076551181681
28069,0.050268938811057776
28070,0.023028989186923858
28071,0.0027617335887066
28072,0.1186935843557158
28073,0.07376581016448171
28074,0.013475325005264547
28075,0.2626588149344175
28076,0.0363462798177494
28077,0.042959411539563105
28078,0.026895184866548835
28079,0.014674568839002214
28080,0.022706885495073114
28081,0.07681269888751951
28082,0.009159362005779359
28083,0.0
28084,0.048834841082257746
28085,0.0
28086,0.0
28087,0.0632224734690518
28088,0.31748462826084456
28089,0.219997
28090,0.008194594464830236
28091,0.03870289916504813
28092,0.11850513555048862
28093,0.0
28094,0.024296615280792855
28095,0.0064423839307123
28096,0.023295277113360567
28097,0.0244743944895764
28098,0.09827203198251169
28099,0.0
28100,0.0961969275053174
28101,0.0181189961535099
28102,0.039680868049375796
28103,0.08854649213347004
28104,0.11386011975472543
28105,0.003393300692832
28106,0.0246665343680337
28107,0.02665518215805904
28108,0.220016
28109,0.0
28110,0.1326959153581905
28111,0.220016
28112,0.350009
28113,0.01997148842349169
28114,0.02385502171539567
28115,0.0381568112230644
28116,0.220016
28117,0.009165297238414291
28118,0.220016
28119,0.1611474437139474
28120,0.220016
28121,0.04494870419633315
28122,0.11751856401947025
28123,0.008789681369707224
28124,0.019359473806359863
28125,0.0063512617324547
28126,0.220016
28127,0.0968087817286453
28128,0.716485866688221
28129,0.220016
28130,0.014705144999429
28131,0.04200223741716869
28132,0.07702021556532729
28133,0.0
28134,0.012640584905613934
28135,0.02793246045245518
28136,0.06452716228467431
28137,0.027308653770795745
28138,0.0
28139,0.025563137663394506
28140,0.11174047209982675
28141,0.220016
28142,0.4295043284773639
28143,0.4359870813373597
28144,0.015952923715561496
28145,0.04322293651266452
28146,0.02492705740447028
28147,0.1425913957273613
28148,0.17959181436785698
28149,0.08441133180953195
28150,0.06990962466761118
28151,0.06764884222189997
28152,0.07762197152377395
28153,0.039399738142792726
28154,0.35714034797422267
28155,0.18196222972736711
28156,0.19331195127258838
28157,0.4217468053975444
28158,0.0
28159,0.0
28160,0.4317498266569065
28161,0.0252292447117507
28162,0.09166813504584176
28163,0.7205036441156278
28164,0.14655881567074594
28165,0.04635589692595628
28166,0.06025501471323445
28167,0.0651831856854037
28168,0.08655146702295546
28169,0.15835905853016718
28170,0.1009516744894506
28171,0.0434941580408136
28172,0.0
28173,0.1338795785595507
28174,0.220016
28175,0.022954210799811175
28176,0.05112606417861687
28177,0.049797238809844296
28178,0.14114849874454372
28179,0.15169729119520003
28180,0.02994958701603425
28181,0.03286122819687718
28182,0.0643795206250986
28183,1.1890183853502377e-05
28184,0.03866274723827659
28185,0.06438975071060046
28186,0.07676995242245213
28187,0.0
28188,0.220016
28189,0.02186501153740688
28190,0.0
28191,0.01660586651761732
28192,0.0107942658024358
28193,0.0195695729446351
28194,0.007894238083853575
28195,0.4664674407830073
28196,0.220016
28197,0.10290568206180456
28198,0.21993068527953719
28199,0.349908
28200,0.13745870839156657
28201,0.0856917965145137
28202,0.008108043497328792
28203,0.07122597848293485
28204,0.009901668937431322
28205,0.0619848792922308
28206,0.0584717520509832
28207,0.13187305669016028
28208,0.219997
28209,0.3531558110341194
28210,0.350009
28211,0.06365167466641276
28212,0.00886818331687304
28213,0.04066717738471403
28214,0.030446238711387047
28215,0.005663501992571046
28216,0.350009
28217,0.0
28218,0.06354484135986843
28219,0.010464037793753576
28220,0.0481218201377699
28221,0.10938567687225015
28222,0.02449929642679328
28223,0.1712386175846583
28224,0.37073311306260504
28225,0.055445500450181
28226,0.220016
28227,0.042098576131325054
28228,0.01727657271227755
28229,0.1312800029124469
28230,0.09427195620395193
28231,0.021261888933113128
28232,0.1770475034024012
28233,0.173668055759466
28234,0.15390685315343425
28235,0.02582137754018505
28236,0.04741527677689842
28237,0.018815939758081223
28238,0.026585624462000645
28239,0.015923401717149864
28240,0.15753590618976854
28241,0.09194510913280804
28242,0.350009
28243,0.04919400607943152
28244,0.08838267568674445
28245,0.05940678590871766
28246,0.032751567855029584
28247,0.02075609626300234
28248,0.033825155002007015
28249,0.052767551446190414
28250,0.046657716992524925
28251,0.02814266912033455
28252,0.219997
28253,0.38522646433427987
28254,0.11117621333257276
28255,0.07120424686932347
28256,0.028307743498077145
28257,0.05876323415962338
28258,0.0
28259,0.0003921270549944011
28260,0.03225821759856154
28261,0.024555106620001876
28262,0.0341689335265713
28263,0.012284264626619154
28264,0.219997
28265,0.03256464380245874
28266,0.010166041899318329
28267,0.024916415078318554
28268,0.005676170132666495
28269,0.220016
28270,0.10830103858021646
28271,0.350009
28272,0.350009
28273,0.350009
28274,0.0762515320481977
28275,0.07886469088058395
28276,0.021408159949612156
28277,0.08590431057961556
28278,0.037764135547717154
28279,0.219997
28280,0.0970293398047916
28281,0.8793131134507066
28282,0.10742786481138536
28283,0.02814376528107875
28284,0.012362486427930135
28285,0.10232479207536767
28286,0.1173024741777117
28287,0.05142803875416632
28288,0.012905339672734155
28289,0.008509663156947428
28290,0.012202025030787367
28291,0.04337654651167578
28292,0.025122521756785823
28293,0.009179990533196087
28294,0.10957777934717158
28295,0.05164274391974451
28296,0.220016
28297,0.08316616569122262
28298,0.1881595275739496
28299,0.2718327439281322
28300,0.4562262920688659
28301,0.10395980006882408
28302,0.04753266564918502
28303,0.12022577719570741
28304,0.02144840129376249
28305,0.12332799868183657
28306,0.08148436918442009
28307,0.147023703099805
28308,0.056075553492663376
28309,0.07107514345071136
28310,0.032643507952257164
28311,0.08947927593337279
28312,0.011161542060511065
28313,0.02978475488953511
28314,0.01546691558070894
28315,0.15904844727192424
28316,0.000287885873088
28317,0.002812504840452852
28318,0.09586019883157815
28319,0.0372528275299677
28320,0.010761635090539772
28321,0.06511830664474916
28322,0.10415437098152236
28323,0.11348122817802873
28324,0.1495094945118034
28325,0.14248353941630926
28326,0.350009
28327,0.220016
28328,0.25079145692387034
28329,0.03927171931848261
28330,0.14523975039798342
28331,0.04157362864427061
28332,0.05164630570437892
28333,0.11320942805327436
28334,0.009249078718464115
28335,0.023177959624205612
28336,0.10616315569653667
28337,0.13934938199492408
28338,0.05924128561913002
28339,0.06860360374173927
28340,0.022145972051913827
28341,0.04201769892770764
28342,0.006779417268569354
28343,0.15258743553054516
28344,0.013601388248488918
28345,0.03270044433267223
28346,0.15878279513391927
28347,0.09504531782193644
28348,0.2214940539655511
28349,0.4624243828718457
28350,0.202506468295085
28351,0.21185022019871946
28352,0.07915649190641136
28353,0.14627213572293346
28354,0.13805458149096544
28355,0.08093559279566964
28356,0.09829033898100277
28357,0.0277351725926363
28358,0.014877294473377121
28359,0.42324776454225355
28360,0.1479639942549069
28361,0.05145770706918097
28362,0.02079958295940832
28363,0.0540617460888267
28364,0.017985739620861342
28365,0.0069126014996828515
28366,0.021955221756581704
28367,0.026490323017896597
28368,0.07342106740588593
28369,0.43895180946745055
28370,0.07431919936880411
28371,0.06670604299720143
28372,0.17935614374632258
28373,0.9692837059617425
28374,0.1529008020720956
28375,0.03120828887021968
28376,0.350009
28377,0.13518475405025904
28378,0.21147335561550665
28379,0.3295124922046883
28380,0.11624206389995087
28381,0.0712456341744576
28382,0.05804122554524846
28383,0.1211588314547628
28384,0.16917424737837816
28385,0.219997
28386,0.09248683620221676
28387,0.1556232876869321
28388,0.08282628148900077
28389,0.061650503217090355
28390,0.011933791885436359
28391,0.011261904695562583
28392,0.011578736506721041
28393,0.05289533031276067
28394,0.10698140411934295
28395,0.0327901926567006
28396,0.14704416165776674
28397,0.219997
28398,0.350009
28399,0.16747876143095336
28400,0.023701666316558855
28401,0.12219060063637856
28402,0.219997
28403,0.350009
28404,0.046041630006997736
28405,0.08886883721422083
28406,0.050283785919587376
28407,0.06657614725599043
28408,0.6256872241843185
28409,0.0
28410,0.1943789118857946
28411,0.350009
28412,0.2365516756641699
28413,0.0
28414,0.05332424712370545
28415,0.06900098768143695
28416,0.350009
28417,0.350009
28418,0.0091846951455427
28419,0.1883304209661909
28420,0.15798329789225796
28421,0.219997
28422,0.219997
28423,0.14332407800846364
28424,0.1775661225214048
28425,0.4127899305878565
28426,0.1140858788254268
28427,0.01672077987612445
28428,0.06832795577946363
28429,0.13775622213545302
28430,0.10274615061273043
28431,0.219997
28432,0.9397139389107175
28433,0.08884591755152593
28434,0.4551549860177597
28435,0.005979279019311199
28436,0.08561607367066273
28437,0.34569004231922595
28438,0.0021356393598529998
28439,0.08258843594316272
28440,0.11066268857976291
28441,0.0377876049053858
28442,0.045484677325692446
28443,0.004233996190908918
28444,0.531063469364618
28445,0.220016
28446,0.14897868205012832
28447,0.349908
28448,0.180919495696864
28449,0.2799471668370621
28450,0.4617705941697363
28451,0.350009
28452,0.3467571327534402
28453,0.220016
28454,0.1569558476012573
28455,1.0
28456,0.4130154719187393
28457,0.38027778066389906
28458,0.005835887699661316
28459,0.019817287303891998
28460,0.220016
28461,0.15169284096258756
28462,0.013599364859729964
28463,0.03829593898508907
28464,0.01731188734299352
28465,0.06597781598902305
28466,0.005517690777982383
28467,0.007393641051607515
28468,0.0089732660885103
28469,0.032941220230651595
28470,0.220016
28471,0.18428608832524712
28472,0.1694380634422574
28473,0.1979427857340966
28474,0.14243848189617703
28475,0.3009560654837673
28476,0.220016
28477,0.04104569268614999
28478,0.1500477245935086
28479,0.3103162246507415
28480,0.0334264881615719
28481,0.06926695063280215
28482,1.0
28483,1.0
28484,0.8666621180902838
28485,0.008201799900660018
28486,0.0072093595423192
28487,0.051050691780906515
28488,0.14560680450164953
28489,0.4566172722454942
28490,0.1389166018515008
28491,0.003691731166266244
28492,0.0011056344006363378
28493,0.0317317015049464
28494,0.0071489597057954124
28495,0.013509028305731616
28496,0.06376269124113199
28497,0.08637473486181706
28498,0.10553139603041892
28499,0.03511932320785274
28500,0.4917712956397647
28501,0.039561582920682604
28502,0.08064431938921043
28503,0.1829199031314531
28504,0.1312869581222127
28505,0.06617003303777994
28506,0.09829176286005803
28507,0.25640300897846563
28508,0.220016
28509,0.0318389312228457
28510,0.220016
28511,0.12412906061720626
28512,0.1574547050606333
28513,1.0
28514,1.0
28515,0.8012392520676024
28516,0.034619146626029836
28517,0.10084100151907323
28518,0.0038237223919195974
28519,0.4878720853143343
28520,0.07996288062704841
28521,0.33212330080314467
28522,0.06742445456088406
28523,0.0954874077480779
28524,0.04383541921945638
28525,0.19424150086853853
28526,0.18094201057893025
28527,0.219997
28528,0.219997
28529,0.7115317093371571
28530,0.44870947002718364
28531,0.23761224727030564
28532,0.219997
28533,0.1907745309088864
28534,0.08461004211145406
28535,0.20358653642840313
28536,0.11423801386845069
28537,0.07124197515024366
28538,0.10762418718653807
28539,0.19883698650216114
28540,0.0686322161247808
28541,0.12676383731805538
28542,0.02643452963461805
28543,1.0
28544,0.9987129917049317
28545,0.8758172834243962
28546,0.1297500140139689
28547,0.04566206078388478
28548,0.220016
28549,0.02424048686340178
28550,0.44037767767903685
28551,0.02163512614771956
28552,0.0
28553,0.021481433133934136
28554,0.031470389934332446
28555,0.08810860790297716
28556,0.11994209435400305
28557,0.11651396240180789
28558,0.4906681365636376
28559,1.0
28560,0.10257650969401838
28561,0.14439431123363966
28562,0.219997
28563,0.219997
28564,0.08918827027360071
28565,0.350009
28566,0.220016
28567,0.014598857359166176
28568,0.10840918165063519
28569,0.10739009233876769
28570,0.14920949250867396
28571,0.08216943542139306
28572,0.23853086234411564
28573,0.350009
28574,0.220016
28575,0.10748075359715033
28576,0.009249337143044824
28577,0.16033298260080647
28578,0.009187333772003899
28579,0.1045971634130244
28580,0.23647561575188306
28581,0.061678508987452876
28582,0.06601562401273489
28583,0.09538597859761991
28584,0.08154311936192804
28585,0.350009
28586,1.0
28587,0.349908
28588,0.349908
28589,0.15956183206077787
28590,0.219997
28591,0.219997
28592,0.6878877913541542
28593,0.1156857880314161
28594,0.06580916789839732
28595,0.0667732356946908
28596,0.029661642059733213
28597,0.2616792450789621
28598,0.1432829480812646
28599,0.22600872075126974
28600,0.349908
28601,0.2952680488444789
28602,0.26206471999129666
28603,1.0
28604,0.08939471747599037
28605,0.015742203617793656
28606,0.18772372988168504
28607,0.220016
28608,0.01863257501399751
28609,0.05525405100470167
28610,0.349908
28611,0.06848484570816397
28612,0.04313860008062023
28613,0.09118904730536351
28614,0.07646111956255412
28615,0.219997
28616,0.49376801394248876
28617,0.349908
28618,0.349908
28619,0.349908
28620,0.219997
28621,0.20772600816461692
28622,0.315585925751256
28623,0.032174480651244605
28624,0.1920948555583323
28625,0.09677251100248523
28626,0.04852128393675593
28627,0.6694214766690311
28628,0.27669020704406927
28629,0.09897828185254157
28630,0.6652613280035311
28631,0.3808575044924519
28632,0.0033415830490166327
28633,0.0621998013145758
28634,0.21516243026239845
28635,0.11321603302773066
28636,0.03414558274794345
28637,0.02295484006366095
28638,0.0215019734018556
28639,0.024391308188464803
28640,0.05374241586737763
28641,0.1033532597630887
28642,0.14431175849964836
28643,0.16539324235873587
28644,0.5833933974640249
28645,1.0
28646,0.6248614633421159
28647,0.4499724894129282
28648,0.8337851691746896
28649,0.15345042735606929
28650,0.036003284278507075
28651,0.06606784544383945
28652,0.183181397056974
28653,0.31160389657156523
28654,0.06007940486292401
28655,0.220016
28656,0.11256379023270373
28657,0.219997
28658,0.054354473742520615
28659,0.15812846227438176
28660,0.014041951911529998
28661,0.008552089203091667
28662,0.05074545302077159
28663,0.023763991314978777
28664,0.003400342475702915
28665,0.0270981589412128
28666,0.15128271092530515
28667,0.07634585376536934
28668,0.1114777151715072
28669,0.350009
28670,0.219997
28671,0.350009
28672,1.0
28673,0.9370736008871076
28674,0.349908
28675,0.220016
28676,0.10933712828503425
28677,0.17883370360857448
28678,0.04457527058006365
28679,0.008721953098776375
28680,0.05906340385619723
28681,1.0
28682,0.06946452923801397
28683,0.028424195608312004
28684,0.220016
28685,0.09554730827288135
28686,0.220016
28687,0.05315756303067802
28688,0.10382406025994154
28689,0.008673860681688184
28690,0.03584061431313828
28691,0.03851650080665638
28692,0.1403230497064823
28693,0.1393933302040153
28694,0.8817013187482585
28695,0.49480856079011487
28696,0.2697657274563095
28697,1.0
28698,0.5380766233834896
28699,0.7110194104083469
28700,0.17285350711122138
28701,0.04504855473705517
28702,0.02031115112686383
28703,0.08990953927996155
28704,0.07042053250236475
28705,0.01838750962877874
28706,0.220016
28707,0.5971680020528084
28708,0.11518840263074767
28709,0.350009
28710,0.220016
28711,0.12139019787927294
28712,0.20872160109923393
28713,0.18142835686989756
28714,0.219997
28715,0.04367595050634934
28716,0.022608880051496416
28717,0.036972534791749646
28718,0.219997
28719,1.0
28720,0.358204078075409
28721,0.9972727530963571
28722,0.350009
28723,0.349908
28724,0.219997
28725,0.220016
28726,0.048731424407793204
28727,0.004061380411877716
28728,0.083476081612584
28729,0.004542993268648287
28730,0.14181025987939158
28731,0.219997
28732,0.0689806087739703
28733,0.42595587793747813
28734,0.041115741407444464
28735,0.08405494754110386
28736,0.350009
28737,0.061762550733866176
28738,0.010672509386691238
28739,0.03248084006837034
28740,0.13840135530334047
28741,0.29928254049569436
28742,0.07088452890017946
28743,0.0008838935646702
28744,0.2565430152337501
28745,0.26847651280574963
28746,0.14489098090847158
28747,0.1505508573579469
28748,0.220016
28749,0.1423460669091673
28750,0.08116724258409616
28751,0.18588388975374992
28752,0.220016
28753,0.07548067758675545
28754,0.059845754786249455
28755,0.0008069104928568
28756,0.1439113815461237
28757,0.1901977557812203
28758,0.033134812853950056
28759,0.12422953442450843
28760,0.06680866072236044
28761,0.11141087521348396
28762,0.08552211906924047
28763,0.219997
28764,0.40037113883142345
28765,0.6630848026561407
28766,0.13145179790976683
28767,0.0
28768,0.032930680381117225
28769,0.09256311821212097
28770,0.00855190854257866
28771,0.1217088279059936
28772,0.14033721588029968
28773,0.02397531783301566
28774,0.013632248991364802
28775,0.017597114314798885
28776,0.03376800641855672
28777,0.02065363513491513
28778,0.020158601248165257
28779,0.09088293277619056
28780,0.1297326538017799
28781,0.16994812653456287
28782,0.47207014207151304
28783,0.022938327986641468
28784,0.11694868742891291
28785,0.06204902338703419
28786,0.1937528344164931
28787,0.45383884236029876
28788,0.13087928835203427
28789,0.0124522040810179
28790,0.220016
28791,0.012494057007992089
28792,0.045433847055143084
28793,0.02876876231864324
28794,0.12887610950789122
28795,0.220016
28796,0.07162659996198448
28797,0.008806054640945866
28798,0.017243583404115977
28799,0.0009583181593586
28800,0.219997
28801,0.0409636501896744
28802,0.0
28803,0.038060929521971536
28804,0.219997
28805,0.1242884846906196
28806,0.05826634515669506
28807,0.027185328411653845
28808,0.02636741395745516
28809,0.10297449270487033
28810,0.46757690292407794
28811,0.04355064130772161
28812,0.00474646021302476
28813,0.0186818902646586
28814,0.039420522040765724
28815,0.10853771917755545
28816,0.2324766382579393
28817,0.10005538214769914
28818,0.219997
28819,0.15389990314182322
28820,0.05758533515771119
28821,0.01203243237430738
28822,0.041670391656092216
28823,0.05467921981552702
28824,0.07529307210652023
28825,0.350009
28826,0.07004208991265515
28827,0.015113938522549499
28828,0.349908
28829,0.019575512027183915
28830,0.1406904786329006
28831,0.09208767801188061
28832,0.0196704685571654
28833,0.41248324412486226
28834,0.8236279664516573
28835,0.20962617708034992
28836,0.08567312480107767
28837,0.0163221459865852
28838,0.08077278793834426
28839,0.057768268105780035
28840,0.07388939353141712
28841,0.13026724249309005
28842,0.13219715963267886
28843,0.07073277150614884
28844,1.0
28845,0.1683008858623136
28846,0.0062267815891148305
28847,0.03656378656870878
28848,0.041892579031785226
28849,0.011178617695382285
28850,0.03173496899404182
28851,0.077935975129668
28852,0.3669618677957478
28853,0.07205991744523683
28854,0.220016
28855,0.03685056328559777
28856,0.0285711889517387
28857,0.09827733592287753
28858,0.005735903224860233
28859,0.0032528000007067542
28860,0.15322809760018846
28861,0.01596710508083387
28862,0.049335329133573066
28863,0.10420928096213351
28864,0.08394822441627697
28865,0.07770121953058468
28866,0.011184779859422001
28867,0.0118114861496559
28868,0.0921779881950146
28869,0.0042097520473607
28870,0.20762408516217268
28871,0.033577209251450794
28872,0.031687499416314394
28873,0.015662997158559115
28874,0.10151980488237226
28875,0.06605742163519603
28876,0.029103652929377884
28877,0.038201720634617305
28878,1.0
28879,0.07477526958396608
28880,0.12722040552962938
28881,0.0563010998411162
28882,0.054029714050609
28883,0.04181225885264362
28884,0.0372526108289428
28885,0.012244010844443223
28886,0.023662866189285238
28887,0.2398489938593299
28888,0.06593963136668589
28889,0.015691906430850267
28890,0.08193897867237046
28891,0.11661405359826697
28892,0.0018899768304732542
28893,0.015727090322899196
28894,0.1588140596009216
28895,0.041849165370159966
28896,0.012150247998999402
28897,0.05704289859030585
28898,0.36988000454209313
28899,0.0225899142582116
28900,0.0170753062574276
28901,0.008159546544727335
28902,0.02367135888361035
28903,0.060519283035781093
28904,0.04369382448505594
28905,0.220016
28906,0.1414515544668711
28907,0.0042823036968878
28908,0.043667472479837904
28909,0.1277331976197421
28910,0.18348181850874246
28911,0.10765330925367529
28912,0.12445929466378729
28913,0.11129994822172276
28914,0.06116097501081273
28915,0.038158483234543836
28916,0.10988022252257197
28917,0.219997
28918,0.219997
28919,0.006420155899252507
28920,0.012398314321954788
28921,0.04197628322273859
28922,0.00953536850140276
28923,0.018804268880148356
28924,0.08083942584017181
28925,0.0117984234540679
28926,0.0187186134030311
28927,0.0371508301616284
28928,0.09293830480090906
28929,0.08593405855116945
28930,0.20266142363538056
28931,0.0043917856106846
28932,0.1412265311152721
28933,0.32497956809367357
28934,0.0
28935,0.01268218087526211
28936,0.007628204438521609
28937,0.04630419991508174
28938,0.007421002222613678
28939,0.04307070622620684
28940,0.04169415859626893
28941,0.0162133870139006
28942,0.012787171447387951
28943,0.0083497162846558
28944,0.1925664750597423
28945,0.0077848392538233
28946,0.02076129984997915
28947,0.04753700357155258
28948,0.00827146511009625
28949,0.08574764326293363
28950,0.009076150017723848
28951,0.005384389561115298
28952,0.02047057735759263
28953,0.01421510746859535
28954,0.1373434164136063
28955,0.051956786694680554
28956,0.04814261353971831
28957,0.024594013170417157
28958,0.01567065156061092
28959,0.13250534952016085
28960,0.02104944585499453
28961,0.04605256113182217
28962,0.04553170984965181
28963,0.4197029160733374
28964,0.06061609631909665
28965,0.11890921647379638
28966,0.220016
28967,0.0001207120421104
28968,0.003451704379215367
28969,0.02017437775141942
28970,0.004997291244770498
28971,0.007796133711301078
28972,0.12956399413469186
28973,0.1829786217580506
28974,0.1844149046381267
28975,0.010843429620193263
28976,0.04975007461465178
28977,0.05393781787944522
28978,0.06723066737870256
28979,0.030379930897849617
28980,0.004434615203001348
28981,0.026679361927212382
28982,0.030122178664188672
28983,0.0171026997974601
28984,0.0936468598491417
28985,0.1109606691795493
28986,0.043393351359530846
28987,0.219997
28988,0.0272724205069013
28989,0.028049071374461002
28990,0.006162414487516933
28991,0.033346299014186814
28992,0.07515704646859661
28993,0.0
28994,0.0
28995,0.015800923615552336
28996,0.0511207157240752
28997,0.3270850915708216
28998,0.220016
28999,0.05182224215671012
29000,0.13171738389721763
29001,0.0181085039569368
29002,0.0
29003,0.015635767519587958
29004,0.03800710373324767
29005,0.08796172391816481
29006,0.05347790374437305
29007,0.03329036260335696
29008,0.0358321873728269
29009,0.0090839533646108
29010,0.0199534740482514
29011,0.13187986325199186
29012,0.05351468641226152
29013,0.03781627701120277
29014,0.0122866263235367
29015,0.220016
29016,0.0
29017,0.0763203247692718
29018,0.22133220808661636
29019,0.350009
29020,0.0181573968604004
29021,0.220016
29022,0.05016866122192691
29023,0.350009
29024,0.09490831625123569
29025,0.220016
29026,0.08529147593340922
29027,0.20054090452113993
29028,0.012876305057223645
29029,0.00600403162584657
29030,0.0009053822087826255
29031,0.004684368479915364
29032,0.06947228829720223
29033,0.09648987339581268
29034,0.6397965247880948
29035,0.220016
29036,0.0418786242449677
29037,0.0566746992648653
29038,0.2408995616124339
29039,0.0
29040,0.012640584905613934
29041,0.04987603074834451
29042,0.014421042922188841
29043,0.04574509206717875
29044,0.220016
29045,0.350009
29046,0.350009
29047,0.053919000797749264
29048,0.02492705740447028
29049,0.2134040577641819
29050,0.2407016628267274
29051,0.021909190513774813
29052,0.04807688412514556
29053,0.037861374847987087
29054,0.07179318089504977
29055,0.023620689540583148
29056,0.37035806277572497
29057,0.1408410910436567
29058,0.23271873085482225
29059,0.36483944669428664
29060,0.10014374045849211
29061,0.0
29062,0.3866691837989645
29063,0.09024243672929755
29064,0.349908
29065,0.10462800770425634
29066,0.09304150790366678
29067,0.04216111301890365
29068,0.0625974527687821
29069,0.049297546147118274
29070,0.14638382313037787
29071,0.220016
29072,0.0151482096181082
29073,0.05536031335829859
29074,0.0770961492413406
29075,0.220016
29076,0.03238268607440417
29077,0.04776810933366287
29078,0.037392158907234796
29079,0.11035298079952212
29080,0.10345236660010146
29081,0.005723878597153384
29082,0.0923674949918942
29083,0.030444524363045164
29084,0.15848710923770873
29085,0.015116941364952903
29086,0.350009
29087,0.025920288470183683
29088,0.03813868913312662
29089,0.0
29090,0.008443104347756
29091,0.04123897098987363
29092,0.350009
29093,0.18786164338771477
29094,0.06497285523245526
29095,0.350009
29096,0.3725116196962478
29097,0.11279274022160107
29098,0.052884062891662906
29099,0.0125475831441816
29100,0.02293750152545658
29101,0.006102241876481225
29102,0.07149817923175415
29103,0.0237782019981716
29104,0.13735808377540681
29105,0.0584717520509832
29106,0.11339467460539437
29107,0.19969316839083215
29108,0.34880809680854785
29109,0.350009
29110,0.06632814374486076
29111,0.014362691219992528
29112,0.011431789048050145
29113,0.350009
29114,0.0
29115,0.04293019568587864
29116,0.0158034947996423
29117,0.038336995947533044
29118,0.1681610285255844
29119,0.39445232515411793
29120,0.0069972013605059
29121,0.0550934122679526
29122,0.13401008969444755
29123,0.017222699226333852
29124,0.02667635931410505
29125,0.0784731832386746
29126,0.07940469357984084
29127,0.0025683894213117
29128,0.09007053654342749
29129,0.1390382881825897
29130,0.07487044156824955
29131,0.009791195884625944
29132,0.039536669264379216
29133,0.04153215472412302
29134,0.04995520896164095
29135,0.024845592895861166
29136,0.17982913942295536
29137,0.07670111343176134
29138,0.220016
29139,0.03940442041377532
29140,0.07164038519362334
29141,0.06149377860456626
29142,0.04497211688574378
29143,0.01669954172873254
29144,0.04586475507261571
29145,0.056853086177478515
29146,0.04049685449981083
29147,0.05218678064266885
29148,0.349908
29149,0.349908
29150,0.047471257007640155
29151,0.08013231924218876
29152,0.003721124550769045
29153,0.059117876988102475
29154,0.013604456519411334
29155,0.014353131004848202
29156,0.06356231878892414
29157,0.024555106620001876
29158,0.0226223425507606
29159,0.219997
29160,0.043952710393653345
29161,0.013130436774281929
29162,0.05325614669225855
29163,0.005676170132666495
29164,0.220016
29165,0.12822292368454355
29166,0.350009
29167,0.350009
29168,0.350009
29169,0.09679676718582711
29170,0.06936956265185905
29171,0.02694898338530656
29172,0.07495234640557986
29173,0.036738821404204154
29174,0.220016
29175,0.0736746422102247
29176,0.7976514313156793
29177,0.13396650237437607
29178,0.011111313778939551
29179,0.09568587344377347
29180,0.0895701141016034
29181,0.10261929435195132
29182,0.012905339672734155
29183,0.008509663156947428
29184,0.025609557484819277
29185,0.0361522090609848
29186,0.011813162863239045
29187,0.022424879482740825
29188,0.030243303461317886
29189,0.11274124144666989
29190,0.0464541840363121
29191,0.220016
29192,0.08874924321855342
29193,0.1672229741827299
29194,0.350009
29195,0.39089337391752565
29196,0.10655422689026588
29197,0.04827929387573012
29198,0.12090780325699511
29199,0.049449570793685386
29200,0.0
29201,0.10018638640855157
29202,0.116947805894102
29203,0.1676783136389274
29204,0.05740282165230427
29205,0.07593985733903696
29206,0.002552912549036663
29207,0.08974366428294749
29208,0.014245420604659963
29209,0.01546691558070894
29210,0.12076463638248316
29211,0.010101815159765493
29212,0.0
29213,0.13044996585736793
29214,0.0498695619273567
29215,0.01765054652979079
29216,0.0
29217,0.06677457482778396
29218,0.09627445754061614
29219,0.14704876815867912
29220,0.12569745811910893
29221,0.15201455517939205
29222,0.350009
29223,0.23790697952033546
29224,0.24222805010460574
29225,0.03927171931848261
29226,0.13415132136836172
29227,0.06925113667943011
29228,0.06129270438100342
29229,0.11706648912576856
29230,0.009249078718464115
29231,0.041931301528240816
29232,0.11526510632982387
29233,0.09563768276609683
29234,0.08627765398514826
29235,0.011950344312663928
29236,0.04017852513853474
29237,0.0038477264309916535
29238,0.0378856207673111
29239,0.15551643880314336
29240,0.04510631870686223
29241,0.16245904931017938
29242,0.09102775757268675
29243,0.1778168137635487
29244,0.5546775520950185
29245,0.219997
29246,0.18513292360497924
29247,0.07523912147835657
29248,0.12543079962491455
29249,0.14513843326198075
29250,0.12164732342538204
29251,0.04662451442153066
29252,0.0075040245491316
29253,0.0
29254,0.4484103255974319
29255,0.1321417255532505
29256,0.040845662039585576
29257,0.018078492543308726
29258,0.0777970488887723
29259,0.017985739620861342
29260,0.0373294686327614
29261,0.0176903305607915
29262,0.08802701281207403
29263,0.349908
29264,0.11446278295955252
29265,0.07270915924901372
29266,0.16864927349304148
29267,1.0
29268,0.16802897915652942
29269,0.041284457280440785
29270,0.350009
29271,0.10645326311189603
29272,0.220016
29273,0.349908
29274,0.11961853687003796
29275,0.029664150054176996
29276,0.11112300999841496
29277,0.1435740288314443
29278,0.19920637196369545
29279,0.1907137328041473
29280,0.10059791154352876
29281,0.220016
29282,0.05340802800094217
29283,0.04610957658620185
29284,0.011933791885436359
29285,0.010433291974145584
29286,0.01666550119977964
29287,0.07581336031203247
29288,0.10112298097962616
29289,0.03229798178710377
29290,0.16969553110890045
29291,0.219997
29292,0.30436690297849506
29293,0.12481758216489407
29294,0.018562231917679955
29295,0.14135240825751855
29296,0.219997
29297,0.350009
29298,0.07383850422084634
29299,0.061408001659795625
29300,0.01167144669276637
29301,0.1085393367597289
29302,0.6162044170907435
29303,0.01481369057042551
29304,0.21564336297883419
29305,0.35855629415765256
29306,0.220016
29307,0.018362453428586896
29308,0.050630386971999654
29309,0.06547461681256425
29310,0.350009
29311,0.350009
29312,0.0091846951455427
29313,0.1854118474797899
29314,0.16991325548602695
29315,0.219997
29316,0.219997
29317,0.15304217350950922
29318,0.2007155411810002
29319,0.37674267915763376
29320,0.07917317898135529
29321,0.01513336853355275
29322,0.10827396974891453
29323,0.1365252897583935
29324,0.06646234762915113
29325,0.219997
29326,1.0
29327,0.08996787153452014
29328,0.46105208097023287
29329,0.004943804564640735
29330,0.08112418617393444
29331,0.349908
29332,0.0021356393598529998
29333,0.05491286481757671
29334,0.1284158230130794
29335,0.028966200288248502
29336,0.07758246832561995
29337,0.004233996190908918
29338,0.5653289874017092
29339,0.220016
29340,0.13837367647914392
29341,0.36599031153715916
29342,0.219997
29343,0.33036640987984645
29344,0.4495115935323437
29345,0.350009
29346,0.2941480130714218
29347,0.220016
29348,0.178026874943021
29349,1.0
29350,0.3844675782979628
29351,0.3546708576961134
29352,0.045144053553927296
29353,0.220016
29354,0.12443959115098024
29355,0.018189601963120878
29356,0.04306686092710416
29357,0.012423091942532135
29358,0.05959554852653686
29359,0.005517690777982383
29360,0.007024335167216122
29361,0.057397987134431096
29362,0.220016
29363,0.18369761562355472
29364,0.1424919296125473
29365,0.207570794342618
29366,0.1547844501232612
29367,0.32563798851140063
29368,0.350009
29369,0.03392358671999639
29370,0.1859329116463418
29371,0.30933253222291734
29372,0.046261614325789
29373,0.09290092985410994
29374,1.0
29375,1.0
29376,0.7508457974914402
29377,0.008201799900660018
29378,0.0083485394164941
29379,0.0031458923860705167
29380,0.05325929234104202
29381,0.3996240245061835
29382,0.1009314738202067
29383,0.0
29384,0.0014070389951216372
29385,0.07481688566889308
29386,0.10025446578622016
29387,0.09313765107755871
29388,0.03511932320785274
29389,0.5137726316284132
29390,0.05210223258978516
29391,0.07157932280267353
29392,0.1887714667370387
29393,0.12522457904414358
29394,0.06691597308307565
29395,0.09658330140604654
29396,0.350009
29397,0.220016
29398,0.0691411664690314
29399,0.220016
29400,0.16751129133015025
29401,0.1875909576440764
29402,1.0
29403,1.0
29404,0.7716569679514043
29405,0.034619146626029836
29406,0.220016
29407,0.0
29408,0.011789390736992231
29409,0.4290906092840435
29410,0.03133449255865882
29411,0.27048013661376435
29412,0.05716990123288773
29413,0.0926629293617868
29414,0.022447565268301276
29415,0.219997
29416,0.17049401750052634
29417,0.219997
29418,0.219997
29419,0.7004077974194309
29420,0.488587880124
29421,0.28947205267724185
29422,0.219997
29423,0.1634046822783993
29424,0.08046160263442367
29425,0.19769611470432613
29426,0.10352766237563278
29427,0.06884954999141946
29428,0.0
29429,0.220016
29430,0.20920140816576505
29431,0.06419597892522272
29432,0.1339904337381958
29433,0.01913347478151995
29434,0.9901394014433164
29435,0.9987129917049317
29436,0.8758172834243962
29437,0.1386550963562434
29438,0.021149570392808376
29439,0.350009
29440,0.5007203908727247
29441,0.02163512614771956
29442,0.004965315497115257
29443,0.018846971897180542
29444,0.11820479672290846
29445,0.17558139891248636
29446,0.09900177143525218
29447,0.4909542168797797
29448,1.0
29449,0.09860930370286278
29450,0.14656213687802724
29451,0.21387507637807313
29452,0.219997
29453,0.11625291151694271
29454,0.350009
29455,0.220016
29456,0.027562444734921775
29457,0.1134587517487551
29458,0.1378534246010581
29459,0.20674898478506246
29460,0.06777196136787655
29461,0.350009
29462,0.350009
29463,0.220016
29464,0.10762770887710914
29465,0.012276488878599324
29466,0.17095282249367416
29467,0.009187333772003899
29468,0.09024887769714329
29469,0.219997
29470,0.06516577679384067
29471,0.051918010478873386
29472,0.0
29473,0.02481872799432891
29474,0.0800944561349563
29475,0.08102396678203204
29476,0.350009
29477,1.0
29478,0.349908
29479,0.349908
29480,0.16842512766031276
29481,0.219997
29482,0.20851581236634542
29483,0.6640165441252631
29484,0.10493509356966921
29485,0.0743216890305057
29486,0.035873942741916715
29487,0.1901546427814873
29488,0.1989828318744058
29489,0.21603520102585583
29490,0.41714264063958395
29491,0.3156833261620481
29492,0.219997
29493,1.0
29494,0.10151073870371938
29495,0.014455261165856057
29496,0.21183983147543822
29497,0.220016
29498,0.013518632495822813
29499,0.015360437037545365
29500,0.5910545345413712
29501,0.08928589411168777
29502,0.043531640558872826
29503,0.0821708061574505
29504,0.07373408655996533
29505,0.24022831373922662
29506,0.5434062580961593
29507,0.349908
29508,0.753046569241768
29509,0.349908
29510,0.219997
29511,0.219997
29512,0.350009
29513,0.044554119592518995
29514,0.1543909887389705
29515,0.08417422081591992
29516,0.07147354104237616
29517,0.45694821072476066
29518,0.23162523038867797
29519,0.11079491785363318
29520,0.7400645517507012
29521,0.36247390886524833
29522,0.0747306903560295
29523,0.3091834770962836
29524,0.14581369367101846
29525,0.01435917045288505
29526,0.02295484006366095
29527,0.011641154415831557
29528,0.023155596341093203
29529,0.04499510940275193
29530,0.1065331591049663
29531,0.17297766262749137
29532,0.14620488212946067
29533,0.6106636153976059
29534,1.0
29535,0.5910850820093961
29536,0.44569330417335873
29537,0.7872822735107001
29538,0.1641881063525166
29539,0.010040285607845978
29540,0.019916148896458957
29541,0.219997
29542,0.2876449714355531
29543,0.04802864558642551
29544,0.054598773240674546
29545,0.08494782339919682
29546,0.21511138266929303
29547,0.06833618576828729
29548,0.01911929501327103
29549,0.17951246010716085
29550,0.0429626705913457
29551,0.04992871148638859
29552,0.0482778337882737
29553,0.15551148210353316
29554,0.07864652410240505
29555,0.093841468822595
29556,0.350009
29557,0.3020266062255826
29558,0.350009
29559,1.0
29560,0.9621428698086409
29561,0.349908
29562,0.14187822094149832
29563,0.0
29564,0.07378410610199955
29565,0.1826595059185055
29566,0.005160407685239352
29567,0.008721953098776375
29568,0.025013875286748533
29569,1.0
29570,0.052687431348796554
29571,0.0709969762103054
29572,0.09348180178857318
29573,0.14267467242715254
29574,0.220016
29575,0.054183161029812923
29576,0.09247236635746393
29577,0.020146417247904374
29578,0.06189222536022918
29579,0.01733667905526806
29580,0.03248403285763138
29581,0.11608047569287161
29582,0.16483457124685377
29583,0.9799476535423595
29584,0.45934122973312197
29585,0.30158443222221
29586,1.0
29587,0.5263174186812387
29588,0.6971662377071495
29589,0.219997
29590,0.04153518256223766
29591,0.06730798451443568
29592,0.01631589360501823
29593,0.10118771820207445
29594,0.08823373465543725
29595,0.04714048391430294
29596,0.07702561829357872
29597,0.5751194657713121
29598,0.187833879151842
29599,0.4122363151370938
29600,0.057667945807511375
29601,0.14626116907701003
29602,0.219997
29603,0.15575914902982646
29604,0.219997
29605,0.02288667168647125
29606,0.03901184528841543
29607,0.03521478411478815
29608,0.219997
29609,1.0
29610,0.37748509745095005
29611,1.0
29612,0.350009
29613,0.47864302880097787
29614,0.220016
29615,0.220016
29616,0.11859655650264087
29617,0.0196483164221576
29618,0.048731424407793204
29619,0.004061380411877716
29620,0.014832015663619687
29621,0.19162845853245197
29622,0.219997
29623,0.1654260289643084
29624,0.3959324202270704
29625,0.029092458584073364
29626,0.07234818475969926
29627,0.010508439648478682
29628,0.350009
29629,0.11040149152391218
29630,0.11857454823440997
29631,0.3056562415971309
29632,0.06626232524826416
29633,0.0008838935646702
29634,0.2761761234814682
29635,0.284983858348149
29636,0.10708114863828058
29637,0.1833948079145428
29638,0.12306379274839371
29639,0.11507342142208817
29640,0.09940377567119585
29641,0.166949470179103
29642,0.1952622541139189
29643,0.0086890953679976
29644,0.220016
29645,0.013106081408343032
29646,0.0979697881860988
29647,0.03765765034026636
29648,0.03192125888414965
29649,0.17622009426437413
29650,0.060650327456418435
29651,0.08747984917835507
29652,0.08674732935290567
29653,0.219997
29654,0.349908
29655,0.763011233254417
29656,0.09774039593976634
29657,0.0
29658,0.032930680381117225
29659,0.06858710317406297
29660,0.10487825577486931
29661,0.12533919790573378
29662,0.02397531783301566
29663,0.029523819716652
29664,0.03488775221234998
29665,0.013363922860421224
29666,0.023635591627322726
29667,0.014616389410872897
29668,0.08646263214435286
29669,0.12343710405432722
29670,0.18451126319398617
29671,0.45477422415382585
29672,0.04179120706153472
29673,0.10270339594310782
29674,0.08206540494776969
29675,0.1701262972171922
29676,0.42957759436879345
29677,0.14875902342723227
29678,0.0042185369958428
29679,0.220016
29680,0.012494057007992089
29681,0.06970463868057579
29682,0.02876876231864324
29683,0.08169390617549592
29684,0.220016
29685,0.06318768998249058
29686,0.008806054640945866
29687,0.031014119291412887
29688,0.0121606709784523
29689,0.219997
29690,0.0
29691,0.025188807727705036
29692,0.219997
29693,0.1025366482477987
29694,0.07105820682138866
29695,0.04711145407783304
29696,0.03798361285070396
29697,0.10143757628983513
29698,0.4645001230728485
29699,0.04672310072599311
29700,0.013332542841570576
29701,0.02244228567530246
29702,0.038902837116689806
29703,0.030039387175303522
29704,0.08135866274557355
29705,0.220016
29706,0.04202618564132644
29707,0.219997
29708,0.09779286674943004
29709,0.036992593696587694
29710,0.0001137834385526
29711,0.07947138789755132
29712,0.06480347152533263
29713,0.07486277706706733
29714,0.350009
29715,0.07004208991265515
29716,0.219997
29717,0.020577957077778514
29718,0.14909067261743508
29719,0.1288024427409338
29720,0.017219209523414998
29721,0.3427354657599699
29722,0.6757837135772516
29723,0.21079207087740073
29724,0.059687562809377676
29725,0.0093668519831656
29726,0.051108134882656864
29727,0.046248325479607534
29728,0.08252237090746882
29729,0.15863452374922582
29730,0.14085057099058407
29731,0.11370118963843355
29732,1.0
29733,0.09660253575336009
29734,0.017251026980765104
29735,0.06666416664066188
29736,0.06277052798950242
29737,0.010881620613477718
29738,0.0706037818818871
29739,0.4341866272914842
29740,0.08865589792788034
29741,0.220016
29742,0.04037125471155298
29743,0.03500615565542987
29744,0.10376173273693934
29745,0.011878235065604753
29746,0.13318982880135855
29747,0.020527714118897068
29748,0.03605527200844197
29749,0.09164433447974626
29750,0.10093650491179008
29751,0.0254409928015547
29752,0.101654641016061
29753,0.19145150859266669
29754,0.04319601392497199
29755,0.033023966444844205
29756,0.04333249252560592
29757,0.12744025179522328
29758,0.07785215570224584
29759,0.05160880690732979
29760,0.09616558103160641
29761,1.0
29762,0.042631756514043974
29763,0.08897752899633857
29764,0.06622814219063809
29765,0.0601204139606112
29766,0.04175579933994812
29767,0.0394759791371969
29768,0.011904115964719585
29769,0.03222036024860594
29770,0.350009
29771,0.07206097262412149
29772,0.00555042165256222
29773,0.0033848464968189575
29774,0.0007085967915788005
29775,0.007191900327688811
29776,0.015691906430850267
29777,0.09924476389517076
29778,0.10576237920493607
29779,0.040474346135379355
29780,0.015727090322899196
29781,0.11642401637414249
29782,0.039415208007110666
29783,0.006538494000270301
29784,0.06946343286243134
29785,0.48283571963100225
29786,0.008730589083083
29787,0.0270833217413031
29788,0.0047222436221273
29789,0.04509301429646409
29790,0.0025641590437538234
29791,0.050570693306308534
29792,0.1850167485900155
29793,0.11074996948985702
29794,0.012851155203260934
29795,0.044077508826360315
29796,0.121474363155906
29797,0.2565203152155137
29798,0.11857681682461639
29799,0.08933324795356089
29800,0.10651792524008474
29801,0.015965717078913737
29802,0.07956668887474044
29803,0.028461970730693203
29804,0.10834205816937977
29805,0.3100649772684773
29806,0.350009
29807,0.006420155899252507
29808,0.010383456893259887
29809,0.03158952518604439
29810,0.00953536850140276
29811,0.026151095000395485
29812,0.016167460367804067
29813,0.06222458703410462
29814,0.006735220419885299
29815,0.0189056142482311
29816,0.0400351160230954
29817,0.10245579036505287
29818,0.13288195264919375
29819,0.13119089956009217
29820,0.0043917856106846
29821,0.17971063788939542
29822,0.007940778533815085
29823,0.31143457454269663
29824,0.008545362255730124
29825,0.00677574809711705
29826,0.0019125706670427107
29827,0.006592118409795733
29828,0.03514120322943004
29829,0.03847676045385804
29830,0.029153795783275926
29831,0.0
29832,0.004788142936026483
29833,0.0083497162846558
29834,0.0070731192390241
29835,0.14123145267921702
29836,0.0039440517822009
29837,0.03294656216439175
29838,0.052683147229251576
29839,0.01788159635860715
29840,0.06219647082743264
29841,0.03323253469847835
29842,0.01502177235131673
29843,0.019547528725338638
29844,0.15381511170753331
29845,0.05472675542288355
29846,0.03080391303557501
29847,0.003923004243710027
29848,0.008701800917093393
29849,0.046721783826298255
29850,0.0298317764442707
29851,0.16256709786078005
29852,0.02104944585499453
29853,0.04605256113182217
29854,0.5128189924100299
29855,0.038194292850293556
29856,0.08444096390547327
29857,0.09149688173747023
29858,0.06925356028863061
29859,0.023570953041139396
29860,0.0102668897846163
29861,0.16729095746969647
29862,0.1570533631665103
29863,0.1675611515820386
29864,0.005290285424143362
29865,0.02359891917840162
29866,0.06590054114002207
29867,0.01729515898850401
29868,0.0
29869,0.05213540599890397
29870,0.007098303604171933
29871,0.0774662905406409
29872,0.1422870280469742
29873,0.349908
29874,0.0006459843075082008
29875,0.055034368019672
29876,0.006162414487516933
29877,0.013354967521408915
29878,0.0769794049280309
29879,0.043615729693158856
29880,0.043489239237312745
29881,0.015770781368939328
29882,0.009130137710732341
29883,0.0
29884,0.012168294051193814
29885,0.0419410276869582
29886,0.2513399788661467
29887,0.22437429692749847
29888,0.013282519287345225
29889,0.10045337715189503
29890,0.0
29891,0.002154053767745
29892,0.015635767519587958
29893,0.0170304250345267
29894,0.0009391306922957995
29895,0.0263372491782607
29896,0.05347790374437305
29897,0.03329036260335696
29898,0.0206997925937351
29899,0.039680868049375796
29900,0.14855558582795764
29901,0.030280568825482673
29902,0.21045519624585307
29903,0.0
29904,0.0258989891046686
29905,0.29734396253603895
29906,0.350009
29907,0.0476489483969154
29908,0.220016
29909,0.0
29910,0.220016
29911,0.049400358175547596
29912,0.220016
29913,0.08529147593340922
29914,0.024661735095161723
29915,0.20001371451202854
29916,0.0117500495568526
29917,0.021220743706403523
29918,0.019929442303568565
29919,0.220016
29920,0.09648987339581268
29921,0.7637456185454348
29922,0.220016
29923,0.0300513685593783
29924,0.27698584711133717
29925,0.0154833784691959
29926,0.03045635221463661
29927,0.060199051049509844
29928,0.11296003286061254
29929,0.220016
29930,0.5484560812927419
29931,0.5103758563286285
29932,0.053919000797749264
29933,0.009750236284758254
29934,0.17489721086032
29935,0.219997
29936,0.024374621081032898
29937,0.011956566924057672
29938,0.022338955020696657
29939,0.038935390761159386
29940,0.08761805366263137
29941,0.07776295941411754
29942,0.039399738142792726
29943,0.4271255242385897
29944,0.220016
29945,0.350009
29946,0.45896765560010105
29947,0.09605669914394441
29948,0.5037737074794812
29949,0.08903778319059624
29950,0.219997
29951,0.16096010830649723
29952,0.09410449169658808
29953,0.03910159724720575
29954,0.0528653098047802
29955,0.028382997054109474
29956,0.219997
29957,0.1904890682313589
29958,0.03743962286799464
29959,0.0
29960,0.055110586414067
29961,0.220016
29962,0.04203371893676777
29963,0.0567336737378894
29964,0.07471917123024942
29965,0.13840587500996016
29966,0.02087052368701718
29967,0.070145702693605
29968,0.03866274723827659
29969,0.220016
29970,0.0
29971,0.09985967190341422
29972,0.025920288470183683
29973,0.026167812950095418
29974,0.0008241307056541
29975,0.3820111209191812
29976,0.07166844448540764
29977,0.008534432524610744
29978,0.07213740340875556
29979,0.219997
29980,0.349908
29981,0.17165725447649327
29982,0.0653440480162678
29983,0.0125475831441816
29984,0.0
29985,0.052746746233414354
29986,0.009901668937431322
29987,0.04884822199878135
29988,0.0808658671889633
29989,0.05238930704525755
29990,0.08689151569619338
29991,0.28072957584972646
29992,0.29437507385512074
29993,0.008824035487355823
29994,0.350009
29995,0.039647581454611655
29996,0.005824351033189928
29997,0.349908
29998,0.02799258846936865
29999,0.07256662319595394
30000,0.010464037793753576
30001,0.220016
30002,0.011839734620161043
30003,0.0093126652305156
30004,0.220016
30005,0.44431309768477245
30006,0.219997
30007,0.020870544929110182
30008,0.00343266159592155
30009,0.0371842440556147
30010,0.07986714244958654
30011,0.020586918650775
30012,0.019112044256174427
30013,0.15212470140745818
30014,0.1199704070541287
30015,0.09122823386865934
30016,0.01837000806497934
30017,0.07957860520375401
30018,0.004351019823920066
30019,0.010912772222899821
30020,0.026024572433397997
30021,0.05287691395081972
30022,0.05414163707488334
30023,0.052213423336582965
30024,0.15036374192030236
30025,0.10170074615625323
30026,0.220016
30027,0.05081640862363622
30028,0.06018143384713845
30029,0.07342806295308556
30030,0.03472487861463898
30031,0.013688514901773842
30032,0.012551799993054712
30033,0.06747617351854561
30034,0.0145126160659341
30035,0.049124612559342654
30036,0.6451761106516156
30037,0.40428492502195545
30038,0.024894161188345754
30039,0.07009549955772937
30040,0.05163311916135567
30041,0.054128316299752136
30042,0.031741646811561004
30043,0.057101159150126236
30044,0.024555106620001876
30045,0.031770690383840866
30046,0.02279922274717195
30047,0.23247728236761384
30048,0.039372842463512844
30049,0.019571069749518825
30050,0.045940787723639055
30051,0.220016
30052,0.09463813733093096
30053,0.24421049222598018
30054,0.2589190156232821
30055,0.350009
30056,0.12574640167589832
30057,0.05499653857054955
30058,0.014487450522223258
30059,0.07597149775748116
30060,0.07220600864969005
30061,0.220016
30062,0.1112754365225736
30063,0.7499043663502478
30064,0.08346251095399916
30065,0.01992695450887293
30066,0.07547944059831256
30067,0.108456807832501
30068,0.04875913331292542
30069,0.012905339672734155
30070,0.012985946792783764
30071,0.03593451716805408
30072,0.0219913915960202
30073,0.03567637662054252
30074,0.03261527668142669
30075,0.10307121507481579
30076,0.0607864862137554
30077,0.18209461733289764
30078,0.09554617375336391
30079,0.1542643476189702
30080,0.350009
30081,0.3674066876161056
30082,0.11412926505150117
30083,0.03307979523073772
30084,0.09665129456233201
30085,0.019911099169384917
30086,0.03548200158515409
30087,0.0
30088,0.14075093829341506
30089,0.0674788021968912
30090,0.1304845631158556
30091,0.10419786975566958
30092,0.05908560241425546
30093,0.002300027244758463
30094,0.06422060752133259
30095,0.009702475020706865
30096,0.02978475488953511
30097,0.15997926109040017
30098,0.0124856133541923
30099,0.10714746457806404
30100,0.0291894092410031
30101,0.0299504365772752
30102,0.003248519260282773
30103,0.06605068848889756
30104,0.08792037149154075
30105,0.15752168830598712
30106,0.220016
30107,0.17628709857348485
30108,0.350009
30109,0.220016
30110,0.220016
30111,0.0329232630061058
30112,0.09941643755492133
30113,0.041302699505124905
30114,0.07732166116422451
30115,0.07492728179468117
30116,0.016015073601374913
30117,0.06799596467504476
30118,0.06985464449824427
30119,0.05939952420688342
30120,0.08415018131689467
30121,0.049602925991967424
30122,0.04883179962188013
30123,0.019909362425792287
30124,0.13037193068334427
30125,0.012974180568264717
30126,0.07089706031403542
30127,0.18510238115533836
30128,0.09308146124314565
30129,0.220016
30130,0.5618036092313508
30131,0.1799885103564156
30132,0.15422749894429186
30133,0.07712438190539828
30134,0.10742623955574195
30135,0.12874797616623818
30136,0.11159014909913945
30137,0.07636371217920257
30138,0.015384073714090198
30139,0.03433489265423192
30140,0.3486325622699443
30141,0.13333795408329388
30142,0.05836354806847427
30143,0.0019428782586561229
30144,0.0574053136548094
30145,0.017985739620861342
30146,0.0160341712354835
30147,0.0107752344110514
30148,0.08906371447391373
30149,0.349908
30150,0.11605174850604022
30151,0.07852087812625233
30152,0.1489961833279949
30153,1.0
30154,0.15212091107900091
30155,0.04044642166063768
30156,0.220016
30157,0.08601280812637763
30158,0.28867161223569526
30159,0.349908
30160,0.12417124244492828
30161,0.08932450376281387
30162,0.1033487748998466
30163,0.11601677377443737
30164,0.190479602410287
30165,0.06156314250421676
30166,0.1739454740850219
30167,0.08404193489047987
30168,0.0
30169,0.0
30170,0.011933791885436359
30171,0.009544882475921284
30172,0.04032388071324444
30173,0.09485037952021996
30174,0.13104453837050795
30175,0.0183107154808743
30176,0.13995660481317607
30177,0.219997
30178,0.31415755761350933
30179,0.13643513567611468
30180,0.029818155538656955
30181,0.16256482963615487
30182,0.219997
30183,0.350009
30184,0.10317455953649474
30185,0.07298589735146582
30186,0.0276528427307448
30187,0.08982816385985493
30188,0.6472570650504514
30189,0.01860304724374201
30190,0.1917475994199425
30191,0.4706600997882705
30192,0.249475587082423
30193,0.0
30194,0.0041302086219771085
30195,0.0005867639796778
30196,0.04281823481378475
30197,0.08875206720704905
30198,0.350009
30199,0.350009
30200,0.0091846951455427
30201,0.17875778817230248
30202,0.19220674512521535
30203,0.219997
30204,0.219997
30205,0.15628343613302934
30206,0.219997
30207,0.38874361270506286
30208,0.09030417767520899
30209,0.01238046375722855
30210,0.14411273270571193
30211,0.11380390964786213
30212,0.07234215112618303
30213,0.32752111592601196
30214,1.0
30215,0.07502113377633204
30216,0.4763263373249056
30217,0.004943804564640735
30218,0.07679421816170104
30219,0.36374819802761027
30220,0.0033246806781362663
30221,0.07345318608174711
30222,0.12326580482672661
30223,0.028194458073096403
30224,0.08614845475588355
30225,0.004233996190908918
30226,0.5777118990509537
30227,0.220016
30228,0.14516414824473253
30229,0.3688667441203207
30230,0.219997
30231,0.3409735153122768
30232,0.44456293522972057
30233,0.350009
30234,0.219997
30235,0.16645922501601318
30236,0.1370762820491728
30237,1.0
30238,0.350009
30239,0.35612762776482554
30240,0.027209611152758696
30241,0.10197607245534447
30242,0.16833239649588744
30243,0.0091635459809083
30244,0.07296041263390127
30245,0.005517690777982383
30246,0.007393641051607515
30247,0.007024335167216122
30248,0.0394640162738457
30249,0.15866171864359763
30250,0.1875682022290076
30251,0.1468654745483715
30252,0.19828401816876762
30253,0.17511351292787491
30254,0.2411969907095663
30255,0.220016
30256,0.0
30257,0.14611138980034138
30258,0.350009
30259,0.06771028434853366
30260,1.0
30261,0.9338819289499996
30262,0.7615823300005464
30263,0.008201799900660018
30264,0.01696734948519424
30265,0.014775654406285617
30266,0.1467258979098091
30267,0.44473392436549
30268,0.1166937849762708
30269,0.0014129693080672141
30270,0.0
30271,0.01702519973435212
30272,0.06611219976369719
30273,0.09377011454267906
30274,0.10961817751686032
30275,0.05184001828423172
30276,0.4680894190376879
30277,0.05210223258978516
30278,0.10326243581676672
30279,0.1987528356866585
30280,0.1358506344848719
30281,0.08162144724724094
30282,0.09486509481225583
30283,0.28976987488823147
30284,0.220016
30285,0.0333531152562979
30286,0.220016
30287,0.14624067648770495
30288,0.178815562741274
30289,1.0
30290,0.8574568409929174
30291,0.8068254004866235
30292,0.220016
30293,0.009980916801473798
30294,0.0006417594273623109
30295,0.3973612199847567
30296,0.01605208741950332
30297,0.219997
30298,0.08675502822032523
30299,0.1437083031305579
30300,0.020492547177559776
30301,0.18156498357159734
30302,0.15909692888258514
30303,0.219997
30304,0.219997
30305,0.6937320637237704
30306,0.5534431249377602
30307,0.2506597434965504
30308,0.21074253308946495
30309,0.1267367267268159
30310,0.06784532857100628
30311,0.14352988600305344
30312,0.09939188723446787
30313,0.05238567125550565
30314,0.19746497406027907
30315,0.1926340985438501
30316,0.05566081086248491
30317,0.1719714088953831
30318,0.03013079391572445
30319,0.9790710817628192
30320,0.9987129917049317
30321,0.8758172834243962
30322,0.0945102369668589
30323,0.07345039518311527
30324,0.350009
30325,0.02424048686340178
30326,0.44570033778642515
30327,0.010712376013258943
30328,0.0
30329,0.016938972203950842
30330,0.09276579182410205
30331,0.17698179517338547
30332,0.12220086237068478
30333,0.4843439770600505
30334,1.0
30335,0.09550779290622428
30336,0.17691915185370166
30337,0.20019963042746955
30338,0.219997
30339,0.11212047626166871
30340,0.350009
30341,0.220016
30342,0.025433979288752174
30343,0.051601290474912895
30344,0.12759724920306378
30345,0.20719185547120947
30346,0.09915358637877467
30347,0.04615708079804594
30348,0.26195502780254576
30349,0.350009
30350,0.220016
30351,0.12213037292457923
30352,0.028781839501579982
30353,0.219997
30354,0.009187333772003899
30355,0.10066485104199399
30356,0.219997
30357,0.05642769523710388
30358,0.07064940901213268
30359,0.042296064699307266
30360,0.06853197757377401
30361,0.06975553373681984
30362,0.350009
30363,1.0
30364,0.349908
30365,0.219997
30366,0.21452040707200165
30367,0.219997
30368,0.219997
30369,0.7258351809748401
30370,0.1218617004128025
30371,0.03498039680353392
30372,0.0383474783768804
30373,0.04045027230935481
30374,0.20480897025153463
30375,0.1436842502940143
30376,0.220016
30377,0.4781700514914605
30378,0.349908
30379,0.2551618970970584
30380,1.0
30381,0.08880185054632497
30382,0.025684683835178558
30383,0.14297970345556604
30384,0.29288252214912797
30385,0.011738836389077911
30386,0.04207758684206657
30387,0.7206814828311918
30388,0.08553814095945597
30389,0.05517294358996403
30390,0.0843815323656025
30391,0.06503429543069493
30392,0.23610636268236784
30393,0.5098789827829285
30394,0.349908
30395,0.6748017289596497
30396,0.349908
30397,0.219997
30398,0.219997
30399,0.350009
30400,0.0025449939696416003
30401,0.1347985144172044
30402,0.03895303724842983
30403,0.06499842135245833
30404,0.5078476536992864
30405,0.22725599674055658
30406,0.08282145493209828
30407,0.7590938717652973
30408,0.349908
30409,0.0033415830490166327
30410,0.11169414036377981
30411,0.219997
30412,0.07490613408518135
30413,0.04343753831006155
30414,0.0081711165529033
30415,0.011641154415831557
30416,0.04100713989364357
30417,0.039323485659939525
30418,0.120024950656929
30419,0.16498935566920597
30420,0.17272926577885117
30421,0.5773128165484719
30422,1.0
30423,0.5812463539359835
30424,0.349908
30425,0.8458229440755712
30426,0.183048008554634
30427,0.08770585943683358
30428,0.07347538481273545
30429,0.1908710073796886
30430,0.350009
30431,0.07061004672976381
30432,0.03589160779535635
30433,0.11930578275334873
30434,0.19522736734891571
30435,0.057484085744895295
30436,0.03306234597717463
30437,0.16183087892839837
30438,0.0193869924586875
30439,0.03856312862234519
30440,0.023763991314978777
30441,0.0175873858217915
30442,0.0340359302335715
30443,0.16197132975064255
30444,0.061494463095297644
30445,0.08350235434558859
30446,0.350009
30447,0.3001668370095253
30448,0.350009
30449,1.0
30450,0.8817545005002536
30451,0.4668550558951976
30452,0.220016
30453,0.0
30454,0.0
30455,0.07422037224111125
30456,0.16907151836638287
30457,0.0
30458,0.03518582905590534
30459,1.0
30460,0.03560451053871885
30461,0.0267969859620319
30462,0.220016
30463,0.08490868668607064
30464,0.220016
30465,0.07729453602373981
30466,0.06459979738730892
30467,0.007209290630445085
30468,0.04232394080894108
30469,0.04484674075520338
30470,0.1216385265277442
30471,0.16166332480360407
30472,0.8199702716954543
30473,0.46492442422692687
30474,0.292817867083837
30475,1.0
30476,0.5360864887852899
30477,0.6902949733167081
30478,0.219997
30479,0.03808728442321486
30480,0.04194468457554787
30481,0.01631589360501823
30482,0.10122718335355105
30483,0.09088168842868616
30484,0.03035659597068684
30485,0.04073362728562572
30486,0.6109313832220602
30487,0.219997
30488,0.433384015663404
30489,0.07443121496912973
30490,0.11146728060492894
30491,0.219997
30492,0.18429815693658969
30493,0.21636830498854503
30494,0.019404304889233948
30495,0.014560986742008916
30496,0.022770772753169147
30497,0.219997
30498,1.0
30499,0.3500232881748012
30500,1.0
30501,0.35589068289463255
30502,0.5072769733020959
30503,0.219997
30504,0.23713029806769478
30505,0.16161638973500528
30506,0.0336325291406956
30507,0.012326069371186134
30508,0.004061380411877716
30509,0.083476081612584
30510,0.012976512019261387
30511,0.16721848611419188
30512,0.219997
30513,0.219997
30514,0.349908
30515,0.06132487607771536
30516,0.11580160413979536
30517,0.2926371298510658
30518,0.09071603079700669
30519,0.10927693071701587
30520,0.350009
30521,0.08151364450016405
30522,0.25078004594761794
30523,0.30659918725269464
30524,0.12556393973300778
30525,0.20024926452138642
30526,0.17110563636461493
30527,0.10194748423441777
30528,0.09589986333290926
30529,0.1634762216481524
30530,0.17919836059998262
30531,0.0685043858466166
30532,0.0182467374457184
30533,0.220016
30534,0.09628775193318681
30535,0.04031029759637956
30536,0.030992320027199753
30537,0.13311594753019074
30538,0.05460875346784544
30539,0.09968425016629276
30540,0.08367192343094178
30541,0.219997
30542,0.43116007250332933
30543,0.7396725625754048
30544,0.11443059229719334
30545,0.0
30546,0.01305456166551025
30547,0.09176992644370788
30548,0.0952359048593151
30549,0.15941342967515668
30550,0.019203741894517002
30551,0.017278362816370508
30552,0.07805516863055142
30553,0.023635591627322726
30554,0.020158601248165257
30555,0.07727510613432846
30556,0.1380854716576818
30557,0.14530670377461297
30558,0.5191888748491048
30559,0.03335616591839621
30560,0.02153636868431714
30561,0.11026019467344281
30562,0.1036778214241739
30563,0.16160850996372872
30564,0.5246218449709786
30565,0.11970578940734097
30566,0.0003386100760791
30567,0.220016
30568,0.06893287833571449
30569,0.03487284854708737
30570,0.09410091637213072
30571,0.1338889602321209
30572,0.015234943324067073
30573,0.05022232336573729
30574,0.010513846834778354
30575,0.2557530093401621
30576,0.0115581591201534
30577,0.0
30578,0.013030740695097338
30579,0.024335607535439736
30580,0.219997
30581,0.1233301502134794
30582,0.06715964386336286
30583,0.031209794784508242
30584,0.04160530596583436
30585,0.10304788202209664
30586,0.349908
30587,0.05504110761529401
30588,0.01848598270415676
30589,0.063251776078667
30590,0.03704444048876572
30591,0.11777894844756275
30592,0.220016
30593,0.056922038623581334
30594,0.26663219599316124
30595,0.07102271943293864
30596,0.023943504625017896
30597,0.01203243237430738
30598,0.06999227098652161
30599,0.06700816909200763
30600,0.05491942802000732
30601,0.35697732751880723
30602,0.07004208991265515
30603,0.349908
30604,0.03835362795171432
30605,0.1625379429652494
30606,0.1027307123549584
30607,0.0184182930302531
30608,0.349908
30609,0.7003216090202411
30610,0.220016
30611,0.08252856762523747
30612,0.08757302671536286
30613,0.09414198318669764
30614,0.10731834697242122
30615,0.19652152653035282
30616,0.09710522759764505
30617,0.05354100939515085
30618,1.0
30619,0.03551621116495574
30620,0.10303331342901317
30621,0.005469363333805831
30622,0.05642212138946608
30623,0.09121580138194753
30624,0.017483405308707026
30625,0.02369605058386702
30626,0.0999130924862634
30627,0.4884418140019575
30628,0.09062100444161174
30629,0.220016
30630,0.044245167513181874
30631,0.11360888906764363
30632,0.0
30633,0.10636392698835756
30634,0.03417382979204267
30635,0.060850224126425864
30636,0.07403400571767838
30637,0.0665716424399607
30638,0.0292892515919402
30639,0.0144631693226673
30640,0.09153310634762861
30641,0.022798192632271633
30642,0.21629719976006118
30643,0.0149626513574363
30644,0.08179907443326341
30645,0.08451076098043156
30646,0.08421687739786553
30647,0.013600781160111
30648,0.027116755204028984
30649,0.05303778594827391
30650,1.0
30651,0.07082458814274167
30652,0.14148961602253018
30653,0.043891947648035196
30654,0.053085386082209404
30655,0.07104817656996093
30656,0.0311041708112802
30657,0.012556765617918485
30658,0.021999192885696038
30659,0.2228826516089042
30660,0.05302697738922289
30661,0.00555042165256222
30662,0.0033848464968189575
30663,0.0123025924669724
30664,0.0198772984890726
30665,0.015691906430850267
30666,0.05409526100756195
30667,0.14418812120225338
30668,0.220016
30669,0.04564808275527007
30670,0.014770582400172549
30671,0.3597892940932511
30672,0.0143230499452702
30673,0.0419196874864861
30674,0.008159546544727335
30675,0.01906877698927905
30676,0.012848584213973623
30677,0.08476416666997608
30678,0.0013047584104983
30679,0.06632483621021323
30680,0.220016
30681,0.12492584756516731
30682,0.0165088325303241
30683,0.0570998285004268
30684,0.006175019838374222
30685,0.1359223853239834
30686,0.23960236636456894
30687,0.12471154084538189
30688,0.10795139549778289
30689,0.11445825314664826
30690,0.00976748683192924
30691,0.07647944914574265
30692,0.033590928867652164
30693,0.08951780992131467
30694,0.2463526588893925
30695,0.219997
30696,0.00863720119543896
30697,0.039506327030722585
30698,0.00953536850140276
30699,0.04625037737786862
30700,0.0035858042543307667
30701,0.0060099289836827
30702,0.022404587529248916
30703,0.012489405420089783
30704,0.059427391663955303
30705,0.12128122552725656
30706,0.10159788656394166
30707,0.13781881500322107
30708,0.16040824884849922
30709,0.007940778533815085
30710,0.26847407349422825
30711,0.008545362255730124
30712,0.02425690459610435
30713,0.0
30714,0.002548766143706211
30715,0.007970621697970033
30716,0.012605190173716226
30717,0.01949395164608001
30718,0.031037612670029337
30719,0.02356751788936734
30720,0.026503767713215026
30721,0.0
30722,0.0169245812247026
30723,0.1678016046176011
30724,0.04900112306130607
30725,0.019880516097562147
30726,0.07270721411992934
30727,0.00581574843143665
30728,0.0025510496638593
30729,0.014664035400689529
30730,0.019547528725338638
30731,0.15702058976319613
30732,0.03061381063088205
30733,0.02490032287975831
30734,0.003923004243710027
30735,0.05885507682929736
30736,0.0273671534352898
30737,0.11702495367633325
30738,0.02104944585499453
30739,0.04605256113182217
30740,0.40111917313634626
30741,0.027259379516323057
30742,0.06171578222473027
30743,0.1297699223166373
30744,0.03325960433329242
30745,0.024904792025140295
30746,0.0060132362968799
30747,0.16514087031147368
30748,0.0018429452396837008
30749,0.1266770260473773
30750,0.19441342435628595
30751,0.016521625783304364
30752,0.03336059754341342
30753,0.06344484580877588
30754,0.02436508669056971
30755,0.0
30756,0.0148638850116718
30757,0.03277499384415657
30758,0.021719230624455958
30759,0.0721504559305318
30760,0.07925428871203362
30761,0.042332689064360544
30762,0.006560547538566576
30763,0.219997
30764,0.015338173930783822
30765,0.04450367546632937
30766,0.008395447463330933
30767,0.006162414487516933
30768,0.03576753885057761
30769,0.05538381304806951
30770,0.06533780019102706
30771,0.047833930182958444
30772,0.008242670193650041
30773,0.0
30774,0.029069828096346596
30775,0.350009
30776,0.220016
30777,0.008194594464830236
30778,0.016802251483719693
30779,0.11472954049003622
30780,0.0184971462782345
30781,0.0
30782,0.042716264058885005
30783,0.0339698220750581
30784,0.029517628587349198
30785,0.037681604509091304
30786,0.1399104909565589
30787,0.0
30788,0.05347790374437305
30789,0.0446485281111335
30790,0.0143871119229434
30791,0.039680868049375796
30792,0.14535890237241803
30793,0.08205813029260098
30794,0.350009
30795,0.0006585819713474592
30796,0.0924251904353698
30797,0.350009
30798,0.36371462389361986
30799,0.0206313430413049
30800,0.220016
30801,0.04860118806940371
30802,0.350009
30803,0.034962715670028496
30804,0.219997
30805,0.05437512385326155
30806,0.023889931122892664
30807,0.27946958464791627
30808,0.00600403162584657
30809,0.005587915739200725
30810,0.004059297277086265
30811,0.350009
30812,0.09847874952952149
30813,1.0
30814,0.220016
30815,0.0004232918085091
30816,0.26442628507179566
30817,0.0212749120401513
30818,0.027650781237179616
30819,0.0527485590843791
30820,0.04721977692264301
30821,0.014988685169281899
30822,0.0352743419910887
30823,0.08888907169031185
30824,0.48125916485156534
30825,0.7728063988915544
30826,0.7069508228300796
30827,0.03276690771684859
30828,0.15489593765069476
30829,0.18256134589905829
30830,0.350009
30831,0.054538188181160754
30832,0.06134279010283358
30833,0.020617392124163574
30834,0.220016
30835,0.039399738142792726
30836,0.350009
30837,0.220016
30838,0.2872765793600136
30839,0.7024682196351965
30840,0.06007611847347161
30841,0.0
30842,0.6606424759026077
30843,0.08812853638339144
30844,0.219997
30845,0.10701057284082544
30846,0.04623058323191068
30847,0.032484813398632253
30848,0.1033706586821476
30849,0.09880617185690918
30850,0.1989681018717312
30851,0.220016
30852,0.024404675751180698
30853,0.00777559006409545
30854,0.1437227582504382
30855,0.220016
30856,0.06450806296848938
30857,0.11975544245555719
30858,0.10721373131653292
30859,0.19567790353100506
30860,0.0662444864304562
30861,0.03866274723827659
30862,0.06569155478444136
30863,0.14624823835338682
30864,0.11910883092505248
30865,0.350009
30866,0.0
30867,0.046058090176192217
30868,0.0114065497507835
30869,0.010881576142434669
30870,0.04123897098987363
30871,0.350009
30872,0.03445092088449975
30873,0.10851068064630597
30874,0.5373307884053768
30875,0.33175132590738693
30876,0.00976520017888862
30877,0.18641327443089717
30878,0.1158259713940656
30879,0.0152492568820822
30880,0.009901668937431322
30881,0.051415942080107704
30882,0.10503952659320526
30883,0.09131662838033627
30884,0.28979589484862633
30885,0.350009
30886,0.220016
30887,0.052234628335182456
30888,0.01224002220112863
30889,0.350009
30890,0.05528810410848124
30891,0.06197539938630844
30892,0.010366843303002594
30893,0.1395790262025681
30894,0.03185473812227154
30895,0.0780082378625138
30896,0.2287514999448933
30897,0.585302946217721
30898,0.17555769763519016
30899,0.024961191284144854
30900,0.020335393991648763
30901,0.065540994815623
30902,0.05457669466289364
30903,0.03746996917764503
30904,0.00639710131979725
30905,0.1856693491697199
30906,0.10933112905092898
30907,0.15432484613000014
30908,0.031659732098842146
30909,0.08551053078599533
30910,0.010912772222899821
30911,0.0383342046586453
30912,0.04744960145804442
30913,0.03676207842453484
30914,0.05732126757740166
30915,0.18819059094056467
30916,0.06548922991535933
30917,0.220016
30918,0.029536218735257625
30919,0.055162122754901344
30920,0.06617768915264235
30921,0.03210081719072348
30922,0.00843195278968504
30923,0.02730016900375571
30924,0.07544505245671321
30925,0.07403574345278904
30926,0.6111142708361343
30927,0.32103336503516233
30928,0.05840155457519686
30929,0.07105966693896147
30930,0.06829452558639888
30931,0.01944589063394664
30932,0.0349140015331037
30933,0.05104947481986224
30934,0.024517892478909453
30935,0.220016
30936,0.05750976002205035
30937,0.02892221925283623
30938,0.03853426954645826
30939,0.16245365074246326
30940,0.12034482579177976
30941,0.350009
30942,0.350009
30943,0.350009
30944,0.08116812410710092
30945,0.07951498757555125
30946,0.02563293789672906
30947,0.08489357698045777
30948,0.06623642118616366
30949,0.2830409902141186
30950,0.057974886058980005
30951,0.6426214198938834
30952,0.10855863675920266
30953,0.02880291385056105
30954,0.11604499284073526
30955,0.010822961419339291
30956,0.040042576381762215
30957,0.009448982039794298
30958,0.008509663156947428
30959,0.09867048342534347
30960,0.0264569562178974
30961,0.019230249177999044
30962,0.025019224439117124
30963,0.03288953656122219
30964,0.0798438745915535
30965,0.05382977205380621
30966,0.12755661783349803
30967,0.11384766076783552
30968,0.17715268155030262
30969,0.350009
30970,0.3971240471610945
30971,0.13800756363285327
30972,0.031891299868021424
30973,0.13872116079478922
30974,0.03423556726249192
30975,0.03947310586833669
30976,0.0
30977,0.09281503015309427
30978,0.09295679595292039
30979,0.08489329139860231
30980,0.10009013054822928
30981,0.14815881542036785
30982,0.026568270728331064
30983,0.07721990014786148
30984,0.006018562634390264
30985,0.01975251475544473
30986,0.014487314968581081
30987,0.20990195104888715
30988,0.09281830795520374
30989,0.004242618370883999
30990,0.0
30991,0.07258186676723766
30992,0.10518989597653025
30993,0.11289403338815754
30994,0.1505749855911504
30995,0.15670355749355463
30996,0.33399338309387266
30997,0.22557028757465894
30998,0.220016
30999,0.0334152142782701
31000,0.12038619750845983
31001,0.0025906611516052
31002,0.051690231941277406
31003,0.0239115411639804
31004,0.06372418505071992
31005,0.051753237328517956
31006,0.009774582363007139
31007,0.046342716353198456
31008,0.08208026556410837
31009,0.0
31010,0.07627348427690361
31011,0.07021161323420477
31012,0.026552565247432828
31013,0.05847923389739584
31014,0.019909362425792287
31015,0.0011017964964382954
31016,0.12842598290354038
31017,0.017300115486239016
31018,0.05455784251221623
31019,0.15775259008316167
31020,0.08898123872033624
31021,0.220016
31022,0.6491367775445371
31023,0.1446901036622598
31024,0.15588681430699655
31025,0.07700653859139148
31026,0.13544094250593486
31027,0.13434938205659036
31028,0.11332466044251714
31029,0.057861398074424066
31030,0.349908
31031,0.13167601760176748
31032,0.07537582311010327
31033,0.01985379953438742
31034,0.0804413191072359
31035,0.0126321113780798
31036,0.020482649739392213
31037,0.015395061344272801
31038,0.0037755620347192
31039,0.09404964201465803
31040,0.349908
31041,0.11506288958442752
31042,0.07391079603089512
31043,0.1684948205966771
31044,0.9913038745624331
31045,0.15981776000541262
31046,0.012931010362682283
31047,0.220016
31048,0.09771513764941434
31049,0.29114625769479097
31050,0.349908
31051,0.09679715480465256
31052,0.0
31053,0.11422709040230236
31054,0.1016066162854088
31055,0.19923073506404826
31056,0.220016
31057,0.04655836987694916
31058,0.220016
31059,0.04152880395575717
31060,0.00845748957328222
31061,0.056858027177111456
31062,0.011933791885436359
31063,0.018695388764756182
31064,0.03515215830002054
31065,0.10953408059792016
31066,0.07915620112406085
31067,0.0279479186892245
31068,0.16321991577337397
31069,0.219997
31070,0.27838723240529767
31071,0.11531484071042197
31072,0.028662130047532854
31073,0.14936939170958524
31074,0.219997
31075,0.350009
31076,0.10845578412244145
31077,0.10216953308601863
31078,0.02336276461861757
31079,0.09437507528016231
31080,0.542795604877045
31081,0.0
31082,0.219997
31083,0.4096662264050944
31084,0.220016
31085,0.0
31086,0.01381528424554885
31087,0.039204891835983254
31088,0.11615655973118005
31089,0.350009
31090,0.350009
31091,0.0091846951455427
31092,0.1871185813479409
31093,0.20380546955180917
31094,0.349908
31095,0.219997
31096,0.14455787801544745
31097,0.21258031689955942
31098,0.37438245957128274
31099,0.0938401719412058
31100,0.01514382817214515
31101,0.07467472097499343
31102,0.15117354468244282
31103,0.06379783666659403
31104,0.219997
31105,1.0
31106,0.09370709462931369
31107,0.41055522647165354
31108,0.004943804564640735
31109,0.06884734031458323
31110,0.306001557293451
31111,0.0021356393598529998
31112,0.06111927148030292
31113,0.09838212453493661
31114,0.0446849314444075
31115,0.09439349394888605
31116,0.6266513261663922
31117,0.220016
31118,0.14011482445086912
31119,0.349908
31120,0.219997
31121,0.349908
31122,0.48156532148372666
31123,0.350009
31124,0.33011255962350705
31125,0.19175683786569567
31126,0.12989582878896078
31127,1.0
31128,0.38672472261471036
31129,0.41316938234856115
31130,0.051226970376089094
31131,0.05381089124521009
31132,0.17766500648850395
31133,0.014554407040665462
31134,0.01966501025174726
31135,0.0127858062515421
31136,0.08172328698001116
31137,0.005517690777982383
31138,0.007393641051607515
31139,0.0017660313473341
31140,0.0337666574281163
31141,0.11360041401543003
31142,0.1997319150738575
31143,0.1841354379797856
31144,0.216638940206448
31145,0.15480447451966062
31146,0.220016
31147,0.220016
31148,0.003217380104144787
31149,0.1457939554955568
31150,0.350009
31151,0.04304787306127593
31152,0.09119585714473775
31153,1.0
31154,1.0
31155,0.7831815314862944
31156,0.008201799900660018
31157,0.009848138801619201
31158,0.10005101729183732
31159,0.38760059794823687
31160,0.1122823779007278
31161,0.0
31162,0.0600395444346544
31163,0.010420164265987616
31164,0.07361508808087198
31165,0.09588556164835446
31166,0.1044172948479156
31167,0.06064079219719973
31168,0.5003276682852287
31169,0.05210223258978516
31170,0.08517637010648943
31171,0.219997
31172,0.1521702869642491
31173,0.05989319586534614
31174,0.09553452944928803
31175,0.350009
31176,0.220016
31177,0.0452093277359747
31178,0.220016
31179,0.19576307953302097
31180,0.21608883619796337
31181,1.0
31182,1.0
31183,0.7964981146103147
31184,0.05118668300828814
31185,0.220016
31186,0.008963186090932098
31187,0.007528374346912134
31188,0.4998220047782347
31189,0.05890907346683533
31190,0.219997
31191,0.09950535531799073
31192,0.191333578671327
31193,0.028534608623930875
31194,0.19125440954791678
31195,0.20253569518899728
31196,0.219997
31197,0.20754582951234413
31198,0.775186615092073
31199,0.5707701831938276
31200,0.24125221102726074
31201,0.19916600020317893
31202,0.1221330919369506
31203,0.05992186262993918
31204,0.18613948965847632
31205,0.11260625443294209
31206,0.043920104101537655
31207,0.0
31208,0.18385471894432825
31209,0.219997
31210,0.03546662666169041
31211,0.1962739396645942
31212,0.04807956138819085
31213,0.936909436143628
31214,0.9987129917049317
31215,0.8758172834243962
31216,0.1618223193094036
31217,0.04501408442315118
31218,0.219997
31219,0.5532571394191418
31220,0.016349763135642546
31221,0.005941832178068601
31222,0.006248406660477332
31223,0.019880621387835244
31224,0.08599606038141495
31225,0.17871374856638084
31226,0.07519336751611869
31227,0.4844929803115729
31228,1.0
31229,0.0894527227921185
31230,0.19041632486232013
31231,0.20576255775720104
31232,0.219997
31233,0.09140518654086281
31234,0.350009
31235,0.27487223914311526
31236,0.027320816108881676
31237,0.09460232707821829
31238,0.14735361026868798
31239,0.18036733161887936
31240,0.07807759030164826
31241,0.019072133654135737
31242,0.350009
31243,0.350009
31244,0.220016
31245,0.13934767350272292
31246,0.013658161578485425
31247,0.219997
31248,0.0115396316720742
31249,0.1413368615566098
31250,0.219997
31251,0.03544857852760758
31252,0.04077875824712639
31253,0.014473330984212265
31254,0.0
31255,0.02186092002726891
31256,0.0690649239006173
31257,0.07822681043665775
31258,0.350009
31259,1.0
31260,0.349908
31261,0.219997
31262,0.18728258303662637
31263,0.219997
31264,0.19668512811155664
31265,0.8012679955378199
31266,0.1405355451645181
31267,0.043408587778981
31268,0.01412795416313661
31269,0.19421451229162834
31270,0.1605722376127487
31271,0.21564410340910703
31272,0.3553125187821873
31273,0.349908
31274,0.219997
31275,1.0
31276,0.12000905383061597
31277,0.022809474483758457
31278,0.14919240776236692
31279,0.24768057833964868
31280,0.016341038998475912
31281,0.07789114699787376
31282,0.7623582404821863
31283,0.09583146646071247
31284,0.03591792579831743
31285,0.0906184626650131
31286,0.07286989575857943
31287,0.20043163198742692
31288,0.5341505662739319
31289,0.349908
31290,0.6943356044369672
31291,0.349908
31292,0.219997
31293,0.21937377552320414
31294,0.349908
31295,0.019615912423656463
31296,0.2000677298137793
31297,0.09898307616574002
31298,0.058412308263391624
31299,0.5780084598793466
31300,0.350009
31301,0.08719801318307507
31302,0.8057911697241937
31303,0.3577342218491412
31304,0.0979870491413758
31305,0.219997
31306,0.14248013498947754
31307,0.05398818170610075
31308,0.02295484006366095
31309,0.0007707574023292
31310,0.011641154415831557
31311,0.032267560185234
31312,0.04982732534031753
31313,0.12656100304994872
31314,0.17684471670826057
31315,0.16696444673510938
31316,0.5775180057334828
31317,1.0
31318,0.6341893675029753
31319,0.349908
31320,0.8454352565696566
31321,0.1607788025413358
31322,0.040568286533799874
31323,0.050909426836043256
31324,0.1836391411692363
31325,0.350009
31326,0.034305977527558706
31327,0.02724829567158455
31328,0.07112409017759103
31329,0.219997
31330,0.052705647051781594
31331,0.014891649705819632
31332,0.14956728860260696
31333,0.013175264791567401
31334,0.0465678644126217
31335,0.012941915986338788
31336,0.023763991314978777
31337,0.0175873858217915
31338,0.0344232300661335
31339,0.19727364833763997
31340,0.07421576143154354
31341,0.0936523014807979
31342,0.350009
31343,0.29467081659077127
31344,0.350009
31345,1.0
31346,0.9374217514104812
31347,0.43804812179342756
31348,0.220016
31349,0.02582449892173746
31350,0.0065212147904327444
31351,0.06372154563539195
31352,0.2166747953038655
31353,0.0
31354,1.0
31355,0.06141786714702266
31356,0.03602641489441451
31357,0.12830387505586138
31358,0.08854009176463123
31359,0.220016
31360,0.05120360071072903
31361,0.04973324099821868
31362,0.03802745243710198
31363,0.1271820863363825
31364,0.15667557315895886
31365,0.8748564675322099
31366,0.5081425082769173
31367,0.2534601838295625
31368,1.0
31369,0.5212011449164027
31370,0.6820278236692996
31371,0.1799799161936975
31372,0.044934851988106275
31373,0.003237722151682134
31374,0.07358553266412515
31375,0.11853659155958696
31376,0.01565508697916366
31377,0.05800374436255612
31378,0.6109105302556097
31379,0.20913857924544318
31380,0.350009
31381,0.051060785946566725
31382,0.13290857828428043
31383,0.219997
31384,0.17318172739570376
31385,0.220016
31386,0.06034442020025575
31387,0.022623926526308118
31388,0.004437729854042748
31389,0.034316043956725044
31390,0.219997
31391,1.0
31392,0.3730285491776357
31393,0.9626247725145508
31394,0.350009
31395,0.455383613370158
31396,0.219997
31397,0.220016
31398,0.219997
31399,0.048731424407793204
31400,0.012326069371186134
31401,0.0080295346396838
31402,0.09559681163828745
31403,0.026439159601324987
31404,0.18749081180302077
31405,0.219997
31406,0.13912054403922522
31407,0.350009
31408,0.027009048192628463
31409,0.14904289832454515
31410,0.350009
31411,0.07035110393078388
31412,0.11986636582030746
31413,0.29194331867510037
31414,0.05381235564571255
31415,0.0008838935646702
31416,0.2572756022841999
31417,0.2700491343519044
31418,0.09274028633331108
31419,0.20767352069503892
31420,0.11740141559436942
31421,0.13928902888278938
31422,0.09561768299790875
31423,0.1859709518276058
31424,0.1744709650996275
31425,0.0167317916717453
31426,0.220016
31427,0.0079557014630254
31428,0.1453294857155203
31429,0.05529896273750366
31430,0.03754382408744705
31431,0.15767705441667573
31432,0.04737315848869584
31433,0.11273080856168376
31434,0.08415344543302697
31435,0.219997
31436,0.42390246600069803
31437,0.7809360635067424
31438,0.17583760374600602
31439,0.0
31440,0.0
31441,0.12024979393062468
31442,0.09891424467880172
31443,0.14659109429995237
31444,0.02397531783301566
31445,0.023488681936735704
31446,0.017278362816370508
31447,0.03543436578462062
31448,0.029351254650335536
31449,0.013044480386947697
31450,0.06710942097015556
31451,0.1470060212038144
31452,0.15603792571906655
31453,0.5312167355637574
31454,0.028159095429846216
31455,0.0312608695667486
31456,0.09205608065398752
31457,0.10266855057136409
31458,0.13569098727574022
31459,0.4715546931908273
31460,0.20531802992913817
31461,0.0024041768263641
31462,0.17700190036209973
31463,0.09129960595049788
31464,0.02876876231864324
31465,0.08714861918282271
31466,0.1798056853244545
31467,0.04016864747211647
31468,0.014654206307648486
31469,0.010513846834778354
31470,0.219997
31471,0.0548456964514291
31472,0.0
31473,0.013030740695097338
31474,0.035276839905791134
31475,0.219997
31476,0.0932700690672562
31477,0.07709023490960897
31478,0.033781786499304044
31479,0.03913127289382856
31480,0.09198739035012463
31481,0.349908
31482,0.030549368175313413
31483,0.0
31484,0.0180240555836373
31485,0.04785544313922713
31486,0.09446475091370365
31487,0.2765391161708457
31488,0.07087500548241814
31489,0.219997
31490,0.11568637848484853
31491,0.04008513563293149
31492,0.0037778767841913
31493,0.1122503153525359
31494,0.08846738552269062
31495,0.04807075753420682
31496,0.32162443606399
31497,0.015113938522549499
31498,0.349908
31499,0.033681664695894516
31500,0.1664382520789726
31501,0.08304070233291191
31502,0.349908
31503,0.7564590035371188
31504,0.220016
31505,0.09104140616194237
31506,0.10076837534678997
31507,0.06750110403735253
31508,0.08854820719182993
31509,0.1816537968473768
31510,0.11204455255092666
31511,0.08223683690323225
31512,1.0
31513,0.03551621116495574
31514,0.12959915308386477
31515,0.03366662974172803
31516,0.05194076808843398
31517,0.10221641340102422
31518,0.005781149888437885
31519,0.03091797156266652
31520,0.09001871351900351
31521,0.3518400001484054
31522,0.054877231680746236
31523,0.220016
31524,0.059875174656633
31525,0.06487443546810313
31526,0.010531339015356054
31527,0.10665094947172636
31528,0.020985942916432368
31529,0.041995297391716174
31530,0.08171959744175716
31531,0.07343177657999678
31532,0.02809011890711372
31533,0.09640206324763091
31534,0.018470581016031433
31535,0.168451310175981
31536,0.03836972950022659
31537,0.04582661899091969
31538,0.038027693435287405
31539,0.06409767382127451
31540,0.14107957016138406
31541,0.07260347584075123
31542,0.022727125449870485
31543,0.044704886260536106
31544,1.0
31545,0.046387796691116874
31546,0.15806525386196338
31547,0.10350320228884019
31548,0.050022120763915906
31549,0.03136848270353132
31550,0.0483826943503437
31551,0.013566120359558636
31552,0.350009
31553,0.04018172498435999
31554,0.00555042165256222
31555,0.0033848464968189575
31556,0.007191900327688811
31557,0.0162159906245853
31558,0.08469895718076875
31559,0.1409747529095562
31560,0.011445899879904152
31561,0.10199834406937339
31562,0.03814835500577307
31563,0.025073600770188848
31564,0.03314604708229455
31565,0.3576702640160548
31566,0.0187582097784163
31567,0.0262762290852703
31568,0.035950796497172255
31569,0.0856110075679809
31570,0.220016
31571,0.10224385653192392
31572,0.0393313647170478
31573,0.0377746065938718
31574,0.1736878189523261
31575,0.219997
31576,0.220016
31577,0.15901517289951458
31578,0.09214861294054776
31579,0.04591774674680444
31580,0.030122261481840704
31581,0.07053914775463108
31582,0.2528741663581622
31583,0.220016
31584,0.006420155899252507
31585,0.017547663262458088
31586,0.014119923439871986
31587,0.00953536850140276
31588,0.030403111034292885
31589,0.018607490853757166
31590,0.0028595418295543997
31591,0.0484552374492302
31592,0.11431089697894406
31593,0.11794064222552676
31594,0.17671233225417426
31595,0.04605256113182217
31596,0.012132344692579893
31597,0.219997
31598,0.007940778533815085
31599,0.3259874614245388
31600,0.019072748569226812
31601,0.007628204438521609
31602,0.004784516385486225
31603,0.01949395164608001
31604,0.02546297748884204
31605,0.02584128627310974
31606,0.07217544131983983
31607,0.0043055236394063
31608,0.126547777132254
31609,0.03220493234997805
31610,0.08956616311942797
31611,0.007481920275978457
31612,0.10091289999759064
31613,0.0027369611592225488
31614,0.024358035540922928
31615,0.14700603494948344
31616,0.02533095361219025
31617,0.02716758427352001
31618,0.003923004243710027
31619,0.06092204565424976
31620,0.17324290001025056
31621,0.0165379151650855
31622,0.04553170984965181
31623,0.4619781753226916
31624,0.049282618174760956
31625,0.07854789576993147
31626,0.14050042668202162
31627,0.03279417433265932
31628,0.012297528736950098
31629,0.0071539984373301
31630,0.19549568826190666
31631,0.0169629553915933
31632,0.1545066093019986
31633,0.008277580519336757
31634,0.17885921610566713
31635,0.038847343293389874
31636,0.008920387930270418
31637,0.05770191593503187
31638,0.02984652608735031
31639,0.0
31640,0.02075175468038427
31641,0.007455851514482072
31642,0.016908384286635776
31643,0.0003483512351649
31644,0.0013945401225785
31645,0.019383587691813
31646,0.0848359267388629
31647,0.11384578657593591
31648,0.020507716089925746
31649,0.2089521244947495
31650,0.04450367546632937
31651,0.012318603483042817
31652,0.04513328181807252
31653,0.07588517460880291
31654,0.0
31655,0.044888705232499646
31656,0.007271621678647741
31657,0.219997
31658,0.220016
31659,0.008194594464830236
31660,0.16148353356504636
31661,0.0
31662,0.024296615280792855
31663,0.019587318848472854
31664,0.0985493994922038
31665,0.0179820475917837
31666,0.051863703367331905
31667,0.07992321124821081
31668,0.0
31669,0.0349576312676529
31670,0.03329036260335696
31671,0.0533780288501497
31672,0.090235320127298
31673,0.09765361867235986
31674,0.06260020981482123
31675,0.3978547871967519
31676,0.10371047175935375
31677,0.220016
31678,0.350009
31679,0.350009
31680,0.01997148842349169
31681,0.0647992217134589
31682,0.220016
31683,0.0042321533619812945
31684,0.350009
31685,0.022377404128120903
31686,0.220016
31687,0.02955905234840205
31688,0.0134929106556246
31689,0.220016
31690,0.00034526936973235285
31691,0.220016
31692,0.8637539438607653
31693,0.220016
31694,0.0116919881809416
31695,0.037808946535455
31696,0.219997
31697,0.0452867597782525
31698,0.026237792410870413
31699,0.06464143418787081
31700,0.0338303171957378
31701,0.10575984445578605
31702,0.33999905588397067
31703,0.4513061418188252
31704,0.4242304298460159
31705,0.017114778165173896
31706,0.05695691800126456
31707,0.15495862066073368
31708,0.2447890994916938
31709,0.018615472843546355
31710,0.026352633261146282
31711,0.05915088609017537
31712,0.09401681078027524
31713,0.350009
31714,0.219997
31715,0.2564520703002622
31716,0.5737866348238425
31717,0.1894293793176504
31718,0.0
31719,0.51569298786563
31720,0.0229285143758173
31721,0.07618864802314285
31722,0.349908
31723,0.09777502711431924
31724,0.035388593813795874
31725,0.04263661830929415
31726,0.0565645824868318
31727,0.024536235419995205
31728,0.220016
31729,0.219997
31730,0.1402879421031379
31731,0.03743962286799464
31732,0.0445172583631951
31733,0.0926866855825149
31734,0.349908
31735,0.09953262791045568
31736,0.005783218916723333
31737,0.01347420314709837
31738,0.10596068435506001
31739,0.10760661514078232
31740,0.18257722060495074
31741,0.02984797056194765
31742,0.023894691897897884
31743,0.1432267887278857
31744,0.03866274723827659
31745,0.220016
31746,0.0980714010413199
31747,0.350009
31748,0.02186501153740688
31749,0.018823733441007247
31750,0.03648858698458092
31751,0.010389441644352399
31752,0.04123897098987363
31753,0.5900049107116263
31754,0.12050339532883765
31755,0.07769542763913286
31756,0.350009
31757,0.5055793723187423
31758,0.00976520017888862
31759,0.10276973221267646
31760,0.1097228895419788
31761,0.0112423169530173
31762,0.0286465347154173
31763,0.04393557507005415
31764,0.06954198513243931
31765,0.07327110721799315
31766,0.11765532181467718
31767,0.350009
31768,0.5216647792594306
31769,0.220016
31770,0.038029889778941756
31771,0.00886818331687304
31772,0.03175893597338153
31773,0.048400488811717685
31774,0.049442717714991646
31775,0.350009
31776,0.02463501985718725
31777,0.015267049971791343
31778,0.010366843303002594
31779,0.0937304157170735
31780,0.040806279550689495
31781,0.220016
31782,0.7036913183538422
31783,0.17749784250136258
31784,0.0016555366690538496
31785,0.0730868375740319
31786,0.11329675767757133
31787,0.060938442890036526
31788,0.02542838240916765
31789,0.1827399145056714
31790,0.220016
31791,0.09063150669286515
31792,0.02118942653310584
31793,0.04511657346036942
31794,0.010912772222899821
31795,0.021934780687898
31796,0.035026256243616924
31797,0.030657040727303547
31798,0.018716596737420065
31799,0.19139034156284196
31800,0.10129160263096443
31801,0.220016
31802,0.04018276174990765
31803,0.06743055171828244
31804,0.034120950462024055
31805,0.027334704485800082
31806,0.021861816626113445
31807,0.04010786989612561
31808,0.06495738783829662
31809,0.0221156658032955
31810,0.016028186072610424
31811,0.05205924042915775
31812,0.61722514333532
31813,0.3885955055375019
31814,0.06302847820586516
31815,0.05065437815038387
31816,0.0008134197650860454
31817,0.08307838755694898
31818,0.019485052631137936
31819,0.044951194183246904
31820,0.04940412742622114
31821,0.032848489371124466
31822,0.03007670490764105
31823,0.220016
31824,0.05499672251054945
31825,0.015707938407686528
31826,0.052687241673677956
31827,0.15095033298271743
31828,0.14209075649341596
31829,0.350009
31830,0.2612760635208585
31831,0.2330324620715432
31832,0.08129744184799301
31833,0.08612175370987896
31834,0.034624524966640355
31835,0.05716281735283247
31836,0.04561506393460835
31837,0.350009
31838,0.08694025785609011
31839,0.6524896632393353
31840,0.12230035657335986
31841,0.0397069044408058
31842,0.07967595590879527
31843,0.0
31844,0.02249411455278332
31845,0.012905339672734155
31846,0.009485623218851
31847,0.07806170196266278
31848,0.03409556709547582
31849,0.052133313156357594
31850,0.12220869529959849
31851,0.045220436532913605
31852,0.11957602223385994
31853,0.06864077829276512
31854,0.16473142705631322
31855,0.3308741733876902
31856,0.350009
31857,0.17400203103514006
31858,0.04558118142607892
31859,0.1100715431914008
31860,0.024163987272162818
31861,0.05392551048629999
31862,0.07294353463581488
31863,0.0922840535316328
31864,0.11545943281208261
31865,0.06528324108829497
31866,0.15872916369804127
31867,0.032048563588699064
31868,0.09380913564114009
31869,0.013032244479840863
31870,0.01546691558070894
31871,0.219997
31872,0.010101815159765493
31873,0.016885942995714852
31874,0.06756843913965334
31875,0.005824844561368999
31876,0.009945555627639147
31877,0.0116082977952899
31878,0.004007600574905575
31879,0.038206040630591756
31880,0.13449657081831604
31881,0.08450258885881964
31882,0.1898044342835093
31883,0.16648141385512955
31884,0.350009
31885,0.350009
31886,0.22857841386587935
31887,0.03927171931848261
31888,0.14633731035920172
31889,0.01036155683595351
31890,0.04133256676558321
31891,0.09408420341194132
31892,0.06110380198834676
31893,0.0042566060290911145
31894,0.06851023213312706
31895,0.07993028601145077
31896,0.0
31897,0.04935599072238772
31898,0.04991037906956107
31899,0.029453094152040928
31900,0.0052561028972426364
31901,0.006689863195752128
31902,0.019909362425792287
31903,0.0
31904,0.014250137252925127
31905,0.16555863421638906
31906,0.004367663112951617
31907,0.05388955037941543
31908,0.21309954297230826
31909,0.08799177340340794
31910,0.21410241878493208
31911,0.5572199244697515
31912,0.1758839038035884
31913,0.20066211133093756
31914,0.07667961201383078
31915,0.12966058614644674
31916,0.13092050710075487
31917,0.12721222156121903
31918,0.08585196928069727
31919,0.01768284575453672
31920,0.349908
31921,0.15013758850289288
31922,0.05179482935190807
31923,0.06408618331275073
31924,0.0536533792648836
31925,0.02587956600595805
31926,0.015135585925130627
31927,0.0272955003687664
31928,0.09622361336774082
31929,0.349908
31930,0.10105501821137902
31931,0.08127398958984543
31932,0.18253168609439518
31933,1.0
31934,0.1831397400862619
31935,0.020644491454625182
31936,0.220016
31937,0.08733991307103872
31938,0.20309463654410723
31939,0.349908
31940,0.09343459243349496
31941,0.0122841945829865
31942,0.08518032295157636
31943,0.1218187627665915
31944,0.14447889982188905
31945,0.21090908988207538
31946,0.049455787420661264
31947,0.1418202979815103
31948,0.05890660453559027
31949,0.0102198059432192
31950,0.038578645600776056
31951,0.0
31952,0.03733863710405379
31953,0.01649490250449324
31954,0.12066818538336797
31955,0.08644739108872256
31956,0.03229798178710377
31957,0.12762279284026956
31958,0.219997
31959,0.2985013538636753
31960,0.18028342024556787
31961,0.036753992074987356
31962,0.15502129822408278
31963,0.3011584887541337
31964,0.26696764616347934
31965,0.08661064828022674
31966,0.05880931292992962
31967,0.0276528427307448
31968,0.08286888321184763
31969,0.49920415910380705
31970,0.03237867917271311
31971,0.219997
31972,0.4293434758574265
31973,0.2206212853172994
31974,0.0
31975,0.0
31976,0.01381528424554885
31977,0.02830319006633605
31978,0.10024809852576225
31979,0.350009
31980,0.350009
31981,0.1991057873754059
31982,0.21811388989237257
31983,0.349908
31984,0.2782853201889905
31985,0.16903508189813582
31986,0.219997
31987,0.37584646791817367
31988,0.10478868182761829
31989,0.07395865294057383
31990,0.13010676334179583
31991,0.07750250732626193
31992,0.219997
31993,1.0
31994,0.08094062637364575
31995,0.06920264677210233
31996,0.4986661632645465
31997,0.0
31998,0.06408786933991643
31999,0.349908
32000,0.015358921229286985
32001,0.002798968957995548
32002,0.05099318789246392
32003,0.11664305554589231
32004,0.030484516364619803
32005,0.07333072601250074
32006,0.004233996190908918
32007,0.614116225908814
32008,0.10919298268204394
32009,0.1505285070400652
32010,0.43381365934871624
32011,0.219997
32012,0.219997
32013,0.4534720126461703
32014,0.350009
32015,0.219997
32016,0.15622792576516625
32017,0.13284917539228908
32018,1.0
32019,0.4018053182608939
32020,0.35206535906943315
32021,0.005835887699661316
32022,0.030895448529197095
32023,0.220016
32024,0.016533348164911317
32025,0.16388777901595114
32026,0.012334790480679963
32027,0.002091533266509433
32028,0.05630701301046706
32029,0.0068461660850419
32030,0.0327085682253482
32031,0.12858256704360563
32032,0.20050348859238043
32033,0.1848507058824102
32034,0.17743929650822549
32035,0.13860594739769933
32036,0.24716367428187602
32037,0.220016
32038,0.1294057798025585
32039,0.28875229707463435
32040,0.04304787306127593
32041,0.07303235026516236
32042,1.0
32043,1.0
32044,0.8326221017306523
32045,0.008201799900660018
32046,0.016700392951029215
32047,0.1940263588140596
32048,0.39186347921302656
32049,0.0617519799206116
32050,0.0
32051,0.0273814247208639
32052,0.038637111613236484
32053,0.06869232695828516
32054,0.13729916004268372
32055,0.04011676420073653
32056,0.4879003907192477
32057,0.0444042658247529
32058,0.07506556360255673
32059,0.1632419591419389
32060,0.1345969681830816
32061,0.07844518532813213
32062,0.07904224385818563
32063,0.350009
32064,0.220016
32065,0.04005488321219026
32066,0.220016
32067,0.21009080493224136
32068,0.2107851757142445
32069,1.0
32070,0.9254703247258631
32071,0.7420987452633885
32072,0.14839950902362883
32073,0.01052801326028
32074,0.0
32075,0.4861277162933457
32076,0.07655932494480241
32077,0.23867197559139566
32078,0.09662036535565813
32079,0.1355823040637643
32080,0.026820760619577475
32081,0.18098947531166926
32082,0.16808638004480475
32083,0.219997
32084,0.194649285183362
32085,0.7006169042098358
32086,0.5970879584291179
32087,0.28672805685300073
32088,0.219997
32089,0.1297072100120766
32090,0.06994493135661747
32091,0.16871820834445672
32092,0.07652084502373407
32093,0.03750951574554956
32094,0.220016
32095,0.19798231253520981
32096,0.02844178783480681
32097,0.1848743103408791
32098,0.00999852676397505
32099,0.9514924219810061
32100,0.9987129917049317
32101,0.8758172834243962
32102,0.1559865894397165
32103,0.05020085826425767
32104,0.26227357709993165
32105,0.5435720169195882
32106,0.017645005039896144
32107,0.010519423288228634
32108,0.01722680392224864
32109,0.07152371311792606
32110,0.15747350878303806
32111,0.09923914480982429
32112,0.4593575909499611
32113,1.0
32114,0.1189603950969925
32115,0.17455924002652934
32116,0.18886182169178223
32117,0.219997
32118,0.09840050026677051
32119,0.23449038837628855
32120,0.349908
32121,0.023835788217966374
32122,0.0871484066960367
32123,0.15263130340046857
32124,0.219997
32125,0.09269203252913566
32126,0.03865488083051674
32127,0.350009
32128,0.35875558285275067
32129,0.220016
32130,0.15062306504121553
32131,0.028781839501579982
32132,0.18426920593367777
32133,0.009187333772003899
32134,0.1083905413438686
32135,0.22150833950274657
32136,0.042431934766883776
32137,0.014562783177603487
32138,0.022412284974247066
32139,0.0
32140,0.03229621322944301
32141,0.1008642512350692
32142,0.06690549143145033
32143,0.350009
32144,1.0
32145,0.349908
32146,0.219997
32147,0.17876175798590704
32148,0.219997
32149,0.19947016591810385
32150,0.7443119127643545
32151,0.1321256633268594
32152,0.02351431549332792
32153,0.0295835018576208
32154,0.023376182685369312
32155,0.19256051623682602
32156,0.219997
32157,0.219997
32158,0.4111293363983686
32159,0.350009
32160,0.219997
32161,1.0
32162,0.12729340931085018
32163,0.019728947958117558
32164,0.220016
32165,0.14397224223593488
32166,0.019597860207982012
32167,0.07720860090600956
32168,0.786669089207848
32169,0.07863263291181338
32170,0.06167501376458333
32171,0.0648036074009329
32172,0.08043543661399283
32173,0.219997
32174,0.5859702349563672
32175,0.4529251709566772
32176,0.7004705759592196
32177,0.5063724038340126
32178,0.219997
32179,0.219997
32180,0.3702136628440087
32181,0.019615912423656463
32182,0.1443051964883668
32183,0.05927729761123663
32184,0.08309498681415683
32185,0.5660527399114463
32186,0.2722568111626861
32187,0.07485925456729609
32188,0.6430469212984293
32189,0.349908
32190,0.1620792183432945
32191,0.219997
32192,0.20847047733330293
32193,0.04347210494995185
32194,0.02295484006366095
32195,0.03379371701427321
32196,0.05334935763957823
32197,0.11701658475044072
32198,0.16517470547071098
32199,0.16292893822235577
32200,0.5583943872490895
32201,1.0
32202,0.5387857224397172
32203,0.4576121559158449
32204,0.8417640384126455
32205,0.15610079784436698
32206,0.042375195285405676
32207,0.05214944210572085
32208,0.22367540927239304
32209,0.350009
32210,0.06281669940594581
32211,0.038796238845719866
32212,0.08839467578599572
32213,0.219997
32214,0.054354473742520615
32215,0.0008787028985773292
32216,0.12653759116108787
32217,0.0024747518488504993
32218,0.023763991314978777
32219,0.012746659888327853
32220,0.0482438109241041
32221,0.18053201198666385
32222,0.06774258038319364
32223,0.0972068953787756
32224,0.350009
32225,0.2970464135751227
32226,0.350009
32227,1.0
32228,1.0
32229,0.42084442250569687
32230,0.220016
32231,0.014027654183770178
32232,0.01255543211586626
32233,0.015016420598265346
32234,0.03825152979968245
32235,0.18472038992625558
32236,0.006863947213325875
32237,0.022353156955378133
32238,1.0
32239,0.10339743006761395
32240,0.025063348203370504
32241,0.12046819056054908
32242,0.09893492161055975
32243,0.1967175289727594
32244,0.05850503712009042
32245,0.08129041212564793
32246,0.009096909200185485
32247,0.01540576292043608
32248,0.06123614455310538
32249,0.1270163109541629
32250,0.21240415704543608
32251,0.8665619612408859
32252,0.5203252640853002
32253,0.2741309260566055
32254,1.0
32255,0.5247978572347463
32256,0.6378595495511037
32257,0.1721255475230055
32258,0.05404716980755516
32259,0.07569850693510118
32260,0.04003766074194474
32261,0.06470853421360245
32262,0.08096241069316476
32263,0.05825567935053474
32264,0.05156048229567542
32265,0.488437469958486
32266,0.20933545810448018
32267,0.350009
32268,0.06513605768265993
32269,0.13935986847297732
32270,0.219997
32271,0.219997
32272,0.219997
32273,0.06418443755812694
32274,0.03919362831594411
32275,0.015130781581098346
32276,0.219997
32277,1.0
32278,0.350009
32279,1.0
32280,0.350009
32281,0.4835674740060537
32282,0.219997
32283,0.2269350864940192
32284,0.08378497567207516
32285,0.0343574361711173
32286,0.004061380411877716
32287,0.07715612634330196
32288,0.022556521718134617
32289,0.195926257768906
32290,0.219997
32291,0.13860356335731072
32292,0.349908
32293,0.045554027806078166
32294,0.12638013820319596
32295,0.350009
32296,0.08997879701140557
32297,0.06149015625182592
32298,0.010672509386691238
32299,0.00709936128612269
32300,0.13764787756168936
32301,0.350009
32302,0.052703013732052155
32303,0.23181240165143868
32304,0.219997
32305,0.09705143172550058
32306,0.17228367962259641
32307,0.13646302459925552
32308,0.09486652571563187
32309,0.10338288266941445
32310,0.1837231988143736
32311,0.1534386177710946
32312,0.0964954239314369
32313,0.0076601054343227
32314,0.220016
32315,0.015545164535581198
32316,0.1196060439782239
32317,0.06711314975005905
32318,0.040868848833545655
32319,0.1887085894900538
32320,0.06011533817697334
32321,0.11888220615032956
32322,0.0109808517950561
32323,0.08339739856452646
32324,0.219997
32325,0.4282565907131407
32326,0.7988663160903307
32327,0.204989674186894
32328,0.04380846648135605
32329,0.032930680381117225
32330,0.12643559806308136
32331,0.02050241908790814
32332,0.1129854561276192
32333,0.220016
32334,0.03926584814769787
32335,0.1349747596072416
32336,0.017278362816370508
32337,0.045381251531114324
32338,0.023635591627322726
32339,0.07934063023958116
32340,0.11559561060493272
32341,0.13488675036072897
32342,0.5144086044158028
32343,0.012352004575079617
32344,0.0312608695667486
32345,0.0808999064514681
32346,0.0973729666964156
32347,0.15052915517316612
32348,0.5901742225615728
32349,0.18553585469585876
32350,0.0052910609356413
32351,0.220016
32352,0.05275067186841319
32353,0.08950203183478253
32354,0.219997
32355,0.038796421375099574
32356,0.008806054640945866
32357,0.016035033932613484
32358,0.010513846834778354
32359,0.220016
32360,0.1197787279938406
32361,0.0
32362,0.013030740695097338
32363,0.03422525297381024
32364,0.219997
32365,0.0797463763850047
32366,0.09366603512304106
32367,0.03286697545439674
32368,0.04541055778245736
32369,0.07717756992097813
32370,0.32891739058544084
32371,0.03579672484614621
32372,0.0
32373,0.0
32374,0.04203162085874493
32375,0.09411722028186255
32376,0.2507805644958865
32377,0.11135901305883623
32378,0.23905203773221517
32379,0.16819857485395834
32380,0.021574460265335698
32381,0.01203243237430738
32382,0.02515571788636182
32383,0.08824726888878622
32384,0.04212982266612482
32385,0.350009
32386,0.07004208991265515
32387,0.219997
32388,0.026256164904688916
32389,0.1912076668961428
32390,0.06552073823462871
32391,0.0221037192574233
32392,0.349908
32393,0.7367590045625327
32394,0.25168687522818894
32395,0.10455097541180966
32396,0.07686939655795826
32397,0.016330342529521934
32398,0.09672183169796772
32399,0.17577676846549545
32400,0.11259179236744495
32401,0.06409356267451624
32402,1.0
32403,0.03551621116495574
32404,0.11969353754489559
32405,0.01554585799095773
32406,0.12202376795750729
32407,0.06709358773065442
32408,0.0011016914593066848
32409,0.1842533224464148
32410,0.407895878401251
32411,0.041659713897217635
32412,0.220016
32413,0.05480547129389907
32414,0.054406411915887035
32415,0.015034666503475153
32416,0.13350484460838036
32417,0.03105314254351287
32418,0.00438905854761486
32419,0.055952366424148275
32420,0.09778510864848387
32421,0.08508225195203759
32422,0.0067898915042198015
32423,0.0041532521997665
32424,0.07128176040164741
32425,0.219997
32426,0.028847951578975493
32427,0.0495619860693817
32428,0.035408904014000105
32429,0.04969318088196362
32430,0.10724420379209067
32431,0.08441834104173693
32432,0.0159966058884437
32433,0.030561924627952486
32434,0.07823473038600862
32435,1.0
32436,0.03427322917901597
32437,0.1530538576282535
32438,0.1007880118424418
32439,0.0699199136393214
32440,0.044562511717455025
32441,0.07237042420718
32442,0.012244010844443223
32443,0.028740742250409842
32444,0.350009
32445,0.02933245679292939
32446,0.0229550839365693
32447,0.220016
32448,0.0019002929639437525
32449,0.1766257706445427
32450,0.01569670718264267
32451,0.006973031232471601
32452,0.025554353012038553
32453,0.350009
32454,0.02972817367924189
32455,0.035715712127855195
32456,0.06715490128936685
32457,0.04528109391490589
32458,0.0025641590437538234
32459,0.06832409543235424
32460,0.350009
32461,0.08186417067084711
32462,0.044077508826360315
32463,0.17964483191452668
32464,0.16676515741602524
32465,0.1533471660421957
32466,0.1521580142677688
32467,0.11308780315032016
32468,0.02398929748491394
32469,0.04558316880311604
32470,0.021035944436493603
32471,0.06049988383079277
32472,0.2210563999000489
32473,0.220016
32474,0.048870268789912893
32475,0.014509576946817086
32476,0.0
32477,0.046621483058724496
32478,0.012489405420089783
32479,0.0260536501448319
32480,0.12830247771259184
32481,0.11731483694050596
32482,0.10771262049175387
32483,0.0043917856106846
32484,0.13664374901432771
32485,0.007940778533815085
32486,0.22236145038389718
32487,0.008545362255730124
32488,0.03832271922895725
32489,0.0
32490,0.018548886082170212
32491,0.007628204438521609
32492,0.011965920772133702
32493,0.030838893158724838
32494,0.007421002222613678
32495,0.02471963771632654
32496,0.05364770980111793
32497,0.0083497162846558
32498,0.04346745790781885
32499,0.07306138391953128
32500,0.007481920275978457
32501,0.07610558529539484
32502,0.0065312389367096
32503,0.019547528725338638
32504,0.1698902420928564
32505,0.01596566955561385
32506,0.01690547225883631
32507,0.03436372491888735
32508,0.0176782376062765
32509,0.13368095052522094
32510,0.02104944585499453
32511,0.04605256113182217
32512,0.04553170984965181
32513,0.349908
32514,0.09452043763387066
32515,0.11687385246344388
32516,0.10676637477324581
32517,0.012255972883322185
32518,0.04568938490240822
32519,0.012952153406288998
32520,0.0013445827237748994
32521,0.18747051329968567
32522,0.008243996421770301
32523,0.1562591777013921
32524,0.21872826197708672
32525,0.04716207574834197
32526,0.013904131123679019
32527,0.03447046165837417
32528,0.04523216971971471
32529,0.0
32530,0.0033103879079922974
32531,0.008625137176849543
32532,0.019936817796173883
32533,0.0074699432014884
32534,0.018171985449287123
32535,0.039032285682065376
32536,0.00931273509973261
32537,0.011052441371187
32538,0.0013296477947939
32539,0.10797358792606
32540,0.07228312311898852
32541,0.00504720955930115
32542,0.219997
32543,0.050803906826975206
32544,0.005914944855417415
32545,0.045310269426470415
32546,0.06424582390605961
32547,0.005924183990388858
32548,0.029350884055251943
32549,0.04897271531402343
32550,0.0
32551,0.0099858074900886
32552,0.0334633997275407
32553,0.31343544088302516
32554,0.23655738534607126
32555,0.17757784516926922
32556,0.0153824598003962
32557,0.0
32558,0.007374071492861963
32559,0.024296615280792855
32560,0.019587318848472854
32561,0.0259729797266069
32562,0.0361134339907825
32563,0.023295277113360567
32564,0.03800710373324767
32565,0.0777869961572806
32566,0.0859781228716525
32567,0.03329036260335696
32568,0.0446485281111335
32569,0.0222255672156749
32570,0.18839174935118017
32571,0.14143360542985672
32572,0.06462851393591887
32573,0.0060133853406438
32574,0.3789552375864036
32575,0.013135249504089862
32576,0.1529653730902739
32577,0.0040533415846337
32578,0.220016
32579,0.350009
32580,0.0184737829539214
32581,0.0345474598825939
32582,0.220016
32583,0.04876138167038259
32584,0.350009
32585,0.0733617789897195
32586,0.350009
32587,0.20335268889358665
32588,0.09301511852097183
32589,0.8360178342585309
32590,0.13324631795142064
32591,0.0833734591867352
32592,0.0628478843928525
32593,0.3413918133943844
32594,0.0631946374060789
32595,0.02793246045245518
32596,0.04328000707670941
32597,0.0037854763536538903
32598,0.0393525487090996
32599,0.11198347278727695
32600,0.349908
32601,0.7540518674590339
32602,0.47019181198691823
32603,0.026146428025525796
32604,0.08952867538553286
32605,0.1641572615012164
32606,0.219997
32607,0.09710132816503306
32608,0.019340947836915378
32609,0.07370815894256157
32610,0.13770519456178104
32611,0.011400836419620298
32612,0.3722209373017263
32613,0.1720153290578804
32614,0.3195467891193397
32615,0.5489142373738964
32616,0.030936918692393303
32617,0.0
32618,0.5372390399946019
32619,0.09789988599125304
32620,0.349908
32621,0.13823781698004534
32622,0.04058122350627237
32623,0.026930902329021053
32624,0.14351241027266348
32625,0.09613849505645528
32626,0.23492086730359907
32627,0.220016
32628,0.0716822632466708
32629,0.0
32630,0.0733919118341635
32631,0.220016
32632,0.10202524619937728
32633,0.030559307576819877
32634,0.0697025913901318
32635,0.10390157194039491
32636,0.15078106858334295
32637,0.02582853258610755
32638,0.07652755833468648
32639,0.00611659925178308
32640,0.08384769784592119
32641,0.08431863646650377
32642,0.220016
32643,0.0293445359356602
32644,0.350009
32645,0.008753346482942646
32646,0.03767587879036522
32647,0.0139487833200605
32648,0.010389441644352399
32649,0.350009
32650,0.12902694275932197
32651,0.12021430565679626
32652,0.350009
32653,0.6422588535998397
32654,0.11770739327262736
32655,0.09000185291773
32656,0.015306466497546
32657,0.008108043497328792
32658,0.061206931174964646
32659,0.09982144882847926
32660,0.220016
32661,0.25435070803147486
32662,0.4188665310938197
32663,0.220016
32664,0.07559595269000585
32665,0.024089657204951632
32666,0.02835189028147299
32667,0.04714691630131525
32668,0.30643041260629456
32669,0.0
32670,0.041275641772737244
32671,0.010366843303002594
32672,0.010464037793753576
32673,0.0167825316089335
32674,0.040806279550689495
32675,0.0871876361467294
32676,0.349908
32677,0.6396980379200832
32678,0.18574409243011747
32679,0.020335393991648763
32680,0.1071278698858663
32681,0.10240826114925283
32682,0.06016650859225403
32683,0.17471086228782498
32684,0.1609818280495783
32685,0.08500735993324594
32686,0.055153677484595647
32687,0.03276549822119212
32688,0.03789452084637032
32689,0.029332125637305646
32690,0.018975484532519363
32691,0.16208272391115336
32692,0.07800909877331313
32693,0.220016
32694,0.04278546971243383
32695,0.06355371965709444
32696,0.07393519485587496
32697,0.02795047855510898
32698,0.01999495279444774
32699,0.02604591194196381
32700,0.07403144945444022
32701,0.03603511765423882
32702,0.04816019801948446
32703,0.5730172580173756
32704,0.40163488036953054
32705,0.04754956414172845
32706,0.027186254105475267
32707,0.11081530057829007
32708,0.0
32709,0.0247502511828541
32710,0.02758872923007224
32711,0.024555106620001876
32712,0.0016961061083930525
32713,0.220016
32714,0.05156821341218375
32715,0.007405692377448229
32716,0.05570463993285205
32717,0.11672836807125024
32718,0.09833188286873205
32719,0.350009
32720,0.350009
32721,0.350009
32722,0.06498629046979912
32723,0.06963754664817484
32724,0.03812006258105846
32725,0.06701433784853106
32726,0.05401706997063976
32727,0.2438543085490803
32728,0.086565657480211
32729,0.814519671849039
32730,0.14659239582661465
32731,0.0
32732,0.12096219934062337
32733,0.03334861983848939
32734,0.08373422457575792
32735,0.008549038286268597
32736,0.008509663156947428
32737,0.05833251842544098
32738,0.0326986548016106
32739,0.04452662168652109
32740,0.09020947492744649
32741,0.0616897425927352
32742,0.220016
32743,0.07277283570996762
32744,0.1909829287730006
32745,0.31686102549473993
32746,0.350009
32747,0.13584176042176238
32748,0.05466305520395462
32749,0.12772083294692632
32750,0.01877716043600982
32751,0.04070975422157319
32752,0.0
32753,0.00784173055140315
32754,0.09839981633548017
32755,0.062240426659708095
32756,0.1534097455598714
32757,0.06392422050406818
32758,0.11127628870116936
32759,0.06486700748590286
32760,0.11274683004577038
32761,0.016927482517814063
32762,0.028208840003730133
32763,0.18751581248212906
32764,0.10965534262138915
32765,0.037093854040245
32766,0.0097282262425152
32767,0.008048184183334174
32768,0.039586335037155154
32769,0.11671396169652906
32770,0.12076586751532403
32771,0.2021803651749326
32772,0.18228663400257084
32773,0.350009
32774,0.220016
32775,0.22123431762757734
32776,0.03927171931848261
32777,0.14444362326755744
32778,0.05527711724179011
32779,0.11871225677969272
32780,0.13061629737130956
32781,0.11582251701686397
32782,0.06711701605181578
32783,0.0
32784,0.044874959366031524
32785,0.060406686085066365
32786,0.06245910997825323
32787,0.0
32788,0.006689863195752128
32789,0.19027726628172967
32790,0.005061086631587716
32791,0.07036784634130522
32792,0.219997
32793,0.10129571298507864
32794,0.20730474608871252
32795,0.5537815891484058
32796,0.17917115104596137
32797,0.220016
32798,0.10234409156418597
32799,0.13710869333062134
32800,0.09861125050513855
32801,0.12455436731805554
32802,0.05566865262352427
32803,0.0078859601359422
32804,0.007768717399598821
32805,0.349908
32806,0.17067351766256947
32807,0.04527979796280187
32808,0.04279211638531422
32809,0.0655839271843352
32810,0.05005834178059715
32811,0.0
32812,0.024438767714771298
32813,0.09612706757237323
32814,0.5379465056839723
32815,0.08668232491323832
32816,0.06696896161475722
32817,0.1705600952948751
32818,1.0
32819,0.1422299441258771
32820,0.021303818335181083
32821,0.220016
32822,0.09908867766173633
32823,0.18208755880012045
32824,0.349908
32825,0.09630975063794267
32826,0.0
32827,0.11903635098066295
32828,0.1789781505320476
32829,0.13197788714394426
32830,0.220016
32831,0.06281635617651288
32832,0.220016
32833,0.08765789024788988
32834,0.00845748957328222
32835,0.04316060645230045
32836,0.02586673678242494
32837,0.15390919825247887
32838,0.06850341352560575
32839,0.024503002497337
32840,0.18413394374616365
32841,0.219997
32842,0.30670050405305394
32843,0.157059289788625
32844,0.037469056811691555
32845,0.12142275504770696
32846,0.219997
32847,0.220016
32848,0.07624558588523783
32849,0.0193635366552599
32850,0.07786766642409483
32851,0.01253961741753467
32852,0.14613043594095723
32853,0.6122185686978052
32854,0.0
32855,0.219997
32856,0.4424038448480676
32857,0.220016
32858,0.004281755471856899
32859,0.0045947257204560655
32860,0.0011444109047108
32861,0.04207540579917215
32862,0.08882313281791675
32863,0.350009
32864,0.350009
32865,0.1573799832291023
32866,0.16206015298625914
32867,0.219997
32868,0.219997
32869,0.15048813196709554
32870,0.19758137864232572
32871,0.38638458809725185
32872,0.09969092754244459
32873,0.051154299520585825
32874,0.13004412836424153
32875,0.10951202438638753
32876,0.219997
32877,1.0
32878,0.12038420508962984
32879,0.4641047180021902
32880,0.004943804564640735
32881,0.04577819468711623
32882,0.349908
32883,0.007486996318836148
32884,0.05500415228612671
32885,0.14434236159305042
32886,0.027001418868305004
32887,0.05581065309046475
32888,0.5926807081587944
32889,0.08423797335369954
32890,0.15534382556436963
32891,0.38732586817093556
32892,0.219997
32893,0.219997
32894,0.44395713588236496
32895,0.350009
32896,0.0186708450930251
32897,0.219997
32898,0.13706662937477518
32899,0.20759012905859858
32900,1.0
32901,0.4600022630241924
32902,0.4572208594703534
32903,0.041053931010596796
32904,0.220016
32905,0.11324471251787635
32906,0.014164505540770665
32907,0.011688319817173866
32908,0.007227258340298817
32909,0.0031552083442126008
32910,0.07042319239468565
32911,0.007024335167216122
32912,0.040183868856832
32913,0.13576552677062875
32914,0.1752292234706388
32915,0.1327431817058136
32916,0.2144238210922061
32917,0.1341301379489762
32918,0.2519397598421952
32919,0.220016
32920,0.023704718061855787
32921,0.11894786560837879
32922,0.23263551134054042
32923,0.0515247256532627
32924,0.11084878215445655
32925,1.0
32926,1.0
32927,0.7154717228321081
32928,0.008201799900660018
32929,0.016841586421754415
32930,0.1476321042480116
32931,0.3502392266527238
32932,0.1184277146339103
32933,0.0
32934,0.06491124038820067
32935,0.07386918495424896
32936,0.11186048391673431
32937,0.03646951738547323
32938,0.5061866206981198
32939,0.05210223258978516
32940,0.08558067349324763
32941,0.19465226957300058
32942,0.1238057692979514
32943,0.06057511645642244
32944,0.10029325110417414
32945,0.350009
32946,0.220016
32947,0.0250834703370066
32948,0.13839622498120913
32949,0.14388941370758276
32950,0.1539848167928472
32951,1.0
32952,1.0
32953,0.8050950869244067
32954,0.008911215955963007
32955,0.024630254783158338
32956,0.12982776022344183
32957,0.0096102172984923
32958,0.5025312308647524
32959,0.046988821697558816
32960,0.220016
32961,0.06050512494183733
32962,0.1218448809855758
32963,0.03175513007441998
32964,0.19319276210311254
32965,0.14417506937162905
32966,0.263873683607928
32967,0.21627897407547503
32968,0.728632857297287
32969,0.6837622839290974
32970,0.22707624383973263
32971,0.219997
32972,0.14869018723657662
32973,0.08236320747266547
32974,0.15769300450320695
32975,0.08335632344704277
32976,0.04198773399733686
32977,0.09860924716795447
32978,0.15386332116180151
32979,0.027404268428534814
32980,0.219997
32981,0.032586498038163575
32982,1.0
32983,0.9987129917049317
32984,0.8758172834243962
32985,0.0614926984041747
32986,0.041498980538340474
32987,0.220016
32988,0.5372310965445343
32989,0.030770505856446743
32990,0.009769604921525933
32991,0.01618498326648102
32992,0.08684880581297676
32993,0.15966527013700865
32994,0.10101288227129648
32995,0.5019065656840781
32996,1.0
32997,0.08598090106493948
32998,0.19356762858517557
32999,0.20298688794869005
33000,0.219997
33001,0.10337571581450551
33002,0.22273737619823764
33003,0.2635332394356304
33004,0.11132612194386589
33005,0.10812738708033519
33006,0.21051765185042137
33007,0.10881324805621266
33008,0.03752020872222524
33009,0.350009
33010,0.350009
33011,0.220016
33012,0.16148165027603562
33013,0.028781839501579982
33014,0.20534189614865025
33015,0.1190366401482901
33016,0.219997
33017,0.02569302928677688
33018,0.020896742035760585
33019,0.023839302121965666
33020,0.035165552671946106
33021,0.08298655624554381
33022,0.055908077279401336
33023,0.350009
33024,1.0
33025,0.349908
33026,0.219997
33027,0.15407497665783726
33028,0.219997
33029,0.219997
33030,0.7248429335144467
33031,0.1443332374297005
33032,0.039924920248746866
33033,0.052458248735790705
33034,0.02484536346674401
33035,0.20063862217982512
33036,0.219997
33037,0.14211147442618083
33038,0.350009
33039,0.26861099375247943
33040,0.219997
33041,1.0
33042,0.220016
33043,0.220016
33044,0.220016
33045,0.016739099073693912
33046,0.048042152393210066
33047,0.6158640697178149
33048,0.08452030606910008
33049,0.04960139068499962
33050,0.051060927970138295
33051,0.08380279483205041
33052,0.219997
33053,0.529296624176117
33054,0.4444232859433932
33055,0.349908
33056,0.5225189867695335
33057,0.219997
33058,0.219997
33059,0.350009
33060,0.019615912423656463
33061,0.1778645974220846
33062,0.12574325765759392
33063,0.05406976459170543
33064,0.5780519837477528
33065,0.220016
33066,0.03742804759729848
33067,0.7733904742020976
33068,0.3623802649359985
33069,0.2193676553970644
33070,0.219997
33071,0.15007207597852307
33072,0.02295484006366095
33073,0.010668164266672851
33074,0.018141385282123005
33075,0.03364675950060353
33076,0.11231440697863271
33077,0.18274710260428756
33078,0.12803522819064228
33079,0.5396262642272308
33080,1.0
33081,0.5399059171737288
33082,0.349908
33083,0.852304142163574
33084,0.1693449698486182
33085,0.04541316058888517
33086,0.04642752648576136
33087,0.17900726378453713
33088,0.350009
33089,0.09406983709414211
33090,0.038796238845719866
33091,0.10642004602880313
33092,0.19328521763295153
33093,0.054354473742520615
33094,0.021562735556037632
33095,0.10661589540470906
33096,0.013271927129609062
33097,0.0
33098,0.19345020321331097
33099,0.08053288009089005
33100,0.1053150377578844
33101,0.350009
33102,0.28417584076444113
33103,0.350009
33104,1.0
33105,0.9651232429343254
33106,0.349908
33107,0.220016
33108,0.012226255358362054
33109,0.0
33110,0.06344798585233236
33111,0.1907643413697357
33112,0.051400759239885734
33113,1.0
33114,0.11595609917478876
33115,0.031624553537770404
33116,0.1040678899682897
33117,0.09046482299976824
33118,0.219997
33119,0.04813339449391822
33120,0.04541717946441013
33121,0.020146417247904374
33122,0.04400866372897158
33123,0.02205170124294236
33124,0.015191114617834333
33125,0.03831888669982638
33126,0.123274120837459
33127,0.17830443480145897
33128,0.9506121898638522
33129,0.4955425100900539
33130,0.350009
33131,1.0
33132,0.5594796186946859
33133,0.5932766769178117
33134,0.20637768473195797
33135,0.04666724627558996
33136,0.033001128283702774
33137,0.028258475656214137
33138,0.08103703854274255
33139,0.07469961720875987
33140,0.05142730370004134
33141,0.03262680875225962
33142,0.5974876886514005
33143,0.16466209749750346
33144,0.3839848015638898
33145,0.06221628459296323
33146,0.20624257196247525
33147,0.219997
33148,0.219997
33149,0.220016
33150,0.07885066836527925
33151,0.037121876185478415
33152,0.025929808755708245
33153,0.219997
33154,1.0
33155,0.352469142719686
33156,1.0
33157,0.350009
33158,0.349908
33159,0.219997
33160,0.2590154100010731
33161,0.047135050124739966
33162,0.044839459969193904
33163,0.083476081612584
33164,0.022556521718134617
33165,0.17125617866719237
33166,0.219997
33167,0.11786712227927201
33168,0.349908
33169,0.037766651437559064
33170,0.12707999736296538
33171,0.28043556550881077
33172,0.09692400037828618
33173,0.010672509386691238
33174,0.12623339941892608
33175,0.350009
33176,0.07077690651103255
33177,0.350009
33178,0.219997
33179,0.12280867155507369
33180,0.17436684289824803
33181,0.14630186570225953
33182,0.07317943476780167
33183,0.07062597537860646
33184,0.1630233386191301
33185,0.2011533087061828
33186,0.08255247168455379
33187,0.059845754786249455
33188,0.1616415543614266
33189,0.013106081408343032
33190,0.10431378930825601
33191,0.04118021557452206
33192,0.037051421116689257
33193,0.14405541173404232
33194,0.05841252576190484
33195,0.12626219769613586
33196,0.07068523642578547
33197,0.219997
33198,0.45059033292021167
33199,0.7097392508334401
33200,0.219997
33201,0.01500369531276593
33202,0.023930927917513348
33203,0.023536611867465293
33204,0.10999154248367668
33205,0.1039092737869291
33206,0.07701557502774548
33207,0.028669025627675367
33208,0.0376131990521023
33209,0.07197863835175553
33210,0.010672717620361132
33211,0.08528223666922526
33212,0.006791096665933967
33213,0.10035677295898363
33214,0.11673910705892176
33215,0.5057326537285929
33216,0.018850424751025815
33217,0.02650059453530434
33218,0.07772883312991681
33219,0.07133263214239488
33220,0.15549028072625032
33221,0.47400364727788924
33222,0.20395106713061706
33223,0.01232750811631309
33224,0.0
33225,0.220016
33226,0.012494057007992089
33227,0.061461126148162085
33228,0.02876876231864324
33229,0.08364061430661701
33230,0.15939445841004213
33231,0.017901478575058576
33232,0.017243583404115977
33233,0.010513846834778354
33234,0.30619866499113285
33235,0.1504758788555349
33236,0.002550024430114201
33237,0.029325292691853536
33238,0.219997
33239,0.0915236726839411
33240,0.05339822015755826
33241,0.036695716140066545
33242,0.05440727893275136
33243,0.07010430335946963
33244,0.350009
33245,0.05135423287892111
33246,0.0
33247,0.015273577898409423
33248,0.08432310605412802
33249,0.10382944636937945
33250,0.219997
33251,0.14738880656304354
33252,0.350009
33253,0.19931268876317995
33254,0.018120260945728398
33255,0.0129466822900458
33256,0.02933175842315302
33257,0.12748870273942642
33258,0.04492542480422172
33259,0.38255875624911734
33260,0.07004208991265515
33261,0.219997
33262,0.04239767972491741
33263,0.1398635650581088
33264,0.0717119172310916
33265,0.350009
33266,0.7905888797756478
33267,0.23116208995312115
33268,0.10894567671734517
33269,0.0136259475494431
33270,0.07416538413622326
33271,0.04091332589422834
33272,0.10113755636784112
33273,0.16497816649414543
33274,0.10303189940972535
33275,0.09108467929883556
33276,1.0
33277,0.03551621116495574
33278,0.12969724896798418
33279,0.14791968472869726
33280,0.09037700999974532
33281,0.026638465938877483
33282,0.1482485454846448
33283,0.3776961789277828
33284,0.07311092444749713
33285,0.220016
33286,0.053337539218439776
33287,0.025786674641407596
33288,0.07652012381533824
33289,0.006960214606163254
33290,0.13031087318820567
33291,0.026278351140821266
33292,0.042121205299728376
33293,0.08590658736695186
33294,0.09314815328509138
33295,0.025703555125689705
33296,0.04320696063308841
33297,0.14980243549418149
33298,0.051482065861240295
33299,0.104873895184575
33300,0.0665247804663458
33301,0.018036933309112116
33302,0.12252063870992867
33303,0.019460686572859334
33304,0.027515846527478516
33305,0.040769069844916905
33306,0.08749488658194661
33307,1.0
33308,0.03129850289994718
33309,0.19768921124492939
33310,0.0808086713655603
33311,0.06531509981612971
33312,0.06275401611166842
33313,0.048235075825879
33314,0.0042959754703967845
33315,0.028740742250409842
33316,0.350009
33317,0.04854078402913746
33318,0.00555042165256222
33319,0.007191900327688811
33320,0.06818880713839964
33321,0.27196026610372587
33322,0.005923968327025554
33323,0.13553721317131068
33324,0.044140186216864066
33325,0.025073600770188848
33326,0.005023709170947
33327,0.4037648885804854
33328,0.02972817367924189
33329,0.03268251741641031
33330,0.0047222436221273
33331,0.02306264594563565
33332,0.06544186093909948
33333,0.0025641590437538234
33334,0.046024026330915235
33335,0.1403671277977313
33336,0.10582763516064622
33337,0.0020149099347087
33338,0.1653323690324974
33339,0.21394406372306685
33340,0.158541192069249
33341,0.11987391851462689
33342,0.09465311570438965
33343,0.025990598149057336
33344,0.07226723921009734
33345,0.036092166746890406
33346,0.09954642667488847
33347,0.20767709151833022
33348,0.17298511567920036
33349,0.006420155899252507
33350,0.007535656517827729
33351,0.05397921529833909
33352,0.05018626235844092
33353,0.005667674092240399
33354,0.017716600774943497
33355,0.16458143691304328
33356,0.10386732135825105
33357,0.15657635467309997
33358,0.19923226701853614
33359,0.350009
33360,0.008545362255730124
33361,0.0
33362,0.024879349250062712
33363,0.004355181461116134
33364,0.018809605286074303
33365,0.03255106316805194
33366,0.011616337430256028
33367,0.0083497162846558
33368,0.20045290207993363
33369,0.03333046244844145
33370,0.057227610242925775
33371,0.007481920275978457
33372,0.016680393369280483
33373,0.08830423289176334
33374,0.00713666474103145
33375,0.01227302860560363
33376,0.019547528725338638
33377,0.20803425291416192
33378,0.04904730269626635
33379,0.03325586509660111
33380,0.04363593813186176
33381,0.0062537049344731
33382,0.17268788833033005
33383,0.02104944585499453
33384,0.04605256113182217
33385,0.04553170984965181
33386,0.4648873639811151
33387,0.15474961339972754
33388,0.07013525874989977
33389,0.1491741349055396
33390,0.012255972883322185
33391,0.07338919948985012
33392,0.0061589686385896975
33393,0.007796133711301078
33394,0.219997
33395,0.011835782735905201
33396,0.11689546289618312
33397,0.21877208611616095
33398,0.03687778792496452
33399,0.07107703059072257
33400,0.04733105439810881
33401,0.004434615203001348
33402,0.008625137176849543
33403,0.0144086899869454
33404,0.056096383049047974
33405,0.03079549559504486
33406,0.00931273509973261
33407,0.0074195065763561045
33408,0.1088254827186151
33409,0.07813722817330981
33410,0.28342618046601054
33411,0.0038658870930954005
33412,0.027899647634932502
33413,0.026895184866548835
33414,0.007458003546067865
33415,0.05859268880404441
33416,0.01829566573637986
33417,0.044890707450184544
33418,0.0014316687898526421
33419,0.012168294051193814
33420,0.0559580001134745
33421,0.3146533276641743
33422,0.26306708588956174
33423,0.016802251483719693
33424,0.219997
33425,0.012926615389056286
33426,0.0153824598003962
33427,0.008674177572417327
33428,0.0027991827139608
33429,0.0125806121037007
33430,0.02434926678827
33431,0.0278943470035466
33432,0.0143565422351503
33433,0.045786265831208
33434,0.03329036260335696
33435,0.0451257088024845
33436,0.0357376335848299
33437,0.219997
33438,0.07421293223326642
33439,0.0746642277594678
33440,0.350009
33441,0.01998782051734966
33442,0.1260949569944956
33443,0.0347569652518285
33444,0.349908
33445,0.3265463643976991
33446,0.0033453527946575
33447,0.2806546042597734
33448,0.043267741204757695
33449,0.350009
33450,0.219997
33451,0.13007523464523424
33452,0.09396062172723325
33453,0.010482544680504765
33454,0.3395435866328907
33455,1.0
33456,0.220016
33457,0.0758745323986923
33458,0.1703778516877488
33459,0.349908
33460,0.07451885453977619
33461,0.0001734797117276
33462,0.03269240401838401
33463,0.06959464577664962
33464,0.0010333617986100462
33465,0.030996194198653598
33466,0.11282143697204915
33467,0.26308444929793806
33468,0.7018842631315686
33469,0.6516204135680601
33470,0.059527370495823094
33471,0.027012388775282753
33472,0.1784757355948719
33473,0.219997
33474,0.05766532572539755
33475,0.0
33476,0.14770877670910368
33477,0.06489848704322054
33478,0.039399738142792726
33479,0.4724874649297306
33480,0.220016
33481,0.350009
33482,0.8611007470904883
33483,0.220016
33484,0.5394946210347111
33485,0.12652748100398276
33486,0.219997
33487,0.12796027756666833
33488,0.025602283638722873
33489,0.041188543291533555
33490,0.1779388585098903
33491,0.0069828904305973
33492,0.061144601894613376
33493,0.1812471051268923
33494,0.219997
33495,0.025585026112814498
33496,0.038906405342992695
33497,0.1476832655287264
33498,0.220016
33499,0.09958759381526318
33500,0.030559307576819877
33501,0.0132726552636271
33502,0.06463738072447371
33503,0.09897890590552826
33504,0.041364476985800085
33505,0.10267965237033969
33506,0.03866274723827659
33507,0.015695245588452766
33508,0.219997
33509,0.1262494820418486
33510,0.219997
33511,0.02186501153740688
33512,0.045305117207525544
33513,0.0
33514,0.6133332160218725
33515,0.219997
33516,0.12979932103831476
33517,0.3952756688019509
33518,0.7623454343185558
33519,0.0056002016483506405
33520,0.10578561756569987
33521,0.0776818409893446
33522,0.0145080652485284
33523,0.0612462333564598
33524,0.008108043497328792
33525,0.02792360929849385
33526,0.07844061982427361
33527,0.17103550883260835
33528,0.11664600972103008
33529,0.2565962229028798
33530,0.6022595017630894
33531,0.350009
33532,0.06544476268173946
33533,0.0
33534,0.017154392957788686
33535,0.024665234040786747
33536,0.349908
33537,0.007427377288212741
33538,0.1762470665364071
33539,0.0407989696702341
33540,0.349908
33541,0.6382523442078378
33542,0.220016
33543,0.020870544929110182
33544,0.00771789004235635
33545,0.084137120759904
33546,0.10307929110372324
33547,0.01953963441110123
33548,0.2110329738691508
33549,0.1600708064332532
33550,0.10624310557664285
33551,0.08226820122898104
33552,0.06321791433551033
33553,0.026982319554546
33554,0.024962672916204222
33555,0.028063540146373647
33556,0.03860548531356006
33557,0.12656565379040025
33558,0.11270912406614063
33559,0.220016
33560,0.04023285581443732
33561,0.047629060016078445
33562,0.054490960379380754
33563,0.01878298701835488
33564,0.01499999603945824
33565,0.04062357196819401
33566,0.07257747748417381
33567,0.024253251652407624
33568,0.04315019447472475
33569,0.5651115518340001
33570,0.38957291509481407
33571,0.07089773458035825
33572,0.042621784858355674
33573,0.02909531726095816
33574,0.08751657290473278
33575,0.02340927784172933
33576,0.036644959110240335
33577,0.024555106620001876
33578,0.01041908650428115
33579,0.0041998499976735
33580,0.220016
33581,0.06676257265774324
33582,0.03514622237049373
33583,0.031277657450842156
33584,0.005676170132666495
33585,0.10895372575398105
33586,0.09378950135236516
33587,0.350009
33588,0.350009
33589,0.350009
33590,0.06516319528786471
33591,0.08520277376022756
33592,0.014831672833640558
33593,0.08445647771744286
33594,0.022563304768418554
33595,0.220016
33596,0.034242486177259
33597,0.7423287753804783
33598,0.09394522159141476
33599,0.01992695450887293
33600,0.11648632504388017
33601,0.02458843984057129
33602,0.08191046282036901
33603,0.012905339672734155
33604,0.008509663156947428
33605,0.012202025030787367
33606,0.11393426018954918
33607,0.0249035780924385
33608,0.03589895076524699
33609,0.11346487398545149
33610,0.0237165997746747
33611,0.15213144082842733
33612,0.10321401835622872
33613,0.18406756971339533
33614,0.3272170431487209
33615,0.4011984126604581
33616,0.12701304703401597
33617,0.04891820365378502
33618,0.1296508361640041
33619,0.011078145030972318
33620,0.03755978052061789
33621,0.0
33622,0.11544535806773307
33623,0.0979401526261387
33624,0.08610266160071932
33625,0.09541990908900158
33626,0.13706450156412825
33627,0.10799600359000838
33628,0.04108706217436547
33629,0.02978475488953511
33630,0.024306777291093182
33631,0.17988369453843855
33632,0.024235266412572027
33633,0.09555780445836615
33634,0.0765205701353171
33635,0.01765054652979079
33636,0.014409402927675674
33637,0.062306370243731556
33638,0.13738093907333154
33639,0.10286868236894973
33640,0.16059009358779092
33641,0.17365921561541864
33642,0.350009
33643,0.219997
33644,0.23925020687864834
33645,0.03927171931848261
33646,0.13723870437299623
33647,0.0076250865517512
33648,0.05434585199310041
33649,0.09871381215036193
33650,0.09614452157465715
33651,0.04499514644858034
33652,0.04909656822774186
33653,0.09599643039642478
33654,0.028733578342117923
33655,0.07113134221169556
33656,0.06513677542452384
33657,0.021213774518659054
33658,0.0
33659,0.14462136404713216
33660,0.010751260475273116
33661,0.06480815478072803
33662,0.20138236306966587
33663,0.07602712931950484
33664,0.19518614126918182
33665,0.5285849405964339
33666,0.17615866814837727
33667,0.17191770667209066
33668,0.09075250308201166
33669,0.14364450759753555
33670,0.14237288829672767
33671,0.10298054377631125
33672,0.049418474076030464
33673,0.015003223319481226
33674,0.0102018795860533
33675,0.02631491807993082
33676,0.349908
33677,0.12073652586808747
33678,0.06435903708151837
33679,0.05549898152134062
33680,0.0206136265273911
33681,0.0
33682,0.015135585925130627
33683,0.009141511360596499
33684,0.10266670192720773
33685,0.5138456271578593
33686,0.08261347239146212
33687,0.07242575868977212
33688,0.1655514965834369
33689,1.0
33690,0.1743998972018927
33691,0.018089536877074482
33692,0.220016
33693,0.10158681312197033
33694,0.219997
33695,0.349908
33696,0.06753456481209535
33697,0.08612018566855216
33698,0.1775066945053471
33699,0.13110344216505926
33700,0.219997
33701,0.045293027802190966
33702,0.220016
33703,0.06177253091646627
33704,0.015215030079940853
33705,0.007272115438339683
33706,0.12740805739152689
33707,0.06608037608923206
33708,0.0199143798727751
33709,0.17470847164801967
33710,0.20490180466232738
33711,0.31865663292922675
33712,0.11030450395321427
33713,0.04499163296534456
33714,0.13792862247238896
33715,0.219997
33716,0.25458071805609445
33717,0.07221832498242203
33718,0.09222514492171313
33719,0.01193124653236567
33720,0.11237362898985712
33721,0.6548290387799078
33722,0.0
33723,0.219997
33724,0.46266284082053566
33725,0.220016
33726,0.0
33727,0.01381528424554885
33728,0.0010320594116247
33729,0.02835724144913335
33730,0.07482750480645495
33731,0.350009
33732,0.350009
33733,0.1476715645779196
33734,0.17715335779600033
33735,0.349908
33736,0.278402912642513
33737,0.14608957013944363
33738,0.1924734922321773
33739,0.349908
33740,0.0822826980926866
33741,0.04505420057540683
33742,0.14435807101512144
33743,0.11109590484869793
33744,0.349908
33745,0.9025348137453771
33746,0.09551143157405323
33747,0.4443809820725907
33748,0.0040191454894605
33749,0.04089265257649343
33750,0.219997
33751,0.015358921229286985
33752,0.00637426991669755
33753,0.07251476329275201
33754,0.08020921360460422
33755,0.027410533427370203
33756,0.04682339914794044
33757,0.504873207516358
33758,0.07511608678851203
33759,0.12985838190605914
33760,0.40507451713802567
33761,0.219997
33762,0.219997
33763,0.4790064728437162
33764,0.350009
33765,0.04063778995436494
33766,0.219997
33767,0.11725085146564877
33768,0.1695623612211855
33769,1.0
33770,0.4367501801392953
33771,0.349908
33772,0.048103703089852
33773,0.220016
33774,0.12503401578153445
33775,0.011914331625547465
33776,0.04014520263255696
33777,0.028070744861851432
33778,0.057409651695067655
33779,0.007393641051607515
33780,0.0014992743433393
33781,0.029724583421117102
33782,0.14019422135697662
33783,0.15070421284038082
33784,0.1452285000789359
33785,0.2168000355184832
33786,0.10187104592541951
33787,0.219997
33788,0.16665533713432013
33789,0.108687897402605
33790,0.2958273340276263
33791,0.04304787306127593
33792,0.10008199768643065
33793,1.0
33794,0.9599127702652598
33795,0.9445447918694485
33796,0.0201538706364582
33797,0.1378415748315176
33798,0.40436930638222923
33799,0.1194784188528514
33800,0.004091732891755434
33801,0.014804784573091983
33802,0.05926486521562408
33803,0.06527098108981566
33804,0.09918841332956271
33805,0.03283882836065373
33806,0.474683056246183
33807,0.042351386179497304
33808,0.08012313156781703
33809,0.18602826347395918
33810,0.1418860522153349
33811,0.07880149361629724
33812,0.10016003714224614
33813,0.350009
33814,0.206204937070681
33815,0.024715201884289897
33816,0.0715569907551469
33817,0.13294299032549778
33818,0.119425671596042
33819,1.0
33820,0.9947979371557051
33821,0.7566918183948224
33822,0.13055720794228703
33823,0.010743230124562705
33824,0.5260650756216232
33825,0.049628574797421915
33826,0.220016
33827,0.04000234586726223
33828,0.08738642815349569
33829,0.038565415394566475
33830,0.14366278330029436
33831,0.16636497275955156
33832,0.219997
33833,0.219997
33834,0.7104986254518225
33835,0.6145116612709882
33836,0.219997
33837,0.21643256841381275
33838,0.159664771321816
33839,0.05647251800717197
33840,0.17069603851579093
33841,0.08587282029690307
33842,0.03708227244355776
33843,0.0
33844,0.08486931498225347
33845,0.12881907583559654
33846,0.039750144482904114
33847,0.219997
33848,0.02202392303590995
33849,1.0
33850,0.9987129917049317
33851,0.8758172834243962
33852,0.0906177738441665
33853,0.016827365457871477
33854,0.22540710627929417
33855,0.5834780555865611
33856,0.010975507180253044
33857,0.013144713548028033
33858,0.005392832003024743
33859,0.16535497985796946
33860,0.11650632174066719
33861,0.4833350396827974
33862,1.0
33863,0.09915114311648919
33864,0.21681627620799054
33865,0.21622362412246593
33866,0.219997
33867,0.09570401730236702
33868,0.22516191807970623
33869,0.220016
33870,0.017715845792976876
33871,0.016757434711577396
33872,0.10866889886399689
33873,0.15866676868372837
33874,0.09753256106365256
33875,0.05204356875152254
33876,0.350009
33877,0.350009
33878,0.220016
33879,0.13281220604458704
33880,0.028781839501579982
33881,0.17586545552307906
33882,0.0906733303955754
33883,0.219997
33884,0.07756936030364597
33885,0.05367462613103779
33886,0.03975784450990687
33887,0.011171225378466609
33888,0.0825141915550194
33889,0.05173666712361424
33890,0.350009
33891,1.0
33892,0.219997
33893,0.3381703766147567
33894,0.16669359278045376
33895,0.219997
33896,0.21716490345371184
33897,0.7415200869826518
33898,0.11577894351078241
33899,0.02573236131153462
33900,0.0263719087149171
33901,0.03642492393102001
33902,0.18236796389855653
33903,0.219997
33904,0.219997
33905,0.3804270273584587
33906,0.30434579938033757
33907,0.21425506840251968
33908,1.0
33909,0.11470314486498817
33910,0.028757744096941467
33911,0.220016
33912,0.2532838865893444
33913,0.029405156900508312
33914,0.048720917818467664
33915,0.349908
33916,0.06254925055004779
33917,0.033692079601239724
33918,0.060241625158915194
33919,0.07261706206310413
33920,0.219997
33921,0.532883608264399
33922,0.435492018571376
33923,0.349908
33924,0.5019647786282613
33925,0.219997
33926,0.219997
33927,0.350009
33928,0.012681899316246973
33929,0.0
33930,0.1841044347953913
33931,0.07299967399881413
33932,0.07239913058954013
33933,0.6097190007566442
33934,0.220016
33935,0.013226704925881278
33936,0.6725364894478387
33937,0.349908
33938,0.1738761430202399
33939,0.18429146726259046
33940,0.15536018067485866
33941,0.04035248242132445
33942,0.010990299151616728
33943,0.024409092118046705
33944,0.028140476594861328
33945,0.1204717760082617
33946,0.16110343000763108
33947,0.12663544691717918
33948,0.544749460351489
33949,1.0
33950,0.5701936827151883
33951,0.349908
33952,0.9065366166654967
33953,0.14000136675128438
33954,0.02845893609793118
33955,0.05994610134980785
33956,0.1757572573978619
33957,0.32049202082050293
33958,0.06411122726019002
33959,0.038796238845719866
33960,0.10063522084189813
33961,0.20275231787914963
33962,0.017224021569493334
33963,0.09553767576898775
33964,0.04590325884464909
33965,0.014687872255235499
33966,0.002347746517649953
33967,0.0090406698798746
33968,0.0484393765794974
33969,0.15845667193627777
33970,0.07084525215868245
33971,0.1130469967816614
33972,0.350009
33973,0.2987314764567643
33974,0.350009
33975,1.0
33976,0.9328887120442745
33977,0.349908
33978,0.11682073847380622
33979,0.0
33980,0.004189727600054233
33981,0.04071117005153435
33982,0.2021600284596491
33983,0.016803822688551233
33984,1.0
33985,0.07696019328208936
33986,0.03423789835599733
33987,0.11505481935675749
33988,0.10577119792116443
33989,0.220016
33990,0.08109449767762311
33991,0.049114116015896325
33992,0.020146417247904374
33993,0.04151859684928478
33994,0.0
33995,0.040324762036550485
33996,0.11936530612276941
33997,0.18138784961808427
33998,0.9535323500496968
33999,0.4426728785024335
34000,0.350009
34001,1.0
34002,0.5476819538710724
34003,0.6663364718377763
34004,0.15006327205536718
34005,0.02967593810538106
34006,0.03897449167306987
34007,0.010904556336136836
34008,0.10237811149766074
34009,0.05898750878661996
34010,0.05460499753258794
34011,0.12814200749607133
34012,0.5530695766862923
34013,0.14554423925727386
34014,0.350009
34015,0.06931143053792183
34016,0.1765944978038234
34017,0.20450940183321875
34018,0.219997
34019,0.220016
34020,0.06666258975269815
34021,0.024415678361704517
34022,0.03972688773068554
34023,0.219997
34024,1.0
34025,0.36482085130213415
34026,1.0
34027,0.350009
34028,0.349908
34029,0.18369964258503396
34030,0.25992340005551173
34031,0.04820994806957636
34032,0.0121759193846002
34033,0.055701359745791795
34034,0.004061380411877716
34035,0.09848294761740026
34036,0.0
34037,0.13763288568555226
34038,0.219997
34039,0.12607446331205802
34040,0.349908
34041,0.03176836110954487
34042,0.09386995710125176
34043,0.22971573457372121
34044,0.0789726303102272
34045,0.010672509386691238
34046,0.00709936128612269
34047,0.10674094465204027
34048,0.27956288693443454
34049,0.055636913527643654
34050,0.350009
34051,0.24591844685864372
34052,0.12639051668035048
34053,0.185941025260002
34054,0.03110513047398675
34055,0.1602369230554558
34056,0.07273232053244788
34057,0.08986432095046586
34058,0.1684750449383705
34059,0.19728100452669523
34060,0.073631943691557
34061,0.0068743382654128
34062,0.220016
34063,0.0078476117346356
34064,0.07556948510723821
34065,0.04332172084604495
34066,0.1627943371853876
34067,0.04342523642885774
34068,0.13973036636684105
34069,0.10083949495765918
34070,0.219997
34071,0.349908
34072,0.7538693434788422
34073,0.219997
34074,0.0
34075,0.005617777079018286
34076,0.03208778748870475
34077,0.032930680381117225
34078,0.09758331185343888
34079,0.06422262894085741
34080,0.13427891836206998
34081,0.01967115337607147
34082,0.034798181119253056
34083,0.017278362816370508
34084,0.06562675555246843
34085,0.04287379420133733
34086,0.016319177129311597
34087,0.07575750195051625
34088,0.14319152072693592
34089,0.12131107967791596
34090,0.551163879419919
34091,0.022938327986641468
34092,0.042976946285805145
34093,0.08614544042897711
34094,0.07264868900711989
34095,0.1644696984659611
34096,0.46578929650164624
34097,0.18762259611343657
34098,0.220016
34099,0.012494057007992089
34100,0.019298732244755985
34101,0.02876876231864324
34102,0.07460006696068362
34103,0.2017574304443936
34104,0.06353117361616609
34105,0.016309171992900405
34106,0.008806054640945866
34107,0.017243583404115977
34108,0.010513846834778354
34109,0.349908
34110,0.0784002458717489
34111,0.0
34112,0.033908381943868436
34113,0.21274148582981878
34114,0.07972710527957991
34115,0.03877970319986386
34116,0.01598078451221994
34117,0.04199006426143506
34118,0.08018252549691383
34119,0.350009
34120,0.04165193719640911
34121,0.011343744729413659
34122,0.036238413248932205
34123,0.07687037672421573
34124,0.09957480395749545
34125,0.220016
34126,0.11461790021350614
34127,0.3217251304186577
34128,0.14221362613511795
34129,0.012626311968584597
34130,0.0063862537950078
34131,0.06109194454220402
34132,0.15985154425904352
34133,0.03947533780497682
34134,0.350009
34135,0.219997
34136,0.028451164323678113
34137,0.1686192460222721
34138,0.03684243408819861
34139,0.0268200948027578
34140,0.38982646186819114
34141,0.8005082799712158
34142,0.26709571185690595
34143,0.14414313673368637
34144,0.0043915609303697
34145,0.08541411120705546
34146,0.021742852660192734
34147,0.08724787882275913
34148,0.15478429997499832
34149,0.07865648686871955
34150,0.09460148360629445
34151,1.0
34152,0.03551621116495574
34153,0.07511162284604209
34154,0.017251026980765104
34155,0.04010751219154098
34156,0.08654683483848882
34157,0.015656815908977183
34158,0.2089134609091568
34159,0.480364585598295
34160,0.07932123582445834
34161,0.220016
34162,0.04451964742809467
34163,0.14770275671171723
34164,0.028961860036996554
34165,0.12490649394416876
34166,0.02201336886428627
34167,0.01572622503376287
34168,0.07939624061295877
34169,0.07363229865392158
34170,0.024264347009154204
34171,0.0589159918614805
34172,0.02489789944035341
34173,0.0191530998219043
34174,0.20922697659485062
34175,0.05865871666028766
34176,0.0947356461495876
34177,0.0535975421914206
34178,0.025810506142668915
34179,0.12492536396268887
34180,0.01861085041815503
34181,0.0865550004983697
34182,1.0
34183,0.046662962393920274
34184,0.19486043839820708
34185,0.0382113797688831
34186,0.0428747312298724
34187,0.03747844295594982
34188,0.0383622114522095
34189,0.01543722849291274
34190,0.350009
34191,0.03052104462241659
34192,0.007191900327688811
34193,0.06751124470678474
34194,0.23198064166716076
34195,0.051015741940480655
34196,0.11127065394214099
34197,0.059369562379135474
34198,0.025073600770188848
34199,0.04530827130383515
34200,0.349908
34201,0.0212654422241913
34202,0.03268251741641031
34203,0.01062676609370785
34204,0.012848584213973623
34205,0.03842989507400209
34206,0.0025641590437538234
34207,0.04915612731316324
34208,0.220016
34209,0.07761440857492491
34210,0.0467982534432392
34211,0.13089213883206352
34212,0.20849941216872353
34213,0.18231439981706107
34214,0.13785081382569297
34215,0.12195729900010646
34216,0.010116568086525238
34217,0.06577396826644183
34218,0.0324008046087786
34219,0.13641315677733637
34220,0.219997
34221,0.21822103571660667
34222,0.024785884238234336
34223,0.05128707672214432
34224,0.0035858042543307667
34225,0.010399431201524601
34226,0.008857764466938551
34227,0.022860008655648
34228,0.0226899143916628
34229,0.0246096343380875
34230,0.14527457740851707
34231,0.06974143748895176
34232,0.20238657945914346
34233,0.0185505831450729
34234,0.16408309741818033
34235,0.350009
34236,0.0
34237,0.005163577966398224
34238,0.011759715704384301
34239,0.04939949927155494
34240,0.007421002222613678
34241,0.02566581062819454
34242,0.021932055150943826
34243,0.016210337846531482
34244,0.013411628625566972
34245,0.0083497162846558
34246,0.14099703531782942
34247,0.025038413428382346
34248,0.08640806702048907
34249,0.007481920275978457
34250,0.09006312734476593
34251,0.05302684422344355
34252,0.0
34253,0.019547528725338638
34254,0.219997
34255,0.02582948758386435
34256,0.04179659146055791
34257,0.03828580372978926
34258,0.14159125143663998
34259,0.0337244469932719
34260,0.007584330820704904
34261,0.04553170984965181
34262,0.43628087026834317
34263,0.06531615810288224
34264,0.05643792734813498
34265,0.17935251199622193
34266,0.012255972883322185
34267,0.06332323355608371
34268,0.0123958048369539
34269,0.007796133711301078
34270,0.15958380355300747
34271,0.015457640916891302
34272,0.16460204712305712
34273,0.220016
34274,0.03365700438099688
34275,0.01595619760883242
34276,0.08958050345758588
34277,0.02398957414644481
34278,0.0
34279,0.018171985449287123
34280,0.036119349241882676
34281,0.00931273509973261
34282,0.1347834365583051
34283,0.05754423299326651
34284,0.006560547538566576
34285,0.33357507816305904
34286,0.0436558068137434
34287,0.007601345799214933
34288,0.007458003546067865
34289,0.006162414487516933
34290,0.0659574702156315
34291,0.007215452593038959
34292,0.04832870609773015
34293,0.0015284124836274
34294,0.010139829411682042
34295,0.0
34296,0.012168294051193814
34297,0.021664898608268295
34298,0.34878496332975867
34299,0.219997
34300,0.028402073885950924
34301,0.19673453372728195
34302,0.0153824598003962
34303,0.0
34304,0.0190223618754359
34305,0.024296615280792855
34306,0.0460646379901195
34307,0.0211496657381317
34308,0.0354166186915297
34309,0.03329036260335696
34310,0.17243386418854734
34311,0.055871926077459826
34312,0.350009
34313,0.005165946298530573
34314,0.0573360221842215
34315,0.0772170157294239
34316,0.1737467852906337
34317,0.383471662470955
34318,0.0365637381055869
34319,0.220016
34320,0.0
34321,0.350009
34322,0.09168220647756678
34323,0.1840168078320094
34324,0.12392906862102704
34325,0.0077439486736292
34326,0.13645549039603078
34327,0.350009
34328,0.9286830884678126
34329,0.3046843998518842
34330,0.0973688073346474
34331,0.0491773012313627
34332,0.349908
34333,0.04364149672575071
34334,0.0029102703884253
34335,0.044136095008822415
34336,0.0
34337,0.0
34338,0.0357333986485252
34339,0.07615539342451205
34340,0.31984752050229404
34341,0.5726487329760812
34342,0.5341049255885435
34343,0.021873220309920595
34344,0.0
34345,0.1804178852146242
34346,0.22469673340810747
34347,0.061615937579187555
34348,0.026547058157103978
34349,0.16194811621709937
34350,0.16250355684507883
34351,0.020606020003846898
34352,0.350009
34353,0.220016
34354,0.25959951462939007
34355,0.5542731519504422
34356,0.0658454486347331
34357,0.0
34358,0.5744379353640543
34359,0.11734112592363224
34360,0.219997
34361,0.08173718123313614
34362,0.09345110398501498
34363,0.022129109701138253
34364,0.219997
34365,0.09191432391972779
34366,0.219997
34367,0.0481196010637251
34368,0.03743962286799464
34369,0.051445772348949995
34370,0.1087963000151779
34371,0.26980695409168526
34372,0.06766855286762187
34373,0.0151305112815892
34374,0.05852944057001702
34375,0.10459366975760406
34376,0.035225321387952785
34377,0.0778241464652425
34378,0.0181390197910402
34379,0.022985054141083865
34380,0.18224881429887502
34381,0.0861545302612198
34382,0.219997
34383,0.0007915413001363
34384,0.0
34385,0.01911773941991362
34386,0.021152407293498002
34387,0.015851488168820985
34388,0.5368892708897555
34389,0.17769795003151073
34390,0.220016
34391,0.4251869114798151
34392,0.63233564972853
34393,0.11502541620853457
34394,0.0730111486510812
34395,0.02293750152545658
34396,0.0388507662231186
34397,0.02752679693710025
34398,0.009816819686795205
34399,0.17113497677529932
34400,0.04288219393644565
34401,0.09293215103699207
34402,0.219997
34403,0.5305155872894816
34404,0.008824035487355823
34405,0.350009
34406,0.038436796584456756
34407,0.03723624255858413
34408,0.043452878324623787
34409,0.3293725262709333
34410,0.004219834061666362
34411,0.019066881401667443
34412,0.1591174964251157
34413,0.0184795126757502
34414,0.350009
34415,0.5660731960826597
34416,0.18969426765123187
34417,0.020870544929110182
34418,0.020335393991648763
34419,0.0957228544737156
34420,0.10497526025202523
34421,0.219997
34422,0.1460343327033268
34423,0.09679453768424415
34424,0.10159390402791504
34425,0.06259644634864181
34426,0.004351019823920066
34427,0.0212718970995596
34428,0.07293176354627401
34429,0.022108977857743822
34430,0.023674648252380047
34431,0.03627798609289466
34432,0.14283512677487986
34433,0.11840068911192533
34434,0.220016
34435,0.03304883086485142
34436,0.07209098502719855
34437,0.048371025545201556
34438,0.01661706255432848
34439,0.021861816626113445
34440,0.03678531749544831
34441,0.06101986129768962
34442,0.04454463147190853
34443,0.08274434913392406
34444,0.46441163168142935
34445,0.43006773515381
34446,0.08204170230400186
34447,0.06153575041280397
34448,0.010839783074599445
34449,0.12997140191938739
34450,0.018930211615267534
34451,0.06437494509668343
34452,0.026935364271851468
34453,0.0545119961652083
34454,0.02885487794855055
34455,0.15274813180369393
34456,0.06854483119864835
34457,0.03515063074468927
34458,0.005676170132666495
34459,0.08329363204723955
34460,0.10160711760742674
34461,0.220016
34462,0.26408848588386236
34463,0.350009
34464,0.06802593178753782
34465,0.11151543740555056
34466,0.01727397717263746
34467,0.06364942021961627
34468,0.049569742932320256
34469,0.220016
34470,0.0667795905052297
34471,0.8433025037249329
34472,0.13228394845347308
34473,0.015183069454552549
34474,0.16401412098502485
34475,0.045498423776605595
34476,0.06906705842382432
34477,0.0227000180632219
34478,0.008509663156947428
34479,0.012202025030787367
34480,0.09639674537454428
34481,0.008183907613485515
34482,0.0358928747067371
34483,0.014492651861276424
34484,0.015324611356718388
34485,0.12179634075419929
34486,0.13757223837739563
34487,0.08539219887347602
34488,0.1795772677123584
34489,0.31121565409138124
34490,0.3906357685184697
34491,0.1370456084093239
34492,0.059031418708948416
34493,0.10835884218369402
34494,0.03470063975281552
34495,0.02349528079402789
34496,0.0
34497,0.0
34498,0.1626337132907772
34499,0.0877654583556356
34500,0.12564291044473602
34501,0.08609723949180767
34502,0.11674084772699755
34503,0.025320176682302662
34504,0.07484340290083599
34505,0.020000766177812865
34506,0.01990456007120633
34507,0.19953971725199904
34508,0.0032235064633128526
34509,0.09263900862934485
34510,0.0410305591821695
34511,0.008735822264913099
34512,0.007044778386339073
34513,0.04632371563814505
34514,0.11458317462197046
34515,0.08794518513447144
34516,0.1439906577249202
34517,0.16705630835752283
34518,0.350009
34519,0.22901304751412394
34520,0.22754401730595214
34521,0.0333920984235074
34522,0.17338472699862692
34523,0.0119289004992122
34524,0.06217843543668541
34525,0.09101884405532482
34526,0.12796938986705725
34527,0.056535683088345556
34528,0.13675099676410718
34529,0.06540982767149361
34530,0.10117327258446647
34531,0.07396076500800193
34532,0.004410994907263897
34533,0.014250137252925127
34534,0.10588971761204835
34535,0.004983891908544717
34536,0.06319308604130464
34537,0.219997
34538,0.11596509191162654
34539,0.1854597990703626
34540,0.57928394852062
34541,0.1541054254045262
34542,0.14798117255864623
34543,0.05317507887336727
34544,0.12970132199958656
34545,0.11261152138280026
34546,0.09687187905237414
34547,0.06770347636612467
34548,0.0288960816898904
34549,0.349908
34550,0.12617525571363916
34551,0.07706515244674907
34552,0.034180710759770326
34553,0.088375524654288
34554,0.028230474671170853
34555,0.0018045372218442003
34556,0.010115225292838498
34557,0.10600258557730723
34558,0.5482030409412935
34559,0.09444839181313232
34560,0.07748453306907943
34561,0.144155987288796
34562,1.0
34563,0.1383313709709003
34564,0.015898073628397784
34565,0.15976348099690524
34566,0.09157154518757862
34567,0.219997
34568,0.353671903809108
34569,0.08813403102049666
34570,0.0
34571,0.09215143997254836
34572,0.0917721864828269
34573,0.14638297150973867
34574,0.219997
34575,0.06803169498383056
34576,0.1620949248367876
34577,0.07840920150701457
34578,0.040462929924878856
34579,0.11609918695821257
34580,0.07128436037989265
34581,0.0343664467394634
34582,0.15963586879777364
34583,0.219997
34584,0.30206922784737444
34585,0.11357538562323917
34586,0.030084105568307158
34587,0.11894259926355596
34588,0.219997
34589,0.23388728732324363
34590,0.07999581861248944
34591,0.07936995866547793
34592,0.057737566560523576
34593,0.009167448184996289
34594,0.13457792779909292
34595,0.6086582977726952
34596,0.00762161916413754
34597,0.219997
34598,0.5240476463986273
34599,0.220016
34600,0.0
34601,0.0041302086219771085
34602,0.0001930226665626
34603,0.04427431736364775
34604,0.08892060546005705
34605,0.350009
34606,0.350009
34607,0.1526903264220319
34608,0.17737835085515846
34609,0.349908
34610,0.1849388769861477
34611,0.11325496345818073
34612,0.219997
34613,0.34906347079294364
34614,0.0853939559957322
34615,0.048225759836725626
34616,0.19921184740806303
34617,0.11368737430514333
34618,0.3011063284029468
34619,0.9047149945817198
34620,0.09549206766139184
34621,0.43010559197655884
34622,0.0157602626672365
34623,0.03885455751953973
34624,0.3209973658225246
34625,0.015358921229286985
34626,0.0
34627,0.07549478738634181
34628,0.08083030658632362
34629,0.0546084220086236
34630,0.08003344125870325
34631,0.4845046300340731
34632,0.06951309509227914
34633,0.15298827879593602
34634,0.349908
34635,0.219997
34636,0.28874548744700457
34637,0.45272098187649923
34638,0.350009
34639,0.349908
34640,0.18505851804775486
34641,0.1618849578621647
34642,1.0
34643,0.5232622047642432
34644,0.350009
34645,0.04059814838846949
34646,0.09008489192319329
34647,0.10031461076200104
34648,0.038112967746062466
34649,0.041088827462114064
34650,0.05542897000774636
34651,0.007393641051607515
34652,0.0029940147175569
34653,0.016787424650874603
34654,0.12721878529853803
34655,0.20370214350004623
34656,0.1556151606080434
34657,0.2098271184854043
34658,0.09349635025907461
34659,0.2055032148976534
34660,0.220016
34661,0.017426154037389282
34662,0.1365316054704929
34663,0.350009
34664,0.037111070425447
34665,0.13420858886251735
34666,1.0
34667,1.0
34668,0.8268644414207367
34669,0.2100410294964618
34670,0.4839748558342454
34671,0.1734860943084819
34672,0.0012689614699912134
34673,0.0
34674,0.014804784573091983
34675,0.033368722049980384
34676,0.06675410290385386
34677,0.1063512422910817
34678,0.03158454749836183
34679,0.5463167293932072
34680,0.048814700942917205
34681,0.09087195640905812
34682,0.1701758575877973
34683,0.1403801094074198
34684,0.03730400159927364
34685,0.09288159838794513
34686,0.25578877365438013
34687,0.17605948363749968
34688,0.053551932236342796
34689,0.1415858652121272
34690,0.12773094011396957
34691,0.16245428208714868
34692,1.0
34693,1.0
34694,0.6266706388091006
34695,0.008911215955963007
34696,0.03459283046781654
34697,0.11439059913330903
34698,0.0
34699,0.0006417594273623109
34700,0.5331837755159938
34701,0.040210680395431325
34702,0.25589048987322893
34703,0.07665892307992693
34704,0.1469269898618685
34705,0.12906816155918255
34706,0.17605967849948434
34707,0.219997
34708,0.219997
34709,0.665485822804823
34710,0.6184531859708973
34711,0.219997
34712,0.219997
34713,0.15714585262768233
34714,0.08159620263823697
34715,0.14234714116076042
34716,0.07973983647697949
34717,0.044341875270870953
34718,0.005654260886824931
34719,0.11201351220368397
34720,0.12185061357169043
34721,0.03223297327017501
34722,0.219997
34723,0.02334939152891545
34724,1.0
34725,0.9987129917049317
34726,0.8758172834243962
34727,0.0704808013003311
34728,0.035693030819201874
34729,0.22587002845754636
34730,0.02424048686340178
34731,0.537515839546745
34732,0.002846552720252144
34733,0.0017073683746290326
34734,0.006404604942343442
34735,0.09584819733332746
34736,0.16576469780418224
34737,0.0981620182513361
34738,0.450466457736106
34739,1.0
34740,0.11887784388611719
34741,0.16354683665340386
34742,0.18505562879022963
34743,0.219997
34744,0.08393738567495691
34745,0.27332244977722003
34746,0.16001341470868027
34747,0.0062302794922834
34748,0.12094688482145888
34749,0.13999131718877825
34750,0.13387904329342595
34751,0.027447987663990037
34752,0.350009
34753,0.350009
34754,0.220016
34755,0.09601150054715993
34756,0.028781839501579982
34757,0.19398314028874317
34758,0.09093262407710459
34759,0.25118312141050836
34760,0.06774410891810417
34761,0.046084429099207486
34762,0.03925252224624906
34763,0.014050317024544508
34764,0.0825267363551681
34765,0.03591872929553114
34766,0.350009
34767,1.0
34768,0.349908
34769,0.349908
34770,0.14855811947400877
34771,0.2510159328039749
34772,0.219997
34773,0.6959261348937782
34774,0.10797689732222261
34775,0.04290291457143752
34776,0.0698068248216144
34777,0.01754629317094701
34778,0.19978397313263033
34779,0.220016
34780,0.28098184517284425
34781,0.4162708518195387
34782,0.2571090914915594
34783,0.2196439402698956
34784,1.0
34785,0.220016
34786,0.028757744096941467
34787,0.220016
34788,0.219997
34789,0.04701749975398371
34790,0.07986163450301297
34791,0.219997
34792,0.07885464418380017
34793,0.04117651627999823
34794,0.0413962266101606
34795,0.08465429241549442
34796,0.219997
34797,0.5128692359271937
34798,0.4143969601884187
34799,0.349908
34800,0.349908
34801,0.219997
34802,0.219997
34803,0.350009
34804,0.0
34805,0.2033426962846481
34806,0.12913920314467173
34807,0.11324025560411782
34808,0.46255946535883846
34809,0.350009
34810,0.051765353581206576
34811,0.6583843000965991
34812,0.4633336910907765
34813,0.0033415830490166327
34814,0.1545216695500142
34815,0.2138150169248182
34816,0.18222350954462968
34817,0.03627336809091475
34818,0.02295484006366095
34819,0.0047772188170906995
34820,0.015687316026290046
34821,0.018275019869856704
34822,0.06929610203137163
34823,0.1405180029176743
34824,0.15413054576530816
34825,0.220016
34826,0.5556038238672472
34827,1.0
34828,0.6337233861745482
34829,0.349908
34830,0.8626956774670553
34831,0.1487291508919659
34832,0.0
34833,0.010547933095739273
34834,0.03430510536910596
34835,0.220016
34836,0.219997
34837,0.06146751593495951
34838,0.02467561770541565
34839,0.09201020591499423
34840,0.18067334372062244
34841,0.019854481855292934
34842,0.08445652096611175
34843,0.05380780163849729
34844,0.039425901617280795
34845,0.14422122064250648
34846,0.09634728646267524
34847,0.1306242072339195
34848,0.350009
34849,0.2935141138632055
34850,0.350009
34851,1.0
34852,0.9680947971991364
34853,0.349908
34854,0.11186506558254952
34855,0.033156461912431254
34856,0.02417336819268044
34857,0.033536018081505845
34858,0.219997
34859,0.02136380326588073
34860,1.0
34861,0.12159914524467856
34862,0.0406830213180913
34863,0.1250191165808666
34864,0.12690788511733975
34865,0.350009
34866,0.08503484204737483
34867,0.07335457916723413
34868,0.020146417247904374
34869,0.07460010833861838
34870,0.04603441834630888
34871,0.13536495013218602
34872,0.13643977365100476
34873,0.9178150421288738
34874,0.43400809045635197
34875,0.286203861639419
34876,1.0
34877,0.515559447292316
34878,0.6641596020579917
34879,0.1728890092291193
34880,0.01467594124465846
34881,0.0
34882,0.0
34883,0.08892928492352464
34884,0.09424794369160876
34885,0.03687354146193794
34886,0.05856141500520062
34887,0.6891400493492259
34888,0.13283290016496627
34889,0.349908
34890,0.09082203287927623
34891,0.15935556234283482
34892,0.220016
34893,0.28366465669365426
34894,0.220016
34895,0.012090828241619549
34896,0.018747303880623217
34897,0.043088632861046645
34898,0.219997
34899,1.0
34900,0.3705194577145482
34901,1.0
34902,0.3608708015218635
34903,0.42583625841165884
34904,0.18893899300028966
34905,0.219997
34906,0.0024483327227153
34907,0.0499906243230097
34908,0.0101107461574046
34909,0.06545567368272236
34910,0.022556521718134617
34911,0.1699617239090644
34912,0.219997
34913,0.09560258671258592
34914,0.349908
34915,0.029699898838777064
34916,0.05309865862286276
34917,0.350009
34918,0.05687343487413768
34919,0.03248084006837034
34920,0.11704457324303466
34921,0.3034264742504489
34922,0.05611458203661765
34923,0.2382948539629234
34924,0.219997
34925,0.1500793032674451
34926,0.2147384543121068
34927,0.040399251657399146
34928,0.16817167813361902
34929,0.10824140338259328
34930,0.08606973501437436
34931,0.220016
34932,0.1646685397240584
34933,0.0811140910292637
34934,0.0011714697867223
34935,0.220016
34936,0.013106081408343032
34937,0.14530847254956009
34938,0.07074995500726367
34939,0.06253713924768715
34940,0.1389367994843521
34941,0.045112639969121036
34942,0.08860914808682846
34943,0.06579826407149737
34944,0.219997
34945,0.349908
34946,0.9250653577428958
34947,0.19368880437049993
34948,0.0
34949,0.01500369531276593
34950,0.02399474612873642
34951,0.031044275121631094
34952,0.10516223832063987
34953,0.07899152282110741
34954,0.14365765707079448
34955,0.02397531783301566
34956,0.034798181119253056
34957,0.009858865075910082
34958,0.04235578264009862
34959,0.04475876790946463
34960,0.0157910742212707
34961,0.08790256276936195
34962,0.006791096665933967
34963,0.1444366088930194
34964,0.12046814234711306
34965,0.45457751116071754
34966,0.022938327986641468
34967,0.0312608695667486
34968,0.08751678835862892
34969,0.07963553733307469
34970,0.17774887361090863
34971,0.4900084657010607
34972,0.20812995835520906
34973,0.220016
34974,0.03262190935704548
34975,0.09403225186045802
34976,0.16789667410960374
34977,0.012862207145270477
34978,0.016309171992900405
34979,0.017243583404115977
34980,0.349908
34981,0.057489008817741896
34982,0.0027706468474199032
34983,0.013030740695097338
34984,0.036097896574362034
34985,0.219997
34986,0.077530321147113
34987,0.05978084467568436
34988,0.015177830136040142
34989,0.02903134861142216
34990,0.11158712730195884
34991,0.350009
34992,0.03059476037047691
34993,0.0050571761135617
34994,0.041110439977162565
34995,0.0459633988243012
34996,0.0506076642070426
34997,0.10807852665164425
34998,0.220016
34999,0.09996726910703904
35000,0.25723063439559934
35001,0.11175658578832974
35002,0.020334212115972895
35003,0.0152013407555213
35004,0.035619647639101616
35005,0.08884928698494513
35006,0.031068628108180323
35007,0.350009
35008,0.015113938522549499
35009,0.349908
35010,0.019176457898136615
35011,0.1347370561827922
35012,0.04271705034413621
35013,0.349908
35014,0.7067774662467692
35015,0.23302009394171252
35016,0.1335887210363174
35017,0.0092655924739389
35018,0.15887034203995246
35019,0.019307725643510736
35020,0.06623022012652542
35021,0.11880985997445313
35022,0.14723455160072157
35023,0.15158496609090455
35024,1.0
35025,0.03551621116495574
35026,0.11503307759470788
35027,0.05247264368184558
35028,0.07752098656433493
35029,0.023750786809279785
35030,0.219997
35031,0.589300968327882
35032,0.08884729234211433
35033,0.220016
35034,0.029399982490761575
35035,0.14010099051419372
35036,0.018974886491588454
35037,0.14518675446215826
35038,0.0021086717482440677
35039,0.010825568334022668
35040,0.07263219109311977
35041,0.07842444518885039
35042,0.013233658468089002
35043,0.0299044665723396
35044,0.08466380794124281
35045,0.021163064245957302
35046,0.219997
35047,0.0711110299168648
35048,0.03140226356904931
35049,0.03265221402792562
35050,0.14272226368068258
35051,0.07571245073384493
35052,0.11690336903211901
35053,1.0
35054,0.061369866165644674
35055,0.220016
35056,0.0517233962418761
35057,0.0498110010380123
35058,0.03631641012875102
35059,0.0240975773033267
35060,0.0019068196314648849
35061,0.02365321391766894
35062,0.4081641787668304
35063,0.03220121425738459
35064,0.007191900327688811
35065,0.012343486363396999
35066,0.015691906430850267
35067,0.05807333437478815
35068,0.1924570545565092
35069,0.04496725571986285
35070,0.1778270912068421
35071,0.04819752339945685
35072,0.025073600770188848
35073,0.03465387987493695
35074,0.4413483592193099
35075,0.0164019842771173
35076,0.026516694203613397
35077,0.0047222436221273
35078,0.0037243397206661996
35079,0.03936559170816249
35080,0.0025641590437538234
35081,0.04261304313152814
35082,0.2067543434294119
35083,0.08639616482851292
35084,0.04382221995181786
35085,0.157935620225097
35086,0.18162242532212713
35087,0.1627610656200374
35088,0.17693851562996077
35089,0.13249276167925256
35090,0.012875810271361837
35091,0.09974899065988754
35092,0.050663738891844196
35093,0.16692557095989577
35094,0.219997
35095,0.16968802241170197
35096,0.02363218067624649
35097,0.0
35098,0.018804268880148356
35099,0.047424587801307816
35100,0.004590781264223099
35101,0.008243143217136
35102,0.02270278111628365
35103,0.0199961021715737
35104,0.012489405420089783
35105,0.027128051332085797
35106,0.15694243205390046
35107,0.07589131041250176
35108,0.20134158323895707
35109,0.009423772527418368
35110,0.23940139398560042
35111,0.007940778533815085
35112,0.350009
35113,0.0108674648163537
35114,0.018134298485306198
35115,0.018875951870167457
35116,0.007628204438521609
35117,0.0159886639122013
35118,0.007421002222613678
35119,0.03719617424127904
35120,0.02055287263097163
35121,0.0
35122,0.004370508620450001
35123,0.1625674400490046
35124,0.01967821988033645
35125,0.07445582731909577
35126,0.007481920275978457
35127,0.016680393369280483
35128,0.08319527062921014
35129,0.006377422361805582
35130,0.007119939497624329
35131,0.20798505460879993
35132,0.03062901015242035
35133,0.03878393960333961
35134,0.0002505401560106
35135,0.02317844823807816
35136,0.12774278061362987
35137,0.04605256113182217
35138,0.0118111428286032
35139,0.007584330820704904
35140,0.04553170984965181
35141,0.349908
35142,0.07216185652321896
35143,0.06349117860249127
35144,0.1883819927740631
35145,0.04853811751012742
35146,0.0218410873033571
35147,0.14392702595274395
35148,0.0107199485725065
35149,0.1468209242088716
35150,0.17298453357609783
35151,0.003643713647480162
35152,0.030257797869402376
35153,0.10918373253289547
35154,0.0633570816783634
35155,0.024468409581776072
35156,0.016908384286635776
35157,0.140702528409605
35158,0.08729217033043701
35159,0.219997
35160,0.0320731751124357
35161,0.026895184866548835
35162,0.021216042192375214
35163,0.05984703204829981
35164,0.01577143124219136
35165,2.5525844085399e-05
35166,0.0224021680609946
35167,0.06485327467438454
35168,0.0
35169,0.0571000772663786
35170,0.3419120437127133
35171,0.24940527211246646
35172,0.052786849091221125
35173,0.219997
35174,0.0
35175,0.007374071492861963
35176,0.024296615280792855
35177,0.1046174668100918
35178,0.09489727222537189
35179,0.060382849184991504
35180,0.05347790374437305
35181,0.03329036260335696
35182,0.03398183410370854
35183,0.0993787105759305
35184,0.18318604947624925
35185,0.06912514688676613
35186,0.051832289308094776
35187,0.350009
35188,0.0
35189,0.1524095237929966
35190,0.0423854778622772
35191,0.350009
35192,0.2503745590278267
35193,0.08447903848886555
35194,0.0140110727577285
35195,0.013888303990193815
35196,0.350009
35197,0.0
35198,0.350009
35199,0.09168220647756678
35200,0.350009
35201,0.19444116177793094
35202,0.17891245744049944
35203,0.007483814906061024
35204,0.0
35205,0.25258598343785355
35206,0.0874089968564783
35207,0.8527867105968518
35208,0.25895947541452946
35209,0.0294318872600167
35210,0.349908
35211,0.0040180343690558035
35212,0.0165235836446934
35213,0.06086656875507482
35214,0.00371547831844141
35215,0.006339561206460547
35216,0.0167592185954335
35217,0.07622226307759165
35218,0.350009
35219,0.5465053643171539
35220,0.44486187553893813
35221,0.053919000797749264
35222,0.017944170933047857
35223,0.02492705740447028
35224,0.220016
35225,0.21115997137202935
35226,0.0058961631146957055
35227,0.019394557372205017
35228,0.032376118490183556
35229,0.037699301273331584
35230,0.08960488324303358
35231,0.220016
35232,0.011675608206894299
35233,0.3760863208507237
35234,0.220016
35235,0.22704348379753797
35236,0.6669675458269375
35237,0.04781563061161741
35238,0.4228672121256207
35239,0.017306648099691235
35240,0.09417764708246046
35241,0.219997
35242,0.050314250161075436
35243,0.09005467160614548
35244,0.02264111148273125
35245,0.1707898211475765
35246,0.05144613526688497
35247,0.17031324321383298
35248,0.1663432557753839
35249,0.0400266149874662
35250,0.00777559006409545
35251,0.1284929004921456
35252,0.2204314294206381
35253,0.04751176548295227
35254,0.0591536875219039
35255,0.06610405962022511
35256,0.06757761344999057
35257,0.010834090419914448
35258,0.0754567163001571
35259,0.08905591724461066
35260,0.046643543298900025
35261,0.0008117705891115962
35262,0.12880532849594423
35263,0.02186501153740688
35264,0.01973380734814984
35265,0.051904049964743015
35266,0.0240837745591539
35267,0.007894238083853575
35268,0.06699294228250639
35269,0.41046115163381797
35270,0.12069884214727604
35271,0.220016
35272,0.4168210712657677
35273,0.5588351898094983
35274,0.12550212982704148
35275,0.131032538932994
35276,0.0453532120471121
35277,0.04323966434488064
35278,0.08089242846076025
35279,0.220016
35280,0.050261442567071275
35281,0.219997
35282,0.4042910568545861
35283,0.350009
35284,0.057641834476010165
35285,0.02535827668465953
35286,0.05178948541867448
35287,0.33867928589980706
35288,0.0
35289,0.034222759008297444
35290,0.1442256930407054
35291,0.350009
35292,0.5459230519306255
35293,0.19136480444652376
35294,0.03590023701396195
35295,0.020335393991648763
35296,0.0835388597113057
35297,0.12664156044789404
35298,0.0093416767516824
35299,0.03003509423727543
35300,0.015306361103644308
35301,0.1604336431462368
35302,0.1498036341681627
35303,0.09421224625167815
35304,0.08558564196342333
35305,0.04549635782607112
35306,0.0341540792424585
35307,0.03411947189266142
35308,0.046087842614061944
35309,0.03803839016190026
35310,0.16974529122110493
35311,0.07565897600833113
35312,0.1625245320852764
35313,0.04018276174990765
35314,0.052606520603234445
35315,0.07694476579711795
35316,0.026529825630930332
35317,0.01693069340524604
35318,0.03153223769989741
35319,0.060717549175645216
35320,0.03596990459703643
35321,0.13375571671907685
35322,0.5141973825978036
35323,0.45291677456311064
35324,0.08343203591137886
35325,0.03807961469203047
35326,0.021242085889236345
35327,0.13180367635705975
35328,0.014184346007978632
35329,0.015386410714367851
35330,0.08280805218243883
35331,0.018213237822293865
35332,0.06269264729867785
35333,0.220016
35334,0.04942289540156035
35335,0.009042804605518128
35336,0.03515063074468927
35337,0.09496761173983355
35338,0.08728892850617165
35339,0.23744321352730052
35340,0.24001728397221933
35341,0.350009
35342,0.07377145234757371
35343,0.07161356273095125
35344,0.02671882660654426
35345,0.049888169989648665
35346,0.03876584437480785
35347,0.009031489265594
35348,0.220016
35349,0.0710071336410758
35350,0.733407381479674
35351,0.13408068144677937
35352,0.01797978033100035
35353,0.11668389308227166
35354,0.02990389348980589
35355,0.08721141779319552
35356,0.016219887517737397
35357,0.008509663156947428
35358,0.10176224024446087
35359,0.048346811073533225
35360,0.022063809917187586
35361,0.08388925358994069
35362,0.0336558567260961
35363,0.13858394397940482
35364,0.0764898248241283
35365,0.1555458878805645
35366,0.2962691736331703
35367,0.35014631319709266
35368,0.11305007381599697
35369,0.03891430236026132
35370,0.12653348098199932
35371,0.03386652873490932
35372,0.04952439940510189
35373,0.1372526439385794
35374,0.15372853750806018
35375,0.134377585831284
35376,0.04039584795063157
35377,0.10987660129138216
35378,0.008397350961143463
35379,0.04083264490204208
35380,0.029328602065848433
35381,0.01229042860462538
35382,0.219997
35383,0.010101815159765493
35384,0.024235266412572027
35385,0.06631340486489394
35386,0.06569015530166639
35387,0.009894866258332472
35388,0.03177154540694586
35389,0.09360549570296364
35390,0.09681636667060314
35391,0.16303533057718173
35392,0.15334821702353474
35393,0.350009
35394,0.22065327725593104
35395,0.23906047364166913
35396,0.03927171931848261
35397,0.14612304270683624
35398,0.03863928035111771
35399,0.09719702949849421
35400,0.11055788956361966
35401,0.017089627470355535
35402,0.012259878890783215
35403,0.16611281737926267
35404,0.031238862023459824
35405,0.11505051013532996
35406,0.011575517190363226
35407,0.06951396741100864
35408,0.006689863195752128
35409,0.005045356927748853
35410,0.0
35411,0.13309437995206877
35412,0.015314367812238015
35413,0.036718505911556135
35414,0.21911101471978767
35415,0.08519009867104274
35416,0.184090367049229
35417,0.5762115832052253
35418,0.14788711790261277
35419,0.14859318439061586
35420,0.08483066245540156
35421,0.16487458482243095
35422,0.12256100131654515
35423,0.10124841577789634
35424,0.07411509598923527
35425,0.29571039419485157
35426,0.1727913093805402
35427,0.05715887853857557
35428,0.017291467448065624
35429,0.0695012573649876
35430,0.017985739620861342
35431,0.03531462953155995
35432,0.016280141507074297
35433,0.022754317205264205
35434,0.08062910205862042
35435,0.349908
35436,0.08744614192681133
35437,0.06907028612289302
35438,0.15541935253246641
35439,1.0
35440,0.21592939330057653
35441,0.01928014732142158
35442,0.220016
35443,0.09058592500485063
35444,0.25194365501923965
35445,0.349908
35446,0.09919265021949206
35447,0.10264126239251076
35448,0.1354833671790286
35449,0.09974772890602607
35450,0.185981886969438
35451,0.05818781623077077
35452,0.220016
35453,0.023455974859558068
35454,0.05464456964076825
35455,0.0011036928610041838
35456,0.01693930094936014
35457,0.10389577965825526
35458,0.049278582318284754
35459,0.036677430853332305
35460,0.14660868076534206
35461,0.21095504696011366
35462,0.29775271004417936
35463,0.09309802547419067
35464,0.032787455195732354
35465,0.11805779596586646
35466,0.219997
35467,0.23338050028214533
35468,0.09544383062827204
35469,0.08690120221937293
35470,0.06001991087134258
35471,0.06311408840571822
35472,0.6768495322135993
35473,0.0
35474,0.219997
35475,0.5046644420891233
35476,0.219997
35477,0.0
35478,0.0045947257204560655
35479,0.01381528424554885
35480,0.03683466610299885
35481,0.08186615064897415
35482,0.3119279956667309
35483,0.350009
35484,0.160668361030909
35485,0.17483889745695297
35486,0.219997
35487,0.24359572059109608
35488,0.14924897218240984
35489,0.219997
35490,0.35202015215487575
35491,0.09293351522591939
35492,0.005626604848140675
35493,0.03462528402311405
35494,0.07936125203294044
35495,0.17112942336987122
35496,0.12130879195459163
35497,0.219997
35498,0.9571732902030238
35499,0.10599968802536894
35500,0.4192525990867566
35501,0.0
35502,0.03217171249514153
35503,0.3191023168178457
35504,0.06258848353070201
35505,0.08262318179737341
35506,0.036956132717266804
35507,0.09094050280733125
35508,0.004233996190908918
35509,0.5212029720093599
35510,0.07873332006577774
35511,0.14925438211620243
35512,0.349908
35513,0.219997
35514,0.349908
35515,0.349908
35516,0.350009
35517,0.04063778995436494
35518,0.219997
35519,0.219997
35520,0.14621870021517258
35521,1.0
35522,0.4853256925941606
35523,0.350009
35524,0.019775868083657396
35525,0.06660851138706679
35526,0.15235900679707243
35527,0.06840246854978736
35528,0.028549850369558767
35529,0.007227258340298817
35530,0.0080311450589328
35531,0.07311541470082897
35532,0.007393641051607515
35533,0.0061254568376604
35534,0.0103853341309457
35535,0.11738087661058734
35536,0.19945791229447732
35537,0.1717947728148869
35538,0.1829701523539425
35539,0.092050125953301
35540,0.220016
35541,0.15804482769911452
35542,0.0
35543,0.1790621329543181
35544,0.299776984101615
35545,0.0272500679194412
35546,0.12572862814587155
35547,1.0
35548,1.0
35549,0.7863376483273259
35550,0.008201799900660018
35551,0.030997024663078403
35552,0.03988219645895332
35553,0.1292485255643968
35554,0.45334741151847635
35555,0.10696485878637979
35556,0.0068537416267567125
35557,0.0
35558,0.044756314007660385
35559,0.07193867540255745
35560,0.12048898895262751
35561,0.029300815407719127
35562,0.4601739518801911
35563,0.047207052985065105
35564,0.06931038725069844
35565,0.1859651669263101
35566,0.1095735905909686
35567,0.06391229277979593
35568,0.06544909239441084
35569,0.26509708510415186
35570,0.1706226884263484
35571,0.0390402544141214
35572,0.219997
35573,0.16742347598273105
35574,0.1487830252557573
35575,1.0
35576,1.0
35577,0.6695757621094618
35578,0.034619146626029836
35579,0.14464083380154352
35580,0.010743230124562705
35581,0.0
35582,0.5075323783120683
35583,0.007646523913858318
35584,0.2653302497965808
35585,0.09785513546706014
35586,0.1384574086366022
35587,0.027749696477239776
35588,0.07796192874564575
35589,0.14958345780926924
35590,0.219997
35591,0.219997
35592,0.6400035886629107
35593,0.6509049183660877
35594,0.219997
35595,0.219997
35596,0.1356296572958438
35597,0.08989749609566378
35598,0.13101977385044253
35599,0.08574016674529189
35600,0.03294360630636815
35601,0.0
35602,0.11467293893171347
35603,0.21726273337952984
35604,0.048036201106787815
35605,0.2020965200690848
35606,0.020462713577823248
35607,1.0
35608,0.9987129917049317
35609,0.8758172834243962
35610,0.0628039749818982
35611,0.06408570335837568
35612,0.220016
35613,0.4430983844005358
35614,0.02163512614771956
35615,0.005785976493903501
35616,0.002760291985627333
35617,0.007517220646778042
35618,0.07887208158558326
35619,0.13084378176703976
35620,0.10861970916451119
35621,0.43780425700121994
35622,1.0
35623,0.09964557136834619
35624,0.15657543451073005
35625,0.21577661063525475
35626,0.219997
35627,0.08344192092555822
35628,0.2604400972479726
35629,0.14256117920167377
35630,0.04350293654883448
35631,0.0631847987542916
35632,0.12233369442460969
35633,0.17883998714233884
35634,0.08412022101434946
35635,0.007245772094958338
35636,0.349908
35637,0.350009
35638,0.219997
35639,0.16223569729133575
35640,0.0995261984691813
35641,0.219997
35642,0.019693988733271578
35643,0.025723956179267288
35644,0.019478572819682766
35645,0.0
35646,0.1052374234091684
35647,0.06488254475399843
35648,0.3025333638736474
35649,1.0
35650,0.349908
35651,0.219997
35652,0.19994952883971007
35653,0.219997
35654,0.219997
35655,0.6893681390673898
35656,0.10383465094717031
35657,0.10294214748202281
35658,0.0540688254671324
35659,0.03881764829432501
35660,0.219997
35661,0.219997
35662,0.28606618185873683
35663,0.44339903002567493
35664,0.350009
35665,0.19022534789831178
35666,1.0
35667,0.220016
35668,0.028757744096941467
35669,0.1660336617304271
35670,0.219997
35671,0.036860576487049615
35672,0.04977712593311127
35673,0.5237636616791941
35674,0.05632923444672458
35675,0.042000863107358524
35676,0.0666259922161504
35677,0.07278522454278642
35678,0.219997
35679,0.545420540334863
35680,0.41035488576731227
35681,0.6948719645517523
35682,0.4200793934967435
35683,0.219997
35684,0.219997
35685,0.4078176183872693
35686,0.020560016671708
35687,0.2089487490738263
35688,0.10856550308644013
35689,0.08785022291361473
35690,0.6138971529965882
35691,0.3139700130615395
35692,0.03313795589144908
35693,0.6569393374666168
35694,0.4468558776997664
35695,0.0033415830490166327
35696,0.1026716292250199
35697,0.18160179728812337
35698,0.10631838472908275
35699,0.05236086164250875
35700,0.0208104359346718
35701,0.0330008500461837
35702,0.04104529699271883
35703,0.12563945067960852
35704,0.170111350485958
35705,0.14816407386403946
35706,0.5240390154090981
35707,1.0
35708,0.5960814588033376
35709,0.349908
35710,0.8372705872219284
35711,0.1306197533159713
35712,0.03178587520557398
35713,0.017328267782395858
35714,0.220016
35715,0.219997
35716,0.056248121999904005
35717,0.037794798965899754
35718,0.09971639208584933
35719,0.17496785866510853
35720,0.0447571203695933
35721,0.03839798747761913
35722,0.07650764007806206
35723,0.017797423237339998
35724,0.003290582853440298
35725,0.02849856274841699
35726,0.0090406698798746
35727,0.039917765857099496
35728,0.15116858208731315
35729,0.07766694096769985
35730,0.0784570144428379
35731,0.350009
35732,0.31522461528011636
35733,0.350009
35734,1.0
35735,0.9140438178866187
35736,0.349908
35737,0.13041079647100992
35738,0.0
35739,0.009671127086579245
35740,0.06104498922817875
35741,0.219997
35742,0.009397615956495853
35743,0.03470650106647393
35744,1.0
35745,0.11227594369571826
35746,0.0350388410617906
35747,0.0796668971955955
35748,0.16182875379305484
35749,0.220016
35750,0.07121724932264202
35751,0.09151568894782053
35752,0.020146417247904374
35753,0.05290160216056128
35754,0.04317605919710888
35755,0.1341816997439131
35756,0.15589414538376967
35757,0.9350628744997549
35758,0.4698349037549224
35759,0.30872372002455406
35760,1.0
35761,0.5364341644679893
35762,0.6841345145259023
35763,0.219997
35764,0.02868692744438056
35765,0.010626630118319672
35766,0.006391349311558034
35767,0.13235059098275503
35768,0.12648628959875485
35769,0.07595369153277115
35770,0.220016
35771,0.5516805174262197
35772,0.15075101792893658
35773,0.349908
35774,0.07233385173553702
35775,0.14992987088310714
35776,0.21562502053946925
35777,0.219997
35778,0.22675891882075844
35779,0.038458048759652655
35780,0.003461635844352
35781,0.023961264218076716
35782,0.006675235266855099
35783,0.03696983346434704
35784,0.219997
35785,1.0
35786,0.350009
35787,1.0
35788,0.350009
35789,0.4256314070235051
35790,0.18503075150123216
35791,0.219997
35792,0.03372480653315636
35793,0.0462617110493864
35794,0.0068677917987085
35795,0.10079987684147965
35796,0.022556521718134617
35797,0.11737599951704648
35798,0.219997
35799,0.06830499957750452
35800,0.349908
35801,0.033465579155391764
35802,0.11245303718399206
35803,0.41797641159728505
35804,0.07047886768597288
35805,0.0030172680769109
35806,0.11630556772805567
35807,0.3039186235376465
35808,0.06470175533948697
35809,0.2405711715728831
35810,0.219997
35811,0.1426411292525725
35812,0.219997
35813,0.031077739030069242
35814,0.14049283417795352
35815,0.14263788545894288
35816,0.09370136975423475
35817,0.1475415972833754
35818,0.0053356104388628
35819,0.219997
35820,0.06170162791344679
35821,0.05627176582027721
35822,0.220016
35823,0.013106081408343032
35824,0.03658493796211925
35825,0.1758310752794972
35826,0.06942152188332126
35827,0.14443523047744072
35828,0.07328144551736074
35829,0.11543743847237346
35830,0.06868799602550577
35831,0.219997
35832,0.349908
35833,0.8860309131098147
35834,0.19604979096360303
35835,0.0
35836,0.0
35837,0.01500369531276593
35838,0.022418150855044748
35839,0.035705299011317394
35840,0.10295406774526608
35841,0.0845111764274182
35842,0.220016
35843,0.025824768952856268
35844,0.026894693348014403
35845,0.053619059936218724
35846,0.04091033179171153
35847,0.06590792029314116
35848,0.134820634404483
35849,0.13418031264424776
35850,0.44532825147769095
35851,0.020731512820611617
35852,0.08306821105795961
35853,0.09128668982658189
35854,0.1642651347428029
35855,0.5105032186925771
35856,0.219997
35857,0.0511150333780699
35858,0.022415034743549268
35859,0.219997
35860,0.06157612045704629
35861,0.08074459193862092
35862,0.1613947351333465
35863,0.07144831664620196
35864,0.008806054640945866
35865,0.017243583404115977
35866,0.010513846834778354
35867,0.350009
35868,0.0
35869,0.013030740695097338
35870,0.03877065977397394
35871,0.20991516083057127
35872,0.0651360604472742
35873,0.04787335647822976
35874,0.02773667477949089
35875,0.044739688139604064
35876,0.08261212336353033
35877,0.2659742653265105
35878,0.026016666838932213
35879,0.025506802328743965
35880,0.0771643727793378
35881,0.03601427862269953
35882,0.14817553435738565
35883,0.220016
35884,0.05397195500217824
35885,0.2670979588088893
35886,0.11434680263334744
35887,0.031545445933475594
35888,0.0111785670556786
35889,0.047143198563721816
35890,0.10648904513398193
35891,0.05431095279915703
35892,0.3353096332207931
35893,0.349908
35894,0.026372477181686515
35895,0.166425440535244
35896,0.05636701656485641
35897,0.0167436912775491
35898,0.34449738952585207
35899,0.7175774951355095
35900,0.220016
35901,0.13291500369083678
35902,0.10242802047900196
35903,0.04986846986148834
35904,0.11342667129988372
35905,0.17372239145870905
35906,0.07877983091521915
35907,0.11374462776413985
35908,1.0
35909,0.12862048719489289
35910,0.06282517456787198
35911,0.06649065522676323
35912,0.029537752742346685
35913,0.219997
35914,0.4531681590520083
35915,0.056990435994851735
35916,0.220016
35917,0.03469882989641057
35918,0.19791043197545313
35919,0.004165852955099954
35920,0.13401898662825956
35921,0.011713720824550768
35922,0.02088107070404417
35923,0.10929172524123848
35924,0.09016584436494948
35925,0.030971622788685503
35926,0.1550660588532284
35927,0.016180839293260335
35928,0.0275100034782406
35929,0.2634708889175425
35930,0.0650277419929545
35931,0.045596384657655004
35932,0.0349226410770571
35933,0.04082842660422434
35934,0.16798525816489165
35935,0.13586394337792504
35936,1.0
35937,0.08151335206743526
35938,0.220016
35939,0.0996189597867682
35940,0.0590581400272996
35941,0.051227817476130325
35942,0.0304450928936417
35943,0.019189160723307837
35944,0.4081168213360922
35945,0.03011530249733359
35946,0.00555042165256222
35947,0.007191900327688811
35948,0.0294041293036118
35949,0.01143589869641813
35950,0.10270923050756486
35951,0.14967944621906515
35952,0.04284661223187096
35953,0.1400965881625656
35954,0.06024815627394446
35955,0.025073600770188848
35956,0.005023709170947
35957,0.03747197596752975
35958,0.37410609031520203
35959,0.0336479818436137
35960,0.0047222436221273
35961,0.014511309514937351
35962,0.033314888490051
35963,0.03281557286340209
35964,0.061239433247584296
35965,0.2179066816020386
35966,0.11364106510565111
35967,0.044077508826360315
35968,0.016135641778741047
35969,0.147159851533529
35970,0.19671913817507475
35971,0.19119951053086529
35972,0.1519610262107703
35973,0.09841000250772536
35974,0.00036027926260973845
35975,0.08538587716940435
35976,0.0418933092429421
35977,0.13458782986261536
35978,0.219997
35979,0.220016
35980,0.006420155899252507
35981,0.025935357111186587
35982,0.03313651179487898
35983,0.018804268880148356
35984,0.04365182803665271
35985,0.006198160989956599
35986,0.015075707202274708
35987,0.008712740224042753
35988,0.013284263657054051
35989,0.0208888149976162
35990,0.0667922618364571
35991,0.08812534808297007
35992,0.10780492203516426
35993,0.17626663291832495
35994,0.24469004283900023
35995,0.007940778533815085
35996,0.349908
35997,0.018875951870167457
35998,0.007628204438521609
35999,0.021629682431854
36000,0.051946543152111835
36001,0.03180303049628504
36002,0.009835412726766128
36003,0.0
36004,0.0070731192390241
36005,0.1119104524673454
36006,0.014147548409406848
36007,0.13925450087492577
36008,0.08140989135309043
36009,0.00844828631601345
36010,0.006377422361805582
36011,0.02520402548983713
36012,0.18402503798924863
36013,0.03291747683829015
36014,0.08364610189661092
36015,0.008701800917093393
36016,0.040055555346861754
36017,0.0363457164006543
36018,0.16018511302072166
36019,0.02262322320417534
36020,0.349908
36021,0.10089959148944685
36022,0.12466089734721357
36023,0.13275286749971552
36024,0.012255972883322185
36025,0.06193029793835532
36026,0.029299484837604695
36027,0.12450853589744657
36028,0.0221761665610912
36029,0.13528154439389162
36030,0.17869596165025775
36031,0.01819748171979856
36032,0.025598381498441576
36033,0.09513180346384967
36034,0.06221494602509621
36035,0.034384826221239076
36036,0.03164021311382596
36037,0.1331311638628101
36038,0.0958699204402615
36039,0.219997
36040,0.0480555843335314
36041,0.026895184866548835
36042,0.006162414487516933
36043,0.012318603483042817
36044,0.062205358110206214
36045,0.014945656241812658
36046,0.011582411654296843
36047,0.0
36048,0.040472434267356
36049,0.32421295819070656
36050,0.27993052382412426
36051,0.03612736019149582
36052,0.15970561461867283
36053,0.0
36054,0.0375945432146427
36055,0.0567643540451384
36056,0.0350812448861212
36057,0.03800710373324767
36058,0.09229535940079489
36059,0.0247920502785923
36060,0.1188964835966849
36061,0.0202682050242722
36062,0.0404046913570383
36063,0.09293560312253155
36064,0.08038845304834358
36065,0.350009
36066,0.005165946298530573
36067,0.0621344672841299
36068,0.0705884376997878
36069,0.220016
36070,0.350009
36071,0.0104596888484548
36072,0.0078958455169168
36073,0.030046455468844203
36074,0.220016
36075,0.0
36076,0.350009
36077,0.09168220647756678
36078,0.10082849663612081
36079,0.14414832685338616
36080,0.219997
36081,0.0
36082,0.350009
36083,0.9602305622907177
36084,0.22235404975314962
36085,0.0614334035708024
36086,0.0379950684522269
36087,0.349908
36088,0.0
36089,0.0201740032132107
36090,0.08754156717725402
36091,0.0277598805478588
36092,0.0037854763536538903
36093,0.07200693742313755
36094,0.220016
36095,0.5970553431778572
36096,0.4717053110929936
36097,0.0924347396089964
36098,0.10309373035922326
36099,0.220016
36100,0.14315590428653796
36101,0.029284290536580913
36102,0.04835639464039296
36103,0.02943634994792788
36104,0.06602914160759417
36105,0.10209422107724636
36106,0.4124658889854797
36107,0.220016
36108,0.220016
36109,0.5956321120857759
36110,0.0471662011239882
36111,0.0
36112,0.3547805377449554
36113,0.017306648099691235
36114,0.09667958693154044
36115,0.219997
36116,0.04083234878263084
36117,0.09555835517984798
36118,0.06218934714078986
36119,0.1093203875942341
36120,0.12303200063601746
36121,0.18943437536334656
36122,0.1716630026093907
36123,0.03743962286799464
36124,0.019865341868749997
36125,0.1697190791175855
36126,0.2597199606363891
36127,0.07242142170641608
36128,0.02219894363500887
36129,0.0570720104550135
36130,0.08352990644625671
36131,0.10058415368341546
36132,0.04112429800649258
36133,0.08524403713842044
36134,0.03864499087604716
36135,0.219997
36136,0.016576365982869996
36137,0.09185994380868412
36138,0.07056176286406204
36139,0.06543027571210472
36140,0.010881576142434669
36141,0.4476379299206782
36142,0.220016
36143,0.11689527347331496
36144,0.350009
36145,0.4563293466789508
36146,0.11578929235225716
36147,0.08646231790995319
36148,0.02293750152545658
36149,0.0398231861836032
36150,0.08021070805013115
36151,0.12329822607754251
36152,0.04320523394006035
36153,0.06251949729924217
36154,0.3115916132016061
36155,0.47054413808559054
36156,0.350009
36157,0.10264818230911156
36158,0.00886818331687304
36159,0.020274552601807286
36160,0.04006087152105314
36161,0.349908
36162,0.004219834061666362
36163,0.0
36164,0.010464037793753576
36165,0.0639719994767306
36166,0.0172559616913905
36167,0.350009
36168,0.5678371872558048
36169,0.12896441890505186
36170,0.022779511823121552
36171,0.03698148756193305
36172,0.1222135895695979
36173,0.14547870987108816
36174,0.030824099720972796
36175,0.02859672795522603
36176,0.007012679347319251
36177,0.156374615687408
36178,0.16997754578311058
36179,0.13488228380960965
36180,0.10287812384739684
36181,0.024753129090322422
36182,0.0518412404772825
36183,0.03188627119587632
36184,0.039576285094993446
36185,0.032089238180836865
36186,0.16717207847692078
36187,0.09426923257694443
36188,0.20740616420794772
36189,0.04018276174990765
36190,0.06129120111720884
36191,0.05525445852965416
36192,0.02056402036620058
36193,0.02106323888782234
36194,0.027976941532546012
36195,0.04805131885317572
36196,0.029569584805813627
36197,0.09545046313812446
36198,0.5451013439028792
36199,0.47506797230850084
36200,0.05208277539347385
36201,0.05854630132489497
36202,0.011111644081039646
36203,0.13833883279564246
36204,0.05205864205403553
36205,0.015386410714367851
36206,0.12908679381186222
36207,0.031770690383840866
36208,0.05325806547286625
36209,0.2779854221883551
36210,0.030969640337448943
36211,0.029780235533423627
36212,0.008536403088240755
36213,0.06231367695175345
36214,0.09982114350060525
36215,0.261061341775892
36216,0.23166795071852853
36217,0.22034929193109642
36218,0.09296135578556881
36219,0.09102312982320675
36220,0.01983056937685896
36221,0.04376699186535347
36222,0.04617035246534945
36223,0.2512686682206461
36224,0.1065095418547683
36225,0.693084680024187
36226,0.12085621293969606
36227,0.08600326647275336
36228,0.02379132690143719
36229,0.034995330624105696
36230,0.05528389382876818
36231,0.0469861050459048
36232,0.01983852955559009
36233,0.08401883013903709
36234,0.0351200247973789
36235,0.14055298298976593
36236,0.10173761164698392
36237,0.1502258623854802
36238,0.24067013317962643
36239,0.3786631021062665
36240,0.09844948026474198
36241,0.03555758066055202
36242,0.08873489834347861
36243,0.014134440508185518
36244,0.01213409187975779
36245,0.09354399078380607
36246,0.06348541487187889
36247,0.09781184414273152
36248,0.06654060406611229
36249,0.12443976878193055
36250,0.024213249241277164
36251,0.048686095853877384
36252,0.01836528031665353
36253,0.219997
36254,0.0122190552101274
36255,0.02180208408143775
36256,0.07582276266995394
36257,0.046418125233387
36258,0.0037028499221127727
36259,0.03938715606060086
36260,0.09189473089709835
36261,0.12666354211702954
36262,0.12036315076898532
36263,0.16860995153349545
36264,0.2931419313547424
36265,0.220016
36266,0.220016
36267,0.03927171931848261
36268,0.13218318475301194
36269,0.046357731902985505
36270,0.10932238709862002
36271,0.12278832271524866
36272,0.0
36273,0.016833489223176415
36274,0.07749301825714697
36275,0.16249287915871946
36276,0.007714528948600723
36277,0.06718773768147616
36278,0.039747363135403634
36279,0.12764730470831087
36280,0.016490649164873215
36281,0.052729182407110234
36282,0.21175253235123928
36283,0.09138491210726593
36284,0.220016
36285,0.6244260341425727
36286,0.158634405300055
36287,0.16253347020886866
36288,0.07550118529667096
36289,0.10361827118778334
36290,0.11094870158914735
36291,0.10138628361140464
36292,0.10009037009401486
36293,0.0096986141390268
36294,0.03773595684665242
36295,0.308143829245194
36296,0.16061655152107507
36297,0.06314691193702257
36298,0.0
36299,0.044031416083849
36300,0.0135576073575927
36301,0.0010930759546034508
36302,0.0
36303,0.08685069390816222
36304,0.48595089151651966
36305,0.08021380682765232
36306,0.07699607600360153
36307,0.1394751993503201
36308,1.0
36309,0.20062575167254243
36310,0.016840598944330182
36311,0.15493024235524314
36312,0.09307419375899484
36313,0.24899347135776803
36314,0.36040737102883863
36315,0.09674198826919936
36316,0.021178131843311097
36317,0.15158902564370957
36318,0.085418370961263
36319,0.09134164932342746
36320,0.20208843036645238
36321,0.040476005848474765
36322,0.220016
36323,0.058810876964551534
36324,0.04098483381943725
36325,0.0
36326,0.02922725000871884
36327,0.04550570362613707
36328,0.061295972092951956
36329,0.0516943170526004
36330,0.13567238539273005
36331,0.2183671306506897
36332,0.31371216854775485
36333,0.12279773803232057
36334,0.026909081482949855
36335,0.12190762296536387
36336,0.219997
36337,0.219997
36338,0.08454486002514994
36339,0.08123158557982012
36340,0.06041860006572827
36341,0.05944408686872752
36342,0.5541345843480214
36343,0.0
36344,0.2113811023143214
36345,0.349908
36346,0.219997
36347,0.0
36348,0.0045947257204560655
36349,0.0081490699526824
36350,0.04340124955944655
36351,0.04705917257052185
36352,0.2516735076053309
36353,0.350009
36354,0.1699830210161958
36355,0.17387639720937195
36356,0.219997
36357,0.23290872320998318
36358,0.11947431715999234
36359,0.219997
36360,0.3591054624814938
36361,0.06650405208783769
36362,0.07085516888824973
36363,0.18443043600011283
36364,0.09297187997167483
36365,0.349908
36366,0.9377062754740385
36367,0.12842620416558276
36368,0.4119109965576956
36369,0.004943804564640735
36370,0.04293427029526303
36371,0.219997
36372,0.061394100634099016
36373,0.09804100148232801
36374,0.035950587584407404
36375,0.08147607550967724
36376,0.004233996190908918
36377,0.5429629627138013
36378,0.09829324418905083
36379,0.17677240336573133
36380,0.349908
36381,0.219997
36382,0.219997
36383,0.349908
36384,0.18595096667992084
36385,0.04063778995436494
36386,0.3199601690431119
36387,0.220016
36388,0.1464110970380411
36389,1.0
36390,0.3676543146115764
36391,0.350009
36392,0.018717727582753398
36393,0.220016
36394,0.15304093901439034
36395,0.016748466011351163
36396,0.023445734230529966
36397,0.007227258340298817
36398,0.00922124368236023
36399,0.04877320645963745
36400,0.0128974317504023
36401,0.0154741902847958
36402,0.10233609410128694
36403,0.17398324121895703
36404,0.1475770192358542
36405,0.18764307715351802
36406,0.09958000684046271
36407,0.1804251504823367
36408,0.12689733965247313
36409,0.006225418564306787
36410,0.1298387531163325
36411,0.3225024675680087
36412,0.10534239804509055
36413,1.0
36414,1.0
36415,0.7040228962252493
36416,0.008201799900660018
36417,0.0260777600579118
36418,0.08241250529575642
36419,0.44186322369807685
36420,0.1426008046346877
36421,0.0
36422,0.0
36423,0.0010798120364958
36424,0.020445962072594116
36425,0.06319101489781259
36426,0.06113808023982115
36427,0.11553745814492292
36428,0.49852474381295436
36429,0.05210223258978516
36430,0.07415290053093854
36431,0.1768072332642302
36432,0.10054062061599489
36433,0.055565374455976535
36434,0.07197743701015753
36435,0.350009
36436,0.1501364545421086
36437,0.17124495788917202
36438,0.14549529428311048
36439,0.1506900290368737
36440,1.0
36441,1.0
36442,0.5643737218069775
36443,0.03180303499437594
36444,0.13727129863642262
36445,0.010743230124562705
36446,0.0
36447,0.358360440122435
36448,0.0
36449,0.23767216093169977
36450,0.12341019640241382
36451,0.15344658223238108
36452,0.024631609315685275
36453,0.14102567990750456
36454,0.16137582507353404
36455,0.219997
36456,0.219997
36457,0.6816415405865802
36458,0.6611740094377537
36459,0.219997
36460,0.21942496359069585
36461,0.1148375899071774
36462,0.08810406287691366
36463,0.14202373927786444
36464,0.08383087943662867
36465,0.050196853552896756
36466,0.12175718247677038
36467,0.16170841774784
36468,0.07391172411418341
36469,0.15378996169138018
36470,0.02575566054920325
36471,1.0
36472,0.9987129917049317
36473,0.8758172834243962
36474,0.0200509405404804
36475,0.07943344825900528
36476,0.220016
36477,0.47914936804449376
36478,0.027691595239772743
36479,0.014255684595824726
36480,0.024041597766247143
36481,0.11901094418773135
36482,0.11885471188354789
36483,0.4895831615790883
36484,1.0
36485,0.09533937878594148
36486,0.16865265415829006
36487,0.18267469958468274
36488,0.219997
36489,0.06764381964208391
36490,0.22793892906913815
36491,0.15593446028877236
36492,0.029503082177457476
36493,0.0767623528238215
36494,0.1700396927617135
36495,0.14340806222982475
36496,0.09300575813518996
36497,0.47296100937411323
36498,0.39093184776669154
36499,0.168110152335459
36500,0.09166526987204633
36501,0.17540003632312406
36502,0.055481876701746494
36503,0.219997
36504,0.02625396249413508
36505,0.04261708673990869
36506,0.05917469685702697
36507,0.00314599356873564
36508,0.07984993899430382
36509,0.06536929003789835
36510,0.350009
36511,1.0
36512,0.219997
36513,0.219997
36514,0.18385175850461016
36515,0.219997
36516,0.219997
36517,0.742380209191529
36518,0.12381128447843721
36519,0.0595852213201247
36520,0.02136613433341291
36521,0.15735235212905274
36522,0.1934499117841042
36523,0.350009
36524,0.3191849879761779
36525,0.278116624176002
36526,0.219997
36527,1.0
36528,0.220016
36529,0.028757744096941467
36530,0.09797352615517632
36531,0.21175191655804
36532,0.01627679185110551
36533,0.045256594470249364
36534,0.7052752250970824
36535,0.07180750929424978
36536,0.034626537772781525
36537,0.0505280438832051
36538,0.07039863335029822
36539,0.219997
36540,0.554657867599791
36541,0.349908
36542,0.6623220570613487
36543,0.4749366834181704
36544,0.219997
36545,0.2090451199947974
36546,0.31968750601660356
36547,0.019615912423656463
36548,0.219997
36549,0.06464588640318572
36550,0.10910285572976433
36551,0.517256669603017
36552,0.34160214548689266
36553,0.07036653302692147
36554,0.664540770839718
36555,0.4013443187896316
36556,0.0033415830490166327
36557,0.0994959586560927
36558,0.21377178276508738
36559,0.10212475053078185
36560,0.04733090271139865
36561,0.020260598705982402
36562,0.04100713989364357
36563,0.05388279945611533
36564,0.12524516304951783
36565,0.15292307901323077
36566,0.1949127230585702
36567,0.5683953269991708
36568,1.0
36569,0.584207415283152
36570,0.349908
36571,0.8100632733925452
36572,0.1629967590133074
36573,0.014049679194236237
36574,0.011772441345278876
36575,0.06653556700294486
36576,0.220016
36577,0.219997
36578,0.0639743407697656
36579,0.06847753569737865
36580,0.07958396213264363
36581,0.19317989410493852
36582,0.0643775749815337
36583,0.03894591465552553
36584,0.14073476095846404
36585,0.009237982908451398
36586,0.02390081158587229
36587,0.0090406698798746
36588,0.0399575371127555
36589,0.13431283773186176
36590,0.08515136839792685
36591,0.08784010806338689
36592,0.350009
36593,0.3323937139448765
36594,0.350009
36595,1.0
36596,0.955036225279279
36597,0.349908
36598,0.16949458170737863
36599,0.015569957888028556
36600,0.004189727600054233
36601,0.04603046419088175
36602,0.17105549304631248
36603,0.008996787692339952
36604,0.03775068961470073
36605,1.0
36606,0.09221954913388816
36607,0.028654981839287504
36608,0.07769796046890828
36609,0.11184900088613964
36610,0.220016
36611,0.06548215714150432
36612,0.054372691089930134
36613,0.004559375704487785
36614,0.06848418445466609
36615,0.030667416446999465
36616,0.008178970872370035
36617,0.03587630827108388
36618,0.15074116681980643
36619,0.13113853146993276
36620,0.8609438395356614
36621,0.47377850214191847
36622,0.286401522312725
36623,1.0
36624,0.349908
36625,0.349908
36626,0.219997
36627,0.03221441320717966
36628,0.013328911634285272
36629,0.006552021396398735
36630,0.10202836087283834
36631,0.12292077347362065
36632,0.03562655957585244
36633,0.06132132000211222
36634,0.6396143678747753
36635,0.20141239761618018
36636,0.3854476068594476
36637,0.04922853066543732
36638,0.16381050479289355
36639,0.219997
36640,0.219997
36641,0.220016
36642,0.06175202684610574
36643,0.03901184528841543
36644,0.0006360013615699998
36645,0.03635935456543925
36646,0.219997
36647,1.0
36648,0.350009
36649,1.0
36650,0.3550800866108229
36651,0.4409687359095451
36652,0.18477914767112857
36653,0.219997
36654,0.030157200745014365
36655,0.0704537453717822
36656,0.06329243731797506
36657,0.022556521718134617
36658,0.139179998410151
36659,0.219997
36660,0.027205790343715813
36661,0.349908
36662,0.048033124027431866
36663,0.13365406440740385
36664,0.4087693081211138
36665,0.10779713298340068
36666,0.010672509386691238
36667,0.00709936128612269
36668,0.1754495593171317
36669,0.32215236299378586
36670,0.049994220129960854
36671,0.2693876944369921
36672,0.219997
36673,0.09956137693099659
36674,0.2011867376090492
36675,0.039767959957435046
36676,0.12785132412210423
36677,0.13838394155090056
36678,0.08724380014652236
36679,0.19103243079437338
36680,0.18903383113375122
36681,0.06265588096197429
36682,0.17344364604344759
36683,0.013106081408343032
36684,0.039869931264707247
36685,0.220016
36686,0.05193049277837805
36687,0.14120552576856643
36688,0.06530297060357644
36689,0.11813355777556625
36690,0.08452716491969257
36691,0.2120030281595484
36692,0.349908
36693,0.7776059083752556
36694,0.20373008067870343
36695,0.0
36696,0.0
36697,0.011057920796060187
36698,0.02399474612873642
36699,0.014538910594841196
36700,0.12283260013762656
36701,0.05459354191236901
36702,0.220016
36703,0.02397531783301566
36704,0.0168543434770154
36705,0.01797949593475858
36706,0.03484244758539683
36707,0.03521455028744793
36708,0.020576631046883096
36709,0.07863515236145516
36710,0.1325329944239564
36711,0.13664578069778308
36712,0.5015754094937993
36713,0.022938327986641468
36714,0.0312608695667486
36715,0.08451634398939431
36716,0.06168594743851229
36717,0.14604789866360832
36718,0.48977912854993794
36719,0.219997
36720,0.0112042835340656
36721,0.012942624191412268
36722,0.220016
36723,0.051177477152272985
36724,0.08551198982391482
36725,0.219997
36726,0.017243583404115977
36727,0.350009
36728,0.0171874107328168
36729,0.013030740695097338
36730,0.038026783274408435
36731,0.21777181519273925
36732,0.0684208333080093
36733,0.06938014772404946
36734,0.02773667477949089
36735,0.03425739839033106
36736,0.09064979147189284
36737,0.219997
36738,0.038881739157682074
36739,0.05722388461166016
36740,0.0111406717433831
36741,0.050366558356511326
36742,0.10953324739715885
36743,0.220016
36744,0.024536242555426135
36745,0.2964445651011657
36746,0.11038609819165854
36747,0.01203243237430738
36748,0.060721689659799814
36749,0.10073944593114863
36750,0.07004208991265515
36751,0.349908
36752,0.349908
36753,0.020247600290405315
36754,0.1382218109542441
36755,0.05856151358624491
36756,0.37178769644801046
36757,0.7791131927103628
36758,0.20905095285800634
36759,0.15910651906869436
36760,0.0136259475494431
36761,0.08492728657138757
36762,0.08805572318641433
36763,0.08040427914880822
36764,0.10499101436414124
36765,0.10129591322801995
36766,0.12362302019040025
36767,1.0
36768,0.03206089933882197
36769,0.10706665151137659
36770,0.04127220205432848
36771,0.08049190897439612
36772,0.07072873088118109
36773,0.219997
36774,0.422591487756816
36775,0.045444389006604434
36776,0.220016
36777,0.03723300451059197
36778,0.219997
36779,0.019274355043835872
36780,0.12486799521792427
36781,0.006541675478347667
36782,0.02654456341735467
36783,0.06283014981988738
36784,0.09448208664916459
36785,0.033003562826415804
36786,0.01882692772635913
36787,0.14670042547050352
36788,0.0263711119946562
36789,0.219997
36790,0.040760661778454
36791,0.04072180212208031
36792,0.040640915267499814
36793,0.15067681856166587
36794,0.07513707004658773
36795,0.0539536113842708
36796,0.060845342301531186
36797,0.0741042629851833
36798,1.0
36799,0.11202856148614856
36800,0.19993585826378948
36801,0.073490382300346
36802,0.0909968833078916
36803,0.04708708927200922
36804,0.022860623336248498
36805,0.029040091527689736
36806,0.37617775475609416
36807,0.032267066236938494
36808,0.00555042165256222
36809,0.0033848464968189575
36810,0.007191900327688811
36811,0.05788873116633715
36812,0.23977178086704498
36813,0.19610076497861761
36814,0.06511979029082426
36815,0.03777824607837565
36816,0.349908
36817,0.0055606498459789
36818,0.060944864554759
36819,0.03543266904492425
36820,0.024035059527670488
36821,0.03823998722894094
36822,0.220016
36823,0.09923175869619662
36824,0.0350566582361455
36825,0.030115759115908164
36826,0.1515173400086684
36827,0.219997
36828,0.17056114163724498
36829,0.1258631116945995
36830,0.12503420671883805
36831,0.01919662012757064
36832,0.04575286486003994
36833,0.11019084022673976
36834,0.219997
36835,0.220016
36836,0.006420155899252507
36837,0.018447792500143986
36838,0.026656226035473386
36839,0.00953536850140276
36840,0.03810474374758382
36841,0.011484299953451701
36842,0.022404587529248916
36843,0.07168920605111859
36844,0.12449559464825746
36845,0.09754472272865386
36846,0.12962919282346697
36847,0.0406981821494099
36848,0.220016
36849,0.007940778533815085
36850,0.349908
36851,0.00997775857095861
36852,0.009312566597835904
36853,0.03867749069154544
36854,0.007421002222613678
36855,0.02036797206612354
36856,0.022584005081181024
36857,0.016210337846531482
36858,0.0070731192390241
36859,0.10682391896646082
36860,0.02403447155323695
36861,0.16117841332039348
36862,0.0069689171197498505
36863,0.12185881602695353
36864,0.017063397047071247
36865,0.21323624749116193
36866,0.038784568416898646
36867,0.05863757735212501
36868,0.008701800917093393
36869,0.07369358031646694
36870,0.01052517061805875
36871,0.0392060363889329
36872,0.21829033318597396
36873,0.349908
36874,0.09276489870780485
36875,0.052999234202733475
36876,0.09184129531360671
36877,0.030923336238354415
36878,0.022986711048024897
36879,0.15833880832874156
36880,0.025042439531282802
36881,0.17910990057659512
36882,0.21925706547483215
36883,0.038382362812329165
36884,0.04009786035720497
36885,0.04701649135254617
36886,0.012425787867717983
36887,0.026459313474288135
36888,0.0100154667631482
36889,0.02213799120521418
36890,0.03012282645287637
36891,0.00931273509973261
36892,0.1813849337985513
36893,0.12770877292624572
36894,0.0039814601075136
36895,0.219997
36896,0.045891778377393805
36897,0.014912919879832079
36898,0.006162414487516933
36899,0.012318603483042817
36900,0.08579508704206931
36901,0.02704511284575946
36902,0.044335955218673145
36903,0.061116033602298545
36904,0.025156415918527096
36905,0.219997
36906,0.350009
36907,0.05055295157949163
36908,0.220016
36909,0.0
36910,0.024296615280792855
36911,0.0
36912,0.0395365183033191
36913,0.045324024955795204
36914,0.10401360272141241
36915,0.0446485281111335
36916,0.0304672815665668
36917,0.0068544472200616
36918,0.14535890237241803
36919,0.04126940620151553
36920,0.04975205756536647
36921,0.350009
36922,0.04147784167617535
36923,0.0082405909542391
36924,0.04207891475956081
36925,0.2729335081386799
36926,0.28360537128238833
36927,0.02385502171539567
36928,0.04623310362610067
36929,0.013888303990193815
36930,0.350009
36931,0.0
36932,0.350009
36933,0.010715822026589501
36934,0.0857806571417614
36935,0.17222433945811524
36936,0.11817865112303905
36937,0.009336104508840168
36938,0.0018733214202723003
36939,0.350009
36940,0.07481444053046128
36941,0.9749063500227908
36942,0.220016
36943,0.0416317670864828
36944,0.349908
36945,0.0
36946,0.0092376102093069
36947,0.05602954699900521
36948,0.0
36949,0.14240685591025093
36950,0.220016
36951,0.7514929280592004
36952,0.6385672559497184
36953,0.053919000797749264
36954,0.1303110339971085
36955,0.05748137086712098
36956,0.034756597493755065
36957,0.004354657931551979
36958,0.04508285596586978
36959,0.14975708294848283
36960,0.039399738142792726
36961,0.46235737936182136
36962,0.1856083734498667
36963,0.2629351092187638
36964,0.5952587546605961
36965,0.09030889253805771
36966,0.39685369030007217
36967,0.15532395700252383
36968,0.19426252526354748
36969,0.04258329199081664
36970,0.06469355448292508
36971,0.07614874583170465
36972,0.12234510075370421
36973,0.024536235419995205
36974,0.17353793513333407
36975,0.219997
36976,0.0984687055099759
36977,0.03743962286799464
36978,0.0323542606220906
36979,0.2099731970233699
36980,0.220016
36981,0.05808937998203207
36982,0.030559307576819877
36983,0.0371019704471691
36984,0.06032435110237547
36985,0.004757472164251781
36986,0.03866274723827659
36987,0.06195985679230336
36988,0.1468117106541859
36989,0.03422402641113379
36990,0.220016
36991,0.05358296230930894
36992,0.0
36993,0.000870868395422
36994,0.012208877610563775
36995,0.46490813350360227
36996,0.220016
36997,0.008534432524610744
36998,0.14299709671283367
36999,0.350009
37000,0.4437428329295292
37001,0.0056002016483506405
37002,0.12971765441403496
37003,0.1391750948072399
37004,0.023721633895619102
37005,0.0437112207813422
37006,0.02166111558999215
37007,0.08363903346180421
37008,0.09248115962627834
37009,0.11902107480023007
37010,0.349908
37011,0.5186663698265666
37012,0.220016
37013,0.07393755140788195
37014,0.016524414102950368
37015,0.04644988456413765
37016,0.349908
37017,0.030095175036136144
37018,0.0064212054508612
37019,0.0405967881302545
37020,0.32674062925214625
37021,0.5871902156902167
37022,0.10540544575965667
37023,0.012691290410480352
37024,0.01963516832027875
37025,0.0887031840231956
37026,0.09828976682335873
37027,0.03041527299493293
37028,0.00542514930112055
37029,0.1599555048737168
37030,0.1752659288162845
37031,0.07589454637709026
37032,0.043434586900754045
37033,0.06785137699086463
37034,0.010912772222899821
37035,0.0165033298552521
37036,0.03195418301742602
37037,0.029468939492470245
37038,0.047592697773074864
37039,0.220016
37040,0.09522946576023053
37041,0.1725007306608592
37042,0.03461839094921253
37043,0.07477445867525624
37044,0.047797617820486055
37045,0.007095761744886841
37046,0.016830342496189213
37047,0.051278113381022214
37048,0.048589305720155525
37049,0.05144028505801855
37050,0.55869286356005
37051,0.5502736567363099
37052,0.04576247894093025
37053,0.07036872554872486
37054,0.030479346372074147
37055,0.12180656987902207
37056,0.01633300917512473
37057,0.0337446140228467
37058,0.11408076534585844
37059,0.014507639178209669
37060,0.0349827409250709
37061,0.0
37062,0.00903835188142383
37063,0.219997
37064,0.03524693537904934
37065,0.030502358072170332
37066,0.017061881557019556
37067,0.07807663111865115
37068,0.10735188789661165
37069,0.201844386263954
37070,0.2516337775564929
37071,0.22198207085066224
37072,0.08467597098305821
37073,0.07878893207441734
37074,0.026509483327940557
37075,0.053630349272563965
37076,0.05536903303476085
37077,0.30728365102219607
37078,0.0721708738340267
37079,0.7259665442254688
37080,0.16925838164711698
37081,0.13581417254382586
37082,0.03757745789477669
37083,0.08302653986853571
37084,0.0
37085,0.008509663156947428
37086,0.044796073751647576
37087,0.008183907613485515
37088,0.025132161482797025
37089,0.03641187603452689
37090,0.1100314188574615
37091,0.046659484624216804
37092,0.11061832100034755
37093,0.057093525479340615
37094,0.1358894366715378
37095,0.26604983209702215
37096,0.4029001656368748
37097,0.10894293344692438
37098,0.03886541426602292
37099,0.08506843591890871
37100,0.026648892748007393
37101,0.15395655711887885
37102,0.05961313374176489
37103,0.1251798919225214
37104,0.048982157080105074
37105,0.13750826221041576
37106,0.03444585925003156
37107,0.020534326577600424
37108,0.00874157329285248
37109,0.1789088322483693
37110,0.07406168653168024
37111,0.0381896574105629
37112,0.007280800168210675
37113,0.037032754755696354
37114,0.10604150433086526
37115,0.09883833045006163
37116,0.15756710359541543
37117,0.12910600417951573
37118,0.23925867339224946
37119,0.22776523184650543
37120,0.20457683605694554
37121,0.0285094246373963
37122,0.11838379302414043
37123,0.0061013441024593
37124,0.03916019720191561
37125,0.07608150318449003
37126,0.10451724044202255
37127,0.0
37128,0.06380394804295947
37129,0.12025132294468627
37130,0.07998897349515771
37131,0.018407528585890266
37132,0.016791517502413627
37133,0.07343182045065794
37134,0.006689863195752128
37135,0.14175476506277795
37136,0.005649126728257316
37137,0.050805626734319334
37138,0.219997
37139,0.06723417708738755
37140,0.1629086689511713
37141,0.663228995312033
37142,0.1771295113024096
37143,0.13336808420447266
37144,0.10080231882909106
37145,0.10516752431516443
37146,0.11832830193720156
37147,0.08611014554609144
37148,0.05947769868069877
37149,0.015003223319481226
37150,0.0096986141390268
37151,0.01472792760892782
37152,0.349908
37153,0.18118837595186346
37154,0.040008015502887476
37155,0.023489092273622725
37156,0.0560981557378282
37157,0.0
37158,0.015135585925130627
37159,0.0091066695434345
37160,0.10032413324241393
37161,0.46179099194404133
37162,0.11261936424308971
37163,0.06186157104457232
37164,0.1487335370323753
37165,1.0
37166,0.1954432330364912
37167,0.14727268331349552
37168,0.10962774780686983
37169,0.220016
37170,0.350009
37171,0.08305461899780926
37172,0.0024346189645146014
37173,0.09526690316893656
37174,0.0736740668633768
37175,0.12581518873328434
37176,0.219997
37177,0.040566117954250164
37178,0.220016
37179,0.03613917289201727
37180,0.04704681518749455
37181,0.0
37182,0.035106442320351844
37183,0.05766948170366957
37184,0.07383694308017916
37185,0.022607205956148
37186,0.15902959279242374
37187,0.219997
37188,0.31399725805381196
37189,0.11686656172945628
37190,0.03743849147476826
37191,0.14507777137801925
37192,0.219997
37193,0.219997
37194,0.09352903908500573
37195,0.06942637316735352
37196,0.045477917817220576
37197,0.04754705315687602
37198,0.7000083331113226
37199,0.0
37200,0.219997
37201,0.4058531085765972
37202,0.21711018936192242
37203,0.0045947257204560655
37204,0.0328943824058381
37205,0.00845337729212514
37206,0.04824987981682005
37207,0.07262140074673915
37208,0.2275240032410507
37209,0.350009
37210,0.15008811954195
37211,0.17657166526091056
37212,0.219997
37213,0.219997
37214,0.14297036941433613
37215,0.219997
37216,0.350009
37217,0.06506093598097398
37218,0.02525616880931255
37219,0.05469007806914303
37220,0.10397208803494533
37221,0.07304462804276213
37222,0.349908
37223,1.0
37224,0.12653908410066844
37225,0.3642196322729591
37226,0.0003968592067557994
37227,0.01703201589185263
37228,0.219997
37229,0.0
37230,0.05935296995521962
37231,0.10735830832940052
37232,0.027938378391741903
37233,0.06536048735062965
37234,0.62006838816883
37235,0.09645985693597323
37236,0.14154012623181284
37237,0.349908
37238,0.219997
37239,0.219997
37240,0.349908
37241,0.220016
37242,0.04063778995436494
37243,0.2550396308663873
37244,0.18807061192208527
37245,0.11749577675880869
37246,1.0
37247,0.4048368018452186
37248,0.29282222147082515
37249,0.028904436505188397
37250,0.07921841173273948
37251,0.17781674167879444
37252,0.018189601963120878
37253,0.02180612462008097
37254,0.056590882071518155
37255,0.007393641051607515
37256,0.0093205980920333
37257,0.0449950585512323
37258,0.12322191241842244
37259,0.159037185467443
37260,0.1226103968806116
37261,0.17522939241893248
37262,0.08624991306167232
37263,0.1658641818348295
37264,0.10716512820969752
37265,0.017426154037389282
37266,0.1329033562024439
37267,0.32193319439615875
37268,0.06726407625057715
37269,1.0
37270,1.0
37271,0.6843809884461451
37272,0.008201799900660018
37273,0.0166711187825186
37274,0.018894193149496842
37275,0.07768944447756122
37276,0.3766453447227637
37277,0.1421924132113996
37278,0.0
37279,0.0106075549327936
37280,0.014335424285239318
37281,0.045291213032081785
37282,0.05261340682619185
37283,0.09404441784250721
37284,0.02738404877846613
37285,0.5849275905504703
37286,0.0418104217598841
37287,0.06776225283663813
37288,0.220016
37289,0.11747460878929179
37290,0.06875213101698484
37291,0.060853861852192034
37292,0.30407189475819907
37293,0.1306802360150062
37294,0.15417150325297602
37295,0.13546997572542735
37296,0.13111051244470778
37297,1.0
37298,1.0
37299,0.5000632761945176
37300,0.045526529969237936
37301,0.13544296065383504
37302,0.010743230124562705
37303,0.0009275263733886322
37304,0.4616751346632143
37305,0.0
37306,0.220016
37307,0.07035756199348583
37308,0.1517709803366881
37309,0.03688359833992098
37310,0.15545952199377033
37311,0.13661169795095446
37312,0.219997
37313,0.219997
37314,0.7008943209312286
37315,0.6667183892413024
37316,0.219997
37317,0.20839142636902103
37318,0.1091920262494407
37319,0.07154827989984147
37320,0.17319439475047704
37321,0.09575019521722569
37322,0.057995696803015855
37323,0.12388152580317158
37324,0.15484461556543244
37325,0.04168149645610461
37326,0.10460270010607949
37327,0.03686500549460315
37328,0.9194788900593298
37329,0.9987129917049317
37330,0.8758172834243962
37331,0.03128759103488937
37332,0.350009
37333,0.42336489293608903
37334,0.006572276831392745
37335,0.004965315497115257
37336,0.014255684595824726
37337,0.01618498326648102
37338,0.09014777191049696
37339,0.10553171918363236
37340,0.11868526313336959
37341,0.5146189782093319
37342,1.0
37343,0.0837737580252356
37344,0.18429933687445993
37345,0.17542126281982415
37346,0.219997
37347,0.09796661598290371
37348,0.219997
37349,0.14476556044404665
37350,0.06528016377354909
37351,0.0054842267921167975
37352,0.11803263476726648
37353,0.14242990481104825
37354,0.07125808644967166
37355,0.41306327769907847
37356,0.350009
37357,0.1629827491861704
37358,0.028781839501579982
37359,0.14254537317104135
37360,0.0781022845835011
37361,0.20194782056303745
37362,0.023452294749935477
37363,0.057126051107514585
37364,0.020292746968988667
37365,0.0060162729628178615
37366,0.028973863986612086
37367,0.08994476462237191
37368,0.06177131658358104
37369,0.31886370601811076
37370,1.0
37371,0.219997
37372,0.219997
37373,0.20344798945756765
37374,0.219997
37375,0.219997
37376,0.8298103395040344
37377,0.12974830902057682
37378,0.02993225291242311
37379,0.219997
37380,0.1935285708639538
37381,0.220016
37382,0.3600346351180934
37383,0.2491507551251435
37384,0.1914862935175224
37385,1.0
37386,0.220016
37387,0.17504220840994983
37388,0.13367949164737009
37389,0.009439579553423012
37390,0.028182992671376465
37391,0.655215811231773
37392,0.060909360543497174
37393,0.03256877594768383
37394,0.0544231662146035
37395,0.08212093817327862
37396,0.219997
37397,0.502091138390097
37398,0.349908
37399,0.349908
37400,0.349908
37401,0.19954153975167221
37402,0.20543660073758013
37403,0.3325090967705183
37404,0.03677128571790457
37405,0.019615912423656463
37406,0.2153226590555242
37407,0.08191789150880782
37408,0.10794642797394763
37409,0.41406061020832985
37410,0.350009
37411,0.04229328907933848
37412,0.5983199475216805
37413,0.349908
37414,0.0033415830490166327
37415,0.0700482673309358
37416,0.1672485997229486
37417,0.09007558310520615
37418,0.011641154415831557
37419,0.032218893720348626
37420,0.11734683432331021
37421,0.16254872552936037
37422,0.13449157407832657
37423,0.5369185780191362
37424,1.0
37425,0.6120165883128617
37426,0.349908
37427,0.819166756863351
37428,0.0996258742501849
37429,0.009452338955093707
37430,0.05099379678179748
37431,0.07040758696603795
37432,0.1410568979984314
37433,0.349908
37434,0.05304142756495941
37435,0.02238524239755665
37436,0.032419595299176526
37437,0.16926785149957033
37438,0.0009373515490042304
37439,0.10529428755725925
37440,0.002166438799992799
37441,0.03799489093810726
37442,0.023763991314978777
37443,0.0090406698798746
37444,0.0498051647663888
37445,0.15072228679468247
37446,0.09111072306614004
37447,0.0661611005823784
37448,0.350009
37449,0.219997
37450,0.350009
37451,1.0
37452,0.9582800770084994
37453,0.349908
37454,0.12071199660320553
37455,0.020324019177332057
37456,0.04370160797709635
37457,0.15333229073626378
37458,0.0
37459,0.054118776581407735
37460,1.0
37461,0.10459596502920455
37462,0.07331948227125029
37463,0.11199524612072065
37464,0.220016
37465,0.06004094059090132
37466,0.06285548063078973
37467,0.06875940981957128
37468,0.01962665606954516
37469,0.0
37470,0.04871096572165168
37471,0.1450370422693848
37472,0.13938473182591057
37473,0.8283859879970795
37474,0.4620414153146426
37475,0.27918168347149597
37476,1.0
37477,0.5149566711480338
37478,0.349908
37479,0.19131899615449188
37480,0.03030273548149336
37481,0.027505601259534114
37482,0.0
37483,0.041751453144696145
37484,0.10766730101037066
37485,0.03458508342516084
37486,0.07301502190871682
37487,0.5711905770982818
37488,0.220016
37489,0.30936477664105844
37490,0.04836995249323143
37491,0.11069123054109023
37492,0.219997
37493,0.219997
37494,0.220016
37495,0.11514575377357425
37496,0.03901184528841543
37497,0.027187048562008546
37498,0.20683146399956331
37499,1.0
37500,0.350009
37501,1.0
37502,0.4051828006187451
37503,0.349908
37504,0.17666109066416127
37505,0.219997
37506,0.03963206984535096
37507,0.0137476282242065
37508,0.043097023515934
37509,0.012326069371186134
37510,0.022556521718134617
37511,0.10459167145308487
37512,0.219997
37513,0.03319848235174982
37514,0.219997
37515,0.030874830842045967
37516,0.12075529450464426
37517,0.3652058482734638
37518,0.09043224529927338
37519,0.00709936128612269
37520,0.13855226381829527
37521,0.34149054152400804
37522,0.06470175533948697
37523,0.219997
37524,0.219997
37525,0.1007257722057888
37526,0.2107883982561591
37527,0.08660017655216942
37528,0.12648973624830068
37529,0.11055239826360946
37530,0.220016
37531,0.2185460793848341
37532,0.0641535338218148
37533,0.0241735319069106
37534,0.1709477296519334
37535,0.1458041726540056
37536,0.03253696115164495
37537,0.13257602491785053
37538,0.06447142200341605
37539,0.08720116896093226
37540,0.07541548790509307
37541,0.21688519617407848
37542,0.350009
37543,0.7635046130451122
37544,0.1518587425224673
37545,0.0
37546,0.0
37547,0.006922713321704749
37548,0.019730075739029795
37549,0.12619814136209287
37550,0.00929792699937006
37551,0.09104998191487111
37552,0.13651930525740666
37553,0.02397531783301566
37554,0.0242877981957006
37555,0.013540477581709183
37556,0.020158601248165257
37557,0.07050208482930775
37558,0.12455647927448162
37559,0.14363253882928118
37560,0.4880049165894471
37561,0.022938327986641468
37562,0.0312608695667486
37563,0.0815876034487047
37564,0.09461503369496749
37565,0.1493398483819806
37566,0.49820694011175565
37567,0.219997
37568,0.01232750811631309
37569,0.0
37570,0.220016
37571,0.02876876231864324
37572,0.12375047399917141
37573,0.227302680189176
37574,0.019374733653567976
37575,0.008806054640945866
37576,0.010513846834778354
37577,0.2653201306169323
37578,0.0241883141805528
37579,0.028321502040339834
37580,0.20652752332885665
37581,0.0583103272448378
37582,0.08688683931689226
37583,0.04717041299170416
37584,0.08143107586606413
37585,0.20994330870566436
37586,0.02035390182388581
37587,0.07413471067897205
37588,0.0151623762906801
37589,0.06282697671432722
37590,0.11089351688239416
37591,0.220016
37592,0.06060737194190224
37593,0.29282752126476896
37594,0.12545808401272635
37595,0.05466173625035099
37596,0.0073777184242368
37597,0.03637174169404679
37598,0.12575763768985793
37599,0.03173888960500392
37600,0.402091261022687
37601,0.349908
37602,0.018374012595172417
37603,0.1495533833595658
37604,0.05929063964137861
37605,0.018028289173187
37606,0.39923687235182326
37607,0.7945669938184419
37608,0.219997
37609,0.17671638781905166
37610,0.07394288242977307
37611,0.11416330448924664
37612,0.07021598708697552
37613,0.04825493453469424
37614,0.11125312696293795
37615,0.08802805861324944
37616,1.0
37617,0.1050867893090087
37618,0.017251026980765104
37619,0.07814888660465208
37620,0.10788737895215722
37621,0.009594243044725118
37622,0.2162057601220768
37623,0.41783602703286987
37624,0.051826742842426034
37625,0.220016
37626,0.05346322048640197
37627,0.0288520692285677
37628,0.16608359436079873
37629,0.009083404192262454
37630,0.10487219348916386
37631,0.009509207093560968
37632,0.012318733220204568
37633,0.07250017466234818
37634,0.07609488979652729
37635,0.008690626313816901
37636,0.10397683866621021
37637,0.219997
37638,0.06026565418456479
37639,0.0403815842572362
37640,0.03889858285274882
37641,0.14271920622354695
37642,0.06350173428735523
37643,0.027515846527478516
37644,0.04979543675739119
37645,0.0847606286350942
37646,1.0
37647,0.08321487478814626
37648,0.18849424313087748
37649,0.1372365571396496
37650,0.1147480409024769
37651,0.041542902293582526
37652,0.0229984573923901
37653,0.0021479053645698846
37654,0.349908
37655,0.04184407189656299
37656,0.0033848464968189575
37657,0.007191900327688811
37658,0.05953258013013345
37659,0.350009
37660,0.015727090322899196
37661,0.145724551347153
37662,0.025073600770188848
37663,0.005023709170947
37664,0.022882717817913553
37665,0.349908
37666,0.0175754089376139
37667,0.037821099704957395
37668,0.02176442247190785
37669,0.02103840609684679
37670,0.06237510448417434
37671,0.1809008968977511
37672,0.08953652585313682
37673,0.0408114708114025
37674,0.146267121383608
37675,0.24369527576487726
37676,0.10543379711389499
37677,0.1717436551229176
37678,0.11619254887571005
37679,0.0
37680,0.047029939105416335
37681,0.12738467143022936
37682,0.26440090462985744
37683,0.16481169583373625
37684,0.006420155899252507
37685,0.014305768405741387
37686,0.024785884238234336
37687,0.00953536850140276
37688,0.026084756772967718
37689,0.0066114139688616385
37690,0.08450024756917489
37691,0.17242231675660408
37692,0.11233746213193437
37693,0.14086814439107725
37694,0.1473110542431922
37695,0.007940778533815085
37696,0.350009
37697,0.0104069027878738
37698,0.018134298485306198
37699,0.02031402689491231
37700,0.0
37701,0.007282993570363203
37702,0.036228403010644755
37703,0.007421002222613678
37704,0.031945360316478155
37705,0.07991111764303813
37706,0.0
37707,0.016210337846531482
37708,0.0070731192390241
37709,0.08677166789414342
37710,0.02801637405022265
37711,0.12085829957777407
37712,0.10711327182367454
37713,0.006377422361805582
37714,0.011315913390069099
37715,0.219997
37716,0.05243695297013745
37717,0.05067811970467221
37718,0.09925006385728627
37719,0.0153230686007291
37720,0.0311746900575865
37721,0.18276295415656474
37722,0.349908
37723,0.09118063365664805
37724,0.05077491067272547
37725,0.1024951096919327
37726,0.025953653121603117
37727,0.014359870296051598
37728,0.16234655763804476
37729,0.0443782272370804
37730,0.15345565288463472
37731,0.219997
37732,0.038695249753713565
37733,0.011042631424945255
37734,0.04980365515373247
37735,0.05091934756824311
37736,0.0
37737,0.011248592745070583
37738,0.03675658235205877
37739,0.15279822149674532
37740,0.07256297395274071
37741,0.0039814601075136
37742,0.3313206064739032
37743,0.0028805035628794006
37744,0.0705158523106989
37745,0.014912919879832079
37746,0.004644514450714933
37747,0.07239838275175531
37748,0.03767290556385765
37749,0.02966022625816214
37750,0.0
37751,0.012168294051193814
37752,0.219997
37753,0.22580499610419666
37754,0.013399518215667525
37755,0.2034252102478804
37756,0.0
37757,0.0
37758,0.0003660362111621
37759,0.0110230092850983
37760,0.051389225405670105
37761,0.05347790374437305
37762,0.0434024727789548
37763,0.0446485281111335
37764,0.0130726692788072
37765,0.0079402555156001
37766,0.08887297154254375
37767,0.09533857310506952
37768,0.06473815342425587
37769,0.0574524667962572
37770,0.350009
37771,0.005165946298530573
37772,0.0085635854874701
37773,0.219997
37774,0.219997
37775,0.02385502171539567
37776,0.04623310362610067
37777,0.220016
37778,0.0
37779,0.350009
37780,0.09168220647756678
37781,0.03513442994681531
37782,0.13707494551532265
37783,0.14428362623030982
37784,0.219997
37785,0.07971877277578499
37786,0.9718216770583918
37787,0.06859455542118614
37788,0.0235913291901192
37789,0.3022906468235708
37790,0.0
37791,0.0195273845380601
37792,0.03994940134820561
37793,0.039985253468610815
37794,0.14707241733500476
37795,0.1673091449838145
37796,0.6994208470228543
37797,0.4577041558456379
37798,0.0660458414276315
37799,0.219997
37800,0.2011726059854777
37801,0.021093579871095197
37802,0.013698982206725555
37803,0.05212259857660388
37804,0.029805464870195975
37805,0.0094963689364323
37806,0.13256284588007533
37807,0.0709315374469343
37808,0.3607275070438545
37809,0.1236986283338431
37810,0.220016
37811,0.5830543005910317
37812,0.220016
37813,0.0
37814,0.5947899323433303
37815,0.0069441824242431
37816,0.09860351283874064
37817,0.15928583692070736
37818,0.03484676090661724
37819,0.10219846173779888
37820,0.05402825950574895
37821,0.0702512828577574
37822,0.0232789846507983
37823,0.1845167356701874
37824,0.219997
37825,0.1426194579755848
37826,0.1446598804180273
37827,0.350009
37828,0.04217423077448567
37829,0.030559307576819877
37830,0.016934386671313098
37831,0.05079051909276891
37832,0.05170706200642966
37833,0.0036005707204568825
37834,0.03866274723827659
37835,0.053045039412600165
37836,0.17246427211790283
37837,0.007195180285742689
37838,0.25458325567969864
37839,0.12728276509497116
37840,0.00810446217160772
37841,0.0012471109649866
37842,0.35394663832223067
37843,0.350009
37844,0.16038272602516737
37845,0.3668795888752502
37846,0.5624363159628731
37847,0.0056002016483506405
37848,0.09611887252731058
37849,0.1514542829662094
37850,0.04432715040892585
37851,0.10139774170192167
37852,0.08603392860614845
37853,0.18031956248091957
37854,0.219997
37855,0.41493957795866643
37856,0.220016
37857,0.04238352204756726
37858,0.01969710951091673
37859,0.04980579927316485
37860,0.33008188665041605
37861,0.009815754082218353
37862,0.02141647937720344
37863,0.0007554148180141
37864,0.220016
37865,0.040806279550689495
37866,0.23285418894766352
37867,0.7985563131062172
37868,0.10390961827069196
37869,0.015275442522862049
37870,0.0669175677815767
37871,0.08378429971909473
37872,0.0012626620710577286
37873,0.1296968981019405
37874,0.1666037120548605
37875,0.09734635051131366
37876,0.09690135826174973
37877,0.002701434642441221
37878,0.0
37879,0.053864100061397226
37880,0.018011991910967647
37881,0.021792165124274267
37882,0.220016
37883,0.07543137913559853
37884,0.18037666963826132
37885,0.04018276174990765
37886,0.08573710542112954
37887,0.03548387356813606
37888,0.02327177050809138
37889,0.02384816196474064
37890,0.03539491131857751
37891,0.0802989488664655
37892,0.028680837961543026
37893,0.11482686223088065
37894,0.5680618263037551
37895,0.42726851815819467
37896,0.04038328219518635
37897,0.025395045801541068
37898,0.13001731591118726
37899,0.0
37900,0.005871771540069301
37901,0.05500011718761784
37902,0.024555106620001876
37903,0.20681716236107295
37904,0.04033315146316395
37905,0.03912039756826763
37906,0.040304590697676355
37907,0.11313293336906355
37908,0.10781229811367335
37909,0.219997
37910,0.219997
37911,0.220016
37912,0.08517060117234701
37913,0.06728286912355724
37914,0.02560987975789316
37915,0.07609952038129528
37916,0.037180934344284655
37917,0.01157710630380254
37918,0.2867725604108407
37919,0.0696311993214585
37920,0.771522105669858
37921,0.11826281043969025
37922,0.01992695450887293
37923,0.08405689694267966
37924,0.030035316672771394
37925,0.10122915035941092
37926,0.0036308847862174982
37927,0.008509663156947428
37928,0.012202025030787367
37929,0.09684710742897058
37930,0.0279263081684352
37931,0.013558431467819125
37932,0.013762724889937086
37933,0.11722327692929899
37934,0.043787893296409
37935,0.15664089031905135
37936,0.047120157729920016
37937,0.15245923826286073
37938,0.219997
37939,0.40693905953756204
37940,0.12008603931937828
37941,0.04077474247526752
37942,0.12334131886349911
37943,0.025931377497407076
37944,0.030761900154799793
37945,0.0
37946,0.1421027885231529
37947,0.0718553385548564
37948,0.1344556017536726
37949,0.06654060406611229
37950,0.13182937091807376
37951,0.033133374988328565
37952,0.06191385321847168
37953,0.020534326577600424
37954,0.14293785431899197
37955,0.010101815159765493
37956,0.06707595396937084
37957,0.0114562894692432
37958,0.015448748129043274
37959,0.08140267043839267
37960,0.10603819396523365
37961,0.09227263018690084
37962,0.16213609769278642
37963,0.13249612943380012
37964,0.25991890006076057
37965,0.220016
37966,0.219997
37967,0.038910402597539195
37968,0.12536627897773173
37969,0.0084218176447658
37970,0.061841040313012206
37971,0.08033900899381052
37972,0.10282613149388906
37973,0.017835182733171036
37974,0.053237257739843016
37975,0.061244851493319256
37976,0.07868632534342977
37977,0.03208037860672683
37978,0.035861580675723564
37979,0.03251013676405283
37980,0.07630767463364034
37981,0.005134227872284837
37982,0.15086038270953475
37983,0.009412562961271416
37984,0.08069720252050172
37985,0.24182143031833436
37986,0.06882185359636714
37987,0.1716001479749344
37988,0.6549622213920733
37989,0.148173745203017
37990,0.14833640210058516
37991,0.08257345301090467
37992,0.11988087539889784
37993,0.10807442376432416
37994,0.09657183445799083
37995,0.07552576694524037
37996,0.015003223319481226
37997,0.00208688884294082
37998,0.349908
37999,0.16334606071961788
38000,0.015449630970918673
38001,0.03330739184100932
38002,0.0458923311431051
38003,0.017985739620861342
38004,0.013633826851009952
38005,0.015135585925130627
38006,0.0238459469936357
38007,0.09764930441168593
38008,0.5370676816190885
38009,0.10435116076259182
38010,0.07286386967435823
38011,0.1357860305509427
38012,1.0
38013,0.19692591553833141
38014,0.025670832562138264
38015,0.11651303364715443
38016,0.09708824416259193
38017,0.23153787308650434
38018,0.350009
38019,0.09309367457854867
38020,0.006625288081407952
38021,0.09162691112811797
38022,0.0655830187845746
38023,0.11803997525354956
38024,0.180577638879984
38025,0.044185055144905866
38026,0.1473312661002702
38027,0.05278737103239577
38028,0.06633653948777585
38029,0.0
38030,0.03754821465852834
38031,0.08528861755836206
38032,0.08808416606897285
38033,0.0357189835220146
38034,0.14379761476869796
38035,0.19039726177894498
38036,0.33975197470636787
38037,0.12476650045729228
38038,0.04150521042203345
38039,0.13070538382082808
38040,0.219997
38041,0.23167291357579634
38042,0.07232072147361485
38043,0.08414530249512082
38044,0.021289303463793173
38045,0.02302056623604662
38046,0.6628781244611779
38047,0.00762161916413754
38048,0.219997
38049,0.44581649796215783
38050,0.2059671844433786
38051,0.0
38052,0.0536618001571418
38053,0.00845337729212514
38054,0.05001510731614885
38055,0.04629050771741955
38056,0.2392008762081797
38057,0.350009
38058,0.15003060505320182
38059,0.15759727948854485
38060,0.219997
38061,0.219997
38062,0.12052134870202214
38063,0.219997
38064,0.350009
38065,0.08646031951937819
38066,0.08114289532493144
38067,0.19149860837886354
38068,0.10802317992238873
38069,0.219997
38070,1.0
38071,0.06940924833933054
38072,0.46226492901207283
38073,0.05141957328647733
38074,0.219997
38075,0.0
38076,0.04804763770452092
38077,0.09410809480174992
38078,0.0421819303795867
38079,0.08327427773255655
38080,0.7157649312249639
38081,0.09268232260403864
38082,0.12583754778463613
38083,0.349908
38084,0.219997
38085,0.219997
38086,0.349908
38087,0.22242205190463848
38088,0.04063778995436494
38089,0.219997
38090,0.219997
38091,0.1608872299796577
38092,1.0
38093,0.350009
38094,0.349908
38095,0.015836696781831
38096,0.05634032414589138
38097,0.16906672968332614
38098,0.0109462203762054
38099,0.059658690950747655
38100,0.007393641051607515
38101,0.011238301281274
38102,0.046844752062537395
38103,0.14326049933346294
38104,0.1422538143304329
38105,0.1700539199025446
38106,0.1811761424161748
38107,0.0845754423639517
38108,0.1792937642388799
38109,0.16531262968580232
38110,0.017426154037389282
38111,0.11379606870063409
38112,0.219997
38113,0.0512602796591146
38114,0.07345289775781105
38115,1.0
38116,1.0
38117,0.6462232011233682
38118,0.008201799900660018
38119,0.01696734948519424
38120,0.018894193149496842
38121,0.10824420730116412
38122,0.43486596655764487
38123,0.0682964218562356
38124,0.021378672578608537
38125,0.0071489597057954124
38126,0.014804784573091983
38127,0.06422132361464578
38128,0.10064939307532536
38129,0.07672124728641791
38130,0.03324872873510753
38131,0.6767187443131806
38132,0.05210223258978516
38133,0.08531595109057613
38134,0.1882320122530794
38135,0.1195557404239738
38136,0.07841005468266143
38137,0.09486331625340504
38138,0.32582748740797063
38139,0.1851971380139055
38140,0.1319739199449011
38141,0.12433201093157546
38142,0.1093230926346898
38143,1.0
38144,1.0
38145,0.4674597532968769
38146,0.15449057611614272
38147,0.004297257836709397
38148,0.4706510813894771
38149,0.009700636027092119
38150,0.220016
38151,0.11329335948176643
38152,0.11076521724205719
38153,0.031192828798471076
38154,0.14802424806972986
38155,0.12557553328556237
38156,0.219997
38157,0.219997
38158,0.6759331779916016
38159,0.7622929395105034
38160,0.219997
38161,0.219997
38162,0.1233698915402471
38163,0.07434434559023118
38164,0.18142981252629342
38165,0.10023725597879588
38166,0.04486598256454585
38167,0.0
38168,0.11810058098747467
38169,0.14933948715203144
38170,0.030257419577365816
38171,0.1377132278510067
38172,0.032586498038163575
38173,0.9627446884593928
38174,0.9987129917049317
38175,0.8758172834243962
38176,0.06634252698565238
38177,0.220016
38178,0.4486981103704359
38179,0.017057189627035042
38180,0.004965315497115257
38181,0.07507775213386175
38182,0.12607335496716654
38183,0.07486628343636959
38184,0.5252160177001235
38185,1.0
38186,0.09732978971857428
38187,0.18872249153847695
38188,0.18807595525115284
38189,0.219997
38190,0.10069978364776241
38191,0.219997
38192,0.11925762188386957
38193,0.06521993673534518
38194,0.010968011384886796
38195,0.09254681528640618
38196,0.15959699742831726
38197,0.06998623725202235
38198,0.04969167759227544
38199,0.4398225631265815
38200,0.2675276378629823
38201,0.21293539994928098
38202,0.08356591570331584
38203,0.028781839501579982
38204,0.19120741134213665
38205,0.09003899933951309
38206,0.219997
38207,0.038265432217242074
38208,0.019106498784794188
38209,0.018667867817348666
38210,0.0060162729628178615
38211,0.013030229292980608
38212,0.0767076569786228
38213,0.052477148212103836
38214,0.26692541805471187
38215,0.9380998301828072
38216,0.219997
38217,0.3062047319465503
38218,0.19363941469858498
38219,0.219997
38220,0.21544114963779004
38221,0.884450981546887
38222,0.10723157346225641
38223,0.008986395550333011
38224,0.2179874594234104
38225,0.1955322888848445
38226,0.350009
38227,0.350009
38228,0.2975254845488946
38229,0.18950731282741728
38230,1.0
38231,0.220016
38232,0.17659709206400515
38233,0.220016
38234,0.02965886422667771
38235,0.03304004030753717
38236,0.6224936445677467
38237,0.07682547298572158
38238,0.04605148099833632
38239,0.0804616644002141
38240,0.08644714066001243
38241,0.219997
38242,0.545308274685161
38243,0.349908
38244,0.6912451814140935
38245,0.349908
38246,0.214544904851315
38247,0.21785051835711633
38248,0.349908
38249,0.036898767425040675
38250,0.1564456235326231
38251,0.11632018681530833
38252,0.10496364965904403
38253,0.43842710026691906
38254,0.2570064408645275
38255,0.035937552125973174
38256,0.6602048097609252
38257,0.349908
38258,0.0732742499690479
38259,0.16585161342977728
38260,0.07423804781341464
38261,0.05661479469950075
38262,0.047711167533716806
38263,0.046838447320433026
38264,0.1339837277160247
38265,0.1589385978684434
38266,0.12199563571171929
38267,0.5253028603029732
38268,1.0
38269,0.560680118099873
38270,0.349908
38271,0.8175599700484841
38272,0.1263190779914758
38273,0.009452338955093707
38274,0.02850296036249178
38275,0.040943809635959956
38276,0.18614193034298443
38277,0.29352153799013925
38278,0.03750376372386251
38279,0.04046242752162505
38280,0.029561451106978325
38281,0.1965118512742433
38282,0.0645097451405169
38283,0.0
38284,0.14797278483081444
38285,0.0043807084949908995
38286,0.011181957744588498
38287,0.03799489093810726
38288,0.0
38289,0.0378021417124586
38290,0.14048937150437027
38291,0.06339407862011445
38292,0.0720396207224816
38293,0.34127899887227425
38294,0.30914748023510075
38295,0.350009
38296,1.0
38297,0.9434223061565961
38298,0.349908
38299,0.06591586683333484
38300,0.0
38301,0.0
38302,0.05621465838828615
38303,0.18229201583673707
38304,0.057612906022968535
38305,1.0
38306,0.06913587205259976
38307,0.0227237718024487
38308,0.0716823076123882
38309,0.14056385060913384
38310,0.350009
38311,0.05304370926144722
38312,0.05715517354589523
38313,0.007134089023134584
38314,0.04213688653987588
38315,0.014371745325385736
38316,0.0423550617450163
38317,0.1404126831498932
38318,0.14044927969740936
38319,0.9672551799858962
38320,0.4052004948280923
38321,0.29704122824928414
38322,1.0
38323,0.4972706508534866
38324,0.349908
38325,0.219997
38326,0.03058085178046376
38327,0.027505601259534114
38328,0.01631589360501823
38329,0.07597976043238974
38330,0.057745827002095254
38331,0.00818078781980074
38332,0.08436229053376032
38333,0.4980768140778764
38334,0.220016
38335,0.349908
38336,0.06926109386975163
38337,0.220016
38338,0.219997
38339,0.219997
38340,0.12923948705096364
38341,0.07028009801326435
38342,0.03901184528841543
38343,0.017849694253353945
38344,0.1980363700455136
38345,1.0
38346,0.350009
38347,1.0
38348,0.45336999028083314
38349,0.349908
38350,0.18278878007512028
38351,0.1843520339416876
38352,0.0138784304161833
38353,0.0415629253417179
38354,0.012326069371186134
38355,0.004061380411877716
38356,0.12256977500604968
38357,0.219997
38358,0.012428680025486315
38359,0.34264366524426604
38360,0.038928071265439596
38361,0.09242164177375875
38362,0.349908
38363,0.09947312401388608
38364,0.010672509386691238
38365,0.00709936128612269
38366,0.10788273811594318
38367,0.3109192755597171
38368,0.04835709858339595
38369,0.219997
38370,0.219997
38371,0.10389053178072738
38372,0.219997
38373,0.05330233483468395
38374,0.17745293316147723
38375,0.08087964832439798
38376,0.08367765215646066
38377,0.220016
38378,0.1563043827653816
38379,0.1028571217024655
38380,0.0051920309435686
38381,0.13020352090825998
38382,0.0108645498421702
38383,0.1785491145310914
38384,0.03779463762239266
38385,0.05024196453181305
38386,0.12184397867076073
38387,0.04935145556717674
38388,0.08545242167844797
38389,0.08437366727325697
38390,0.219997
38391,0.31752743684857315
38392,0.85944018954909
38393,0.15759541564347562
38394,0.0
38395,0.03648282834822715
38396,0.031844880663375597
38397,0.09324115197484058
38398,0.013014406236233959
38399,0.1307003676285807
38400,0.07909679563850687
38401,0.02397531783301566
38402,0.008749932466326502
38403,0.017132669087310533
38404,0.09226063574649426
38405,0.12053865762862502
38406,0.1413380875908017
38407,0.5073158218166519
38408,0.022938327986641468
38409,0.0312608695667486
38410,0.08454916131864332
38411,0.09225594979571539
38412,0.14659413766029633
38413,0.5404724658883424
38414,0.219997
38415,0.0
38416,0.220016
38417,0.10115533724427522
38418,0.219997
38419,0.0
38420,0.008806054640945866
38421,0.2738627463062897
38422,0.021125803452442637
38423,0.20783935084711497
38424,0.08406862159885481
38425,0.06362187357511066
38426,0.017372242233853044
38427,0.03424323119126556
38428,0.09854404816474643
38429,0.27642086230828833
38430,0.01983444837695401
38431,0.009365301703025861
38432,0.0084254150809475
38433,0.032865917726441526
38434,0.12729937123406787
38435,0.220016
38436,0.06494465112858913
38437,0.219997
38438,0.12560647660906205
38439,0.0171442307015206
38440,0.011109515978982219
38441,0.06495245749363353
38442,0.4266450242094124
38443,0.4857614867463955
38444,0.03366704358654163
38445,0.1329756910015876
38446,0.04812889557577971
38447,0.0229602730328183
38448,0.4068412291624697
38449,0.9186220117312375
38450,0.219997
38451,0.11972529332525617
38452,0.0074583038796689
38453,0.045882269362904265
38454,0.042983240599431934
38455,0.11110354232757122
38456,0.11695397766720964
38457,0.12442130626957075
38458,0.08495151250436095
38459,1.0
38460,0.07311403274758307
38461,0.017251026980765104
38462,0.11509962511996558
38463,0.08788128740186162
38464,0.029160746173228988
38465,0.02649133363237852
38466,0.219997
38467,0.5310339644700404
38468,0.031649769331854934
38469,0.220016
38470,0.038620282567065276
38471,0.19138190362113744
38472,0.013255278099110878
38473,3.938919204165398e-05
38474,0.08810746046530377
38475,0.018571901817806668
38476,0.01399509304148607
38477,0.08218959139845958
38478,0.08691808141238948
38479,0.022250448310648305
38480,0.10172645123998901
38481,0.016655518352593837
38482,0.0039268881142482
38483,0.219997
38484,0.06607077653629859
38485,0.0505743620562871
38486,0.14163400841940296
38487,0.020187788391239032
38488,0.03226133246117628
38489,0.06198856022770971
38490,1.0
38491,0.036001250502734373
38492,0.1876555132350877
38493,0.1235647849190677
38494,0.0439896550758289
38495,0.02826131966573242
38496,0.0324976605541594
38497,0.012244010844443223
38498,0.349908
38499,0.03519448748847159
38500,0.007191900327688811
38501,0.015691906430850267
38502,0.04721191323760595
38503,0.350009
38504,0.0
38505,0.1342883997003106
38506,0.06062016534523307
38507,0.049588068860407446
38508,0.432527120883458
38509,0.02972817367924189
38510,0.041981951994269295
38511,0.02527399288202965
38512,0.026512928654401788
38513,0.08217352992409144
38514,0.1561068493447544
38515,0.10581973658358892
38516,0.004039117988389666
38517,0.0841963272691027
38518,0.220016
38519,0.08011522139355669
38520,0.1605695579739176
38521,0.14061633185620906
38522,0.0011390221658285384
38523,0.06687098600763045
38524,0.033590928867652164
38525,0.14290023228196747
38526,0.219997
38527,0.220016
38528,0.006420155899252507
38529,0.02818736472375473
38530,0.024785884238234336
38531,0.00953536850140276
38532,0.04350098861211342
38533,0.0
38534,0.013614119695354
38535,0.0432772902797061
38536,0.19818975065682537
38537,0.16065754298421536
38538,0.09670346423077757
38539,0.1581211017268057
38540,0.3380682874268408
38541,0.01842529030235351
38542,0.011141017385451433
38543,0.01949395164608001
38544,0.03543471143016194
38545,0.0099546512163957
38546,0.007313796238773101
38547,0.08856191245205691
38548,0.010733405137711649
38549,0.11302262582915817
38550,0.09446150460017294
38551,0.005493193389618649
38552,0.19689338591011782
38553,0.052778899331379456
38554,0.06158097295472481
38555,0.0040353639463459
38556,0.06241363620341306
38557,0.0170874548521313
38558,0.18327777758285396
38559,0.349908
38560,0.04068065812500306
38561,0.09655689373573938
38562,0.1409983351914874
38563,0.04332363321633462
38564,0.0528723594145021
38565,0.14491454809348286
38566,0.024075872284063604
38567,0.10937057362523951
38568,0.19251561156315022
38569,0.015182417181899862
38570,0.007550916122702218
38571,0.05786441868503197
38572,0.02816940232387551
38573,0.0
38574,0.030528684090461132
38575,0.010457504921140571
38576,0.1478254885718217
38577,0.13551915473624063
38578,0.03163552845017943
38579,0.219997
38580,0.046738109010687104
38581,0.06397630713663302
38582,0.04403607278090174
38583,0.046006730714419936
38584,0.0458675765185384
38585,0.219997
38586,0.219997
38587,0.015747627447568927
38588,0.14277282305625572
38589,0.0153824598003962
38590,0.0
38591,0.0
38592,0.0119368719679375
38593,0.015635767519587958
38594,0.0374263062879632
38595,0.05347790374437305
38596,0.0453801606398238
38597,0.0446485281111335
38598,0.03398183410370854
38599,0.0424928034103288
38600,0.12204816531850735
38601,0.04768035228391997
38602,0.02955618404720313
38603,0.350009
38604,0.005165946298530573
38605,0.0161896360645223
38606,0.24151120704354367
38607,0.28456123921091736
38608,0.02385502171539567
38609,0.04623310362610067
38610,0.220016
38611,0.0
38612,0.350009
38613,0.09168220647756678
38614,0.220016
38615,0.10916795857005224
38616,0.009336104508840168
38617,0.00034526936973235285
38618,0.011387287797396709
38619,0.19944751529966265
38620,1.0
38621,0.220016
38622,0.0178898234215773
38623,0.350009
38624,0.0241231436264579
38625,0.012774568330762914
38626,0.0037854763536538903
38627,0.11632533929143005
38628,0.15763202825289208
38629,0.7384105528058008
38630,0.4465519971594538
38631,0.053919000797749264
38632,0.0
38633,0.2226089787145947
38634,0.21855095860510476
38635,0.0014454976467539564
38636,0.012213811761073182
38637,0.05986943953654557
38638,0.0094963689364323
38639,0.13949389389978145
38640,0.350009
38641,0.220016
38642,0.220016
38643,0.5660942152797035
38644,0.1672327342232332
38645,0.0
38646,0.43674992133472035
38647,0.10477723354650176
38648,0.11044311969271117
38649,0.07193326219057883
38650,0.02491075832590518
38651,0.06468358333472655
38652,0.0723540415342581
38653,0.07220410304012218
38654,0.219997
38655,0.1364046636913868
38656,0.03743962286799464
38657,0.1948271481128018
38658,0.350009
38659,0.055103466900338974
38660,0.0369208572911613
38661,0.05991986135731532
38662,0.051461686962322756
38663,0.0018815735866810832
38664,0.09818012282725526
38665,0.16508346951924172
38666,0.220016
38667,0.06694808870482294
38668,0.05197602401523427
38669,0.04523563621159412
38670,0.023508177666749636
38671,0.350009
38672,0.12380184080739083
38673,0.02058672023069536
38674,0.4259245505368028
38675,0.4159938769138707
38676,0.05524594897425377
38677,0.13569222419016522
38678,0.034469154348358996
38679,0.010834104391137142
38680,0.01571835901311595
38681,0.09827712446876566
38682,0.15531312705515976
38683,0.349908
38684,0.49521544178048144
38685,0.220016
38686,0.09061770419225695
38687,0.00886818331687304
38688,0.03932738387546865
38689,0.337272436782071
38690,0.004219834061666362
38691,0.07421960942918154
38692,0.1630553792321075
38693,0.040806279550689495
38694,0.0084434264439467
38695,0.220016
38696,0.40695226783322164
38697,0.12102742635426167
38698,0.03961912048607325
38699,0.1019338309088496
38700,0.07646762154245773
38701,0.0027974787970022
38702,0.030824099720972796
38703,0.01841706769142823
38704,0.11454845779424279
38705,0.1549167911640911
38706,0.07677283755676315
38707,0.041404559166390444
38708,0.0
38709,0.07079465037628951
38710,0.060880845467887364
38711,0.24281303575649948
38712,0.10117175710464653
38713,0.1857654052186686
38714,0.029006318528269525
38715,0.09543798545147994
38716,0.04919553516114296
38717,0.049147575380075484
38718,0.02321384118135114
38719,0.029961138145983612
38720,0.07955614856618971
38721,0.06453571923767742
38722,0.11997193184416025
38723,0.5193719846817803
38724,0.483612053342232
38725,0.037692565513018854
38726,0.030188570626551267
38727,0.02909531726095816
38728,0.08106971472602818
38729,0.0
38730,0.030836268616559637
38731,0.017829452586925667
38732,0.029212460390162148
38733,0.15832073275344682
38734,0.058681468899232946
38735,0.03295992998162983
38736,0.06061244525189226
38737,0.08666156443073054
38738,0.11147138425348735
38739,0.214411873517536
38740,0.29487763023774005
38741,0.220016
38742,0.08125040202306202
38743,0.08229606140497125
38744,0.04541339202110506
38745,0.08786223121839876
38746,0.057980069178230655
38747,0.01157710630380254
38748,0.3421338348661556
38749,0.039537775086374904
38750,0.7421025814784495
38751,0.07020311434837775
38752,0.09403266038721736
38753,0.06498137990682709
38754,0.04640948899221792
38755,0.06524785707536637
38756,0.0005847752056473
38757,0.0205879054924648
38758,0.038000098075715125
38759,0.025398120150645388
38760,0.11779979775562908
38761,0.011117976623364202
38762,0.13438478787045904
38763,0.07548785881942591
38764,0.1294108837495816
38765,0.219997
38766,0.4016958892010194
38767,0.12370847081307018
38768,0.04147611660973452
38769,0.14348018636452853
38770,0.029603091387362817
38771,0.02336205790059089
38772,0.14570039377800675
38773,0.073423018857914
38774,0.10238347856025182
38775,0.03954316010335517
38776,0.08588859865243977
38777,0.05277423623312948
38778,0.020534326577600424
38779,0.01546691558070894
38780,0.11130793021485426
38781,0.010101815159765493
38782,0.020748384713522253
38783,0.025839507714233944
38784,0.0090558840410929
38785,0.011060939717018672
38786,0.07657627950241125
38787,0.07712764891774354
38788,0.11332719729594454
38789,0.13874967126499382
38790,0.14707402620995894
38791,0.219997
38792,0.220016
38793,0.31733885684315366
38794,0.0318989409020475
38795,0.12928515166293614
38796,0.054661835361352905
38797,0.07866935061507171
38798,0.08457473336547856
38799,0.06454429558476496
38800,0.04561733813329937
38801,0.04810181476506869
38802,0.019605165158013468
38803,0.03251013676405283
38804,0.015909877351133937
38805,0.16923287451735536
38806,0.02082510398308802
38807,0.05749276222590043
38808,0.2871541096740893
38809,0.09793237520287994
38810,0.1705029276649333
38811,0.349908
38812,0.1544029251978855
38813,0.14446108677350794
38814,0.05677378709602526
38815,0.09532176435302633
38816,0.10439073408804175
38817,0.10083899579949604
38818,0.06254314299331917
38819,0.015003223319481226
38820,0.01249939139854181
38821,0.3296318765756106
38822,0.14224517950415067
38823,0.03467228262634727
38824,0.0
38825,0.023362700713332997
38826,0.020482649739392213
38827,0.0183639225925755
38828,0.11010220113402512
38829,0.639276914236714
38830,0.08451320354572622
38831,0.06029614143586183
38832,0.1527476833517754
38833,1.0
38834,0.20147428538440681
38835,0.018035980980517383
38836,0.13687044845466972
38837,0.08334553013254063
38838,0.219997
38839,0.3551485740485719
38840,0.11111152681784475
38841,0.0
38842,0.07294999434178036
38843,0.0462252129940602
38844,0.10719106322827446
38845,0.19046965788216189
38846,0.04896466097725016
38847,0.1349642871562754
38848,0.02381968468704887
38849,0.054497255780826453
38850,0.0
38851,0.02561785864060584
38852,0.09057708495354407
38853,0.07027132969324736
38854,0.034131844157065
38855,0.12625062474018406
38856,0.20690704451000166
38857,0.33975973585017494
38858,0.11910170758071678
38859,0.037977369208911455
38860,0.08608610385066036
38861,0.219997
38862,0.21248458046301325
38863,0.07156396531978884
38864,0.08785896546658482
38865,0.02257467005136207
38866,0.0075972331823604
38867,0.062101143744516016
38868,0.6327783160879041
38869,0.0
38870,0.219997
38871,0.350009
38872,0.172004007809778
38873,0.0045947257204560655
38874,0.00845337729212514
38875,0.03108899611201105
38876,0.04372741328992695
38877,0.350009
38878,0.2983013058368593
38879,0.1719603323882672
38880,0.14153183883115525
38881,0.219997
38882,0.219997
38883,0.12133965192470404
38884,0.219997
38885,0.350009
38886,0.07359010168528259
38887,0.03987329019171083
38888,0.15050471227941892
38889,0.07511842307972963
38890,0.3055433101450423
38891,0.9003208407847009
38892,0.349908
38893,0.0
38894,0.220016
38895,0.219997
38896,0.0423119104037303
38897,0.0
38898,0.03506091736883932
38899,0.10379650817445091
38900,0.035896454786307735
38901,0.05576883611081794
38902,0.7241239773190469
38903,0.10101445811933654
38904,0.13682393532402173
38905,0.349908
38906,0.219997
38907,0.219997
38908,0.4271513662086632
38909,0.219997
38910,0.0311236564238228
38911,0.219997
38912,0.219997
38913,0.133490181775477
38914,1.0
38915,0.349908
38916,0.24018347114079
38917,0.030922029867390025
38918,0.03958777749714798
38919,0.16137542411888883
38920,0.01966501025174726
38921,0.007227258340298817
38922,0.08731009409920334
38923,0.007393641051607515
38924,0.007024335167216122
38925,0.078358474839579
38926,0.14568049364077362
38927,0.1711784597906475
38928,0.1412216105745531
38929,0.2082634556613381
38930,0.07407700041697571
38931,0.18519959100154293
38932,0.16174741061288433
38933,0.0866892764765432
38934,0.26456667755150065
38935,0.04304787306127593
38936,0.07800044279029436
38937,1.0
38938,1.0
38939,0.5824666617870689
38940,0.018894193149496842
38941,0.10685967080501982
38942,0.5843454185757666
38943,0.0896836663476394
38944,0.0
38945,0.07798199223122008
38946,0.08998740590545626
38947,0.10114038491910352
38948,0.04033128855197063
38949,0.6681555078477912
38950,0.0666612394005031
38951,0.06512512103506873
38952,0.167858699457197
38953,0.12232691264169329
38954,0.058139771777739144
38955,0.09752660384656273
38956,0.2943981053174951
38957,0.20421271606895908
38958,0.1651942570931287
38959,0.12028995834634136
38960,0.0880303202843403
38961,1.0
38962,1.0
38963,0.4307223768436533
38964,0.15630209769472253
38965,0.0020798205022209987
38966,0.5248041238984166
38967,0.045790624438543426
38968,0.220016
38969,0.12048224990645863
38970,0.1286360277269961
38971,0.03677365906933608
38972,0.16051769263709348
38973,0.13147776201721065
38974,0.18960855268825172
38975,0.219997
38976,0.739028905124516
38977,0.8085073321738937
38978,0.219997
38979,0.219997
38980,0.10555247977829801
38981,0.05639701655553717
38982,0.17934973631264603
38983,0.08576439104240549
38984,0.040366549940383856
38985,0.10827968837128317
38986,0.13997146477574712
38987,0.033346732602059816
38988,0.15387770380264237
38989,0.01551300228018325
38990,0.9844107674115514
38991,0.9987129917049317
38992,0.8758172834243962
38993,0.0036542947760953
38994,0.09319333589039198
38995,0.220016
38996,0.012987490491014598
38997,0.5325927775962602
38998,0.02163512614771956
38999,0.002513420441815433
39000,0.08449246494081367
39001,0.14180378386984585
39002,0.0917621013711132
39003,0.612682740302178
39004,1.0
39005,0.09855445632734808
39006,0.16393206649528475
39007,0.19792782820163105
39008,0.219997
39009,0.07699175236637121
39010,0.25895119807856615
39011,0.11840163007731766
39012,0.056447195150741175
39013,0.044302751910628296
39014,0.1550662867042462
39015,0.18365572198770636
39016,0.08304744275284387
39017,0.04822942097138644
39018,0.30411847316006607
39019,0.31241134041250895
39020,0.1636054081671906
39021,0.18428099512942236
39022,0.0853561118975161
39023,0.20270133080114316
39024,0.048227842771376074
39025,0.0
39026,0.028973863986612086
39027,0.0734234558327239
39028,0.06599502341264543
39029,0.350009
39030,0.9479396159399589
39031,0.219997
39032,0.219997
39033,0.220016
39034,0.219997
39035,0.19650422592735423
39036,0.9160953820280112
39037,0.1130715129229233
39038,0.0419499221307039
39039,0.007671345531187011
39040,0.219997
39041,0.218324792123754
39042,0.350009
39043,0.2906689718255987
39044,0.219997
39045,0.18873103488201287
39046,1.0
39047,0.13939207809287169
39048,0.220016
39049,0.219997
39050,0.023333389826645377
39051,0.025075118530174766
39052,0.349908
39053,0.08033536781912208
39054,0.041104703009838026
39055,0.0532380581163749
39056,0.08339589751492173
39057,0.19812406494356063
39058,0.49970355676441286
39059,0.349908
39060,0.349908
39061,0.349908
39062,0.219997
39063,0.219997
39064,0.349908
39065,0.020761698550254
39066,0.1739894524966433
39067,0.11484984444025413
39068,0.06474850979223873
39069,0.5375351432763392
39070,0.22376237663338439
39071,0.022696703604524977
39072,0.6457229749345366
39073,0.26310591278133844
39074,0.0879569165668754
39075,0.19164690855277877
39076,0.06744095859504635
39077,0.04042948997413545
39078,0.033359331710173
39079,0.052553119892981226
39080,0.0971852112381196
39081,0.15266007604408477
39082,0.15770838986997898
39083,0.5478234884542927
39084,1.0
39085,0.5603060262438205
39086,0.4681805424994
39087,0.7879390168555954
39088,0.1386591417297248
39089,0.0
39090,0.014340554951491974
39091,0.018090036632312657
39092,0.13153268845638244
39093,0.2907694201726523
39094,0.04215679117098981
39095,0.08181150728874775
39096,0.0799361016977599
39097,0.219997
39098,0.0
39099,0.07074441789420205
39100,0.013271927129609062
39101,0.03136801225832159
39102,0.023763991314978777
39103,0.007378780982386276
39104,0.0229855640105072
39105,0.12851361468684996
39106,0.07390648118520195
39107,0.053045552056739796
39108,0.3666069982330291
39109,0.31384651753930737
39110,0.350009
39111,1.0
39112,0.9713962017254125
39113,0.349908
39114,0.04943691416070484
39115,0.009327813242118357
39116,0.0
39117,0.07730852238715286
39118,0.158888934529378
39119,0.04133931569944303
39120,1.0
39121,0.09177789644703276
39122,0.03423789835599733
39123,0.0831509724328533
39124,0.10229071414552404
39125,0.350009
39126,0.03202845616071262
39127,0.04505151859103633
39128,0.007866878390518684
39129,0.03240014338157898
39130,0.024320497039904663
39131,0.007817096959756034
39132,0.03822969568292868
39133,0.1119978196590905
39134,0.14233786173736276
39135,0.9313780555122719
39136,0.4292004536735535
39137,0.350009
39138,1.0
39139,0.5093761303718083
39140,0.349908
39141,0.15167776475867298
39142,0.027505601259534114
39143,0.011777395793795133
39144,0.04130489465859674
39145,0.05299005741089406
39146,0.02268524940545794
39147,0.06770636338043973
39148,0.5908399919293107
39149,0.219997
39150,0.349908
39151,0.05198874342919853
39152,0.20682740654355225
39153,0.21694397200039856
39154,0.15112982097403077
39155,0.10246175926733314
39156,0.06002714833406825
39157,0.03901184528841543
39158,0.004437729854042748
39159,0.023792484294251546
39160,0.219997
39161,1.0
39162,0.350009
39163,1.0
39164,0.48894032134249665
39165,0.349908
39166,0.18661718242818287
39167,0.1589025668291457
39168,0.0066074282859143
39169,0.0571693082584199
39170,0.012326069371186134
39171,0.07464477290265435
39172,0.13567348842387628
39173,0.219997
39174,0.008610801181038616
39175,0.219997
39176,0.043639666283216964
39177,0.11559560201673597
39178,0.3136744917529084
39179,0.10482318014058838
39180,0.11906097483306358
39181,0.3460981255639656
39182,0.219997
39183,0.219997
39184,0.09955623572287169
39185,0.219997
39186,0.19096374982600303
39187,0.04753660769070487
39188,0.08766320659933975
39189,0.08935294895420079
39190,0.12864728595981129
39191,0.0041459248053868
39192,0.1369044953116719
39193,0.013106081408343032
39194,0.1863272494362311
39195,0.04981166868467646
39196,0.029915370431511053
39197,0.11963463108587162
39198,0.07184150191842065
39199,0.09404284926208525
39200,0.07755665566916067
39201,0.219997
39202,0.31748371310027196
39203,0.8160160239092307
39204,0.16693870648827613
39205,0.0
39206,0.014608978033023587
39207,0.02729308895226995
39208,0.032930680381117225
39209,0.12458114872612558
39210,0.1548896567829961
39211,0.12611073256984048
39212,0.015119654553325403
39213,0.05368201632759882
39214,0.023635591627322726
39215,0.0371812811284946
39216,0.12112671067003106
39217,0.10613238312163681
39218,0.12175251914051377
39219,0.4977733958603852
39220,0.022938327986641468
39221,0.0312608695667486
39222,0.10218944868081781
39223,0.07568066003469148
39224,0.1379958516044098
39225,0.610124525137556
39226,0.219997
39227,0.0031683865531592
39228,0.22953891626924153
39229,0.06502240050864339
39230,0.03802736810998998
39231,0.12113305515994022
39232,0.19736932210739822
39233,0.0080001061944909
39234,0.2645977547685117
39235,0.021571653807269137
39236,0.219997
39237,0.0874281065176863
39238,0.07272459603285805
39239,0.02068167416329944
39240,0.04304880636010847
39241,0.10791605393491294
39242,0.3817447434084482
39243,0.03846113618557191
39244,0.0
39245,0.0
39246,0.060406751586771425
39247,0.10394103220902634
39248,0.2044640378287293
39249,0.06135699221782614
39250,0.24482981893058098
39251,0.10408231318353303
39252,0.05074692181341389
39253,0.005415255798952219
39254,0.06314073403880932
39255,0.041831148628023625
39256,0.3387281227837129
39257,0.42343225496939074
39258,0.1390134017647066
39259,0.07503767056838381
39260,0.44863465099105637
39261,1.0
39262,0.219997
39263,0.14610640730110117
39264,0.0042720207498873
39265,0.047139718919653656
39266,0.07609537300196004
39267,0.12830878816950983
39268,0.11611811248988764
39269,0.09857764860092455
39270,0.08838972850602125
39271,1.0
39272,0.12044406352899417
39273,0.11696040926469538
39274,0.07788475523727753
39275,0.008467762470073319
39276,0.1162273312061692
39277,0.4526108692687949
39278,0.05055852617701444
39279,0.18878424478349293
39280,0.034367522353773224
39281,0.17523474601767045
39282,0.004831058905861254
39283,0.10310372638608406
39284,0.008978052637179167
39285,0.00438905854761486
39286,0.005531842928094369
39287,0.10224354325566679
39288,0.10188388015914979
39289,0.0200564970177746
39290,0.060447994874039415
39291,0.023510270434635924
39292,0.0
39293,0.219997
39294,0.0675920511502407
39295,0.056444607777354994
39296,0.014553974139410016
39297,0.12618453335948027
39298,0.03932386778016253
39299,0.06920660705048111
39300,1.0
39301,0.04741847126216797
39302,0.17383111820569677
39303,0.0727652294748415
39304,0.0549853839243353
39305,0.03515824488163832
39306,0.0267488901896944
39307,0.005267019261616384
39308,0.021338297476400137
39309,0.349908
39310,0.032858823246298394
39311,0.0025810206951003
39312,0.01143589869641813
39313,0.16248868640130815
39314,0.005435654187769052
39315,0.1573341474649308
39316,0.027200372000676067
39317,0.03883268451831145
39318,0.42212278742067
39319,0.02972817367924189
39320,0.03268251741641031
39321,0.007571234711364251
39322,0.027428743649130588
39323,0.07484768687974663
39324,0.1537478064541693
39325,0.10393316969030611
39326,0.012851155203260934
39327,0.006175019838374222
39328,0.0972282180288978
39329,0.220016
39330,0.08520183074280219
39331,0.08841079853456299
39332,0.11787346753970665
39333,0.016904035591359508
39334,0.04169629373710184
39335,0.10965227898102697
39336,0.2618271251846333
39337,0.12581322466647726
39338,0.024785884238234336
39339,0.027543376852117385
39340,0.018510456533026964
39341,0.005815420320297899
39342,0.0105328161508498
39343,0.0
39344,0.022404587529248916
39345,0.0567348863219373
39346,0.17305399396661625
39347,0.11029203655931766
39348,0.14261915680721865
39349,0.19915843646810943
39350,0.2653227375870003
39351,0.00688794173993755
39352,0.01178144859247111
39353,0.026290908744738835
39354,0.032849471907571
39355,0.03196268165034564
39356,0.031945360316478155
39357,0.020369707497576328
39358,0.0
39359,0.0104098177123166
39360,0.0083497162846558
39361,0.06660918447956761
39362,0.11477366876271217
39363,0.022665618030623003
39364,0.11823454618611143
39365,0.19527610181571592
39366,0.05009587214070271
39367,0.026661948832665358
39368,0.01567065156061092
39369,0.15966674070987746
39370,0.0411879974952566
39371,0.350009
39372,0.017642817452792257
39373,0.06126971532876947
39374,0.11592937012035452
39375,0.012255972883322185
39376,0.06856464699211012
39377,0.0309461497934818
39378,0.002023493926730899
39379,0.15324697244941926
39380,0.0187173732288288
39381,0.158570864657816
39382,0.219997
39383,0.03240351715867186
39384,0.04297788706285287
39385,0.014736426720456709
39386,0.0033103879079922974
39387,0.022196436736927283
39388,0.03182522249552537
39389,0.0074195065763561045
39390,0.1650311321765202
39391,0.1634737005488196
39392,0.219997
39393,0.0359468656888997
39394,0.010216640873690933
39395,0.06629742433410521
39396,0.03912540017428805
39397,0.015770781368939328
39398,0.03725108202039244
39399,0.048699829609390996
39400,0.349908
39401,0.26359834956770867
39402,0.023047248017297826
39403,0.15280138777398883
39404,0.0153824598003962
39405,0.0
39406,0.024296615280792855
39407,0.019587318848472854
39408,0.05044313082719188
39409,0.0005287565812378998
39410,0.047138852323684505
39411,0.05347790374437305
39412,0.0081325565567978
39413,0.0581291922601668
39414,0.0148783804555742
39415,0.11320602667573326
39416,0.04769089533714033
39417,0.06260020981482123
39418,0.052701583084686
39419,0.220016
39420,0.0
39421,0.1743289681555538
39422,0.0451556121948112
39423,0.219997
39424,0.349908
39425,0.0294384787727506
39426,0.04623310362610067
39427,0.220016
39428,0.0021645737766810974
39429,0.220016
39430,0.220016
39431,0.15408366085806696
39432,0.0425932926674448
39433,0.0025821521519607
39434,0.012876305057223645
39435,0.00034526936973235285
39436,0.21742202848332023
39437,0.09648987339581268
39438,1.0
39439,0.05402813920967295
39440,0.0422036966386419
39441,0.220016
39442,0.04807879111872651
39443,0.012640584905613934
39444,0.010427004531001715
39445,0.11228127800094044
39446,0.10941149891316068
39447,0.5925854788472088
39448,0.461231767387317
39449,0.060303776033012596
39450,0.04572954887735075
39451,0.219997
39452,0.220016
39453,0.02551884876685563
39454,0.031137105340653937
39455,0.008577056352448782
39456,0.03214890859221067
39457,0.14730910594169594
39458,0.350009
39459,0.0971674991755678
39460,0.220016
39461,0.679580344268376
39462,0.220016
39463,0.0
39464,0.39244762073812134
39465,0.12165540985460016
39466,0.13356167476267217
39467,0.023829817492850437
39468,0.0
39469,0.05593511367341815
39470,0.1114874126660835
39471,0.09381134705745048
39472,0.1772161879008688
39473,0.1497290015782328
39474,0.18792516613789811
39475,0.350009
39476,0.05619728415573047
39477,0.03998543661230227
39478,0.07569110653767411
39479,0.05398881770566452
39480,0.04846490348708746
39481,0.022209088048187983
39482,0.10267965237033969
39483,0.03866274723827659
39484,0.12939154208673215
39485,0.16827853866294623
39486,0.219997
39487,0.0061988383085127205
39488,0.012208877610563775
39489,0.4792996773061598
39490,0.09924159973600524
39491,0.220016
39492,0.350009
39493,0.4190005421801428
39494,0.0056002016483506405
39495,0.07303205037323407
39496,0.0979971755839421
39497,0.0006505169941400414
39498,0.024095913018103852
39499,0.09316489505284081
39500,0.007085609131992151
39501,0.1326377590693077
39502,0.219997
39503,0.3546190104933745
39504,0.008824035487355823
39505,0.220016
39506,0.11375020950650246
39507,0.11471429569237335
39508,0.349908
39509,0.0
39510,0.2181999478535548
39511,0.040806279550689495
39512,0.219997
39513,0.5054863802468254
39514,0.12881109240555166
39515,0.013624543161997753
39516,0.04085241137178875
39517,0.0373052328755093
39518,0.08411804404757194
39519,0.030824099720972796
39520,0.01636852040824903
39521,0.1262833285759746
39522,0.0765603240037087
39523,0.07299663872794085
39524,0.09023716887791605
39525,0.009129862551285124
39526,0.01833164008583259
39527,0.03985995126249682
39528,0.029674088895256648
39529,0.025678838106014866
39530,0.19459072250337467
39531,0.10142356257003973
39532,0.17525637754171952
39533,0.03409210095419073
39534,0.11074905767241204
39535,0.07293092112262006
39536,0.02075882233943034
39537,0.028711746453540913
39538,0.07248859876559992
39539,0.06744055424049922
39540,0.07437042040618924
39541,0.49631137565187045
39542,0.525140642638343
39543,0.05512589774274165
39544,0.019913318369942666
39545,0.04409884807242567
39546,0.0
39547,0.015386410714367851
39548,0.08262505318654163
39549,0.0
39550,0.219997
39551,0.07851799974409254
39552,0.04525558972931383
39553,0.05307585778755416
39554,0.005676170132666495
39555,0.07682721261451225
39556,0.09502465824375395
39557,0.220016
39558,0.350009
39559,0.220016
39560,0.07411583200221691
39561,0.08373962942499544
39562,0.04564797558390826
39563,0.06691302851426106
39564,0.07617375959141025
39565,0.01157710630380254
39566,0.350009
39567,0.037035341835291405
39568,0.7773143710198687
39569,0.08242270550170075
39570,0.0039634261053659
39571,0.07287564428431727
39572,0.03930377802103499
39573,0.05982947640184562
39574,0.0093231397849796
39575,0.029091155435150277
39576,0.0075081976964903
39577,0.0181950849512356
39578,0.03599321356703473
39579,0.037241982451751386
39580,0.11359029604613649
39581,0.0330803636826432
39582,0.13098404535534375
39583,0.06881606241626823
39584,0.1670474976144452
39585,0.29342448110424535
39586,0.3996248551742132
39587,0.11974954036018558
39588,0.15062889369695232
39589,0.02608970111581192
39590,0.00964791205036189
39591,0.15251386428189806
39592,0.11276143693295948
39593,0.04950161470167371
39594,0.06654060406611229
39595,0.09486351048801736
39596,0.020284210318958364
39597,0.02978475488953511
39598,0.00708521002211198
39599,0.14723747145842964
39600,0.010101815159765493
39601,0.02012366816397734
39602,0.01669567641514
39603,0.025602657083844474
39604,0.04435690872364886
39605,0.07963724587657885
39606,0.10197591044717504
39607,0.130249502315607
39608,0.12580997789717385
39609,0.22953938611297336
39610,0.220016
39611,0.219997
39612,0.03927171931848261
39613,0.13049249939080493
39614,0.0042782548115800996
39615,0.04667438416680331
39616,0.09491977303144332
39617,0.06928019100998956
39618,0.0
39619,0.004464340244075915
39620,0.04990238186345576
39621,0.04969065541561667
39622,0.0
39623,0.044573292287351865
39624,0.05005978204217144
39625,0.11349082955979697
39626,0.05643069267821633
39627,0.3329194561366245
39628,0.13098133235601003
39629,0.1783226612413653
39630,0.349908
39631,0.17693440903451607
39632,0.14221534465936825
39633,0.10864602128266426
39634,0.11082853126457584
39635,0.13148362574413597
39636,0.11327427405147214
39637,0.05381854108646417
39638,0.01337230792501962
39639,0.339555612570114
39640,0.09065703615167107
39641,0.03855087593444567
39642,0.035641910717307324
39643,0.08318386930624119
39644,0.01379936069892565
39645,0.018530649026846202
39646,0.1356043539326025
39647,0.6763606283384231
39648,0.14509214585923141
39649,0.03505927600822943
39650,0.1264276049849163
39651,1.0
39652,0.17887781355730462
39653,0.025670832562138264
39654,0.13314212101625153
39655,0.09035973238028122
39656,0.2668842122698538
39657,0.41918780790712995
39658,0.10455415474803317
39659,0.006625288081407952
39660,0.07225401047875436
39661,0.0562710460016288
39662,0.09284246306046186
39663,0.220016
39664,0.09097257858847886
39665,0.094332235043474
39666,0.00786581077054807
39667,0.002786883411146055
39668,0.03446080466621234
39669,0.07657083372569977
39670,0.07305549922727425
39671,0.0299835239493812
39672,0.13514765879399385
39673,0.219997
39674,0.349908
39675,0.11693595147926766
39676,0.04046178621839605
39677,0.09687768344752046
39678,0.219997
39679,0.26403735627070485
39680,0.09842479244218515
39681,0.03262404301149137
39682,0.009167448184996289
39683,0.06957036107938211
39684,0.6451890593122184
39685,0.0
39686,0.219997
39687,0.39608793004673515
39688,0.13343630797615053
39689,0.0235595547932588
39690,0.00845337729212514
39691,0.031356282588192855
39692,0.05899416613293005
39693,0.350009
39694,0.2845552866990177
39695,0.1515001898605587
39696,0.15761981563779065
39697,0.219997
39698,0.2143933634405633
39699,0.13806237060454235
39700,0.219997
39701,0.349908
39702,0.1062682176605599
39703,0.053277249426137124
39704,0.16287586785416952
39705,0.06880694648101704
39706,0.219997
39707,0.799735341464252
39708,0.09040419743859293
39709,0.349908
39710,0.02487904780845903
39711,0.219997
39712,0.0
39713,0.037261088448780816
39714,0.11904127729432001
39715,0.035896454786307735
39716,0.048840457558778735
39717,0.6411558128016401
39718,0.10576962222360223
39719,0.1555733970520719
39720,0.349908
39721,0.219997
39722,0.219997
39723,0.349908
39724,0.219997
39725,0.0196291757696588
39726,0.219997
39727,0.15766651978415858
39728,0.1016538347352004
39729,1.0
39730,0.4448217954974329
39731,0.3040252398191494
39732,0.032470362164140495
39733,0.09116811378571908
39734,0.11609423353529244
39735,0.016590785607549063
39736,0.001640420432215266
39737,0.01731188734299352
39738,0.06708870531038826
39739,0.007393641051607515
39740,0.0175948293876876
39741,0.1029124366320102
39742,0.15982854019086945
39743,0.1314360211611053
39744,0.1483698894103891
39745,0.19319814224606618
39746,0.08181975057117902
39747,0.1675320157199458
39748,0.13791558307137292
39749,0.10324696438396569
39750,0.219997
39751,0.04304787306127593
39752,0.09486695722191825
39753,1.0
39754,1.0
39755,0.6711604235529407
39756,0.0053976343716098
39757,0.011324422058888317
39758,0.10586428479041192
39759,0.5613525959989313
39760,0.1112343509804922
39761,0.0071489597057954124
39762,0.09585423851684309
39763,0.08697923494424636
39764,0.08935737131787191
39765,0.6333476244463634
39766,0.0810942086201572
39767,0.08809794771294444
39768,0.2001063455806946
39769,0.0940406128347697
39770,0.08039233500548665
39771,0.08227108905071613
39772,0.350009
39773,0.18536382581571909
39774,0.11919671934521431
39775,0.10659919200106577
39776,0.11120420907131509
39777,1.0
39778,1.0
39779,0.45214359561494366
39780,0.11651882270546393
39781,0.010743230124562705
39782,0.0006417594273623109
39783,0.5100505932242267
39784,0.010474409784991923
39785,0.219997
39786,0.10940269691197382
39787,0.1334410591680549
39788,0.03518314546887907
39789,0.14132126965433717
39790,0.13649004128600326
39791,0.219997
39792,0.219997
39793,0.8177544853704131
39794,0.7415893324647421
39795,0.219997
39796,0.21685890070909974
39797,0.1306545318739183
39798,0.057047296665908874
39799,0.12906221432532902
39800,0.09926000832324208
39801,0.05423369006849116
39802,0.011033158667772328
39803,0.09537654359077807
39804,0.13749796112874574
39805,0.1812776102324914
39806,0.032586498038163575
39807,0.9384146479371486
39808,0.9987129917049317
39809,0.8758172834243962
39810,0.04533417456133508
39811,0.219997
39812,0.0249481104917079
39813,0.5051477447410216
39814,0.02163512614771956
39815,0.014255684595824726
39816,0.026661713360306344
39817,0.08401977950023606
39818,0.13167834837271006
39819,0.119550626544672
39820,0.5949015185090917
39821,1.0
39822,0.09028874993525038
39823,0.15188326690074666
39824,0.19641350679493744
39825,0.219997
39826,0.09515386396882741
39827,0.219997
39828,0.12899886206953187
39829,0.033276360221409375
39830,0.07904076463402669
39831,0.07246451821048128
39832,0.17208579428508675
39833,0.29368665948174094
39834,0.22869498288757698
39835,0.16119442149566487
39836,0.07442229188874533
39837,0.16307668289041335
39838,0.0593837579495914
39839,0.219997
39840,0.03949898924989158
39841,0.011346072842228787
39842,0.04492743726830967
39843,0.0
39844,0.017727557005893707
39845,0.0818442524321861
39846,0.052336273759263335
39847,0.3376652385891066
39848,0.9949942189917207
39849,0.219997
39850,0.219997
39851,0.20876454412559087
39852,0.219997
39853,0.21413618778826063
39854,1.0
39855,0.11956122939154441
39856,0.0381210286876916
39857,0.219997
39858,0.143052382553596
39859,0.220016
39860,0.350009
39861,0.219997
39862,0.17619849933812426
39863,1.0
39864,0.07060826864512698
39865,0.028757744096941467
39866,0.220016
39867,0.18127889817054899
39868,0.01979267829893911
39869,0.782771951890247
39870,0.057449072416987476
39871,0.041598535209423027
39872,0.0524811279401573
39873,0.07778190951631013
39874,0.19560267931463954
39875,0.503717016883679
39876,0.349908
39877,0.349908
39878,0.349908
39879,0.219997
39880,0.219997
39881,0.349908
39882,0.0012436677524333998
39883,0.11789796381456799
39884,0.14281082862218333
39885,0.10024121554301224
39886,0.440287815834062
39887,0.3038511728752582
39888,0.6380139283303168
39889,0.3422631151254552
39890,0.0662615120837082
39891,0.16884943579556017
39892,0.13524536818242885
39893,0.01918513685274175
39894,0.015687316026290046
39895,0.033321433632169606
39896,0.05802471256601133
39897,0.0910398924617322
39898,0.15302577904390777
39899,0.220016
39900,0.6057910487533376
39901,1.0
39902,0.5457625108455099
39903,0.349908
39904,0.8555194079851232
39905,0.1286282579697804
39906,0.047585194476402276
39907,0.024025968757266855
39908,0.14913038604211662
39909,0.349908
39910,0.04545038724339201
39911,0.03593455637384925
39912,0.07850652254432142
39913,0.21704102347698093
39914,0.01781559646920393
39915,0.08454806790402075
39916,0.013271927129609062
39917,0.0090406698798746
39918,0.0289380856416579
39919,0.12938983023422668
39920,0.05565816504264964
39921,0.0935818679722566
39922,0.31489814151444656
39923,0.27816620331755487
39924,0.350009
39925,1.0
39926,0.9353221367052038
39927,0.349908
39928,0.08551800878239044
39929,0.025626856483564858
39930,0.007598358444908946
39931,0.08655129381839195
39932,0.17884428676608669
39933,0.061566244475841636
39934,1.0
39935,0.06617160528248026
39936,0.021015703108444604
39937,0.10307862992983159
39938,0.11424606073578564
39939,0.350009
39940,0.09043054921845153
39941,0.07454052217218513
39942,0.018516107238300786
39943,0.02864093591478568
39944,0.018505239785694863
39945,0.006589838691950433
39946,0.029288662792366082
39947,0.1253511402733028
39948,0.16595545147878937
39949,0.9805542634444544
39950,0.43618072606743497
39951,0.350009
39952,1.0
39953,0.5296205835879676
39954,0.349908
39955,0.17525129375319398
39956,0.001917228177941272
39957,0.012654503519962036
39958,0.025923978922512345
39959,0.09346610438517286
39960,0.0036801563389952394
39961,0.06950552102111672
39962,0.547664922549078
39963,0.17271367101411259
39964,0.349908
39965,0.06921465306400193
39966,0.17342784894673663
39967,0.18264491968090923
39968,0.1766091417936806
39969,0.16214643053565125
39970,0.054196471047278455
39971,0.03901184528841543
39972,0.03362977367590404
39973,0.21501868414231712
39974,1.0
39975,0.350009
39976,1.0
39977,0.5041270128531191
39978,0.349908
39979,0.16883276261594665
39980,0.1620690131922181
39981,0.0598763315099415
39982,0.08892186679041675
39983,0.022556521718134617
39984,0.08243577702329197
39985,0.2073833008301663
39986,0.219997
39987,0.051638883073967266
39988,0.11219086912613936
39989,0.28757323994443473
39990,0.08973440776689398
39991,0.12230160906025067
39992,0.219997
39993,0.06470175533948697
39994,0.219997
39995,0.219997
39996,0.08785383707261359
39997,0.219997
39998,0.02387475085464925
39999,0.19594568179924654
40000,0.11799567077721607
40001,0.08549101362178152
40002,0.101008704407931
40003,0.1369602728604912
40004,0.1306361495192982
40005,0.013106081408343032
40006,0.1627543486904315
40007,0.02852436030532226
40008,0.0534774609889373
40009,0.13146286101875493
40010,0.06447053826200133
40011,0.11646313497932656
40012,0.08005503082229268
40013,0.219997
40014,0.34491108195751485
40015,0.8267045322407953
40016,0.18423837150698522
40017,0.018864201842748188
40018,0.02399474612873642
40019,0.0381228804864307
40020,0.13553281989939198
40021,0.09915877583648222
40022,0.15143387990407636
40023,0.02397531783301566
40024,0.057024571322934425
40025,0.0808787253489851
40026,0.11716965933296002
40027,0.13109318776126977
40028,0.5028109981947069
40029,0.022938327986641468
40030,0.0312608695667486
40031,0.08689567542774962
40032,0.07389520263385568
40033,0.11262837008950172
40034,0.5737312375551916
40035,0.219997
40036,0.18713029156974353
40037,0.03250817785643509
40038,0.02876876231864324
40039,0.10779831500363912
40040,0.220016
40041,0.0
40042,0.220016
40043,0.009931353508159
40044,0.021880520428273036
40045,0.219997
40046,0.0920989201362601
40047,0.06958892575945276
40048,0.028993834007917857
40049,0.08618261029126872
40050,0.349908
40051,0.039738701716981115
40052,0.0
40053,0.0
40054,0.0506076642070426
40055,0.09595825194589686
40056,0.2982551732451958
40057,0.041598851341790935
40058,0.219997
40059,0.12364761633925404
40060,0.051797389586238196
40061,0.01203243237430738
40062,0.015547615769187818
40063,0.03703409251595713
40064,0.03212833815980562
40065,0.349908
40066,0.349908
40067,0.03366704358654163
40068,0.154664073358442
40069,0.04684342242524692
40070,0.02098224843001744
40071,0.4655486357906591
40072,1.0
40073,0.219997
40074,0.15887600347275177
40075,0.002815423761968
40076,0.06339954033975406
40077,0.11103848999661294
40078,0.08534334088252722
40079,0.12157389916629034
40080,0.08111286057572065
40081,0.09911078419152895
40082,1.0
40083,0.1883232537125322
40084,0.08574719186602107
40085,0.058471969288168224
40086,0.016420862678145284
40087,0.06864193126387032
40088,0.148957706070746
40089,0.350009
40090,0.08491587891150763
40091,0.21809192974442776
40092,0.04301209600880077
40093,0.14338753818167083
40094,0.008339497429382853
40095,0.12316707172242336
40096,0.012177536570737668
40097,0.00438905854761486
40098,0.015836123529426267
40099,0.09732354807325846
40100,0.07483873271627448
40101,0.006409001167301001
40102,0.005983567940205
40103,0.11272278594483431
40104,0.018469351095191235
40105,0.219997
40106,0.09062680699866549
40107,0.032062130197823405
40108,0.050122625786866604
40109,0.05724110912614731
40110,0.14382681685617926
40111,0.042590761525588036
40112,0.027515846527478516
40113,0.036308331966860306
40114,1.0
40115,0.11090302265807137
40116,0.06800175979024878
40117,0.05462894568841151
40118,0.06810094790203242
40119,0.012244010844443223
40120,0.349908
40121,0.02944832499392479
40122,0.00555042165256222
40123,0.0033848464968189575
40124,0.007191900327688811
40125,0.19869910502297705
40126,0.1257392402072257
40127,0.350009
40128,0.0149589551392785
40129,0.00839011593619255
40130,0.012848584213973623
40131,0.03132488949711079
40132,0.08788072086418694
40133,0.1058294518219159
40134,0.08751906243136343
40135,0.004917953689066639
40136,0.0189428551634695
40137,0.0689935394533687
40138,0.20923272522311015
40139,0.0729992658635518
40140,0.1420001431227711
40141,0.06855390749636675
40142,0.01014026562555434
40143,0.07088424786418585
40144,0.14238101986878565
40145,0.1423009048505205
40146,0.219997
40147,0.016195854935363085
40148,0.007154617391384186
40149,0.018804268880148356
40150,0.032279741034859116
40151,0.015075707202274708
40152,0.0166965543924001
40153,0.0066114139688616385
40154,0.022404587529248916
40155,0.012818076288271299
40156,0.14827262076991277
40157,0.12345431117199276
40158,0.10039235705523777
40159,0.0039276665305274
40160,0.10413232643943793
40161,0.32770169677414596
40162,0.0108674648163537
40163,0.00562071436258851
40164,0.014939748036758235
40165,0.007421002222613678
40166,0.03604115633313134
40167,0.013221043761337727
40168,0.016210337846531482
40169,0.06839610202020208
40170,0.007481920275978457
40171,0.06613755072596614
40172,0.16744172790700892
40173,0.02799746839471945
40174,0.02308278013553781
40175,0.0040683481924302
40176,0.021041606447096857
40177,0.01567065156061092
40178,0.17542078041441778
40179,0.37481732788815497
40180,0.02247137826767946
40181,0.042069520363759876
40182,0.0724149594707156
40183,0.04449742460360662
40184,0.020083544467376195
40185,0.007796133711301078
40186,0.14197231459453516
40187,0.0172511016876482
40188,0.11098478757141551
40189,0.19747350507197392
40190,0.01819748171979856
40191,0.026752851691736974
40192,0.019744947921940918
40193,0.06688608633860046
40194,0.02478430189925641
40195,0.023417687069549185
40196,0.052660290585285666
40197,0.0074195065763561045
40198,0.1514738547979972
40199,0.1095580204429207
40200,0.219997
40201,0.0073015447726741
40202,0.041992577764051006
40203,0.026895184866548835
40204,0.013008705188051714
40205,0.05876804623307531
40206,0.028397747212795744
40207,0.07001523588325993
40208,0.219997
40209,0.220016
40210,0.12811746974103805
40211,0.018497644628780976
40212,0.024296615280792855
40213,0.019587318848472854
40214,0.015635767519587958
40215,0.0238908014455078
40216,0.029517628587349198
40217,0.0426517901807476
40218,0.0260265156723565
40219,0.0314196895497119
40220,0.03329036260335696
40221,0.0081312353667028
40222,0.0766534806288793
40223,0.0026063487463632
40224,0.06913977446896705
40225,0.08391179598056475
40226,0.06935247725592007
40227,0.02665518215805904
40228,0.220016
40229,0.005165946298530573
40230,0.220016
40231,0.21831224467229549
40232,0.219997
40233,0.04623310362610067
40234,0.1904766987450089
40235,0.350009
40236,0.09168220647756678
40237,0.060426645101354606
40238,0.07197200675456844
40239,0.024661735095161723
40240,0.023889931122892664
40241,0.00034526936973235285
40242,0.12501173269245483
40243,0.9201000295579
40244,0.07444102017426364
40245,0.043628056806365084
40246,0.1277894009689781
40247,0.1593675377034017
40248,0.0
40249,0.021919237991331914
40250,0.01100133278117351
40251,0.17007584996882597
40252,0.09447765899658708
40253,0.5486712268108823
40254,0.350009
40255,0.053919000797749264
40256,0.007907222798825254
40257,0.1546955660172895
40258,0.23465963318917465
40259,0.031137105340653937
40260,0.01613514395778077
40261,0.21822865402963243
40262,0.0434346015377924
40263,0.350009
40264,0.0856676191004188
40265,0.219997
40266,0.6575338577157536
40267,0.220016
40268,0.0
40269,0.5015648457588546
40270,0.05261705846430745
40271,0.09706069498476357
40272,0.03837924995026727
40273,0.051153193554146256
40274,0.12912277819281848
40275,0.07870447494168648
40276,0.2011659214790324
40277,0.1567358380811082
40278,0.03743962286799464
40279,0.1320835964741055
40280,0.350009
40281,0.060371088160552575
40282,0.026908119530337997
40283,0.08574337929283377
40284,0.0028445269809449832
40285,0.0449903201327378
40286,0.10472917684423996
40287,0.18292139403743685
40288,0.219997
40289,0.018411550404860116
40290,0.28633054319518597
40291,0.220016
40292,0.219997
40293,0.350009
40294,0.4312024727278595
40295,0.0056002016483506405
40296,0.13059867903542988
40297,0.09742966725747669
40298,0.021121042907441122
40299,0.026677341047168943
40300,0.006102241876481225
40301,0.03344894615116675
40302,0.09586650744895
40303,0.09020999773237084
40304,0.13989471329716346
40305,0.219997
40306,0.3693780449665403
40307,0.0328646102644118
40308,0.09136903949257115
40309,0.025123730833266744
40310,0.350009
40311,0.04305236605199454
40312,0.0903752127687235
40313,0.008431404611871043
40314,0.0411058907840549
40315,0.185613346020289
40316,0.5663805064041627
40317,0.14248701430554198
40318,0.004101034476121253
40319,0.0052923895045991496
40320,0.0972841822698913
40321,0.05294171558155854
40322,0.030824099720972796
40323,0.13659492867703218
40324,0.1476877136043071
40325,0.08692317629449545
40326,0.06767415900074555
40327,0.026864283745975624
40328,0.04673849583647762
40329,0.04373215375436455
40330,0.018635540876321167
40331,0.219997
40332,0.11234279610565433
40333,0.1764120554115385
40334,0.037317725003748324
40335,0.10968108994132544
40336,0.05665006441659445
40337,0.01607694165277328
40338,0.04742118032161714
40339,0.011338357383259811
40340,0.05743939369044332
40341,0.10975269994040845
40342,0.5874440362688675
40343,0.48123474353400475
40344,0.05772476338351083
40345,0.06062893633098447
40346,0.02909531726095816
40347,0.0
40348,0.0029993048860128407
40349,0.015386410714367851
40350,0.07982157924777514
40351,0.010168190307228752
40352,0.22810607687578843
40353,0.05379329068266314
40354,0.04164147523050013
40355,0.038366029214292954
40356,0.09618485297725746
40357,0.07883337075251015
40358,0.219997
40359,0.27246747587735054
40360,0.220016
40361,0.09690537284772871
40362,0.08679572346942555
40363,0.04198056036436936
40364,0.05272837338520807
40365,0.045673240107250254
40366,0.3164285826652704
40367,0.0631426752947347
40368,0.797864797823265
40369,0.08869608563088105
40370,0.07829823115169336
40371,0.019183086916790094
40372,0.03204902748963598
40373,0.034306651184439686
40374,0.0964643793177394
40375,0.15134396871106304
40376,0.09468324470678231
40377,0.12993125881770712
40378,0.27083011103421395
40379,0.40991064991941273
40380,0.14629164584498328
40381,0.05219036886858122
40382,0.11691695908534301
40383,0.01566509671163052
40384,0.16039734452594556
40385,0.028164825486309393
40386,0.09197730536331691
40387,0.04927214497720188
40388,0.08101874749863906
40389,0.014392498062507463
40390,0.04043765004906128
40391,0.020534326577600424
40392,0.001499664918309081
40393,0.19750931004225025
40394,0.0003086301208969
40395,0.03019385771911214
40396,0.028662692262907394
40397,0.017495731474004673
40398,0.04942411195158025
40399,0.09231460276258895
40400,0.12325658376573084
40401,0.12784936828849303
40402,0.12809128958126803
40403,0.29406726469484407
40404,0.19186912982655954
40405,0.219997
40406,0.03927171931848261
40407,0.13884109974493813
40408,0.060906005745332205
40409,0.07219254685467683
40410,0.06393088607565506
40411,0.0
40412,0.047049588316610456
40413,0.05976614562168747
40414,0.021787371938580522
40415,0.05396957638531097
40416,0.030395004495959825
40417,0.032879633857441234
40418,0.09565757085549256
40419,0.055477978871711534
40420,0.219997
40421,0.11756732181158644
40422,0.1960708647667528
40423,0.6498983588575886
40424,0.1627805414409082
40425,0.16035164792622236
40426,0.09366532263821056
40427,0.13037078704441635
40428,0.13007653011291864
40429,0.12397458035210734
40430,0.061008662743603566
40431,0.0010268759527814197
40432,0.349908
40433,0.15190994914798117
40434,0.03635182143674017
40435,0.04139758245979892
40436,0.0452364204497464
40437,0.00883922552638235
40438,0.11193928404277513
40439,0.349908
40440,0.11951868908573171
40441,0.05767636764858143
40442,0.1477361799617086
40443,1.0
40444,0.15682059047068592
40445,0.016206129305141384
40446,0.14775177814642373
40447,0.11792101905832553
40448,0.219997
40449,0.349908
40450,0.09705960964953916
40451,0.009784408571040801
40452,0.07388841553236866
40453,0.0178951374066275
40454,0.08690607489029387
40455,0.220016
40456,0.07138501594473806
40457,0.0748381380352968
40458,0.058810876964551534
40459,0.021878154806249855
40460,0.0
40461,0.006835774746945084
40462,0.02425115969887074
40463,0.07977181035483727
40464,0.07894442663834116
40465,0.0367338361714563
40466,0.18368199435838625
40467,0.219997
40468,0.349908
40469,0.12782457139990167
40470,0.03442402460882336
40471,0.09106354410131426
40472,0.219997
40473,0.23816692217217184
40474,0.10370783227423974
40475,0.08000773042546372
40476,0.009167448184996289
40477,0.06337122493425593
40478,0.5651837823516772
40479,0.0
40480,0.219997
40481,0.49992048752096596
40482,0.15573342850823962
40483,0.032119744317756355
40484,0.07675098280075104
40485,0.24932086359292288
40486,0.2530202609131954
40487,0.16504078958359
40488,0.15476996784159555
40489,0.219997
40490,0.219997
40491,0.13907277707227306
40492,0.190291958971385
40493,0.349908
40494,0.036005444318646794
40495,0.05107913832955223
40496,0.15802541426660624
40497,0.05590450418204283
40498,0.2127270934889179
40499,0.9116866783248929
40500,0.10569227641456004
40501,0.349908
40502,0.004943804564640735
40503,0.03196805447968623
40504,0.219997
40505,0.061781224060706214
40506,0.08339193280784901
40507,0.028320457040970002
40508,0.04047967700039734
40509,0.6913643535552985
40510,0.10326246037582704
40511,0.16847071054773344
40512,0.219997
40513,0.21130434417864208
40514,0.219997
40515,0.349908
40516,0.219997
40517,0.04063778995436494
40518,0.219997
40519,0.15356236888809666
40520,0.11323908710668149
40521,1.0
40522,0.350009
40523,0.349908
40524,0.0204320475062302
40525,0.14944049336257076
40526,0.00868528038796956
40527,0.11708090502629664
40528,0.01731188734299352
40529,0.04683077694974356
40530,0.0178671872517002
40531,0.0088849626771354
40532,0.0837927959414809
40533,0.14270642217169055
40534,0.17051726864353822
40535,0.1421834668050321
40536,0.18751211706002519
40537,0.0705435734044883
40538,0.1683830164424202
40539,0.1425581397386647
40540,0.017426154037389282
40541,0.15016401826904568
40542,0.220016
40543,0.06046368834269825
40544,1.0
40545,1.0
40546,0.7647210297393683
40547,0.024898051496774102
40548,0.16927326741366883
40549,0.43723247864839254
40550,0.1463721082376946
40551,0.0
40552,0.0071489597057954124
40553,0.06486189168856157
40554,0.07940843561027885
40555,0.10975233821979821
40556,0.03511932320785274
40557,0.6279691387387629
40558,0.0694863051970464
40559,0.07572588102801503
40560,0.1952139156753328
40561,0.10379415523901489
40562,0.07394387877033043
40563,0.06180548764064034
40564,0.219997
40565,0.1404645101379447
40566,0.2161941320749327
40567,0.09993458229074906
40568,0.16563268663576292
40569,1.0
40570,1.0
40571,0.4292933939010058
40572,0.11071163069186002
40573,0.010743230124562705
40574,0.0006417594273623109
40575,0.5702233762495458
40576,0.017831113163348823
40577,0.3138913167518196
40578,0.07929733255084304
40579,0.1186025741577447
40580,0.14229243465917915
40581,0.16181175985159707
40582,0.219997
40583,0.219997
40584,0.7591772379605368
40585,0.81369661849375
40586,0.219997
40587,0.219997
40588,0.1105903832876727
40589,0.07432332596343037
40590,0.13861436560002313
40591,0.10729473738681589
40592,0.05593234629160516
40593,0.0
40594,0.11047458885763588
40595,0.10969518785716913
40596,0.02171922535219481
40597,0.08920750324905899
40598,0.032586498038163575
40599,0.9984487908677214
40600,0.9987129917049317
40601,0.8758172834243962
40602,0.044422992403258976
40603,0.20289547947926226
40604,0.02424048686340178
40605,0.44845764318578774
40606,0.02163512614771956
40607,0.009473763027453733
40608,0.07396083998385966
40609,0.13357478411169105
40610,0.11314880664329599
40611,0.5655916623020705
40612,1.0
40613,0.08986877869990449
40614,0.14731647494640704
40615,0.18161428126279994
40616,0.219997
40617,0.08182219461745702
40618,0.219997
40619,0.10964763340456096
40620,0.04159989700757138
40621,0.0801226085528048
40622,0.059292925987335085
40623,0.14280155053255336
40624,0.06649434853382336
40625,0.26613518868831265
40626,0.20074069089199345
40627,0.156908712441659
40628,0.06982495155451024
40629,0.025564812673827125
40630,0.12851931539126316
40631,0.052556754354840196
40632,0.16610871577809894
40633,0.022796909446589575
40634,0.016040905085714787
40635,0.059414088105079664
40636,0.0
40637,0.027298424449122206
40638,0.09114865008872541
40639,0.07719319894767124
40640,0.2875685803379553
40641,1.0
40642,0.219997
40643,0.29875508751993163
40644,0.20259342271484557
40645,0.219997
40646,0.21678973132722812
40647,1.0
40648,0.1322603449643292
40649,0.0472762986821999
40650,0.03197514398094801
40651,0.219997
40652,0.15366437232891111
40653,0.220016
40654,0.350009
40655,0.19322841721539122
40656,0.219997
40657,1.0
40658,0.13839751805459158
40659,0.028757744096941467
40660,0.13608995465566504
40661,0.220016
40662,0.011274172616584113
40663,0.024818114764848666
40664,0.8993668551460079
40665,0.05953844454180718
40666,0.04236596594583673
40667,0.046960466015436894
40668,0.08879541019955473
40669,0.219997
40670,0.5299275463213817
40671,0.4166155242382741
40672,0.349908
40673,0.349908
40674,0.219997
40675,0.21831754425255434
40676,0.3289992114916466
40677,0.0984287630471932
40678,0.1306536074581353
40679,0.07753087282542262
40680,0.5442461667709219
40681,0.27714761885018646
40682,0.02461790185451548
40683,0.48639822569310426
40684,0.349908
40685,0.0639862817320831
40686,0.17689076194345157
40687,0.09660565003672145
40688,0.049030710336560875
40689,0.015687316026290046
40690,0.04100713989364357
40691,0.061157748162490026
40692,0.1195752974910208
40693,0.18329257422107526
40694,0.16035333939039847
40695,0.611148434473102
40696,1.0
40697,0.349908
40698,0.349908
40699,0.8607850856600585
40700,0.15710304110546
40701,0.009452338955093707
40702,0.011104112108062475
40703,0.05348117491409296
40704,0.18587611950042154
40705,0.2828691449622984
40706,0.05551939894185641
40707,0.02088137823066155
40708,0.042714617384942026
40709,0.219997
40710,0.0
40711,0.08154167444542025
40712,0.013271927129609062
40713,0.012915602794185188
40714,0.023763991314978777
40715,0.014659152743737351
40716,0.0090406698798746
40717,0.0264207881405216
40718,0.13291994572888696
40719,0.04706532898508425
40720,0.0977576017404699
40721,0.31290540800214445
40722,0.219997
40723,0.350009
40724,1.0
40725,0.932823540168935
40726,0.349908
40727,0.09600500136969173
40728,0.023899960226635757
40729,0.0012900574079104457
40730,0.07189592182899085
40731,0.13223004092370458
40732,1.0
40733,0.07111088889732206
40734,0.043363974961054305
40735,0.07351122263931419
40736,0.05765890586110474
40737,0.220016
40738,0.07759299246780682
40739,0.05755422374823703
40740,0.020146417247904374
40741,0.04065033278329668
40742,0.03088135813356238
40743,0.11513774317617631
40744,0.1552590167577534
40745,0.8286953864558222
40746,0.4697464053101773
40747,0.350009
40748,1.0
40749,0.349908
40750,0.349908
40751,0.20483827082496048
40752,0.027505601259534114
40753,0.030430256804249847
40754,0.06278184794626776
40755,0.0321238962744059
40756,0.07970202864074272
40757,0.5608453627897743
40758,0.19872300093685427
40759,0.30917893804797014
40760,0.057667945807511375
40761,0.14962491912136555
40762,0.16448535549069435
40763,0.16216939234197578
40764,0.16629554907259445
40765,0.06768291791847295
40766,0.03901184528841543
40767,0.025481545664296647
40768,0.2160823962831114
40769,1.0
40770,0.350009
40771,1.0
40772,0.5690186817301282
40773,0.219997
40774,0.16005422515150586
40775,0.13238642295400688
40776,0.021478933866498063
40777,0.013393521828512433
40778,0.0968713346326349
40779,0.004061380411877716
40780,0.083476081612584
40781,0.10399814764228528
40782,0.219997
40783,0.023455806267399813
40784,0.219997
40785,0.038928071265439596
40786,0.06871719901969855
40787,0.2383958605977811
40788,0.07195386262868178
40789,0.11478014212989088
40790,0.219997
40791,0.044613511825171655
40792,0.0008838935646702
40793,0.21786521960985272
40794,0.219997
40795,0.12030643928462698
40796,0.219997
40797,0.16765656237728543
40798,0.07533168565265487
40799,0.10854987763574325
40800,0.0974853539343629
40801,0.1443854352592746
40802,0.11231783599986
40803,0.007820898404494635
40804,0.1363575235056334
40805,0.013106081408343032
40806,0.1181917649779296
40807,0.040729056815202856
40808,0.11620366268307553
40809,0.06706042712304294
40810,0.09639038659200255
40811,0.07943375588426638
40812,0.219997
40813,0.349908
40814,0.9658915209202137
40815,0.219997
40816,0.011220026408516581
40817,0.14261175483108707
40818,0.03103653948474916
40819,0.09439320901638591
40820,0.08841085878728377
40821,0.016894268386561568
40822,0.034798181119253056
40823,0.023635591627322726
40824,0.020158601248165257
40825,0.0808787253489851
40826,0.13084031404837052
40827,0.12436392650515127
40828,0.4050707341900518
40829,0.022938327986641468
40830,0.0312608695667486
40831,0.08065938145128382
40832,0.08074520787169778
40833,0.15457813466283032
40834,0.349908
40835,0.32983132228863343
40836,0.0009236235157232
40837,0.220016
40838,0.015844358794737584
40839,0.027381737634622476
40840,0.08657737062202162
40841,0.220016
40842,0.013249176835967873
40843,0.17249674417737043
40844,0.013000436305071535
40845,0.219997
40846,0.1052484639073446
40847,0.06617318255398866
40848,0.03332620067560034
40849,0.03163094724113296
40850,0.10372316662776304
40851,0.219997
40852,0.03215993707462411
40853,0.0
40854,0.004755974684085101
40855,0.0506076642070426
40856,0.08252166801977134
40857,0.220016
40858,0.06669372076582566
40859,0.220016
40860,0.11686715546389084
40861,0.03503052182487278
40862,0.045163403764764826
40863,0.04551250101924234
40864,0.349908
40865,0.07004208991265515
40866,0.32974414164926374
40867,0.025566570687038014
40868,0.13235087514470859
40869,0.05354620596027071
40870,0.02098224843001744
40871,0.5534604902354072
40872,1.0
40873,0.219997
40874,0.13893650896000967
40875,0.0061119775346824
40876,0.07981135451636176
40877,0.07298212135510514
40878,0.08366388362448303
40879,0.11791951405462114
40880,0.08127282292846415
40881,0.10577456109924835
40882,1.0
40883,0.13856150534640518
40884,0.017251026980765104
40885,0.06471143957836407
40886,0.07041690556929042
40887,0.008159817569840385
40888,0.04413547102890702
40889,0.1291494466757126
40890,0.349908
40891,0.006826858663625135
40892,0.219997
40893,0.18644667498627185
40894,0.026100959095256653
40895,0.13026747718978857
40896,0.0060411073489115685
40897,0.053350718561815266
40898,0.09566099750916247
40899,0.10550364044071228
40900,0.017830694161145102
40901,0.06701415528815041
40902,0.01145162819331284
40903,0.255551326383681
40904,0.07811628912061588
40905,0.0538542220081281
40906,0.048075566012128805
40907,0.04082842660422434
40908,0.08050197814612627
40909,0.049935693137729734
40910,0.027515846527478516
40911,0.033129146417471306
40912,1.0
40913,0.08706014583447266
40914,0.06872223126486207
40915,0.0732332489540566
40916,0.0590205784179762
40917,0.050647330020467125
40918,0.0192060861517887
40919,0.013712882079615485
40920,0.028740742250409842
40921,0.3273973244088365
40922,0.03121837338685609
40923,0.00555042165256222
40924,0.007191900327688811
40925,0.219997
40926,0.0
40927,0.1272009940836466
40928,0.061160875204986365
40929,0.02552466636349765
40930,0.3234342778400326
40931,0.0085681672128331
40932,0.0403102958781911
40933,0.02002904024234335
40934,0.02501970319543549
40935,0.06749478949850543
40936,0.1375665243082116
40937,0.09982945504316681
40938,0.012851155203260934
40939,0.016135641778741047
40940,0.0820259911195544
40941,0.14819926798267574
40942,0.09056278380014898
40943,0.09581349980118219
40944,0.08087814666884276
40945,0.01011378795339974
40946,0.06291667197062664
40947,0.033590928867652164
40948,0.10964721258161707
40949,0.197580717891717
40950,0.18568410995476176
40951,0.0054079365829173
40952,0.0236281713466442
40953,0.11460908215232486
40954,0.07241731714161737
40955,0.13683192118547646
40956,0.0176697570913968
40957,0.14549079022555533
40958,0.33170606573730044
40959,0.018134298485306198
40960,0.0
40961,0.033473605185294436
40962,0.032097230736991625
40963,0.10275459960094237
40964,0.02186292273075205
40965,0.05973441233517768
40966,0.007481920275978457
40967,0.07695508181464095
40968,0.14326913877901973
40969,0.05582114854433265
40970,0.04054226008924551
40971,0.0065722432753411
40972,0.026224424596970657
40973,0.09848141175663026
40974,0.349908
40975,0.043006216932632055
40976,0.022763791646824273
40977,0.0866753384749255
40978,0.03098480402878502
40979,0.004098218328985298
40980,0.007610573870437699
40981,0.15206051275448645
40982,0.006481565958224101
40983,0.12133516930094201
40984,0.006390528088768827
40985,0.18656337609089224
40986,0.01819748171979856
40987,0.08806586892059468
40988,0.019286513704069586
40989,0.018171985449287123
40990,0.03125652346477517
40991,0.13926940605389682
40992,0.1232115126011722
40993,0.219997
40994,0.0377885225449234
40995,0.07560629447567982
40996,0.043932062237189144
40997,0.025504194343760844
40998,0.349908
40999,0.24931135254921738
41000,0.11514343901642243
41001,0.024296615280792855
41002,0.023295277113360567
41003,0.03800710373324767
41004,0.0788398257668471
41005,0.053450245973861804
41006,0.0446485281111335
41007,0.08391179598056475
41008,0.19156835244059647
41009,0.005165946298530573
41010,0.0100544970930671
41011,0.219997
41012,0.219997
41013,0.02385502171539567
41014,0.04623310362610067
41015,0.12954499179042378
41016,0.1757285290376921
41017,0.09168220647756678
41018,0.05576256757172121
41019,0.05883064366781545
41020,0.00034526936973235285
41021,0.14440538121953844
41022,0.09648987339581268
41023,0.8579692429980259
41024,0.09318099292553883
41025,0.220016
41026,0.05334992499996731
41027,0.00894767590769151
41028,0.03157090534585204
41029,0.0037854763536538903
41030,0.0
41031,0.350009
41032,0.3711933650546137
41033,0.053919000797749264
41034,0.05394970975643846
41035,0.0127856492247406
41036,0.1913818276993601
41037,0.219997
41038,0.0
41039,0.0
41040,0.0026117554009489723
41041,0.08723101897842564
41042,0.220016
41043,0.0881179122132885
41044,0.2110611019273277
41045,0.350009
41046,0.220016
41047,0.350009
41048,0.07771185347027423
41049,0.08082396529501007
41050,0.014281686036039137
41051,0.06290339960019375
41052,0.10373362158214411
41053,0.09279508900429165
41054,0.17436730719228058
41055,0.0339943712781856
41056,0.03743962286799464
41057,0.0
41058,0.07624431650484667
41059,0.220016
41060,0.06870229878425148
41061,0.04120111593826697
41062,0.10352083914784219
41063,0.02950291686628606
41064,0.015812916020268082
41065,0.030259563117976666
41066,0.1978080457423878
41067,0.219997
41068,0.03199821256546112
41069,0.007894238083853575
41070,0.219997
41071,0.15703129588610032
41072,0.12538684034780306
41073,0.350009
41074,0.3737623924221916
41075,0.09314114449321878
41076,0.051477222645439205
41077,0.05731621442672494
41078,0.01691577991306195
41079,0.017087940033697253
41080,0.12291149419150887
41081,0.17669503636440015
41082,0.3956732541426021
41083,0.0201345779059259
41084,0.057519283538554164
41085,0.04898535798742423
41086,0.030446238711387047
41087,0.030079887717599448
41088,0.219997
41089,0.027960620994603745
41090,0.0607640424794267
41091,0.03771190829370414
41092,0.11646747809151482
41093,0.41261538790629804
41094,0.15320984251040826
41095,0.020870544929110182
41096,0.020335393991648763
41097,0.0703224665308802
41098,0.10934824737714774
41099,0.1240619905740438
41100,0.12392578336293258
41101,0.13874970565476366
41102,0.07063972120574286
41103,0.0
41104,0.0593933398872684
41105,0.057910112504873726
41106,0.05109686737461895
41107,0.04090567530943787
41108,0.19863074707843187
41109,0.11567756791931944
41110,0.1851517152562119
41111,0.030848108275968122
41112,0.08994479836057534
41113,0.060552923795819655
41114,0.04014996731853348
41115,0.046677738989101436
41116,0.010219206428552612
41117,0.03815157970172521
41118,0.03131214806250844
41119,0.08109571557136165
41120,0.7106155700966753
41121,0.5111647289565248
41122,0.046586500353096354
41123,0.02645945170623217
41124,0.06346358523947088
41125,0.0
41126,0.004626961344613901
41127,0.07933731488047964
41128,0.024555106620001876
41129,0.023491138781611354
41130,0.25672176177424705
41131,0.027880394017469244
41132,0.04035130465964073
41133,0.062096816278990156
41134,0.08360006604336326
41135,0.09172360087125515
41136,0.1817655846680999
41137,0.2867471002199227
41138,0.220016
41139,0.07638446895892022
41140,0.06873326083618835
41141,0.024636983510632156
41142,0.06770807735675337
41143,0.03333703821402995
41144,0.3977589139548749
41145,0.033486445735271805
41146,0.7433623352106731
41147,0.13378404758693524
41148,0.035933373131554466
41149,0.014841595169531194
41150,0.054592661422263614
41151,0.05508028610703468
41152,0.019230249177999044
41153,0.02404889378097959
41154,0.08092929021945348
41155,0.0461811368750826
41156,0.13525502087862196
41157,0.09316171420092721
41158,0.1517817543549672
41159,0.219997
41160,0.3792207316402987
41161,0.16645651496240138
41162,0.04862009896148732
41163,0.12060787747776361
41164,0.03221054716437002
41165,0.0063997250664647905
41166,0.19269959302287387
41167,0.028241295184298992
41168,0.08723444686594202
41169,0.06654060406611229
41170,0.05105250450608166
41171,0.006588989804466763
41172,0.0776561621592246
41173,0.01546691558070894
41174,0.16821962093962917
41175,0.04111943607362854
41176,0.0135206017100424
41177,0.0
41178,0.05257657801460945
41179,0.08522903438195864
41180,0.11364628632999293
41181,0.1375078768112364
41182,0.14416040884116083
41183,0.27517212598837437
41184,0.15740845030508274
41185,0.23531087449145685
41186,0.03927171931848261
41187,0.15108033907973123
41188,0.03662741634101751
41189,0.06924562427973072
41190,0.07598391810806365
41191,0.0
41192,0.033962337531632414
41193,0.015227381500205459
41194,0.07140984515169263
41195,0.017808279401257225
41196,0.07064249137395914
41197,0.006689863195752128
41198,0.09269377167952647
41199,0.06093485336816283
41200,0.19185246787091798
41201,0.08837905407098744
41202,0.1806623566909273
41203,0.8273332558712484
41204,0.14804214387636888
41205,0.14271762196420135
41206,0.09171940565159348
41207,0.10282782226984954
41208,0.11608944736757626
41209,0.11405266623622275
41210,0.07556739043017667
41211,0.0096986141390268
41212,0.33830395099103416
41213,0.09639463137844367
41214,0.03497731611059817
41215,0.05504711556271422
41216,0.0575129303233401
41217,0.0
41218,0.09313569267912614
41219,0.219997
41220,0.11491846522780312
41221,0.04819709780325863
41222,0.16568343847650968
41223,1.0
41224,0.17574003227985802
41225,0.025670832562138264
41226,0.11989793968499413
41227,0.07868527549159512
41228,0.219997
41229,0.349908
41230,0.11510625563706486
41231,0.011826619454216399
41232,0.08546912745736436
41233,0.0701188251096675
41234,0.14545495124814817
41235,0.13686981768864398
41236,0.08923579609388886
41237,0.220016
41238,0.012768251493466273
41239,0.0
41240,0.021338466657619983
41241,0.04253510604216784
41242,0.10236590665608507
41243,0.06843023979493484
41244,0.0483498922695947
41245,0.14839567678877547
41246,0.219997
41247,0.219997
41248,0.13462824140187418
41249,0.03434232443093536
41250,0.09473085668842156
41251,0.219997
41252,0.29572395441475985
41253,0.08230920075029075
41254,0.08311338853623003
41255,0.009167448184996289
41256,0.03741961172359662
41257,0.6073370372071042
41258,0.2356714390329796
41259,0.5250005786489514
41260,0.12433469126428871
41261,0.0
41262,0.0100369307288136
41263,0.04999317561258785
41264,0.06856267728312884
41265,0.350009
41266,0.2398644340857311
41267,0.1479722073521851
41268,0.17610049866619815
41269,0.219997
41270,0.219997
41271,0.12933577954202335
41272,0.219997
41273,0.32237658479122955
41274,0.06929739149633259
41275,0.056206252671024526
41276,0.16433157340405793
41277,0.05382591605457253
41278,0.18881427004630572
41279,0.8577503903121878
41280,0.09067001425941304
41281,0.40473749999108377
41282,0.02780087338214433
41283,0.219997
41284,0.0014045840534828487
41285,0.07929540306827582
41286,0.09793185045743001
41287,0.023888582328968903
41288,0.03919173348389064
41289,0.6643934059120116
41290,0.10249012530349944
41291,0.14499770804107712
41292,0.219997
41293,0.219997
41294,0.219997
41295,0.349908
41296,0.219997
41297,0.04063778995436494
41298,0.25277160808230853
41299,0.19358844767205508
41300,0.1101874129923446
41301,1.0
41302,0.3668575775933169
41303,0.34348967794187146
41304,0.0494380498331293
41305,0.220016
41306,0.11344877385286253
41307,0.0012438042190170643
41308,0.04125620257848116
41309,0.0692434577657232
41310,0.13167603741105163
41311,0.1299229806521383
41312,0.1250483578493195
41313,0.165915417920557
41314,0.07637000551331222
41315,0.1795096769902269
41316,0.15388473160607613
41317,0.017426154037389282
41318,0.0797617356486148
41319,0.350009
41320,0.04304787306127593
41321,0.13210291823178416
41322,1.0
41323,1.0
41324,0.7235830188456498
41325,0.09914516651717482
41326,0.49383673770277015
41327,0.1576469804504765
41328,0.0
41329,0.06128224068784269
41330,0.08167507637255986
41331,0.11051232417683131
41332,0.03511932320785274
41333,0.5524982999992711
41334,0.0555268129179433
41335,0.09021030132686772
41336,0.2053153899557542
41337,0.0861664420884915
41338,0.03410144841104844
41339,0.06711824422276533
41340,0.219997
41341,0.1380722272069748
41342,0.04005488321219026
41343,0.12147345136642111
41344,0.13348883924439867
41345,0.104882789463302
41346,1.0
41347,1.0
41348,0.6029457336705641
41349,0.11571140205088273
41350,0.010743230124562705
41351,0.0006417594273623109
41352,0.5916028199315341
41353,0.004887679467572223
41354,0.349908
41355,0.09469298037812583
41356,0.10099227313013019
41357,0.03294181734908358
41358,0.09121698538547526
41359,0.15124040334073016
41360,0.219997
41361,0.219997
41362,0.7558067097659698
41363,0.7957791097815389
41364,0.219997
41365,0.219997
41366,0.11703796644197251
41367,0.046019824712743976
41368,0.13997330917270842
41369,0.10429692349921178
41370,0.07209453957912006
41371,0.0
41372,0.126248376901558
41373,0.12391231365101053
41374,0.0
41375,0.13744682286208076
41376,0.032586498038163575
41377,1.0
41378,0.9987129917049317
41379,0.8758172834243962
41380,0.052236580285860174
41381,0.17500645261525405
41382,0.5976539933555406
41383,0.019314768400878632
41384,0.019529285160667844
41385,0.08757257548241816
41386,0.14058235535250335
41387,0.09486399947105528
41388,0.575724996436461
41389,1.0
41390,0.09479254700517159
41391,0.14301508902112986
41392,0.18344900438502942
41393,0.219997
41394,0.10105728233067232
41395,0.219997
41396,0.11000109956927376
41397,0.045221082403791475
41398,0.0353748446004794
41399,0.1322574997715057
41400,0.21859809669978267
41401,0.08304744275284387
41402,0.23274974971094844
41403,0.29258032973119896
41404,0.12391801447703339
41405,0.09210381607295193
41406,0.12274266626675787
41407,0.0666285941367487
41408,0.220016
41409,0.025779479534777876
41410,0.015088337380127187
41411,0.03721462068415637
41412,0.0060162729628178615
41413,0.024573821657850506
41414,0.08084387833380521
41415,0.08484155004854324
41416,0.29449664254564034
41417,1.0
41418,0.219997
41419,0.219997
41420,0.18535698804624218
41421,0.219997
41422,0.219997
41423,0.8338144613191486
41424,0.12929958117294882
41425,0.025054501018299615
41426,0.15990946103576523
41427,0.1734037183187201
41428,0.24680615669346953
41429,0.4750704359982513
41430,0.220016
41431,0.20874679966922016
41432,1.0
41433,0.15421370838264056
41434,0.028757744096941467
41435,0.16934901484311973
41436,0.219997
41437,0.014914639609784511
41438,0.05555115068118976
41439,1.0
41440,0.08306106468575547
41441,0.04351383671894433
41442,0.0497846223479071
41443,0.06418834328929082
41444,0.219997
41445,0.497757932564308
41446,0.349908
41447,0.349908
41448,0.349908
41449,0.2100520236736491
41450,0.219997
41451,0.349908
41452,0.019615912423656463
41453,0.1657197324743297
41454,0.07162808068922583
41455,0.037249541341946926
41456,0.6830691743101328
41457,0.2839506369288032
41458,0.013220010470896078
41459,0.349908
41460,0.3999089147711801
41461,0.0540200543427684
41462,0.17467334932514988
41463,0.17167318571457446
41464,0.015687316026290046
41465,0.0326308991265693
41466,0.049799123917134126
41467,0.11643214608897881
41468,0.17870921621209446
41469,0.14464786046392877
41470,0.5253046701152115
41471,1.0
41472,0.5900278562432445
41473,0.219997
41474,0.8590177892839092
41475,0.1489060991203667
41476,0.0
41477,0.04293747729609958
41478,0.08820688224505666
41479,0.16152809670945853
41480,0.25083787389349854
41481,0.05030506644268671
41482,0.045649515124994045
41483,0.041216714837614125
41484,0.18199479664868573
41485,0.01781559646920393
41486,0.07696345651097486
41487,0.00016072693444429964
41488,0.003401838812178098
41489,0.01522711114704259
41490,0.023763991314978777
41491,0.005768569887440853
41492,0.0090406698798746
41493,0.026052359026151998
41494,0.13349187281902966
41495,0.04853587757143005
41496,0.0897970025170296
41497,0.2975387864840955
41498,0.219997
41499,0.350009
41500,1.0
41501,0.8951192397804983
41502,0.219997
41503,0.10235427325574903
41504,0.08755038743829714
41505,0.12109453481745679
41506,0.002854150145207252
41507,0.047703907040333435
41508,1.0
41509,0.07573874747992626
41510,0.0693548503464411
41511,0.05696165447096194
41512,0.220016
41513,0.06497638931921214
41514,0.020146417247904374
41515,0.01914759881382698
41516,0.022734517494863715
41517,0.03697991369656778
41518,0.0979347257578689
41519,0.15292220222465078
41520,0.8909903346672499
41521,0.4740300353593062
41522,0.3402805171198871
41523,1.0
41524,0.349908
41525,0.349908
41526,0.19588749979667558
41527,0.04003927014389306
41528,0.027505601259534114
41529,0.0
41530,0.034515497394335945
41531,0.08385832464422216
41532,0.04638928161022312
41533,0.5901078930547587
41534,0.10580488614805487
41535,0.4079488609932327
41536,0.061155610773623026
41537,0.20010294442232496
41538,0.219997
41539,0.15000226669224687
41540,0.15470474561848754
41541,0.059419902161208044
41542,0.025435615528944445
41543,0.2155135870300221
41544,1.0
41545,0.350009
41546,1.0
41547,0.4984016869862261
41548,0.219997
41549,0.14147406376914137
41550,0.12136756612295439
41551,0.024989852562261963
41552,0.0361813187332286
41553,0.004061380411877716
41554,0.083476081612584
41555,0.08327338659978467
41556,0.219997
41557,0.030257299357835013
41558,0.219997
41559,0.07886352050785467
41560,0.349908
41561,0.09408311589057748
41562,0.00709936128612269
41563,0.11917722297160097
41564,0.219997
41565,0.057491406078434455
41566,0.0008838935646702
41567,0.2690685528451945
41568,0.219997
41569,0.11637354604992167
41570,0.219997
41571,0.14669508092887312
41572,0.12290525995441237
41573,0.08549101362178152
41574,0.0724290222746237
41575,0.169848156247141
41576,0.08012730168564379
41577,0.007820898404494635
41578,0.1473821862229692
41579,0.013106081408343032
41580,0.058397926237684604
41581,0.061720110944685456
41582,0.10829638896334623
41583,0.05999704776954814
41584,0.09674851888044476
41585,0.0151800470333734
41586,0.10473989230767117
41587,0.219997
41588,0.349908
41589,1.0
41590,0.219997
41591,0.02399474612873642
41592,0.016736353846267794
41593,0.06436134326271607
41594,0.02050241908790814
41595,0.0745783851824498
41596,0.10030147828796528
41597,0.02397531783301566
41598,0.034798181119253056
41599,0.009021580818971033
41600,0.020158601248165257
41601,0.07669397785718496
41602,0.12815286925753533
41603,0.12747379907370265
41604,0.388622065402087
41605,0.022938327986641468
41606,0.0312608695667486
41607,0.07903727600919391
41608,0.07978060473394868
41609,0.1337015529030758
41610,0.5569029447231988
41611,0.34312191421253113
41612,0.0032881324994827
41613,0.220016
41614,0.031050073389656582
41615,0.027193288580825578
41616,0.08504518845981501
41617,0.1762297791059363
41618,0.029152864324406974
41619,0.219997
41620,0.0
41621,0.0254484882704144
41622,0.020880767455215835
41623,0.20842757136710555
41624,0.0979777594714922
41625,0.05413830222561586
41626,0.033189975958800744
41627,0.03967047869010116
41628,0.07886388634215323
41629,0.349908
41630,0.057163173130574015
41631,0.013332542841570576
41632,0.0
41633,0.012060203990969
41634,0.12301649523533695
41635,0.27667269714095133
41636,0.06669372076582566
41637,0.220016
41638,0.10520307798016944
41639,0.0017919595111436
41640,0.05339207188067042
41641,0.054031053478143826
41642,0.04551250101924234
41643,0.4137207693865242
41644,0.349908
41645,0.030389606750852914
41646,0.1357311806295795
41647,0.044406494260785814
41648,0.0149157826005099
41649,0.349908
41650,1.0
41651,0.219997
41652,0.19351326554908158
41653,0.0145161372277429
41654,0.07832190601534667
41655,0.026522685835876234
41656,0.09702561280240432
41657,0.07159738051968094
41658,0.09570740371722924
41659,0.16952885411435337
41660,1.0
41661,0.07423043993824649
41662,0.004219588644954281
41663,0.06375493813084962
41664,0.0946976121455367
41665,0.349908
41666,0.017431987056362935
41667,0.26667881592517506
41668,0.219997
41669,0.013523787709882754
41670,0.12791650922158027
41671,0.006857290126465267
41672,0.02351205487035157
41673,0.09309794943941167
41674,0.1292072306649863
41675,0.0196476974478661
41676,0.06805186157033072
41677,0.028475718502855935
41678,0.3105526332403122
41679,0.1031358059907038
41680,0.0666876825822044
41681,0.04072180212208031
41682,0.015648869159867317
41683,0.10075275929123646
41684,0.03616211028191253
41685,0.04690430113792451
41686,1.0
41687,0.022122404637684175
41688,0.13952806005074148
41689,0.056552039862324904
41690,0.06633828228974051
41691,0.04208832993038832
41692,0.0265699503218903
41693,0.007252305399068685
41694,0.028740742250409842
41695,0.24855673272364198
41696,0.04596634021945269
41697,0.0046579241880183
41698,0.219997
41699,0.09440861088665689
41700,0.04819752339945685
41701,0.03657124771118635
41702,0.349908
41703,0.01988793864124159
41704,0.08457703772044443
41705,0.26685690973413534
41706,0.10270914464941702
41707,0.044077508826360315
41708,0.008377057687344466
41709,0.1146065610057368
41710,0.20009901228321642
41711,0.032696812158142484
41712,0.1341696906245583
41713,0.08576593949521716
41714,0.02898287303508524
41715,0.1804626989162
41716,0.220016
41717,0.024785884238234336
41718,0.00953536850140276
41719,0.014468984937830366
41720,0.037816833362139014
41721,0.015075707202274708
41722,0.0040422041378416
41723,0.0180866179544383
41724,0.02919663948470695
41725,0.10048608332676946
41726,0.05791223642388496
41727,0.14502871295319586
41728,0.17307120083827382
41729,0.2786562518923812
41730,0.018134298485306198
41731,0.013752095075419232
41732,0.009718536257734701
41733,0.02648486170759484
41734,0.03573703122370214
41735,0.024452476855148626
41736,0.0056116482881498
41737,0.016210337846531482
41738,0.0083497162846558
41739,0.08584333303265751
41740,0.006203878193116848
41741,0.06808473640726054
41742,0.008180773734639334
41743,0.14669414105139553
41744,0.06060571931388121
41745,0.03540854281909336
41746,0.12369539224992926
41747,0.0404053469650055
41748,0.349908
41749,0.06300250843184715
41750,0.04496757944696837
41751,0.10475305133721032
41752,0.01737559823560932
41753,0.0107621146115867
41754,0.09421488912529305
41755,0.007758795285849902
41756,0.1447858369551622
41757,0.18943597228511033
41758,0.01819748171979856
41759,0.011042631424945255
41760,0.008641717426005517
41761,0.05705745026567877
41762,0.0042568163838628
41763,0.030379930897849617
41764,0.004434615203001348
41765,0.1133495075498049
41766,0.0970741868361154
41767,0.03163552845017943
41768,0.219997
41769,0.041206290336387404
41770,0.026895184866548835
41771,0.05877905145318301
41772,0.016249622336245943
41773,0.34180987290880077
41774,0.18269664104942457
41775,0.001789425635904725
41776,0.12284405175175044
41777,0.0
