Index,demand
0,0.048608066768438776
1,0.052152175203103564
2,0.049434631739555805
3,0.10877131620660427
4,0.16538462941810508
5,0.01748467151061748
6,0.03391174891705987
7,0.219997
8,0.0382040574022129
9,0.11595681459385745
10,0.06563776154282447
11,0.349908
12,0.220016
13,0.07334925721654859
14,0.219997
15,0.155153098302721
16,0.18241620360398128
17,0.029301684393139196
18,0.10700527048965135
19,0.09415602452616473
20,0.02271896232321134
21,0.05590409860163133
22,0.219997
23,0.0465584333634081
24,0.5859552314986205
25,0.219997
26,0.07254220145317088
27,0.1134371409109912
28,0.1191328359009153
29,0.020478141035855116
30,0.012654171691671032
31,0.052342931406249
32,0.01275967357906289
33,0.17682931300936838
34,0.220016
35,0.5016995528771707
36,0.15397211893094265
37,0.005534574995530223
38,0.1748083950124206
39,0.1725594502692132
40,0.014725980740563513
41,0.03662709161037553
42,0.0019700967351372195
43,0.043603128924956575
44,0.028534499279213008
45,0.07437536792145924
46,0.14642915030006054
47,0.465337699473534
48,0.1401941918438348
49,0.219997
50,0.34131885888196734
51,0.09147771927877006
52,0.03212669991294454
53,0.219997
54,0.0030108725729339255
55,0.08453133233930232
56,0.14864822538679898
57,0.030189943651405284
58,0.061002452336096365
59,0.03621329310185863
60,0.0066659321928399014
61,0.09663108539556177
62,0.12754716787551146
63,0.06870818815406206
64,0.053052953281088236
65,0.350009
66,0.05816451165152173
67,0.04657604369804815
68,0.07420533150340701
69,0.06738336743965295
70,0.016152080107410892
71,0.03971653002650905
72,0.009453064491044126
73,0.014628829334424978
74,0.15046480424948272
75,0.04286791982953379
76,0.07209766929516248
77,0.1091997653525081
78,0.219997
79,0.16816003352180928
80,0.025353367135376302
81,0.014840195204535533
82,0.022446866952239908
83,0.04064063656318452
84,0.03371151982176248
85,0.11583051957093886
86,0.2129187473267837
87,0.350009
88,0.12246465067840281
89,0.016888663971796152
90,0.03693196740083846
91,0.1402499412224203
92,0.12184478383121913
93,0.1962998201933288
94,0.219997
95,0.024782001480261696
96,0.002607907721251721
97,0.03867001530226332
98,0.01717142857372665
99,0.014854908643907875
100,0.08207171892888977
101,0.06212418049817485
102,0.04595062951292021
103,0.2002930016901841
104,0.08691336883974594
105,0.10840087646036803
106,0.007787242466523969
107,0.10651453955152225
108,0.537586234247949
109,0.063530987679671
110,0.027617332988805608
111,0.004360663219406569
112,0.06741287987913022
113,0.032821813834204704
114,0.0033185496195153826
115,0.1653563298222836
116,0.17263566172242503
117,0.219997
118,0.15310111440027155
119,0.05887569202588378
120,0.00171955332076606
121,0.04877686365770816
122,0.05990253247860896
123,0.07567390434311123
124,0.00727311422719828
125,0.03858808212031785
126,0.036509075202280986
127,0.22327972681223932
128,0.02370175903422825
129,0.058752926814722606
130,0.04810933457909332
131,0.014192360259773155
132,0.037046852600690114
133,0.030857940388670946
134,0.08936949420587319
135,0.04679376192091118
136,0.0913536230738879
137,0.15514029725267023
138,0.29571701015249574
139,0.06242077001858229
140,0.06439499179714624
141,0.09739259889046495
142,0.08968299503331241
143,0.012213699979320756
144,0.21896380229165133
145,0.05070973972928342
146,0.00013669242967826516
147,0.04467619379458157
148,0.10326033894979608
149,0.028062341046211265
150,0.014518544947627991
151,0.05743407230321069
152,0.06836232941118044
153,0.11420098999877876
154,0.1822143726819753
155,0.10882289179300511
156,0.220016
157,0.11216658403907998
158,0.05982118212049618
159,0.003770940152113407
160,0.0473277364289471
161,0.07627312385363762
162,0.07661838160536291
163,0.0347613319433367
164,0.8416959179428691
165,0.219997
166,0.07203027981046893
167,0.19064965324298497
168,0.09656433917646819
169,0.12185208921543272
170,0.009806282541588248
171,0.06100889620145233
172,0.012914086200559024
173,0.04015436795277833
174,0.02890384229250175
175,0.03416568343934621
176,0.05747292654955584
177,0.06305471862365364
178,0.09771764368287895
179,0.08688006791754721
180,0.1426881800718167
181,0.220016
182,0.350009
183,0.051109489359769396
184,0.01453168823733311
185,0.11271568424156166
186,0.025338078167400246
187,0.09562853454070336
188,0.013278092616130065
189,0.016410859556824375
190,0.02920176330133394
191,0.219997
192,0.05355670477963714
193,0.17606397864147608
194,0.07338489881189589
195,0.1388002372467083
196,0.023846798823930322
197,0.026883572724837945
198,0.1577169008348508
199,0.07803120722338713
200,0.09964818092812075
201,0.05067084042760452
202,0.01666616627810071
203,0.07645090442076256
204,0.0014448229089698116
205,0.0626050857891103
206,0.09535156330428267
207,0.18312624900379598
208,0.2161756362849555
209,0.219997
210,0.14315756606723576
211,0.0899293899302293
212,0.02180392719018283
213,0.14099993447302758
214,0.07468533349379973
215,0.0160805163080134
216,0.03549647908471423
217,0.1395097335853067
218,0.12036125406530403
219,0.03878708574575631
220,0.07587452748223969
221,0.03091838303574691
222,0.01780392193192347
223,0.10860664704426459
224,0.16291492136304694
225,0.0640799090345278
226,0.12115163133062809
227,0.014452787961254328
228,0.0392172727549338
229,0.022088884589430924
230,0.05646075384129922
231,0.053793633297543886
232,0.0931550519735696
233,0.18895978085313547
234,0.31763888040202376
235,0.1710872958809228
236,0.17016919899278649
237,0.07791621232811832
238,0.048971947384262325
239,0.1422464572302537
240,0.13909215235128575
241,0.10976676361418382
242,0.029570711099811763
243,0.349908
244,0.1077568099108193
245,0.16956174529708867
246,0.05053129624804482
247,0.18880694395902697
248,0.028658939706159837
249,0.0872318078729821
250,0.013758511115609252
251,0.029677685122059004
252,0.05626324889107613
253,0.01660529398767821
254,0.10994926816046524
255,0.08410188138461083
256,0.05688807992033093
257,0.14750353602786748
258,0.7381229948023762
259,0.10441118071649594
260,0.0011097802593110935
261,0.2510111464372101
262,0.10152168006741748
263,0.3772564765766422
264,0.20736530862184432
265,0.12767602252452226
266,0.033432284829498185
267,0.1009943312076426
268,0.0032554596540557697
269,0.11567960022489186
270,0.22732487219567696
271,0.12098635125549474
272,0.350009
273,0.19690156348704652
274,0.0951090001521482
275,0.0068180984111291375
276,0.0431923010710309
277,0.06006801601790055
278,0.10264504807317022
279,0.007598640257048666
280,0.19196310970682817
281,0.22943391176408887
282,0.14603136407020492
283,0.04529512702960507
284,0.013403994829973044
285,0.18325548909911396
286,0.219997
287,0.23421649464886793
288,0.13310603362821477
289,0.1309542084296809
290,0.030435437717713565
291,0.011871304821415069
292,0.5479556355108263
293,0.037435016361200266
294,0.02633272473473846
295,0.24308995099050826
296,0.3063231294355406
297,0.0280764139532939
298,0.010587706225958823
299,0.04865859304464883
300,0.0710947125233953
301,0.1563774136103072
302,0.220016
303,0.14332310959224306
304,0.15830662373452625
305,0.34382480035409646
306,0.2803041326353453
307,0.20702787257452315
308,0.27454002217059137
309,0.3843925775417155
310,0.09491852709088389
311,0.029720769206513543
312,0.09644543038216039
313,0.15513450896100794
314,0.03508312270569913
315,0.219997
316,0.9721598118495925
317,0.1307952916232553
318,0.09481854286392614
319,0.4887688714883928
320,0.010602408497489073
321,0.0337633885968518
322,0.33153972210000904
323,0.03485289458370337
324,0.06452023058837283
325,0.08625491959755024
326,0.023817340609350618
327,0.019617964691166244
328,0.16269161264910365
329,0.051789521192551
330,0.09793709512803118
331,0.219997
332,0.219997
333,0.349908
334,0.3396878066346394
335,0.19110844790853213
336,0.045074029151276805
337,0.3396995675581447
338,0.220016
339,0.18654177952728376
340,1.0
341,0.350009
342,0.349908
343,0.03437661234570355
344,0.20687715229729034
345,0.08970536358112888
346,0.047585026622979934
347,0.019508353424818135
348,0.029076864720544854
349,0.10238448367728809
350,0.012935274833522699
351,0.012289169203171437
352,0.0546176944520801
353,0.08620715510379899
354,0.16011524512938544
355,0.219997
356,0.13999975550547258
357,0.12634782891067334
358,0.219997
359,0.1244240201904042
360,0.0669067236496725
361,0.1981844532624907
362,0.220016
363,0.023138062852180556
364,0.0438073060903774
365,0.9181483297342237
366,0.9733279253102042
367,0.36543761379415585
368,0.009015689648317974
369,0.040145798783352435
370,0.022187452476266786
371,0.03935874143791625
372,0.3241728905030785
373,0.03708940311523734
374,0.03969256854301336
375,0.11123372956194728
376,0.04921777899141086
377,0.057354318067269594
378,0.09677007181872695
379,0.05506890335486751
380,0.0014260412983210775
381,0.23648308865905887
382,0.02641577546472733
383,0.026099649584044354
384,0.16208598299095167
385,0.219997
386,0.1497518764131672
387,0.10105291542469226
388,0.12331555528373267
389,0.06496407944726673
390,0.013119960365377928
391,0.1695967694860974
392,0.11171863719171699
393,0.11706555483423076
394,0.7737868866159783
395,1.0
396,0.3706179650590247
397,0.09943306030488733
398,0.06567194470975181
399,0.06241955575960208
400,0.13994463082795996
401,0.31861666711583675
402,0.008936160527008984
403,0.1184421825498839
404,0.0387706360512697
405,0.02782400447328564
406,0.12837575318634833
407,0.22855561983259587
408,0.08211681395871781
409,0.6182031621099255
410,0.220016
411,0.219997
412,0.219997
413,0.21647298340513352
414,0.09529640059128054
415,0.19437893866047515
416,0.04137153576753646
417,0.027577097490250273
418,0.05713704851104602
419,0.1604070015751569
420,0.14816832351155926
421,0.07336920511252143
422,0.08353957419732291
423,0.04408539886718554
424,1.0
425,1.0
426,1.0
427,0.16545101133476586
428,0.053397433222609994
429,0.23310807052258284
430,0.2160939409228672
431,0.06229416302761443
432,0.012801268614168393
433,0.019182824001112594
434,0.017056223572332385
435,0.06974287415940135
436,0.15639682081120934
437,0.055443283629325386
438,0.3621241408046904
439,0.6429532467891949
440,0.13434794621275956
441,0.20573736417358587
442,0.219997
443,0.349908
444,0.14531694035484297
445,0.220016
446,0.1372792743487632
447,0.07493429307809368
448,0.10772001444810675
449,0.15714581768195396
450,0.19852250754017936
451,0.08965433886137165
452,0.020971391147514118
453,0.349908
454,0.47480856536800503
455,0.16873707524450465
456,0.09281083234188811
457,0.032107170066884336
458,0.220016
459,0.059240369711666935
460,0.349908
461,0.017654585020158164
462,0.04059817693644491
463,0.04696204123245628
464,0.03798310381426572
465,0.035733372742100915
466,0.08337437183597776
467,0.06356174666855123
468,0.223478770119419
469,1.0
470,0.3680718316366645
471,0.40018092517626225
472,0.219997
473,0.219997
474,0.2969553462853795
475,0.45933145270625825
476,0.10142495771057498
477,0.035786050323231865
478,0.05069687992065343
479,0.021693506390109085
480,0.220016
481,0.219997
482,0.09786957530141195
483,0.220016
484,0.3232959478877315
485,0.31276245500277217
486,1.0
487,0.14070462088007546
488,0.07273529329050248
489,0.19496132429411303
490,0.220016
491,0.016077665625765764
492,0.0602888570224594
493,0.3998174672012262
494,0.006293267004896007
495,0.0840891727159082
496,0.11450325497818718
497,0.06428871069708267
498,0.0627975440026715
499,0.31675126983455837
500,0.5790212672769156
501,0.47341239423318837
502,0.9751359992243118
503,0.5406651344323493
504,0.219997
505,0.219997
506,0.349908
507,0.013926720100120733
508,0.011917307295163125
509,0.219997
510,0.14041447141566116
511,0.04934662252781773
512,0.219997
513,0.1831074847732029
514,0.5632523457358013
515,0.219997
516,0.003641877764529256
517,0.04657292652055279
518,0.13227367247727198
519,0.20498702928108903
520,0.14743153075664858
521,0.022014174551809693
522,0.01115437672818161
523,0.0232357288887559
524,0.03465099603556697
525,0.10765786761185552
526,0.1665871826246015
527,0.1643528669981338
528,0.219997
529,0.638041069934474
530,1.0
531,0.5707871888008442
532,0.5877208476403822
533,1.0
534,0.14407632381611832
535,0.0195528462033593
536,0.043825495602884144
537,0.07459174685978297
538,0.16294978967985746
539,0.219997
540,0.06427592685581456
541,0.0010931893352096587
542,0.04734842241724971
543,0.219997
544,0.027240385971773494
545,0.0029776256618213068
546,0.07496167232898855
547,0.21231363061629324
548,0.036675183482663125
549,0.021364646031054434
550,0.09066633784231476
551,0.011344583944037877
552,0.01208044828781842
553,0.07176967856660352
554,0.09252138540890663
555,0.06212841722031497
556,0.19576296802186363
557,0.349908
558,0.4841606537412346
559,0.350009
560,0.9911062254179075
561,0.8943290140094113
562,0.45353515001526656
563,0.0964927373887917
564,0.026228579525227676
565,0.07470968842365891
566,0.07402769556700828
567,0.170772021567815
568,0.0025876392268131218
569,0.016800589620334695
570,0.5503689310740265
571,0.02127244393835117
572,0.02689796930738772
573,0.09660070918280111
574,0.12003628974053611
575,0.10155102942921443
576,0.016069651482339884
577,0.061179026874868495
578,0.019958498847128154
579,0.11848865958574792
580,0.004296571189252654
581,0.04011685461568396
582,0.01598474691881054
583,0.13206266219973237
584,0.219997
585,0.4887699392402273
586,0.5083600778285136
587,0.220016
588,1.0
589,0.49483844917299613
590,0.7170059625475015
591,0.219997
592,0.10910780202306332
593,0.062166047383073395
594,0.09233598430713996
595,0.06473670819412426
596,0.10281454267788746
597,0.10957451661416333
598,0.030403090387690866
599,0.5714528394548469
600,0.15856757182794762
601,0.220016
602,0.030521522615000976
603,0.049261284557179645
604,0.15995158036519866
605,0.219997
606,0.3072806459575883
607,0.03188605725571012
608,0.04673800759114429
609,0.07673285911965141
610,0.219997
611,0.6757840928936201
612,0.350009
613,0.32579121503205993
614,0.14617444685934186
615,0.4414200131432547
616,0.219997
617,0.07667179439052925
618,0.028361375267812218
619,0.07259305012342311
620,0.06134451259257996
621,0.16101745360440775
622,0.220016
623,0.07674973976882715
624,0.349908
625,0.12384216072656082
626,0.06278891381290602
627,0.2169235405518461
628,0.0802564749564844
629,0.04237066832047986
630,0.219997
631,0.2080638710296065
632,0.04502752179404572
633,0.220016
634,0.349908
635,0.11878735124317989
636,0.15004418036719772
637,0.0309725163241304
638,0.10633957333927395
639,0.14399947490311638
640,0.012245420170234611
641,0.1398852573588444
642,0.220016
643,0.12360295135117817
644,0.018287398676019077
645,0.012734444250010461
646,0.19270350091395574
647,0.013808193011681106
648,0.04460363901469433
649,0.02980738760611659
650,0.029371280129219343
651,0.0120187552561666
652,0.20476897208921263
653,0.08374153934958559
654,0.06715342176727887
655,0.004954011554531792
656,0.052706076935162154
657,0.219997
658,0.44891745190940185
659,0.350009
660,0.009296356069155961
661,0.06450419104724388
662,0.047123714533193535
663,0.03514531279120793
664,0.08571614143486807
665,0.008978871386423571
666,0.03884151968021152
667,0.19506630923667415
668,0.023197807519213964
669,0.04281243179841914
670,0.013010143604767118
671,0.0488756935084869
672,0.08877924086060582
673,0.14083847451259607
674,0.22106858628255305
675,0.01185813269540071
676,0.016971656417753656
677,0.0731399347378449
678,0.05863610039154894
679,0.15767893593741478
680,0.2369677914890496
681,0.04231596682897441
682,0.031473253452092
683,0.00433806727507542
684,0.09634058475824285
685,0.051299310866632204
686,0.0006178253667253152
687,0.09592448612959298
688,0.173109341118952
689,0.06075832175705849
690,0.027912737627675505
691,0.00868515057498591
692,0.318702665513057
693,0.06571290030199073
694,0.04327613403031112
695,0.26108476361248284
696,0.1329077825441535
697,0.07270356388058112
698,0.03097697917476716
699,0.06009158510060377
700,0.10553221170403156
701,0.48160229901794843
702,0.05207286989538934
703,0.015211149149230913
704,0.022607047854028756
705,0.11045653267903063
706,0.10346106711838397
707,0.15129139132568747
708,0.029623812864435037
709,0.219997
710,0.06952368720792977
711,0.04980538702029682
712,0.06234935500521562
713,0.08983090820154192
714,0.04318450776405585
715,0.219997
716,0.11463130176592218
717,0.024735561857313106
718,0.219997
719,0.026591373456145505
720,0.219997
721,0.09062322944154984
722,0.03280535522670118
723,0.349908
724,0.5442079568706735
725,0.22526474368042404
726,0.036925200940192346
727,0.11150430111177988
728,0.026054785744980883
729,0.11504482336776223
730,0.13355490007995968
731,0.1165223029924406
732,0.9339807496890201
733,0.04815299806866485
734,0.014732144694196043
735,0.15607239729718925
736,0.07574926147856278
737,0.13022168039738716
738,0.21245358456005822
739,0.4758752016635852
740,0.08746226029756249
741,0.16178687850263151
742,0.005262917687482952
743,0.046302223983330636
744,0.0328235606457466
745,0.15940952159170016
746,0.05411532983374819
747,0.007792164676519448
748,0.021499040856036922
749,0.08013070039549934
750,0.018094422914271883
751,0.11604539508386066
752,0.02417687459101022
753,0.03559126056350808
754,0.1314805726359514
755,0.053716748925655124
756,0.03144122114887443
757,0.022391627277698757
758,0.06361372473864003
759,0.10353316664393844
760,0.18006797849815626
761,0.00440771399706153
762,0.07697643985968554
763,0.5712616619763833
764,0.10608615496284166
765,0.16766145650976047
766,0.033928893121797955
767,0.08128513295102405
768,0.07374151765268211
769,0.2063546864524426
770,0.03570005505376668
771,0.025043718265644662
772,0.019297437795944845
773,0.0481317767979345
774,0.15272142486835752
775,0.028512131132834455
776,0.2646738057143842
777,0.06400892620519573
778,0.031150078568999512
779,0.07073610699506629
780,0.2812434297158045
781,0.040839048443581716
782,0.020977849347778712
783,0.029787103766462833
784,0.10797261138639551
785,0.0398414679396268
786,0.26600827792180015
787,0.0866871688005082
788,0.0088589540037114
789,0.012727578491741939
790,0.1045779144303342
791,0.219997
792,0.15037418447912232
793,0.12254413978729009
794,0.00997022246097246
795,0.019073280095365498
796,0.011477052011273583
797,0.11231049726845078
798,0.220016
799,0.13752829246075463
800,0.01239062779644902
801,0.06466477875376526
802,0.02008709962528547
803,0.011697476030117076
804,0.03846415898943176
805,0.014949872087585067
806,0.021693691519766585
807,0.0025260038504523862
808,0.020255379284649575
809,0.027552071383672577
810,0.06316679947565475
811,0.03627524114430417
812,0.043812407520294284
813,0.08590849219371686
814,0.18822545710480898
815,0.007497571344317799
816,0.015439769885806238
817,0.07180617126514309
818,0.219997
819,0.03201584494311769
820,0.03903650776268922
821,0.020791625323905574
822,0.03719192900984693
823,0.03105256886824155
824,0.018852562207298692
825,0.00441270064586991
826,0.007825357558921785
827,0.022434484107764028
828,0.014447444846122854
829,0.012238559564429995
830,0.06258178695268016
831,0.06160535662218194
832,0.02943779001412573
833,0.01168313925879675
834,0.010486182139398071
835,0.021946452636617344
836,0.010149858196724933
837,0.0812403170994756
838,0.08119160853674864
839,0.104461206059062
840,0.012662336039822114
841,0.054883430788331515
842,0.002169438187176503
843,0.10465089629410186
844,0.005221037712009834
845,0.015240051032248474
846,0.014951031741806715
847,0.10457104871126731
848,0.05041863051442788
849,0.049943603840502206
850,0.1412011058063731
851,0.009367129555837758
852,0.14629174969302025
853,0.02367351346098759
854,0.03404599621146309
855,0.030887584279249054
856,0.06206135638284607
857,0.18521377271167935
858,0.038825078564211635
859,0.012034471851033332
860,0.06141304825168249
861,9.140621742101993e-05
862,0.030628109431625375
863,0.012169643839515423
864,0.017819041823947144
865,0.029493349860593987
866,0.007557701212774183
867,0.04322046939305747
868,0.008108109672254879
869,0.045899942190786185
870,0.04374819665406696
871,0.12514086129160962
872,0.02499381924295837
873,0.06438662609291895
874,0.03403418275687655
875,0.025025814235671153
876,0.021646781363728357
877,0.09689085697885673
878,0.052283855670657804
879,0.01655883591183842
880,0.059686359438443734
881,0.016433752211565043
882,0.019886885814589608
883,0.219997
884,0.07970438352813161
885,0.020581028909878313
886,0.1085034492199357
887,0.02174058170951374
888,0.10793982961776499
889,0.008315101083698564
890,0.07868487606269427
891,0.0490802001314659
892,0.080483658464655
893,0.01748467151061748
894,0.051196633235661836
895,0.05535328335021097
896,0.061897113310067586
897,0.219997
898,0.06184555542360722
899,0.05736005525836216
900,0.2060624120564123
901,0.17526633343469705
902,0.220016
903,0.04652056516920079
904,0.06253585445570879
905,0.219997
906,0.09824818587056258
907,0.350009
908,0.06529852202464592
909,0.1790406267130806
910,0.0631189624205511
911,0.01562131316553801
912,0.02271896232321134
913,0.220016
914,0.0465584333634081
915,0.541822839352543
916,0.12131139885736775
917,0.07254220145317088
918,0.219997
919,0.08302352707838306
920,0.05262366985502496
921,0.005152637564093551
922,0.039097282964672665
923,0.054999822726936175
924,0.17245349684825798
925,0.1738008815449613
926,0.056689819394859245
927,0.4031673324645528
928,0.07440902287916291
929,0.0417277564751864
930,0.08047423411040312
931,0.021366378692634684
932,0.219997
933,0.010039991681006489
934,0.06324346382975565
935,0.03157119340534922
936,0.08884808541514358
937,0.06439749760413122
938,0.486639709212991
939,0.16271655599768764
940,0.035324649384447473
941,0.349908
942,0.007827035931322975
943,0.350009
944,0.0033424519887102545
945,0.020309105535634003
946,0.17156100170602187
947,0.042730832581389724
948,0.008704037688746181
949,0.05771021245008012
950,0.013741069164986096
951,0.1499999930505628
952,0.15581818260463473
953,0.06796023466581506
954,0.020614206078206052
955,0.0036514969016989826
956,0.349908
957,0.031067845303182635
958,0.00906766670381193
959,0.07221295624654582
960,0.06279080044848842
961,0.10437596817013162
962,0.05959728856212393
963,0.06420068628171964
964,0.09755958410472446
965,0.01252718932083325
966,0.04018861115595863
967,0.05216088555789272
968,0.16275906016280725
969,0.219997
970,0.0012513868963206904
971,0.002341788182077525
972,0.022446866952239908
973,0.14055164596979358
974,0.220016
975,0.01426521335039609
976,0.04318828673734982
977,0.219997
978,0.349908
979,0.09766037265882391
980,0.08493734212548483
981,0.019963400024358677
982,0.02525972569262652
983,0.0094408364258552
984,0.10070840107877171
985,0.02170429447586499
986,0.04294136042650303
987,0.22644595691111444
988,0.31407016179092706
989,0.053672502970218784
990,0.016731836841914795
991,0.01717142857372665
992,0.014854908643907875
993,0.04132555053537816
994,0.07377133571754603
995,0.1677690123464463
996,0.027956912419409112
997,0.12258738461748452
998,0.001981649596142537
999,0.02373750320137214
1000,0.12695085526505048
1001,0.5452066416965295
1002,0.011045879753324274
1003,0.04300330667379993
1004,0.0036390087039208864
1005,0.0017625995762381667
1006,1.678972634482966e-05
1007,0.10394858498251192
1008,0.0004372407628868183
1009,0.08437333003675716
1010,0.16528415851643416
1011,0.15303009513276633
1012,0.10367525713695037
1013,0.050921912241686115
1014,0.017732822094830913
1015,0.0316774992529449
1016,0.06116717248573254
1017,0.043392187575512456
1018,0.00727311422719828
1019,0.02811533992139433
1020,0.061304687004057765
1021,0.220016
1022,0.021916208566312902
1023,0.06221137349590356
1024,0.028025968092502927
1025,0.028773917706377463
1026,0.03702494437189322
1027,0.0430855343749004
1028,0.03576407932292461
1029,0.008167729388140905
1030,0.13830071667066243
1031,0.18690756725279847
1032,0.220016
1033,0.08048493070405043
1034,0.14354726893573277
1035,0.13095623670712994
1036,0.09710309555865773
1037,0.022982969805118755
1038,0.030234677079814816
1039,0.14726476422553034
1040,0.006780237027311258
1041,0.04541447435712434
1042,0.10993879659925154
1043,0.0481093747235052
1044,0.03573918145455019
1045,0.07649205847112
1046,0.16041937646284934
1047,0.16376971215800798
1048,0.220016
1049,0.220016
1050,0.220016
1051,0.05508317549364633
1052,0.1062461514315538
1053,0.03499924835965133
1054,0.08674805974455496
1055,0.0870927328574255
1056,0.0784673558861673
1057,0.056399354039899034
1058,0.9312367383251229
1059,0.20480504126664936
1060,0.019126120292407
1061,0.1511339012244847
1062,0.12148381731097845
1063,0.10890318948702973
1064,0.07718330770985045
1065,0.043502240011580165
1066,0.01542852336230002
1067,0.08643665680463151
1068,0.04033645509736534
1069,0.0198412646576737
1070,0.031913883984386264
1071,0.045333663095247334
1072,0.08668942124583152
1073,0.054314274414943624
1074,0.11136599326053558
1075,0.06012283934194817
1076,0.1686285174193312
1077,0.1797531411913863
1078,0.3702106348682445
1079,0.11605317001034224
1080,0.045931716428116616
1081,0.09568902855429447
1082,0.029721520500908184
1083,0.09137922682914838
1084,0.068692557005841
1085,0.06827395388205224
1086,0.008340276889260584
1087,0.219997
1088,0.161857805726543
1089,0.06948558992635204
1090,0.05710268194554114
1091,0.16172347061713513
1092,0.07354203464450645
1093,0.023846798823930322
1094,0.00489728636461251
1095,0.13963445757154763
1096,0.016096491870186767
1097,0.08650061551113916
1098,0.12216617067882735
1099,0.06848435910621298
1100,0.015426155409649941
1101,0.013906842979764985
1102,0.039332703930722565
1103,0.0832001311655714
1104,0.057124975055501875
1105,0.12954017713323493
1106,0.16495816432799879
1107,0.192504135796153
1108,0.219997
1109,0.10701445005760073
1110,0.21954952826759216
1111,0.025172718400224666
1112,0.1313226627153375
1113,0.018408291415115765
1114,0.09437958515890571
1115,0.0160805163080134
1116,0.04651646170268388
1117,0.12691860360145732
1118,0.09123527025020903
1119,0.02724836247943128
1120,0.07566310899441929
1121,0.05625134014662336
1122,0.01780392193192347
1123,0.1096755459568531
1124,0.20609474121691745
1125,0.07517755607746278
1126,0.0969097756064252
1127,0.02853176491048843
1128,0.06796717151787723
1129,0.05677692286069264
1130,0.017440073473100268
1131,0.04953810274927888
1132,0.06811791038483626
1133,0.10691408876112339
1134,0.19102933122802473
1135,0.36908723574252267
1136,0.1636894896379435
1137,0.2172621265466067
1138,0.08632013479712083
1139,0.15285875582569952
1140,0.1512767261260558
1141,0.15423843219350603
1142,0.08103633795234856
1143,0.050871421531551594
1144,0.04825525608005522
1145,0.2780220490301425
1146,0.06807009512242594
1147,0.13607144386329909
1148,0.07347933461351908
1149,0.11937077098489136
1150,0.028658939706159837
1151,0.0338512948277174
1152,0.013758511115609252
1153,0.045161653274294035
1154,0.011043529537727647
1155,0.1526349039042368
1156,0.0770512791897222
1157,0.09711531881357256
1158,0.219997
1159,0.7126784390249136
1160,0.203422707085261
1161,0.021046794092746485
1162,0.2696400096742265
1163,0.12715214799103922
1164,0.349908
1165,0.2706843175636388
1166,0.12094179093645638
1167,0.06252583758467893
1168,0.059398256841100304
1169,0.060312074101021754
1170,0.26475191189727265
1171,0.10886693112774391
1172,0.32705772004143324
1173,0.13414156927687243
1174,0.09039056551158953
1175,0.02109201680747937
1176,0.02004387190033361
1177,0.02495525207643389
1178,0.02822261104852771
1179,0.12054219813736555
1180,0.06647570493144478
1181,0.038316817036059346
1182,0.20110488397248363
1183,0.219997
1184,0.15416672959588915
1185,0.08786287687146792
1186,0.05156716094051366
1187,0.19587097289761118
1188,0.2892706863678053
1189,0.32949023668807276
1190,0.09628678788608702
1191,0.0020901693150172564
1192,0.07032292974516807
1193,0.03129972587312486
1194,0.05361458919631447
1195,0.6271000960449193
1196,0.057874357315480594
1197,0.08070088989387823
1198,0.34284370368315725
1199,0.32391793472469227
1200,0.026685959858782304
1201,0.0013994020106997036
1202,0.05182139782670022
1203,0.10019896587060019
1204,0.219997
1205,0.219997
1206,0.12045680378982083
1207,0.14842090768087937
1208,0.349908
1209,0.2919633220759854
1210,0.219997
1211,0.349908
1212,0.5053059277090696
1213,0.10895489325467951
1214,0.029720769206513543
1215,0.045181521433361044
1216,0.09006947543267413
1217,0.0894124494315302
1218,0.219997
1219,1.0
1220,0.1307952916232553
1221,0.1251715040654042
1222,0.4832516222556677
1223,0.008854807124479216
1224,0.002643982118108099
1225,0.349908
1226,0.057044787954186486
1227,0.025019746627209266
1228,0.01995609155036602
1229,0.14968354696074612
1230,0.031883252513961874
1231,0.03849940190671132
1232,0.0074074334947038765
1233,0.12240283351416567
1234,0.03398654773439988
1235,0.08147576856691853
1236,0.219997
1237,0.219997
1238,0.349908
1239,0.39439467639403225
1240,0.2640675012386533
1241,0.07617787429510299
1242,0.349908
1243,0.27219731629990596
1244,0.219997
1245,1.0
1246,0.350009
1247,0.349908
1248,0.00943045127960985
1249,0.01534860253882551
1250,0.09311411800130232
1251,0.08970536358112888
1252,0.05468492102369025
1253,0.01137090513568154
1254,0.012192142284525672
1255,0.1385905792444843
1256,0.005326661637476288
1257,0.0546176944520801
1258,0.06700203015742333
1259,0.21658561086494102
1260,0.16446791818627393
1261,0.18507746468315417
1262,0.1715872952602157
1263,0.219997
1264,0.18402487627592234
1265,0.06264645042909757
1266,0.219997
1267,0.33276893950673236
1268,0.006648429810704368
1269,0.07695045330992954
1270,1.0
1271,1.0
1272,0.45193263262028355
1273,0.009015689648317974
1274,0.04827200812764113
1275,0.024712154812288667
1276,0.05451130565303901
1277,0.26304702794926954
1278,0.1119613628135273
1279,0.03437906332930415
1280,0.11678203400817506
1281,0.00717046707652949
1282,0.0986682249201211
1283,0.10523018913114277
1284,0.042251711449640864
1285,0.015723202302648523
1286,0.30904085515420915
1287,0.02641577546472733
1288,0.04523060062035341
1289,0.18470149346580614
1290,0.19296825365337392
1291,0.1235249453655831
1292,0.07560160666547042
1293,0.15730288618501065
1294,0.09808768481831111
1295,0.07290286740937946
1296,0.18393029902052246
1297,0.1112093606649002
1298,0.219997
1299,0.8799220448081717
1300,1.0
1301,0.49898974597189627
1302,0.016373541117298714
1303,0.07805938427757533
1304,0.09287676873018542
1305,0.220016
1306,0.07756550455862858
1307,0.219997
1308,0.0806211275225974
1309,0.08226668635461054
1310,0.023430044313655383
1311,0.03603930545643095
1312,0.16580602484512239
1313,0.3477084344229313
1314,0.17774057833824486
1315,0.458947287549156
1316,0.22132136755635615
1317,0.219997
1318,0.219997
1319,0.12943925808264084
1320,0.16267860930755126
1321,0.219997
1322,0.026602018657635954
1323,0.0328618165091526
1324,0.0474460049592592
1325,0.15757582201411074
1326,0.14830119550748896
1327,0.043429672904349056
1328,0.061812341246298474
1329,0.029234075315203625
1330,0.9234075837105566
1331,1.0
1332,1.0
1333,0.0624300154903736
1334,0.31533845812075023
1335,0.220016
1336,0.10142875504945363
1337,0.020959676543026835
1338,0.017283572155652554
1339,0.10865891079859961
1340,0.18700783048735845
1341,0.058199539897589504
1342,0.376792537760696
1343,0.720345996390681
1344,0.1167886762303097
1345,0.13898845270584448
1346,0.219997
1347,0.219997
1348,0.18589201702460972
1349,0.350009
1350,0.09462143344603671
1351,0.07191968605630011
1352,0.09861600285865968
1353,0.17101579651638488
1354,0.1871990553387084
1355,0.06344402490508193
1356,0.402644476448204
1357,0.42397003324441673
1358,0.13671401293317662
1359,0.10985837742065911
1360,0.03586977348573616
1361,0.219997
1362,0.01523749221354132
1363,0.06759088999238741
1364,0.219997
1365,0.03964170247016389
1366,0.07306418188535345
1367,0.024097649410991552
1368,0.03296647467632806
1369,0.010352966596961267
1370,0.07988744095539875
1371,0.026150273650983977
1372,0.350009
1373,0.9535351697567385
1374,0.49594426190112606
1375,0.349908
1376,0.20802670462630957
1377,0.219997
1378,0.2782886072163738
1379,0.43277625610310433
1380,0.1088507952036638
1381,0.09742880733290687
1382,0.05491928921117853
1383,0.041150944983172386
1384,0.219997
1385,0.27764849206781633
1386,0.015314063901785472
1387,0.2733362303165128
1388,0.3355388763718289
1389,0.3251319333427712
1390,1.0
1391,0.11782884234474991
1392,0.055495725070651834
1393,0.1478738858904359
1394,0.219997
1395,0.026980201502863777
1396,0.06633926246223529
1397,0.350009
1398,0.10758011836059586
1399,0.10757175609874906
1400,0.011337929198485223
1401,0.07845166546538201
1402,0.219997
1403,0.5151771588331754
1404,0.349908
1405,0.93699325420869
1406,0.6009280825727145
1407,0.219997
1408,0.349908
1409,0.349908
1410,0.055092321988086286
1411,0.1758964910619103
1412,0.07706387672645888
1413,0.050100730956472286
1414,0.22597842337617538
1415,0.2609636631674028
1416,0.10289479760698271
1417,0.6791390946222643
1418,0.23435036523408972
1419,0.007845060057369818
1420,0.04126267774900283
1421,0.0945208433291444
1422,0.09621763023054931
1423,0.08378750571183471
1424,0.01645753902300361
1425,0.016668060372535293
1426,0.005880989275538899
1427,0.02890956133617568
1428,0.12977081962648368
1429,0.13164458202806872
1430,0.14375641541456582
1431,0.219997
1432,0.6216357715796768
1433,1.0
1434,0.7729996583643467
1435,0.4297467414487787
1436,0.9791619140595458
1437,0.1447461864614466
1438,0.016606834450664736
1439,0.01131402333813179
1440,0.09967664039771544
1441,0.1429221396703682
1442,0.219997
1443,0.118104417906047
1444,0.012138346990826035
1445,0.09085376025356225
1446,0.16042534687266807
1447,0.008577408474610422
1448,0.04112543671428767
1449,0.12765798056977112
1450,0.021364646031054434
1451,0.02871806693944594
1452,0.006126285869583403
1453,0.01960257177169576
1454,0.042482308742603954
1455,0.0877464111838738
1456,0.18718937886063303
1457,0.1101661956950478
1458,0.18961810205879417
1459,0.349908
1460,0.349908
1461,0.350009
1462,1.0
1463,0.9066167334198015
1464,0.43470655563965555
1465,0.131965705532171
1466,0.01785526237918321
1467,0.0693398546440072
1468,0.07661085248748686
1469,0.12159660646435456
1470,0.02754159534162541
1471,0.03811733068267512
1472,0.7434030378113432
1473,0.058039161565535874
1474,0.015791475102826764
1475,0.07409993416843356
1476,0.05183330452859771
1477,0.06310324729603406
1478,0.02997952835997613
1479,0.08986441815688988
1480,0.021515284342022524
1481,0.05388552713558671
1482,0.03758401355117865
1483,0.1896442526653802
1484,0.21637289304371507
1485,0.4785155122198986
1486,0.44214919022089366
1487,0.24554755291240932
1488,1.0
1489,0.5258698222096203
1490,0.5046902457564274
1491,0.219997
1492,0.08820208124578716
1493,0.05397233708372121
1494,0.09595515608220856
1495,0.10750533026265015
1496,0.10929561500965174
1497,0.02339322248592691
1498,0.03854407602053479
1499,0.640310839770527
1500,0.10449294874124648
1501,0.350009
1502,0.032345368753832225
1503,0.08520588806750039
1504,0.09246123974071284
1505,0.14556565153371862
1506,0.21633968446589735
1507,0.05849320771144486
1508,0.059974559117468636
1509,0.349908
1510,0.7140378028643348
1511,0.3601172052776
1512,0.486092403503083
1513,0.09405774497891746
1514,0.523021004080514
1515,0.219997
1516,0.02578932920510475
1517,0.03373232226977363
1518,0.053099106761798645
1519,0.034045592726577534
1520,0.12599654646112715
1521,0.22125797533139877
1522,0.036445197187677
1523,0.349908
1524,0.04140599949666645
1525,0.06807394747553673
1526,0.19200040257739098
1527,0.06545184961692185
1528,0.03383492914004893
1529,0.18928986418781227
1530,0.21792520982702368
1531,0.08223676855945787
1532,0.220016
1533,0.219997
1534,0.11901781977840253
1535,0.16190056062747454
1536,0.010875233148746628
1537,0.11374606590638153
1538,0.06879545252467892
1539,0.005858934823914451
1540,0.04836432579779768
1541,0.220016
1542,0.06960574174426479
1543,0.053724565269895816
1544,0.17791521756350023
1545,0.00999443756353095
1546,0.005562674781360154
1547,0.07718130399129627
1548,0.04162055495240131
1549,0.05031216140541694
1550,0.219997
1551,0.013416699617001666
1552,0.07581266395708049
1553,0.00027829096582968505
1554,0.045457577448517
1555,0.219997
1556,0.4771774424054312
1557,0.3314694567072131
1558,0.019422275064519035
1559,0.029136167070967726
1560,0.04536507636825212
1561,0.03135630023544685
1562,0.11887438654017665
1563,0.09723496574864335
1564,0.018183587974799385
1565,0.0021021210490727777
1566,0.014208903717053408
1567,0.07521979630334255
1568,0.028347243206234506
1569,0.18535197348746196
1570,0.13669892537667447
1571,0.2529700995845188
1572,0.029235460727691672
1573,0.022173457015550905
1574,0.04499204818862722
1575,0.04519127352025686
1576,0.19338642433638478
1577,0.29918936999506274
1578,0.04619253153247672
1579,0.06120662719913677
1580,0.016355043506547436
1581,0.09996040113372566
1582,0.051299310866632204
1583,0.008842183800042466
1584,0.09298221025655919
1585,0.19813919817413175
1586,0.08015420106679089
1587,0.05084341667920797
1588,0.018087211686193688
1589,0.219997
1590,0.031185043576740828
1591,0.042752113016661084
1592,0.05635140447353414
1593,0.219997
1594,0.10820178515660854
1595,0.09610028943926366
1596,0.01977894543322847
1597,0.05456144184920889
1598,0.16550076771517228
1599,0.349908
1600,0.012561266410223652
1601,0.04886409767674069
1602,0.10645899805663285
1603,0.03152558223607708
1604,0.08985980538055721
1605,0.15715951935351224
1606,0.041354360898686
1607,0.17985640037110556
1608,0.08999065448098192
1609,0.05647139816477424
1610,0.019343253586562165
1611,0.07447098635560838
1612,0.06447172352807647
1613,0.25813874269462295
1614,0.11463130176592218
1615,0.024735561857313106
1616,0.163398298606571
1617,0.023572362288392074
1618,0.219997
1619,0.0936806591872679
1620,0.013242567188867736
1621,0.014987838882592598
1622,0.349908
1623,0.7785930839444829
1624,0.219997
1625,0.05674396276758858
1626,0.07883370166315873
1627,0.07500809999537753
1628,0.03728869824374629
1629,0.12194252011735507
1630,0.1429450085018336
1631,0.11915735192583933
1632,0.8576530370953654
1633,0.06410141374527555
1634,0.011956025131168484
1635,0.09898677581756175
1636,0.12064563791001977
1637,0.05663738740296559
1638,0.16363907894827562
1639,0.5133679671966805
1640,0.07792543064628364
1641,0.11694370186329944
1642,0.033392035452730624
1643,0.0005403472851318929
1644,0.017177461512398705
1645,0.07521416321828438
1646,0.15147746175931606
1647,0.05980272226410677
1648,0.00992866557013292
1649,0.10396185496890528
1650,0.02989906498928435
1651,0.041255369582434406
1652,0.04030955090791955
1653,0.019449001784664247
1654,0.007049239170906119
1655,0.09892456330827445
1656,0.02014357076136441
1657,0.02387976040659158
1658,0.073882036164761
1659,0.10473645669929532
1660,0.15630081410370367
1661,0.03316076839033945
1662,0.039478385103604303
1663,0.4517860089107691
1664,0.032071886811188506
1665,0.12133202398954218
1666,0.08883311537684058
1667,0.10060824913076995
1668,0.08155716651351327
1669,0.021433267756993606
1670,0.03557622756908629
1671,0.2355420725849017
1672,0.06712462662047097
1673,0.025043718265644662
1674,0.12366145391894412
1675,0.16716134968402865
1676,0.047227689035305234
1677,0.004131387978789573
1678,0.220016
1679,0.07172029978086776
1680,0.020756224795566512
1681,0.03795307247100988
1682,0.350009
1683,0.028017467249908754
1684,0.01335396250180608
1685,0.011804686087466994
1686,0.016209224471386275
1687,0.10692692590935171
1688,0.008742134586808894
1689,0.07115125835089628
1690,0.219997
1691,0.07252247752787508
1692,0.0088589540037114
1693,0.018722262411741065
1694,0.031020562732343188
1695,0.13497047143539728
1696,0.220016
1697,0.11265309110471261
1698,0.10675219652972225
1699,0.06697737829698719
1700,0.03744567246597009
1701,0.11011737251376083
1702,0.017958306535516225
1703,0.09104545368435739
1704,0.220016
1705,0.14804823136058462
1706,0.01239062779644902
1707,0.049105220097063876
1708,0.015372966084454756
1709,0.029578007716643973
1710,0.02291544989843767
1711,0.023372010969767928
1712,0.01227320940879107
1713,0.012647638022468608
1714,0.022567243024247414
1715,0.0013750341322950998
1716,0.003715177925446029
1717,0.06959290543446633
1718,0.19672474412436763
1719,0.007497571344317799
1720,0.015439769885806238
1721,0.16589459035647872
1722,0.013010054404384264
1723,0.14864839886283562
1724,0.02484228612470437
1725,0.028755670211541153
1726,0.014880280739933926
1727,0.07816067271592726
1728,0.00219681309321303
1729,0.02281930598178009
1730,0.022434484107764028
1731,0.014447444846122854
1732,0.012238559564429995
1733,0.06412182685707384
1734,0.035386766323969795
1735,0.036001698562182896
1736,0.003918317503849267
1737,0.023093684281762103
1738,0.00885337154168713
1739,0.021946452636617344
1740,0.01726167987304757
1741,0.15315925617324228
1742,0.058971922189658
1743,0.11552287932427509
1744,0.012662336039822114
1745,0.014990073727827326
1746,0.07243131656133678
1747,0.017201496395451793
1748,0.048350564230281695
1749,0.018039451504811087
1750,0.06932280393529935
1751,0.010723094686958302
1752,0.015240051032248474
1753,0.014951031741806715
1754,0.06246533293673224
1755,0.08372270465111348
1756,0.05110368315924759
1757,0.043175475019686806
1758,0.009367129555837758
1759,0.16929392777303487
1760,0.018095325084232877
1761,0.006859098184531638
1762,0.014275107956004708
1763,0.003405246353945906
1764,0.08887122252836241
1765,0.219997
1766,0.0496726050684759
1767,0.07491239676098185
1768,0.04163321210224772
1769,0.03106160078388567
1770,0.04157820850568822
1771,0.010546719276398199
1772,0.010910867136697032
1773,0.018304214373235168
1774,0.017524799135407897
1775,0.014555318946337416
1776,0.01710712808376631
1777,0.014164930715765557
1778,0.01604249362663498
1779,0.01344521689560156
1780,0.022681742828152256
1781,0.05191924617732737
1782,0.011200039707886352
1783,0.219997
1784,0.0430622643315368
1785,0.03639901124426839
1786,0.07540746544110209
1787,0.006568665617479254
1788,0.013554604764611802
1789,0.07580296210480685
1790,0.0731784147822499
1791,0.02123920552597786
1792,0.02543674076020083
1793,0.04107526205424345
1794,0.019886885814589608
1795,0.06749221017768908
1796,0.219997
1797,0.17473099872288322
1798,0.014179038847648567
1799,0.028861096624487968
1800,0.1295147619744095
1801,0.027965220771922546
1802,0.048608066768438776
1803,0.052152175203103564
1804,0.0363376729884261
1805,0.06480468034502752
1806,0.07887656045250145
1807,0.01748467151061748
1808,0.07637298243117499
1809,0.007905447561749539
1810,0.061897113310067586
1811,0.219997
1812,0.1539400791882907
1813,0.044320690294846685
1814,0.12611942206876983
1815,0.0017628885082470003
1816,0.2859819479133055
1817,0.220016
1818,0.219997
1819,0.13541032571425848
1820,0.1539317322122706
1821,0.05117232027419951
1822,0.11718167521014039
1823,0.09415602452616473
1824,0.02355646740922581
1825,0.015529884655527263
1826,0.11379324235469214
1827,0.1397032232047354
1828,0.444274557298293
1829,0.20582820422202555
1830,0.07254220145317088
1831,0.14313242851483782
1832,0.026316315039669486
1833,0.005289035585743996
1834,0.008037475488664418
1835,0.061580999050177124
1836,0.015256894017707013
1837,0.10718241501058859
1838,0.027827691261213004
1839,0.012296196791083494
1840,0.19875786388104355
1841,0.219997
1842,0.220016
1843,0.350009
1844,0.05415412492127731
1845,0.20144837269412774
1846,0.219997
1847,0.013890938457933414
1848,0.01302263489341141
1849,0.05891271462553891
1850,0.1326194894338894
1851,0.12106302501062607
1852,0.5558951232621652
1853,0.1264077059706166
1854,0.1746390738581948
1855,0.6293475281825686
1856,0.09823241533902077
1857,0.4511003387799348
1858,0.004509184118460807
1859,0.08549827072166577
1860,0.219997
1861,0.03777097194555569
1862,0.030302845533403153
1863,0.08078970235953022
1864,0.012070483490296017
1865,0.04101205699060128
1866,0.14074005840677456
1867,0.219997
1868,0.1413533871245389
1869,0.219997
1870,0.25169629160173773
1871,0.059493233662624836
1872,0.04491193963188564
1873,0.06004571979256977
1874,0.1616015061168974
1875,0.06378838120303074
1876,0.03270680211125344
1877,0.19459413265292416
1878,0.031462957496548136
1879,0.13381244461060787
1880,0.044210660073532894
1881,0.219997
1882,0.0850086184749363
1883,0.04945018691492218
1884,0.015924909302706274
1885,0.219997
1886,0.219997
1887,0.06839573445164769
1888,0.1538871753763533
1889,0.350009
1890,0.009159327099891545
1891,0.13978290015602005
1892,0.011468699170137004
1893,0.0024574051816157994
1894,0.01416259985500784
1895,0.067807165017678
1896,0.0034450653395271054
1897,0.11794159006738433
1898,0.1581387459247487
1899,0.20520637708556352
1900,0.26871352929040093
1901,0.04391573041038713
1902,0.016815110760223028
1903,0.06877855116632309
1904,0.000649547880803001
1905,0.04595062951292021
1906,0.21886115233722395
1907,0.004812368362294123
1908,0.08810229396726757
1909,0.032028572732151615
1910,0.06701374915000763
1911,0.08300610079091147
1912,0.3804039420910177
1913,0.12418772398599759
1914,0.029289509275784976
1915,0.003382223221891923
1916,0.058750453901023514
1917,0.0819855251837483
1918,0.034019513266791736
1919,0.15371931089771723
1920,0.18960997290711193
1921,0.13957533013855827
1922,0.111260420012402
1923,0.05792655328352144
1924,0.007070234665647098
1925,0.031069897539867237
1926,0.07376425145634292
1927,0.06137052203318643
1928,0.01367738129044411
1929,0.09799064404991203
1930,0.220016
1931,0.021916208566312902
1932,0.04516357539823456
1933,0.03504301250944454
1934,0.03082397123795223
1935,0.029954642878943047
1936,0.0290118273910402
1937,0.048338233171332165
1938,0.01645509263213933
1939,0.14219782508336892
1940,0.10701926065604306
1941,0.350009
1942,0.09480721018556178
1943,0.1148409076156458
1944,0.11055394998972866
1945,0.11002681394607883
1946,0.052177997646048704
1947,0.007301368114871501
1948,0.13609334991170086
1949,0.012248618825419414
1950,0.022766812081261762
1951,0.18564446700033596
1952,0.06826043121473832
1953,0.025445896580693402
1954,0.059005361647513924
1955,0.0867629353957374
1956,0.14326860420398316
1957,0.23233194900900828
1958,0.12013641346179324
1959,0.1667746875028268
1960,0.11092635524656845
1961,0.10066760488276022
1962,0.003962289658159577
1963,0.10140456969436042
1964,0.131088105891866
1965,0.033322319097903244
1966,0.042554588968152056
1967,0.8088798313851839
1968,0.220016
1969,0.0520621349004263
1970,0.13367410519704
1971,0.06694121165733273
1972,0.054810917706784305
1973,0.03952952896261925
1974,0.01253189528380037
1975,0.012914086200559024
1976,0.0693671607315418
1977,0.04033645509736534
1978,0.05952055147689709
1979,0.01672003303713703
1980,0.06542784930293313
1981,0.10100069337977764
1982,0.07195547075124675
1983,0.05831701736872622
1984,0.153941889208391
1985,0.220016
1986,0.34607655539390125
1987,0.03782660941149421
1988,0.005636271240443927
1989,0.04912205830997825
1990,0.06679067808181606
1991,0.0029076863920393897
1992,0.02966909018136458
1993,0.0929270318251617
1994,0.010710728012766605
1995,0.14960002692069202
1996,0.03186479486898994
1997,0.09381744748274336
1998,0.03879196000245464
1999,0.12186347206902513
2000,0.08891607997134303
2001,0.04921348217343146
2002,0.043736686616350606
2003,0.18958530453576955
2004,0.016096491870186767
2005,0.10414310972881163
2006,0.11304722869373657
2007,0.01666616627810071
2008,0.05200346719028581
2009,0.04701367519413046
2010,0.10799858484316328
2011,0.15520888910582414
2012,0.219997
2013,0.15150815328636266
2014,0.2501964527301366
2015,0.1499591980192293
2016,0.19462948048656264
2017,0.02983291475533559
2018,0.09208221229368221
2019,0.018408291415115765
2020,0.07243426550977589
2021,0.04390025654911043
2022,0.08984779007200086
2023,0.07052831472451737
2024,0.07203202885051786
2025,0.08648703849649783
2026,0.01030761704450856
2027,0.03530914735424671
2028,0.0847138461122694
2029,0.219997
2030,0.03349287107875441
2031,0.07570405924261578
2032,0.02853176491048843
2033,0.10440229321368111
2034,0.06357852060829715
2035,0.038625870833484885
2036,0.05074649417176055
2037,0.02860287946920796
2038,0.14957195343611004
2039,0.13779234710304594
2040,0.350009
2041,0.2010010458216275
2042,0.19720316729361193
2043,0.09518473711334823
2044,0.15441245628872569
2045,0.10221187142075269
2046,0.15787926803716956
2047,0.10298642910596245
2048,0.015450864846302412
2049,0.026500865579058584
2050,0.350009
2051,0.052315569278484804
2052,0.1565569277750186
2053,0.08050337838664545
2054,0.10141168122074407
2055,0.020652953907616463
2056,0.08405742641163823
2057,0.05936979710917052
2058,0.03625775984483826
2059,0.19884348139200708
2060,0.07921216915460111
2061,0.1118724995362688
2062,0.2064998734361237
2063,0.6165300495907328
2064,0.12091974450425759
2065,0.017662219941411202
2066,0.219997
2067,0.0703744258076773
2068,0.349908
2069,0.220016
2070,0.15618785271129945
2071,0.10497114789118642
2072,0.07038217381203415
2073,0.10966984615572073
2074,0.21540786779905294
2075,0.15547577402961332
2076,0.28944806587545774
2077,0.15448783937403276
2078,0.13841157940023144
2079,0.02109201680747937
2080,0.023142715046381764
2081,0.03742784986909702
2082,0.06257173111679311
2083,0.08599042328875109
2084,0.00442676404151333
2085,0.18427539960607012
2086,0.219997
2087,0.1502190657358982
2088,0.1900025949389534
2089,0.05183184278768924
2090,0.219997
2091,0.219997
2092,0.34102429950311536
2093,0.14675183732971703
2094,8.324603652443514e-05
2095,0.0594417943388505
2096,0.024293485873812175
2097,0.012078696873723043
2098,0.554778413042392
2099,0.027630072250295713
2100,0.06532357112592911
2101,0.314379320826058
2102,0.2559354545491902
2103,0.030511512870420348
2104,0.021428337418179434
2105,0.02660410058227241
2106,0.0723735643149923
2107,0.07058228969405676
2108,0.219997
2109,0.18011034913011897
2110,0.10001970435378767
2111,0.219997
2112,0.349908
2113,0.219997
2114,0.219997
2115,0.219997
2116,0.349908
2117,0.1336248062383273
2118,0.064695393643867
2119,0.0934572254807494
2120,0.09377049125397151
2121,0.219997
2122,1.0
2123,0.011839725430571768
2124,0.1307952916232553
2125,0.06525801056775488
2126,0.4703644153206618
2127,0.003764437821235796
2128,0.305564696840897
2129,0.020608625943418394
2130,0.023864369780665834
2131,0.12347845131217215
2132,0.01064202098369933
2133,0.01994856020229035
2134,0.20749871178364554
2135,0.035605110413126556
2136,0.1159928372227871
2137,0.3413980917947495
2138,0.219997
2139,0.219997
2140,0.4281926859377063
2141,0.219997
2142,0.03386263050244202
2143,0.2756416074695942
2144,0.219997
2145,0.1984640110626082
2146,1.0
2147,0.350009
2148,0.34518682193048317
2149,0.00943045127960985
2150,0.015097019238899506
2151,0.10035335445881292
2152,0.026344661836956475
2153,0.0022368688373973246
2154,0.005053375164130712
2155,0.001640262777175348
2156,0.02302923988187746
2157,0.13577688164856724
2158,0.014856715735322483
2159,0.012289169203171437
2160,0.0546176944520801
2161,0.05241946592516269
2162,0.1951769952068386
2163,0.20916817607023377
2164,0.2061495519269469
2165,0.1343297312257642
2166,0.24189789173728612
2167,0.220016
2168,0.05839354116244802
2169,0.219997
2170,0.2980408594301304
2171,0.00874529730410061
2172,0.06971985386600311
2173,0.9583355203688477
2174,1.0
2175,0.41101591496947926
2176,0.009015689648317974
2177,0.011206747447235543
2178,0.01053720515406031
2179,0.06512047705271266
2180,0.2610646515571313
2181,0.11164482094690827
2182,0.0016323861730236922
2183,0.0065070476205976845
2184,0.12938678396522224
2185,0.08675066703932498
2186,0.13134732937697577
2187,0.0023244393035314263
2188,0.26612937224991834
2189,0.02641577546472733
2190,0.011766147887877703
2191,0.21986350584824652
2192,0.219997
2193,0.1638954361439909
2194,0.04759983897407566
2195,0.1547518701166562
2196,0.15439692351881987
2197,0.04953989273008849
2198,0.12901243975200996
2199,0.10885729112927393
2200,0.21055744292974823
2201,0.8957734668005836
2202,1.0
2203,0.5255078314428843
2204,0.050231861600914925
2205,0.05466240515554755
2206,0.07034205920464649
2207,0.012468541762957367
2208,0.1414618799267874
2209,0.0994682160987501
2210,0.219997
2211,0.10001290534774378
2212,0.039939460511777
2213,0.019358629435868985
2214,0.026128102976749112
2215,0.19562100040659056
2216,0.32935717590115915
2217,0.219997
2218,0.6640203524284283
2219,0.220016
2220,0.220016
2221,0.219997
2222,0.08740157107126653
2223,0.14122893751988908
2224,0.2174546098377054
2225,0.033846914878671856
2226,0.049405351648309274
2227,0.03099938729846906
2228,0.12048754286277806
2229,0.13979389534858871
2230,0.09787529679503441
2231,0.14435130324197018
2232,0.00073809364407857
2233,0.9384533032443331
2234,1.0
2235,1.0
2236,0.16545101133476586
2237,0.005082330825492261
2238,0.220016
2239,0.219997
2240,0.007937968215054002
2241,0.012801268614168393
2242,0.06959207359155813
2243,0.040855077035684174
2244,0.06360517751187299
2245,0.15595319356988988
2246,0.04848157260587377
2247,0.47494788674419147
2248,0.8778948282894414
2249,0.06231636064078261
2250,0.219997
2251,0.21841360883686975
2252,0.219997
2253,0.219997
2254,0.350009
2255,0.17171180072295558
2256,0.08025615565677942
2257,0.13471998539714689
2258,0.1562928533953092
2259,0.11233670958227206
2260,0.0568220229214406
2261,0.004960939220296043
2262,0.349908
2263,0.389915038172628
2264,0.2278960396674209
2265,0.12864661600022895
2266,0.03586977348573616
2267,0.219997
2268,0.01523749221354132
2269,0.09461667117637995
2270,0.219997
2271,0.03964170247016389
2272,0.0578699003828968
2273,0.06894217372777206
2274,0.04273296258257102
2275,0.0457229176927131
2276,0.08667884881787723
2277,0.028130205241829687
2278,0.31188601243991393
2279,0.919794478409717
2280,0.349908
2281,0.349908
2282,0.16817443593682285
2283,0.321963534821201
2284,0.219997
2285,0.5339592882166897
2286,0.0829784735582128
2287,0.14826635799987747
2288,0.05099051469093187
2289,0.0904935848461484
2290,0.219997
2291,0.219997
2292,0.09843064072719573
2293,0.219997
2294,0.40988005858643667
2295,0.295162595176651
2296,1.0
2297,0.10241823227043985
2298,0.033035187996560585
2299,0.148038466182079
2300,0.17418066446865108
2301,0.01855891698102548
2302,0.6665898625165981
2303,0.14847259469394697
2304,0.046389899805655416
2305,0.03387211145367202
2306,0.10643740949432465
2307,0.219997
2308,0.5623539301569777
2309,0.6141475174370907
2310,0.9216586084441366
2311,0.6081740150949004
2312,0.219997
2313,0.219997
2314,0.349908
2315,0.03013907119842667
2316,0.1538067127904485
2317,0.06521914501410206
2318,0.05886990780919904
2319,0.220016
2320,0.220016
2321,0.12616434320081113
2322,0.6696294753704638
2323,0.25272077189718317
2324,0.04784007099926226
2325,0.13844669467746878
2326,0.12176469046937481
2327,0.0941546769502389
2328,0.01645753902300361
2329,0.0168646972988096
2330,0.009232383764737827
2331,0.022931373597428976
2332,0.11419254454235378
2333,0.11545051436514656
2334,0.14351487286398554
2335,0.219997
2336,0.5659523917649836
2337,1.0
2338,0.7638124352371181
2339,0.349908
2340,0.9664233673490872
2341,0.13807844228116314
2342,0.07294703587748158
2343,0.1513962680906484
2344,0.11974227200168845
2345,0.219997
2346,0.12865272614055726
2347,0.039592689809154216
2348,0.006142411299433427
2349,0.030732927236366548
2350,0.219997
2351,0.05675534249253971
2352,0.18084597678373138
2353,0.021364646031054434
2354,0.030666596087790963
2355,0.0386016902894064
2356,0.07638788879873215
2357,0.00787022217755978
2358,0.049959978732119534
2359,0.14990865250631244
2360,0.11541666782272555
2361,0.14753450484230182
2362,0.349908
2363,0.349908
2364,0.350009
2365,1.0
2366,1.0
2367,0.4041015701786412
2368,0.09379661478877865
2369,0.0671503114538466
2370,0.03695665462486808
2371,0.09367251383200076
2372,0.1507321673341039
2373,0.02047887344069005
2374,0.01380609068623462
2375,0.08199101974963743
2376,0.7422039986745685
2377,0.012701517035896262
2378,0.006266760834276946
2379,0.05099387263776202
2380,0.018194149790933752
2381,0.06555416173249562
2382,0.02835575899477122
2383,0.05595350024768797
2384,0.03615172321944837
2385,0.02243987611715706
2386,0.03967805512553317
2387,0.07692805258984893
2388,0.1529183440060114
2389,0.219997
2390,0.5500919855820423
2391,0.5144710073097934
2392,0.17398217369351393
2393,1.0
2394,0.5994584237299754
2395,0.516449086815892
2396,0.219997
2397,0.07091333068851179
2398,0.03806923300851548
2399,0.07030874390027217
2400,0.021313512062374692
2401,0.059465021432805146
2402,0.7328881581106191
2403,0.1312711926286108
2404,0.28574485172473346
2405,0.09640429445744395
2406,0.14775405108384765
2407,0.07605252703759312
2408,0.1050837768924849
2409,0.2078599043647083
2410,0.04151683899546384
2411,0.0712425024381323
2412,0.1526547647997857
2413,0.219997
2414,0.8449296686582621
2415,0.35488816699698944
2416,0.5384397347537506
2417,0.220016
2418,0.4521136007273661
2419,0.219997
2420,0.017320671886322008
2421,0.06261386376338714
2422,0.02137557910736614
2423,0.01005981867802533
2424,0.020799550894366237
2425,0.06037724892077945
2426,0.034045592726577534
2427,0.219997
2428,0.219997
2429,0.0685039969544872
2430,0.30194810184098947
2431,0.032039550868823805
2432,0.04361887568432226
2433,0.2937636217364959
2434,0.02040606999003264
2435,0.009673962885923943
2436,0.01438195149009519
2437,0.1765032820186734
2438,0.219997
2439,0.055108371253244505
2440,0.23557965537228345
2441,0.219997
2442,0.09576518892584002
2443,0.08824437343778695
2444,0.052822254971268176
2445,0.11702641530178338
2446,0.005918964375295604
2447,0.16640853259330593
2448,0.1872840491317635
2449,0.0509202845887076
2450,0.013587023343331298
2451,0.012734444250010461
2452,0.10279840975591731
2453,0.006741193857523866
2454,0.01278952967039985
2455,0.04091717798660135
2456,0.01374590689917181
2457,0.03128741434663007
2458,0.027096803044901977
2459,0.219997
2460,0.06829968260543927
2461,0.0664111534764265
2462,0.0010044547502592181
2463,0.07874461663824704
2464,0.219997
2465,0.4968112083590822
2466,0.3992690309070421
2467,0.17276303756007552
2468,0.09678934938304157
2469,0.021517806346969228
2470,0.04455895165736585
2471,0.13177952277382124
2472,0.018183587974799385
2473,0.014690208132422077
2474,0.019781783710363283
2475,0.029319363617905783
2476,0.0572552804401693
2477,0.015241869916895152
2478,0.006255194357057119
2479,0.1280112927561244
2480,0.1289348142362815
2481,0.350009
2482,0.028246990112411705
2483,0.05354943117738755
2484,0.0775694030817054
2485,0.219997
2486,0.27485159457249897
2487,0.047786514418895205
2488,0.004820761560423807
2489,0.08459728486602668
2490,0.04180346812164804
2491,0.07656378109451838
2492,0.220016
2493,0.12505508379773664
2494,0.02885620516967013
2495,0.027709579140844456
2496,0.016901986162801794
2497,0.349908
2498,0.0067577055048727176
2499,0.04940559618948071
2500,0.0522983956272354
2501,0.21920533130591643
2502,0.07522709405615112
2503,0.08205045717849134
2504,0.04188565216705061
2505,0.017932692409247573
2506,0.13027859875222278
2507,0.219997
2508,0.03372915148553178
2509,0.014942736400879054
2510,0.036842664398405695
2511,0.07552671261630221
2512,0.04742696092599328
2513,0.219997
2514,0.10315364777373634
2515,0.349908
2516,0.10221680564448787
2517,0.07429557057647766
2518,0.07293264489586634
2519,0.05925686579237734
2520,0.06413074150973448
2521,0.219997
2522,0.11463130176592218
2523,0.024735561857313106
2524,0.07647160591032681
2525,0.04508407311336961
2526,0.20453255019555044
2527,0.13138786709821526
2528,0.014987838882592598
2529,0.349908
2530,0.7547256622627421
2531,0.17265073079613932
2532,0.041322794831553364
2533,0.002362276618031912
2534,0.11075446497961625
2535,0.08647052491582373
2536,0.052578880338243594
2537,0.08369766806912962
2538,0.13614493126040125
2539,0.016476009590404586
2540,1.0
2541,0.10711343273953057
2542,0.024319721043311093
2543,0.08816716545085887
2544,0.08756447800825673
2545,0.002626281002602712
2546,0.05596001232708704
2547,0.219997
2548,0.5172802013029012
2549,0.14627814512055953
2550,0.21865740591781688
2551,0.033392035452730624
2552,0.022247659393003678
2553,0.07635657732945517
2554,0.09692656558276046
2555,0.04933678193754287
2556,0.03798193960972967
2557,0.1850091242277686
2558,0.07701894020074294
2559,0.014068149457159678
2560,0.04221855260092605
2561,0.048302400831184075
2562,0.10882363973615043
2563,0.05257332271540749
2564,0.03674316876260182
2565,0.022391627277698757
2566,0.029146626849829948
2567,0.11912006762692022
2568,0.16604223502686466
2569,0.03532904992200732
2570,0.06120292088628297
2571,0.5244645916042394
2572,0.07428504204050085
2573,0.07609496472209464
2574,0.012149564914297757
2575,0.02169315534186018
2576,0.11330312257268167
2577,0.06562309625067174
2578,0.013639461975559698
2579,0.04047720643239605
2580,0.220016
2581,0.07917075483133668
2582,0.025043718265644662
2583,0.05018276466544865
2584,0.12353598216796942
2585,0.028512131132834455
2586,0.016497843063492182
2587,0.15953091792673318
2588,0.040670729180972046
2589,0.03500836533269589
2590,0.08456990598371734
2591,0.350009
2592,0.007026606666651367
2593,0.01335396250180608
2594,0.035678219477156436
2595,0.019926552040175894
2596,0.06514209683745771
2597,0.007769481997015044
2598,0.03796298323370265
2599,0.11507435432774202
2600,0.06538039090529106
2601,0.022303678218423762
2602,0.18287700251531458
2603,0.219997
2604,0.09551469006700115
2605,0.11857558676954166
2606,0.04796160175875377
2607,0.09263541875682602
2608,0.03997011312926043
2609,0.03386620546534078
2610,0.34770728538868256
2611,0.16174468195997113
2612,0.01239062779644902
2613,0.06024566514514466
2614,0.010875213907329845
2615,0.01725805712020508
2616,0.020379884759487304
2617,0.024393966918374244
2618,0.05564887079915396
2619,0.012647638022468608
2620,0.022567243024247414
2621,0.013316304296366755
2622,0.03627524114430417
2623,0.05002637043966598
2624,0.07590359766466125
2625,0.11674232210136859
2626,0.07862004052164338
2627,0.015439769885806238
2628,0.10228790476732454
2629,0.013010054404384264
2630,0.219997
2631,0.02994854450243465
2632,0.030251760795320545
2633,0.033408424892572335
2634,0.023453053853416235
2635,0.04925130146589622
2636,0.012783718164918294
2637,0.04811640776303447
2638,0.028734002618995984
2639,0.022434484107764028
2640,0.012238559564429995
2641,0.12022202650071441
2642,0.011875899265195536
2643,0.046127708459534456
2644,0.02012989944709133
2645,0.03784249195664342
2646,0.023093684281762103
2647,0.007340624949285101
2648,0.008746516518120643
2649,0.16550706379081798
2650,0.06602698207160831
2651,0.09450515754554001
2652,0.004635696772798507
2653,0.014990073727827326
2654,0.04983271250395052
2655,0.08091071922255157
2656,0.018851358236191794
2657,0.015240051032248474
2658,0.03436519116735036
2659,0.06211115376028206
2660,0.03013364018878891
2661,0.02015208600887678
2662,0.009367129555837758
2663,0.11174048680247833
2664,0.04219838218463296
2665,0.0010754468411167512
2666,0.05331241442294411
2667,0.0150501490602152
2668,0.10441433743158063
2669,0.1486031586842737
2670,0.06966842037961749
2671,0.04801497812067961
2672,0.04427680743272631
2673,0.052465072563508824
2674,0.017424465821409038
2675,0.024871103921869444
2676,0.014015123497673598
2677,0.02007120997701042
2678,0.01658336393653669
2679,0.034717994868820976
2680,0.014555318946337416
2681,0.03334431506364625
2682,0.01592727822898145
2683,0.017973590128611074
2684,0.082224070463138
2685,0.16220214531959934
2686,0.024709054249598576
2687,0.05808140400823578
2688,0.03229926005751527
2689,0.024045864837363675
2690,0.014361480219834747
2691,0.00029856332506442845
2692,0.025823764809226723
2693,0.014603528439426087
2694,0.02939425836298461
2695,0.07090447724390284
2696,0.05104962941739261
2697,0.07206411281896549
2698,0.10086347669231033
2699,0.03055372913454746
2700,0.052152175203103564
2701,0.012948596049278274
2702,0.1452777947168383
2703,0.03465553246884325
2704,0.219997
2705,0.08483397630514504
2706,0.219997
2707,0.06268662034097623
2708,0.04517674359178229
2709,0.219997
2710,0.350009
2711,0.03320743215694255
2712,0.014485980665835983
2713,0.0748990670645403
2714,0.219997
2715,0.219997
2716,0.0017553865061844004
2717,0.11524631108499549
2718,0.10322915596116139
2719,0.0700775683744694
2720,0.14584060150933376
2721,0.040771792433543015
2722,0.017786708767123724
2723,0.220016
2724,0.19298140291716953
2725,0.848503574501212
2726,0.20404419334542043
2727,0.013458884282859898
2728,0.220016
2729,0.0630060008190611
2730,0.005289035585743996
2731,0.06379180856888199
2732,0.03130644701248629
2733,0.05534374890935702
2734,0.03648516504099279
2735,0.023230657815168126
2736,0.219997
2737,0.219997
2738,0.3965020698051093
2739,0.46589715972067525
2740,0.06971152553613431
2741,0.03619152728017494
2742,0.2148937838410886
2743,0.14272108795481303
2744,0.01302263489341141
2745,0.04431525896975417
2746,0.055132252348446785
2747,0.10483763568077055
2748,0.05421112881178966
2749,0.349908
2750,0.07444179284648349
2751,0.350009
2752,0.537147306180701
2753,0.08358465093465724
2754,0.290813149049781
2755,0.012602364080080869
2756,0.0030435485207734674
2757,0.07704330180338491
2758,0.1781914319617371
2759,0.06389732767731378
2760,0.019580397119158537
2761,0.03997709705252854
2762,0.010717499178672624
2763,0.009965250840730836
2764,0.16233572258286064
2765,0.11948840049301818
2766,0.1306225556829397
2767,0.0514055780863543
2768,0.1065471979647504
2769,0.350009
2770,0.00897876315963432
2771,0.0006769665009002847
2772,0.036770525648009304
2773,0.1363974963709923
2774,0.011955007779791273
2775,0.05799330037899772
2776,0.008774219415004177
2777,0.219997
2778,0.08802331926307719
2779,0.24045423547770323
2780,0.05111012635381083
2781,0.0657527617491879
2782,0.017403136693670176
2783,0.5897508439142698
2784,0.1243944043791526
2785,0.11912505296543151
2786,0.349908
2787,0.349908
2788,0.13685640350008368
2789,0.08493734212548483
2790,0.02101819444282519
2791,0.027326811980826
2792,0.032676566296254754
2793,0.022032642137352454
2794,0.0094408364258552
2795,0.049982509946338564
2796,0.0034450653395271054
2797,0.11281841167680842
2798,0.1257342851073472
2799,0.10960504849593462
2800,0.220016
2801,0.349908
2802,0.022431504401788843
2803,0.026372682926814058
2804,0.03150552219506224
2805,0.0017735968895265038
2806,0.219997
2807,0.09560306891409903
2808,0.07014143210674903
2809,0.06701374915000763
2810,0.17242932459233482
2811,0.42361899336555553
2812,0.12418772398599759
2813,0.007468545135180907
2814,0.030231676123698956
2815,0.05773074138491806
2816,0.07127985591836038
2817,0.002372878205699778
2818,0.002878806631060946
2819,0.10522421076176837
2820,0.11789279818689143
2821,0.09381372753060539
2822,0.16742509821483453
2823,0.05792563151083831
2824,0.03728953778168059
2825,0.04729706979015068
2826,0.0694959214984842
2827,0.06910608863947271
2828,0.08617387430147143
2829,0.14413467512551786
2830,0.011947226077277846
2831,0.07390862573340716
2832,0.02917366168576919
2833,0.02743825770364219
2834,0.06513132916459638
2835,0.04135027139615681
2836,0.0821189930145903
2837,0.03618903043772339
2838,0.15391025172530115
2839,0.220016
2840,0.22664947609863992
2841,0.15257401670139206
2842,0.0547944755061105
2843,0.05781090863153812
2844,0.16740909784996064
2845,0.07451539891809668
2846,0.056488913501644235
2847,0.13065462224678767
2848,0.022365632632726548
2849,0.03176824105921389
2850,0.15916740528237983
2851,0.08100483517930182
2852,0.048593562603177536
2853,0.03128787188220618
2854,0.01001904481027317
2855,0.07910751388591372
2856,0.11114188439444687
2857,0.220016
2858,0.08932033640217901
2859,0.220016
2860,0.08995513489170766
2861,0.06603522901746997
2862,0.014924222437603373
2863,0.08534010664024115
2864,0.08601054220703067
2865,0.10790531600533766
2866,0.007226765132352525
2867,0.784220640296862
2868,0.1580154844180833
2869,0.019126120292407
2870,0.19030867280427324
2871,0.1027614524427498
2872,0.10138186200513458
2873,0.02728649285259022
2874,0.12978212628019536
2875,0.04033645509736534
2876,0.011592678827392932
2877,0.02314737317617595
2878,0.02023666850509164
2879,0.0511037914482917
2880,0.12075504971350665
2881,0.05634624651481762
2882,0.11811787159773882
2883,0.13808993721714136
2884,0.2775855508899114
2885,0.38616311398778824
2886,0.10276529677356269
2887,0.01550900844443863
2888,0.08647228190174379
2889,0.023620947303831092
2890,0.08512727612854784
2891,0.010895925069769311
2892,0.0634284000907915
2893,0.012452986628458873
2894,0.03947511958992241
2895,0.15770313040452658
2896,0.14781278520803448
2897,0.18241589143759215
2898,0.028012886487041908
2899,0.033006719965246296
2900,0.12431468688858192
2901,0.05924299690039693
2902,0.012097430804212557
2903,0.21121249848432602
2904,0.016096491870186767
2905,0.05657406140583779
2906,0.09166851354630974
2907,0.0998605466744382
2908,0.034998438734216104
2909,0.05138766195228714
2910,0.04669363418660862
2911,0.0806496977107443
2912,0.15205097883560828
2913,0.219997
2914,0.196089001772945
2915,0.3018590014044583
2916,0.1886190568180473
2917,0.11470121086435242
2918,0.003934596515390055
2919,0.17188867031178745
2920,0.061669408754678516
2921,0.07379641728639419
2922,0.08282074527244945
2923,0.022354155914207533
2924,0.11898438491041474
2925,0.05625134014662336
2926,0.06053243636131514
2927,0.14269201001121892
2928,0.04504836032052321
2929,0.01531231233026965
2930,0.040735257435118785
2931,0.05400670211185908
2932,0.027901530167895216
2933,0.10102872184223921
2934,0.03033920546403758
2935,0.06372638377421451
2936,0.053231565335351956
2937,0.11850582740437479
2938,0.15937548719428177
2939,0.3891197086196706
2940,0.15837792269015397
2941,0.220016
2942,0.10293162470640783
2943,0.17241425662554327
2944,0.11386820591026149
2945,0.166621987804888
2946,0.07565251039601432
2947,0.010636829660791621
2948,0.008305193892077544
2949,0.061220593193488757
2950,0.349908
2951,0.13939336105039285
2952,0.13606548445248887
2953,0.09244700402292548
2954,0.10250181384089758
2955,0.028658939706159837
2956,0.08989914015347544
2957,0.013758511115609252
2958,0.0361556864455109
2959,0.06770532164245383
2960,0.20881970285702683
2961,0.09356068063732767
2962,0.10782687489531043
2963,0.219997
2964,0.6665294131066142
2965,0.16311239546745707
2966,0.005375517135464386
2967,0.20769031332143692
2968,0.1223449870338088
2969,0.349908
2970,0.219997
2971,0.15140137520681357
2972,0.033432284829498185
2973,0.05691565430263051
2974,0.1876108207191547
2975,0.220016
2976,0.10145073473136805
2977,0.220016
2978,0.1669307415530502
2979,0.12372608414264463
2980,0.019911979826221372
2981,0.02004387190033361
2982,0.014224787097273298
2983,0.037596467911031335
2984,0.018563574711495154
2985,0.12222717055524987
2986,0.04290109927634798
2987,0.1488122568773348
2988,0.3472673491387439
2989,0.18795477278913678
2990,0.12425560178666395
2991,0.05466384604426798
2992,0.15005057556840448
2993,0.219997
2994,0.26540432131806596
2995,0.10892787909409882
2996,0.032246234931677324
2997,0.11991277911816128
2998,0.006099687961745269
2999,0.022645669885491587
3000,0.4871778786207459
3001,0.03952764531591764
3002,0.219997
3003,0.350009
3004,0.28303436775444685
3005,0.026849104457749486
3006,0.021428337418179434
3007,0.018318233133923657
3008,0.04432436900112621
3009,0.0754038750337085
3010,0.17630649431015036
3011,0.220016
3012,0.08817403158675213
3013,0.16606112161220507
3014,0.29958619758293814
3015,0.26204864180987547
3016,0.219997
3017,0.219997
3018,0.5025979199044495
3019,0.13757958238060097
3020,0.00624462467913203
3021,0.029720769206513543
3022,0.09358179383145565
3023,0.13911044938450498
3024,0.09197272445070614
3025,0.219997
3026,1.0
3027,0.1307952916232553
3028,0.08156578377886509
3029,0.3671316231278704
3030,0.02640605217786939
3031,0.027711290942705726
3032,0.2651886449472944
3033,0.03099262448320488
3034,0.033845632082342286
3035,0.1781099791859018
3036,0.016970297106373055
3037,0.058001446571189434
3038,0.15917035663132703
3039,0.06830013690606876
3040,0.13489648423867895
3041,0.219997
3042,0.219997
3043,0.219997
3044,0.4169025307668487
3045,0.219997
3046,0.038294321914585414
3047,0.220016
3048,0.2765386764470528
3049,0.21168467647965028
3050,1.0
3051,0.39204812248882503
3052,0.3057166446954304
3053,0.00943045127960985
3054,0.04931442223865734
3055,0.08874145171592229
3056,0.026344661836956475
3057,0.08970536358112888
3058,0.015287695723344586
3059,0.00512872758126914
3060,0.15082007236946793
3061,0.013445723867162024
3062,0.012289169203171437
3063,0.0546176944520801
3064,0.133412981944014
3065,0.12591103091762587
3066,0.20214596230604281
3067,0.14580074981007266
3068,0.17027470933962266
3069,0.29141253819194785
3070,0.1263270839235822
3071,0.011075723402443382
3072,0.18532017330423212
3073,0.18937430125795532
3074,0.021930211864824512
3075,0.08453239948725166
3076,0.8291601146519656
3077,1.0
3078,0.4482938802531434
3079,0.004540567145402412
3080,0.0711353046899117
3081,0.03912025815095174
3082,0.2715297600827731
3083,0.07376544945423297
3084,0.059322779755091266
3085,0.01930875174761743
3086,0.1409128786672511
3087,0.07601168111930172
3088,0.11891375337588843
3089,0.015723202302648523
3090,0.28606453729578973
3091,0.02641577546472733
3092,0.040938232866472184
3093,0.219997
3094,0.14862942473156512
3095,0.08712525252511673
3096,0.1054686294980982
3097,0.17832105644250734
3098,0.220016
3099,0.059300608647183395
3100,0.13266598986786196
3101,0.10847810090608305
3102,0.13779865212144943
3103,0.8628438739578287
3104,1.0
3105,0.5321016470190222
3106,0.021218163334191006
3107,0.220016
3108,0.012468541762957367
3109,0.05684251968200248
3110,0.09597554535101833
3111,0.33395644215580583
3112,0.026265225898561492
3113,0.06989303356609586
3114,0.053625707563136615
3115,0.10290443807824708
3116,0.219997
3117,0.3373641383065782
3118,0.219997
3119,0.5955881923507939
3120,0.295046676558202
3121,0.20582685615041638
3122,0.219997
3123,0.15238634485643318
3124,0.11816431495650975
3125,0.219997
3126,0.0666863605516951
3127,0.028505988803469086
3128,0.1591090913855434
3129,0.12387559808941778
3130,0.10133935302013712
3131,0.06382612277073564
3132,0.9847706841096249
3133,1.0
3134,1.0
3135,0.026506944530790128
3136,0.06882011124225469
3137,0.1997397743729328
3138,0.019247815820825066
3139,0.219997
3140,0.08290773229286005
3141,0.06849344633015693
3142,0.03626741868149013
3143,0.02685809027212572
3144,0.17644790446811978
3145,0.041176734806767354
3146,0.5034151900082029
3147,1.0
3148,0.13583603907390526
3149,0.219997
3150,0.21654565004193937
3151,0.219997
3152,0.15243463647838554
3153,0.220016
3154,0.18248175553810828
3155,0.020795485192858787
3156,0.12868227595034587
3157,0.12336334622495676
3158,0.13796736650820113
3159,0.10699474022110211
3160,0.349908
3161,0.5308238210843664
3162,0.25608041260848
3163,0.0922473732810444
3164,0.013237660161678171
3165,0.219997
3166,0.01523749221354132
3167,0.08136512065181642
3168,0.219997
3169,0.016878649899902246
3170,0.03769509973278267
3171,0.0729922833564867
3172,0.036056905914020575
3173,0.03508643801426616
3174,0.09960309589247252
3175,0.09432352919890116
3176,0.3242897760349318
3177,1.0
3178,0.349908
3179,0.349908
3180,0.219997
3181,0.219997
3182,0.219997
3183,0.5951267117555792
3184,0.1636356870991408
3185,0.06067232564271638
3186,0.010603133373852429
3187,0.03587422012680067
3188,0.2089083675521612
3189,0.219997
3190,0.12339955789930315
3191,0.219997
3192,0.4446740917180208
3193,0.2706375268138053
3194,1.0
3195,0.220016
3196,0.043114766333815925
3197,0.05340829065696982
3198,0.219997
3199,0.06398535268623327
3200,0.05452988805383763
3201,0.3082726880116869
3202,0.21239457959006752
3203,0.04080216396409323
3204,0.05595322715539076
3205,0.13351757142986226
3206,0.349908
3207,0.4399628581413064
3208,0.349908
3209,0.819556181384053
3210,0.349908
3211,0.219997
3212,0.219997
3213,0.3230590154272882
3214,0.009433537075626015
3215,0.023702996055435476
3216,0.1319919171514646
3217,0.0654642250017347
3218,0.06329749597792857
3219,0.219997
3220,0.349908
3221,0.0936449222703259
3222,0.7373748080741107
3223,0.2552617207919157
3224,0.012365611346840574
3225,0.219997
3226,0.10658316306362911
3227,0.11331864713233339
3228,0.027921873545988064
3229,0.058524716797351196
3230,0.1063692838505127
3231,0.14397872005270015
3232,0.20352313064936914
3233,0.219997
3234,0.349908
3235,1.0
3236,0.8545039838836889
3237,0.6173886420342883
3238,1.0
3239,0.11243884387682401
3240,0.10751773874768282
3241,0.10878563620916251
3242,0.1494795763816337
3243,0.29392027743095434
3244,0.2131770316623739
3245,0.0375162520055647
3246,0.06184437716671707
3247,0.2116641204638826
3248,0.16631252839712685
3249,0.05047606479567418
3250,0.007218545977748868
3251,0.039317924340624734
3252,0.043935519943289744
3253,0.011887557642447286
3254,0.032318222921805764
3255,0.034861601845373985
3256,0.13321168937395644
3257,0.12671629707809465
3258,0.11315254668355722
3259,0.219997
3260,0.349908
3261,0.350009
3262,1.0
3263,0.9757043811244128
3264,0.349908
3265,0.14654420349074324
3266,0.047182763941276615
3267,0.04435697144715289
3268,0.12292004722505166
3269,0.19181959801244458
3270,0.02623923082336415
3271,0.01380609068623462
3272,0.023111299914601362
3273,0.5891855718659568
3274,0.055487456506946496
3275,0.013181200640166127
3276,0.041485540217006615
3277,0.07869586462187314
3278,0.10252539846763153
3279,0.045854190582782284
3280,0.06216150528671917
3281,0.10346897768001097
3282,0.08143926151823089
3283,0.012724134131915931
3284,0.023982958175607996
3285,0.04553687859425746
3286,0.219997
3287,0.219997
3288,0.488342317153569
3289,0.4906022567203148
3290,0.219997
3291,1.0
3292,0.6645226428765425
3293,0.49622692719360056
3294,0.11696742065261315
3295,0.10849798220109219
3296,0.07139737012468583
3297,0.031595893995146264
3298,0.07354785806638035
3299,0.050008529199647114
3300,0.06089790726447347
3301,0.5864191214897555
3302,0.1346777675417977
3303,0.349908
3304,0.06398902556221685
3305,0.12763289023314014
3306,0.1428647902699718
3307,0.1036224653616342
3308,0.20032576842740624
3309,0.06258628034110868
3310,0.05612261252859914
3311,0.0002128505574156217
3312,0.12026740980987136
3313,0.219997
3314,0.8089700187223421
3315,0.39426730063588195
3316,0.5392991309168832
3317,0.195828254311107
3318,0.6278609241876159
3319,0.219997
3320,0.03468029430527497
3321,0.011090797018088717
3322,0.02137557910736614
3323,0.03373232226977363
3324,0.020799550894366237
3325,0.05764873007925582
3326,0.18316422565864537
3327,0.17479875697221303
3328,0.07006935197364077
3329,0.219997
3330,0.014521538715988061
3331,0.14242962403776036
3332,0.220016
3333,0.0020793437155608363
3334,0.017474580658676495
3335,0.01438195149009519
3336,0.219997
3337,0.219997
3338,0.01310798419284812
3339,0.2082206398311256
3340,0.349908
3341,0.09595871951812579
3342,0.11126143105344753
3343,0.05577361665964812
3344,0.0667684631759747
3345,0.16809604246168136
3346,0.04560989374132309
3347,0.1156762807586842
3348,0.13042048566420794
3349,0.05619540680094787
3350,0.035424280548621886
3351,0.012734444250010461
3352,0.1678689981978689
3353,0.013808193011681106
3354,0.027154395886323852
3355,0.03632586110913187
3356,0.07471369716090029
3357,0.2524024140573849
3358,0.004200489641512471
3359,0.028096540234673742
3360,0.07089825072562526
3361,0.219997
3362,0.410430730364105
3363,0.3933145121991759
3364,0.03442021752184282
3365,0.0011656413817973449
3366,0.02980402016717324
3367,0.03569506966280454
3368,0.1030641028405761
3369,0.12615419300991262
3370,0.12036178183597887
3371,0.018183587974799385
3372,0.04281243179841914
3373,0.019781783710363283
3374,0.050097521737428145
3375,0.02736758590565922
3376,0.028347243206234506
3377,0.19020241899826226
3378,0.19479324695779268
3379,0.350009
3380,0.0068256950634774695
3381,0.03650370926989914
3382,0.023653120854791692
3383,0.07611500874166263
3384,0.19073618367456074
3385,0.32351326994305546
3386,0.054744646533372444
3387,0.019674259564499873
3388,0.016355043506547436
3389,0.15314989830169345
3390,0.051299310866632204
3391,0.023529849750672346
3392,0.14463623617513466
3393,0.1405211636615582
3394,0.07824771030679832
3395,0.027709579140844456
3396,0.016901986162801794
3397,0.26677678324401255
3398,0.05566284241653551
3399,0.04600308397472557
3400,0.219997
3401,0.08201085693738216
3402,0.022937837299542924
3403,0.027609038930048516
3404,0.050333843232682925
3405,0.219997
3406,0.349908
3407,0.05550205724232066
3408,0.020886976312685993
3409,0.013672374695182891
3410,0.0641106625854627
3411,0.06336079065646177
3412,0.1642062832716557
3413,0.13306464753479025
3414,0.219997
3415,0.1494415647361924
3416,0.022162164858946932
3417,0.005627071408788671
3418,0.10485191610009359
3419,0.1111037446079831
3420,0.004277502147672383
3421,0.15779492058579145
3422,0.11463130176592218
3423,0.21242630939934493
3424,0.04176425254111218
3425,0.219997
3426,0.11820598048029274
3427,0.014106717135623087
3428,0.014987838882592598
3429,0.2998437732632574
3430,0.5820600726667279
3431,0.220016
3432,0.03192025498765784
3433,0.05963972925868625
3434,0.07685114628925595
3435,0.012274157963352092
3436,0.059674608928356514
3437,0.11268679197468291
3438,0.10442780547954893
3439,1.0
3440,0.052574723479718005
3441,0.1045379158318521
3442,0.14793176660873708
3443,0.03810931382467109
3444,0.13182881100546284
3445,0.4696923342284693
3446,0.05403139901302677
3447,0.13236108562317198
3448,0.033392035452730624
3449,0.0698589866534308
3450,0.219997
3451,0.0656059638324276
3452,0.010545064635600824
3453,0.1850091242277686
3454,0.08547867113803582
3455,0.09158889503866628
3456,0.024732636653426922
3457,0.019449001784664247
3458,0.012745961845593809
3459,0.07343099043608864
3460,0.010586297315903012
3461,0.06362062301589924
3462,0.024978532014951062
3463,0.16104154423913802
3464,0.07574600893579582
3465,0.013452362556231489
3466,0.059968261409352595
3467,0.5525459876002546
3468,0.06567630602124605
3469,0.12202660444189306
3470,0.02946341531434735
3471,0.023862433081447216
3472,0.06301950602545933
3473,0.08784472144661791
3474,0.0023629195522575737
3475,0.2513607642571951
3476,0.08078864781263773
3477,0.009644148597183374
3478,0.008859445656040426
3479,0.04115128526189833
3480,0.10658086439484243
3481,0.08529430394664018
3482,0.03751351073933761
3483,0.15526002616921905
3484,0.09197128418696156
3485,0.06951404869601029
3486,0.2972733796590607
3487,0.040839048443581716
3488,0.06596176148122827
3489,0.06781378895663838
3490,0.00944525088260352
3491,0.07984733423299799
3492,0.13018975255792337
3493,0.06444569314846026
3494,0.0088589540037114
3495,0.022216230549867544
3496,0.022303678218423762
3497,0.010091958158795957
3498,0.12914417024689595
3499,0.17281386439121907
3500,0.0762661714097785
3501,0.17451515280593888
3502,0.10320489772660174
3503,0.014951101539396454
3504,0.07207766579955192
3505,0.046693275835116954
3506,0.016558006134260263
3507,0.219997
3508,0.18211232510138456
3509,0.01239062779644902
3510,0.06579611841228732
3511,0.000675863064842808
3512,0.0046222806102825574
3513,0.01828277162792211
3514,0.01877283710970263
3515,0.0011459304672847268
3516,0.014239405231230495
3517,0.016356324446092835
3518,0.007595545922506954
3519,0.03627524114430417
3520,0.07149810162463405
3521,0.07626157256074004
3522,0.18027939091334122
3523,0.16079986329154916
3524,0.219997
3525,0.014050853146780399
3526,0.0646890368040849
3527,0.006733948300394564
3528,0.014288199953132763
3529,0.032588908607234596
3530,0.012783718164918294
3531,0.021943707064064746
3532,0.01851808499370701
3533,0.019510224802009174
3534,0.01717494371799674
3535,0.219997
3536,0.01591774497871523
3537,0.06160535662218194
3538,0.06267301116497923
3539,0.030712433159110916
3540,0.027466104336242584
3541,0.08666831507658183
3542,0.02782962497766813
3543,0.05646452159828348
3544,0.014990073727827326
3545,0.021913176840703475
3546,0.04484909590362171
3547,0.04129668730661701
3548,0.19399571301817709
3549,0.010045844838977636
3550,0.006880426350485615
3551,0.015240051032248474
3552,0.1355064968576253
3553,0.016233241735006957
3554,0.052632227775677054
3555,0.09101629096191383
3556,0.02015208600887678
3557,0.16608776155938873
3558,0.026058244107657218
3559,0.025011981391859475
3560,0.03159970112024441
3561,0.08255978529761286
3562,0.024769185551502808
3563,0.12380940057787122
3564,0.017849324280983042
3565,0.17627282536759703
3566,0.01754043712887239
3567,0.03500021109279967
3568,0.033357178421609845
3569,0.02321519387750659
3570,0.020488044815996618
3571,0.01658336393653669
3572,0.015050271070632828
3573,0.018054490466939674
3574,0.014555318946337416
3575,0.04776055513142251
3576,0.028367709010541156
3577,0.0007227631261207889
3578,0.017525155966009814
3579,0.16377466795714615
3580,0.028381965147074816
3581,0.03266386071606594
3582,0.002817466326687028
3583,0.005374696609340172
3584,0.06463908755073457
3585,0.03642924415558321
3586,0.022042425180425623
3587,0.01769836145858603
3588,0.011993077717172524
3589,0.04809948878212239
3590,0.030536191141981757
3591,0.09209613061440067
3592,0.023935361285023812
3593,0.09004788570610875
3594,0.01972530867654979
3595,0.01409206877298045
3596,0.052152175203103564
3597,0.061095546590778566
3598,0.08374098035989717
3599,0.05019487474360235
3600,0.07423898192854814
3601,0.061897113310067586
3602,0.14039445690207994
3603,0.09714982072909226
3604,0.013672001875356509
3605,0.0030860206491193694
3606,0.036051145379705184
3607,0.06268662034097623
3608,0.20949516013481434
3609,0.350009
3610,0.350009
3611,0.03320743215694255
3612,0.07363668742526115
3613,0.350009
3614,0.07412438646884259
3615,0.220016
3616,0.13586634250863658
3617,0.2675981948368449
3618,0.149346904974193
3619,0.04100610218323885
3620,0.050569231189819444
3621,0.02141223236323568
3622,0.017786708767123724
3623,0.220016
3624,0.08561692696090824
3625,0.6718684037122361
3626,0.1592508834098419
3627,0.13477940784790224
3628,0.018420503173433543
3629,0.007386741421223717
3630,0.0807834024764964
3631,0.046353792962149754
3632,0.025051944396098254
3633,0.012464281387874598
3634,0.16086115634703377
3635,0.219997
3636,0.5962660052203563
3637,0.3626745226436085
3638,0.005759358979097122
3639,0.0017840322003557342
3640,0.2038461077931176
3641,0.3488681144774706
3642,0.01302263489341141
3643,0.12945047577883592
3644,0.024855947120081313
3645,0.02226762400942014
3646,0.13469377096426624
3647,0.4689462861142461
3648,0.06289787217367916
3649,0.350009
3650,0.45958782608373616
3651,0.07598125789138362
3652,0.350009
3653,0.012602364080080869
3654,0.08236664456339372
3655,0.23317301671233692
3656,0.04550434701195714
3657,0.0548759358665731
3658,0.02297601391300751
3659,0.10294064524101992
3660,0.04101205699060128
3661,0.03966523008235591
3662,0.09841366789788282
3663,0.07930957349646645
3664,0.026640050064673595
3665,0.08271136781472074
3666,0.349908
3667,0.04442512351991716
3668,0.0511808267172365
3669,0.037897132083619146
3670,0.12380170989109154
3671,0.010601203334079427
3672,0.03131793714534127
3673,0.06497483946453929
3674,0.11562877923647123
3675,0.10525734199795256
3676,0.04018861115595863
3677,0.015579918327237827
3678,0.219997
3679,0.019323730020434617
3680,0.32113688896675446
3681,0.014318762693842873
3682,0.017403136693670176
3683,0.022446866952239908
3684,0.021379447194825367
3685,0.8066620675814383
3686,0.19921490146390095
3687,0.11583051957093886
3688,0.219997
3689,0.5309398914743741
3690,0.009159327099891545
3691,0.0872578715521033
3692,0.022555979274270166
3693,0.02101819444282519
3694,0.04994612877911006
3695,0.032676566296254754
3696,0.022032642137352454
3697,0.0094408364258552
3698,0.07297963342479309
3699,0.0034450653395271054
3700,0.03554300048755365
3701,0.0858562228475865
3702,0.11070576511867518
3703,0.27279838717880805
3704,0.349908
3705,0.0340719004353243
3706,0.00834942236896088
3707,0.039209378949087735
3708,0.0410237671082158
3709,0.04601702502522137
3710,0.219997
3711,0.02190441890567943
3712,0.034713057892950566
3713,0.03236876934821627
3714,0.219997
3715,0.4956621196938825
3716,0.024681444495960898
3717,0.017411904718282915
3718,0.07756891804005114
3719,0.05947571777799509
3720,0.040739404852957774
3721,0.13456889561329557
3722,0.20716530969334812
3723,0.098999767828865
3724,0.14576628352896573
3725,0.11109711234880286
3726,0.04598820795885745
3727,0.052013138381607885
3728,0.018816121899457718
3729,0.13439659758963218
3730,0.03297372781972007
3731,0.12239689897854585
3732,0.220016
3733,0.005198602405839931
3734,0.03573408341694863
3735,0.03406126875113315
3736,0.01099462865653566
3737,0.052427904022132966
3738,0.033999020131210964
3739,0.10152949601373361
3740,0.03618903043772339
3741,0.0796390259827974
3742,0.219997
3743,0.220016
3744,0.09354747556866672
3745,0.05405772673715849
3746,0.07660157410781651
3747,0.1026561745148687
3748,0.04852304814109707
3749,0.021874770844770092
3750,0.11755672910357366
3751,0.07618669917158379
3752,0.0435379128224892
3753,0.13555512150344398
3754,0.04078584532055931
3755,0.059185473501055824
3756,0.030110578937821996
3757,0.08423782300339176
3758,0.145703073584908
3759,0.1700728748937877
3760,0.0964258186719169
3761,0.12243344335944774
3762,0.1195724099791145
3763,0.034569494730604784
3764,0.014937963881605927
3765,0.07057095152212443
3766,0.09821163664367633
3767,0.08001521025865668
3768,0.000736994192008299
3769,0.6791059048580671
3770,0.03887998517791049
3771,0.03714677543525653
3772,0.029822078296275853
3773,0.18504268879507252
3774,0.11196877910949048
3775,0.057000704827889694
3776,0.029393762122651764
3777,0.0012196548429982714
3778,0.15071778395355484
3779,0.0198412646576737
3780,0.04049772902662968
3781,0.026802247084101578
3782,0.06795396891121314
3783,0.10999707733038912
3784,0.08134614951389238
3785,0.1028305401040791
3786,0.16414322684464477
3787,0.24240098979812874
3788,0.4403867273732711
3789,0.11217543420502933
3790,0.03705520451750699
3791,0.08512267849803552
3792,0.020270007299899265
3793,0.1298464857285568
3794,0.08926105749555338
3795,0.031095714785593042
3796,0.18890974015366963
3797,0.10240929236847629
3798,0.13376098845982132
3799,0.0836989343663513
3800,0.02548853339340094
3801,0.03911174530780194
3802,0.02676901598377284
3803,0.15219197486922664
3804,0.016096491870186767
3805,0.05683154805290384
3806,0.11259476416482044
3807,0.019863980986068477
3808,0.06523604329448317
3809,0.06467386948735544
3810,0.05940389460136723
3811,0.1285715824651008
3812,0.19308606689511995
3813,0.18058265314698865
3814,0.23524360118035292
3815,0.10331463476702706
3816,0.15924968535817877
3817,0.024490247444719806
3818,0.18293089749673055
3819,0.05866532789574754
3820,0.12669255927709167
3821,0.10935929962060889
3822,0.05755461223584747
3823,0.048034029813619136
3824,0.09496212741067486
3825,0.019907022273528585
3826,0.01780392193192347
3827,0.018053534025690744
3828,0.1347026688492485
3829,0.049131384202121785
3830,0.05465103962055293
3831,0.027215583851706648
3832,0.08978730472417314
3833,0.09041609450247634
3834,0.04770418254581701
3835,0.07016840154329124
3836,0.03373054387404125
3837,0.07971593142971395
3838,0.1745371361076267
3839,0.3750295927972268
3840,0.219997
3841,0.219997
3842,0.09315771005734629
3843,0.10968197117234155
3844,0.20407234733246074
3845,0.13766335886532652
3846,0.11122403808684637
3847,0.016422280253312643
3848,0.005143869498898227
3849,0.004017599299075704
3850,0.349908
3851,0.06867978464463156
3852,0.11808748939751404
3853,0.10674511023019842
3854,0.1498259108280939
3855,0.03662753867243903
3856,0.02626613817955295
3857,0.013758511115609252
3858,0.0035627306875849066
3859,0.032989343319659706
3860,0.219997
3861,0.07795290897003306
3862,0.023367950622217727
3863,0.219997
3864,0.7735500914410312
3865,0.1389218385137072
3866,0.0117766314250605
3867,0.220016
3868,0.07529130839520053
3869,0.219997
3870,0.349908
3871,0.13518634223564846
3872,0.025844456997380905
3873,0.05904811684115558
3874,0.07038217381203415
3875,0.16838475484570875
3876,0.17229702945391426
3877,0.030381437052413533
3878,0.220016
3879,0.12496988989083985
3880,0.0759296206130762
3881,0.02109201680747937
3882,0.02004387190033361
3883,0.04379861525931462
3884,0.050849971523590595
3885,0.09493215136418695
3886,0.027832513434814896
3887,0.16265447655601506
3888,0.219997
3889,0.21677853470306763
3890,0.09128487023618
3891,0.019440202586252002
3892,0.14473215447740176
3893,0.219997
3894,0.3189734322589485
3895,0.11569858742690844
3896,0.10496493507622595
3897,0.0538857159265784
3898,0.6334526275484459
3899,0.027696534083247414
3900,0.219997
3901,0.32776015442472084
3902,0.32093307753810274
3903,0.019987279878029524
3904,0.0025820194996050705
3905,0.02896086114612627
3906,0.05053814401746416
3907,0.14698023004535185
3908,0.1579756089834746
3909,0.22870824166318152
3910,0.09823216967193855
3911,0.18061876665676874
3912,0.349908
3913,0.219997
3914,0.219997
3915,0.196951963683972
3916,0.44754998046311095
3917,0.128253372737165
3918,0.029720769206513543
3919,0.09001399545232636
3920,0.2058162828465542
3921,0.08873588991729554
3922,0.3267992362395692
3923,1.0
3924,0.1307952916232553
3925,0.07601197515784852
3926,0.4211544997596937
3927,0.009615858803653182
3928,0.07615216614220856
3929,0.26039024738817074
3930,0.012196424911881961
3931,0.052411481661217736
3932,0.10479353081405621
3933,0.03932256725155432
3934,0.16958244390791963
3935,0.0074074334947038765
3936,0.3451227246691878
3937,0.027100505794583604
3938,0.1826557620301098
3939,0.219997
3940,0.219997
3941,0.28372031023399613
3942,0.5326473578995136
3943,0.219997
3944,0.034503344388668346
3945,0.23156574977153188
3946,0.18801360847035134
3947,0.219997
3948,1.0
3949,0.42187250120450404
3950,0.349908
3951,0.00943045127960985
3952,0.06742667782149127
3953,0.10339633993233446
3954,0.08970536358112888
3955,0.03144907617983303
3956,0.0021768084855395722
3957,0.04613543057091651
3958,0.007325048585590526
3959,0.0948356835146618
3960,0.012289169203171437
3961,0.0546176944520801
3962,0.102981108927001
3963,0.219997
3964,0.219997
3965,0.15829264827525527
3966,0.16967705697551794
3967,0.2790935081294634
3968,0.220016
3969,0.04412289637235048
3970,0.19184049436408526
3971,0.220016
3972,0.028003831272496855
3973,0.10358440960015373
3974,1.0
3975,1.0
3976,0.49790327372369436
3977,0.03554961548683296
3978,0.0828140433643035
3979,0.220016
3980,0.0936603261866638
3981,0.022948155642429836
3982,0.012202790225986146
3983,0.12501097190349406
3984,0.1042353972585093
3985,0.07778117217231936
3986,0.015723202302648523
3987,0.349908
3988,0.02641577546472733
3989,0.04714664086137476
3990,0.204506579322451
3991,0.1820021775463462
3992,0.08537384254206601
3993,0.11092782731679231
3994,0.219997
3995,0.220016
3996,0.08484470029298159
3997,0.11850625610094533
3998,0.07272134263593837
3999,0.1024840902704776
4000,0.9963959423325555
4001,1.0
4002,0.5848957602074184
4003,0.03812943162710596
4004,0.220016
4005,0.017107726806483738
4006,0.219997
4007,0.13038642179019344
4008,0.220016
4009,0.03944399111592933
4010,0.04940522715708816
4011,0.022607326220630237
4012,0.09849517523725383
4013,0.13594494454720607
4014,0.349908
4015,0.219997
4016,0.6658999214977728
4017,0.31899106533426946
4018,0.219997
4019,0.219997
4020,0.15228701764035527
4021,0.1009137921811954
4022,0.219997
4023,0.08071101941227748
4024,0.05640781713005729
4025,0.037564027518560375
4026,0.219997
4027,0.220016
4028,0.1164564489376752
4029,0.09392307956216882
4030,0.037070825821643956
4031,1.0
4032,1.0
4033,1.0
4034,0.00475775411467713
4035,0.06882011124225469
4036,0.15184269196370145
4037,0.019247815820825066
4038,0.19503651938221414
4039,0.06419063509251466
4040,0.03297186144814357
4041,0.012671495042990845
4042,0.038166435785539916
4043,0.17233061780993597
4044,0.06507985988975097
4045,0.5516468912491811
4046,1.0
4047,0.09169767112004029
4048,0.1487860793151757
4049,0.17224082764513163
4050,0.3069372111523569
4051,0.11197907557007608
4052,0.220016
4053,0.19602069268429664
4054,0.06754773113752903
4055,0.08830207385302843
4056,0.17241170666020114
4057,0.10743655508519113
4058,0.007448074744514346
4059,0.49136200343795816
4060,0.571054731788956
4061,0.219997
4062,0.0757526408088242
4063,0.042043485310880965
4064,0.20366854949359625
4065,0.1358870571123895
4066,0.219997
4067,0.03964170247016389
4068,0.05252503708643765
4069,0.08798605886531871
4070,0.023171401309183822
4071,0.07460275983519049
4072,0.013987207682975572
4073,0.349908
4074,1.0
4075,0.349908
4076,0.349908
4077,0.219997
4078,0.219997
4079,0.3229540305385057
4080,0.7102239138142613
4081,0.219997
4082,0.028088345958704804
4083,0.05069687992065343
4084,0.058426838063452606
4085,0.16620618564368184
4086,0.199300781162501
4087,0.09075939751606357
4088,0.349908
4089,0.30352092047306845
4090,0.219997
4091,1.0
4092,0.14305329899660676
4093,0.05769779612315861
4094,0.09912978571509966
4095,0.16041458525105806
4096,0.08063903123438372
4097,0.05170552197798403
4098,0.219997
4099,0.13489406652195762
4100,0.07064581136927653
4101,0.149659605111235
4102,0.12693697094775352
4103,0.219997
4104,0.5970474101397839
4105,0.349908
4106,1.0
4107,0.4947581634264068
4108,0.219997
4109,0.219997
4110,0.4638046723970871
4111,0.016736849883454516
4112,0.03602073200227824
4113,0.17574491009757542
4114,0.10361496576657521
4115,0.058472067101485906
4116,0.349908
4117,0.2863560971597586
4118,0.1045213105437399
4119,0.8413300949689756
4120,0.30476987936773176
4121,0.03632578849111969
4122,0.219997
4123,0.18178705176045054
4124,0.06882680566698447
4125,0.01645753902300361
4126,0.030634825359815022
4127,0.062317824100649906
4128,0.1001680447214965
4129,0.16134151795701657
4130,0.1287132380914031
4131,0.16195868654059173
4132,0.219997
4133,0.5707608777752022
4134,1.0
4135,0.6835921268058589
4136,0.349908
4137,1.0
4138,0.1830654243485603
4139,0.09670643340771849
4140,0.16357674265110536
4141,0.0994144622702066
4142,0.219997
4143,0.1770677620458413
4144,0.0375162520055647
4145,0.06462943689424015
4146,0.219997
4147,0.027240385971773494
4148,0.0816392514375451
4149,0.12533982365293142
4150,0.04509470800031064
4151,0.03733325796478278
4152,0.038801098246732724
4153,0.01725894033601424
4154,0.05306093846849855
4155,0.12413369730135612
4156,0.11981609191755054
4157,0.18550179146266482
4158,0.219997
4159,0.219997
4160,0.350009
4161,1.0
4162,1.0
4163,0.3707071033015551
4164,0.08355843947434094
4165,0.023363046833126042
4166,0.044049736072993576
4167,0.0007524594393089416
4168,0.03288826567708658
4169,0.20269967939593866
4170,0.01380609068623462
4171,0.040469597258639
4172,0.6167243528656756
4173,0.0704987278208546
4174,0.02689796930738772
4175,0.06064390127096023
4176,0.07234359584338444
4177,0.13821248607758146
4178,0.02545923776144022
4179,0.08300499369409228
4180,0.04618646199867097
4181,0.07313622082308971
4182,0.15864225267501286
4183,0.219997
4184,0.7480951474299166
4185,0.4405629934205148
4186,0.219997
4187,1.0
4188,0.6432916812792298
4189,0.5374463994410128
4190,0.1300981785852127
4191,0.12538788453587732
4192,0.04248417034791503
4193,0.08183765696554317
4194,0.04219004122592923
4195,0.042462551514820396
4196,0.032181615345236496
4197,0.06838318657917467
4198,0.7326377140927054
4199,0.16054256775725376
4200,0.35771303234704405
4201,0.025678962149036873
4202,0.13345013603000655
4203,0.12800525858315986
4204,0.09972982192914985
4205,0.219997
4206,0.0477412869299015
4207,0.050757655076447805
4208,0.038014556554515015
4209,0.1083555382039944
4210,0.219997
4211,0.8599804592383588
4212,0.3863895319331798
4213,0.5885007092117321
4214,0.18277393232691716
4215,0.5389791760198511
4216,0.219997
4217,0.10851860407351323
4218,0.06307725878062653
4219,0.02137557910736614
4220,0.03373232226977363
4221,0.03425603814365654
4222,0.03152826841856
4223,0.12787011223880257
4224,0.219997
4225,0.08087817138843194
4226,0.219997
4227,0.032039550868823805
4228,0.06737423715347446
4229,0.2400141655308267
4230,0.0772982096782003
4231,0.0038822017941442482
4232,0.03898008191315925
4233,0.219997
4234,0.219997
4235,0.026380127167828473
4236,0.17593553934707415
4237,0.3257472744117201
4238,0.1344486499098731
4239,0.14208195851194472
4240,0.012425882929604202
4241,0.14441588389044446
4242,0.1577841176934038
4243,0.07839831416055867
4244,0.14215777739317978
4245,0.17382148900626712
4246,0.05737015095122592
4247,0.05883533641989792
4248,0.005646218477558836
4249,0.219997
4250,0.013808193011681106
4251,0.009889407487374637
4252,0.10613392433099264
4253,0.08718502781279189
4254,0.219997
4255,0.039301491489859335
4256,0.07171798029406175
4257,0.011216976298149979
4258,0.09964870369738671
4259,0.219997
4260,0.5368518676181518
4261,0.47829719897679834
4262,0.042514257588652904
4263,0.01691799507797535
4264,0.002800383601730979
4265,0.002295082721307529
4266,0.03514531279120793
4267,0.058101315810626476
4268,0.05220658319780549
4269,0.1341586011497282
4270,0.13847148523515504
4271,0.008339035738538305
4272,0.0027200828522255132
4273,0.019781783710363283
4274,0.05349559906846064
4275,0.02736758590565922
4276,0.219997
4277,0.1917075179725103
4278,0.3423738701901025
4279,0.05278550536944284
4280,0.010929204117785604
4281,0.01376492477953015
4282,0.10886138171488098
4283,0.219997
4284,0.2933228622833033
4285,0.09879270272045398
4286,0.012500347302974757
4287,0.10862480925180683
4288,0.051299310866632204
4289,0.023529849750672346
4290,0.12235412085846506
4291,0.12633428005011074
4292,0.0748861531777303
4293,0.018087211686193688
4294,0.0022787086945648075
4295,0.04746974051232869
4296,0.3198474357843814
4297,0.05018367333853927
4298,0.219997
4299,0.14597653076942485
4300,0.02794200501840104
4301,0.015208458487325332
4302,0.03823230092330769
4303,0.2038947422254523
4304,0.31025890215301444
4305,0.0558919880899932
4306,0.027153060792507344
4307,0.025306963007489247
4308,0.057156907948884283
4309,0.0662451577980377
4310,0.220016
4311,0.11995513396402623
4312,0.349908
4313,0.15101996108207638
4314,0.003353365426406803
4315,0.08172366448562517
4316,0.04335437845931063
4317,0.05920041802288379
4318,0.220016
4319,0.11463130176592218
4320,0.18955572848484434
4321,0.04290557793156638
4322,0.1662049483513467
4323,0.041887913713187716
4324,0.014987838882592598
4325,0.3415991414845382
4326,0.349908
4327,0.16251859364694143
4328,0.043673524880748264
4329,0.13009303522048632
4330,0.06148729911792398
4331,0.029174687630601943
4332,0.07398182751942506
4333,0.08505925041786103
4334,0.1040647249879314
4335,1.0
4336,0.1334681960928024
4337,0.09425927896063042
4338,0.09657510555459956
4339,0.0414010439259509
4340,0.1823997664017086
4341,0.501840519775272
4342,0.07802082513119785
4343,0.15514083875656964
4344,0.033392035452730624
4345,0.04698174106252196
4346,0.03644347773275558
4347,0.08448733443678642
4348,0.17852963067129343
4349,0.03926846618871129
4350,0.01466114368876018
4351,0.05149292766101058
4352,0.016443089924064687
4353,0.015635607982239185
4354,0.04368811524922732
4355,0.0057319252135727295
4356,0.1976593813292183
4357,0.053716748925655124
4358,0.06604796724734036
4359,0.059814693876421715
4360,0.126364087781824
4361,0.03945940088317619
4362,0.1156421648309559
4363,0.6256136336620716
4364,0.11557992864403085
4365,0.13730336480189967
4366,0.03707248291129094
4367,0.04516358850329015
4368,0.1148403740534632
4369,0.1014345872870366
4370,0.037610967957887376
4371,0.350009
4372,0.0483564738214416
4373,0.009644148597183374
4374,0.029915258752391705
4375,0.08120190798592224
4376,0.08386565652928454
4377,0.01585893097204613
4378,0.1507590139608715
4379,0.002997144067260136
4380,0.02128761971722901
4381,0.01646619251931831
4382,0.04730791485076891
4383,0.350009
4384,0.04810962971939923
4385,0.018595814467475474
4386,0.01335396250180608
4387,0.04302977967168796
4388,0.07721415343118308
4389,0.01045676965309795
4390,0.05267693112076087
4391,0.1497843871616932
4392,0.12661512133211814
4393,0.040492705035212816
4394,0.014104363280777797
4395,0.015880353207616986
4396,0.17103990080114007
4397,0.219997
4398,0.11738624425828938
4399,0.10069004368661764
4400,0.12523100670828385
4401,0.01851095467697599
4402,0.08647535822514922
4403,0.02503354060601818
4404,0.05581275196715088
4405,0.219997
4406,0.07852233330028097
4407,0.01239062779644902
4408,0.018909574506180294
4409,0.10189669144017076
4410,0.0006246003017519647
4411,0.013704263901047386
4412,0.022266715910254888
4413,0.012647638022468608
4414,0.014239405231230495
4415,0.02036829659985273
4416,0.02360954924798347
4417,0.03627524114430417
4418,0.08003931592641385
4419,0.13260033863082835
4420,0.18013464529326434
4421,0.14251875807325712
4422,0.219997
4423,0.018355076941515745
4424,0.0814429392418849
4425,0.007911050908301562
4426,0.03220737487432808
4427,0.019940131261853268
4428,0.012442410996062544
4429,0.019510224802009174
4430,0.022434484107764028
4431,0.012238559564429995
4432,0.15744999105599966
4433,0.06160535662218194
4434,0.08395128920392617
4435,0.008010652350353465
4436,0.008376949471841004
4437,0.028315374752487903
4438,0.11504612840561626
4439,0.01963149998241439
4440,0.06541253901546626
4441,0.007652016539897511
4442,0.014990073727827326
4443,0.03799299191525519
4444,0.045090512405469574
4445,0.028816006610570915
4446,0.015240051032248474
4447,0.014951031741806715
4448,0.10732634383649958
4449,0.12691174309337888
4450,0.07588823130334968
4451,0.101502024358925
4452,0.13707394966945183
4453,0.027016743588845187
4454,0.005483186460469289
4455,0.00743722507153911
4456,0.10890057590280983
4457,0.006680384052810569
4458,0.07795254006699963
4459,0.0160543042339148
4460,0.15165458465488324
4461,0.015826006495491693
4462,0.03500021109279967
4463,0.004450297296747214
4464,0.014015123497673598
4465,0.01658336393653669
4466,0.08592324620049867
4467,0.0032316664559486653
4468,0.01313667263666038
4469,0.1082513124962116
4470,0.06406815533295442
4471,0.02557450519149925
4472,0.219997
4473,0.045644295704153154
4474,0.0519610645775801
4475,0.006568665617479254
4476,0.020626619443462293
4477,0.06015040986892736
4478,0.00909488891740845
4479,0.033873689641746973
4480,0.04006829084271572
4481,0.04809948878212239
4482,0.016433752211565043
4483,0.019886885814589608
4484,0.025823764809226723
4485,0.04949361368772133
4486,0.07807116467870884
4487,0.15734235015659095
4488,0.014222945443933634
4489,0.09763061170631726
4490,0.027965220771922546
4491,0.044378744681268074
4492,0.0554061397317827
4493,0.0027404870278558025
4494,0.052152175203103564
4495,0.06480468034502752
4496,0.07004884556705329
4497,0.01748467151061748
4498,0.051196633235661836
4499,0.07423898192854814
4500,0.061897113310067586
4501,0.07930993773149962
4502,0.18115883208055109
4503,0.09053814644145872
4504,0.06268662034097623
4505,0.219997
4506,0.061729229110045386
4507,0.349908
4508,0.350009
4509,0.04870331932011427
4510,0.08420378668422815
4511,0.349908
4512,0.068962449293458
4513,0.219997
4514,0.13586634250863658
4515,0.350009
4516,0.086593756094807
4517,0.040927016217357594
4518,0.010922598114129179
4519,0.03731448606211349
4520,0.220016
4521,0.02081507764944117
4522,0.8784119574604192
4523,0.12258396604719575
4524,0.219997
4525,0.036357103188567774
4526,0.03378443361522528
4527,0.040114046953807984
4528,0.04897304012899488
4529,0.04426170688380388
4530,0.023230657815168126
4531,0.220016
4532,0.12218624417398506
4533,0.41735863620851665
4534,0.39326130094613304
4535,0.023935021440026304
4536,0.04687473168386995
4537,0.14634433870472235
4538,0.219997
4539,0.07386410395545419
4540,0.07812111333758522
4541,0.09867977730108804
4542,0.13253075187103588
4543,0.42740406165858547
4544,0.220016
4545,0.219997
4546,0.4742276580640217
4547,0.2266122716443232
4548,0.350009
4549,0.04049028500004482
4550,0.32146794278682217
4551,0.07920346634165344
4552,0.06626805500611148
4553,0.054715731762565625
4554,0.10294064524101992
4555,0.04101205699060128
4556,0.220016
4557,0.219997
4558,0.03826223438327488
4559,0.06098407343248596
4560,0.05202076613269536
4561,0.219997
4562,0.0394243431566171
4563,0.06325309876191594
4564,0.10949214753290562
4565,0.09938526058856251
4566,0.043728269433972275
4567,0.08429373937466994
4568,0.219997
4569,0.219997
4570,0.07774256122494942
4571,0.08527522829712485
4572,0.33579508912132594
4573,0.08596398124342206
4574,0.27557230445779407
4575,0.060451377831164076
4576,0.03937805739309579
4577,0.002341788182077525
4578,0.022446866952239908
4579,0.584259144621072
4580,0.07031772262787934
4581,0.009469407089778758
4582,0.09804840063600558
4583,0.219997
4584,0.5899282034435422
4585,0.009159327099891545
4586,0.1456033909044235
4587,0.0805144218299044
4588,0.010263460100877834
4589,0.022032642137352454
4590,0.057671133569102924
4591,0.0034450653395271054
4592,0.017002842890583285
4593,0.09689904778188822
4594,0.05682137571268496
4595,0.349908
4596,0.4333596363744614
4597,0.024782001480261696
4598,0.009192216067794181
4599,0.06041962488217325
4600,0.010122933374169496
4601,0.014854908643907875
4602,0.004812088316849522
4603,0.015507902626508174
4604,0.219997
4605,0.029646958344179714
4606,0.06810774446877736
4607,0.09106168109963587
4608,0.038674931365965434
4609,0.219997
4610,0.7296395734083437
4611,0.03489416838983482
4612,0.027617332988805608
4613,0.04134878148367878
4614,0.12076512907295973
4615,0.06577611238704814
4616,0.05170660741205
4617,0.016101855661583418
4618,0.016685388624494566
4619,0.1122759577910238
4620,0.27022630915127666
4621,0.10689379640639501
4622,0.11164479224673977
4623,0.06866631624437018
4624,0.03895202166749704
4625,0.04627574423695735
4626,0.04290931863815843
4627,0.10483795932150149
4628,0.06480523817864461
4629,0.07919664498462617
4630,0.220016
4631,0.014059998860615921
4632,0.07861685598916428
4633,0.061278833895156336
4634,0.010896702705877764
4635,0.0063396306103762155
4636,0.03751110163037969
4637,0.04940229072776355
4638,0.03370156655317494
4639,0.08750236295043076
4640,0.219997
4641,0.3092248729134704
4642,0.09527787845160524
4643,0.06987184115413966
4644,0.061760799873474645
4645,0.11858308299283636
4646,0.12298047240045679
4647,0.04205364661569188
4648,0.1121086056862343
4649,0.07008009004639804
4650,0.009686771215193497
4651,0.014686963373746609
4652,0.16355484370378773
4653,0.05099341869728567
4654,0.0545894481244203
4655,0.01630145760169376
4656,0.14366103469157485
4657,0.1579123059535678
4658,0.220016
4659,0.17539923779956662
4660,0.220016
4661,0.09838776216771433
4662,0.06377975916840999
4663,0.01187761348881396
4664,0.08127813910464736
4665,0.06264382629320443
4666,0.07555328858354907
4667,0.02218089988566919
4668,0.7634384863083042
4669,0.220016
4670,0.017901920131968247
4671,0.10181955032882023
4672,0.08044839802830964
4673,0.05765182029286364
4674,0.036295476510459196
4675,0.007807898785579661
4676,0.013607280194456476
4677,0.06928244680779197
4678,0.01891847662607166
4679,0.04894844533973376
4680,0.03042218845797773
4681,0.10407200728993928
4682,0.07894332523724398
4683,0.11973973864386711
4684,0.08939497512478917
4685,0.15157139232239197
4686,0.2317461119547981
4687,0.5059599244862943
4688,0.07907965581928941
4689,0.03832132404450026
4690,0.08218684890372764
4691,0.016523622716671463
4692,0.08668311894268452
4693,0.06529730661004411
4694,0.039992480809808995
4695,0.21879234086768018
4696,0.09785183308080038
4697,0.08548323594901963
4698,0.09300536335732686
4699,0.06580990015068078
4700,0.02578665930196781
4701,0.012469030195302435
4702,0.16661100976112386
4703,0.013943028609831765
4704,0.06475970332162324
4705,0.11572760467108245
4706,0.04996809518178982
4707,0.024108503112167858
4708,0.049036443507640075
4709,0.06693830609519223
4710,0.036591523330696575
4711,0.14705208961543612
4712,0.19111990161347764
4713,0.219997
4714,0.24288246084420356
4715,0.11979155131482658
4716,0.16642700952539694
4717,0.024368833751945373
4718,0.219997
4719,0.00896347439410649
4720,0.07864385114873222
4721,0.0994267428896226
4722,0.11188083152955666
4723,0.015224847708728445
4724,0.06948729983482826
4725,0.12145778776509489
4726,0.05625134014662336
4727,0.011612580402845225
4728,0.09272941404690196
4729,0.1435436718858495
4730,0.043355445536398016
4731,0.09183281118466392
4732,0.010659799931004242
4733,0.008140529690384205
4734,0.059265022281293565
4735,0.09428318663738987
4736,0.04029808419621459
4737,0.040464086175587416
4738,0.06584451684098884
4739,0.12400159537362493
4740,0.2070623682220229
4741,0.3634465941488499
4742,0.20598476535203794
4743,0.219997
4744,0.14137374051574594
4745,0.17066091410566248
4746,0.13673654017330286
4747,0.18296642761328763
4748,0.06459272776790541
4749,0.016422280253312643
4750,0.033670863956287336
4751,0.349908
4752,0.0780718726905424
4753,0.1577035858591838
4754,0.09782286085719395
4755,0.16617576715739302
4756,0.016304528335471438
4757,0.02504917502897202
4758,0.013758511115609252
4759,0.038011449700576856
4760,0.032687672040498425
4761,0.03160280293569893
4762,0.21390466704423858
4763,0.07127988876153424
4764,0.05167092655353824
4765,0.19230405104628615
4766,0.8413928968497905
4767,0.1570043069997295
4768,0.2243209716492586
4769,0.08492516125158224
4770,0.349908
4771,0.219997
4772,0.1959678322175499
4773,0.1654185758648157
4774,0.005655845165165997
4775,0.18165417593716987
4776,0.22721643201307323
4777,0.08788815070985659
4778,0.219997
4779,0.18221366628705502
4780,0.1515823002858715
4781,0.014830021714047157
4782,0.06543088654215676
4783,0.04182946849608573
4784,0.13014552964438358
4785,0.03136894409388743
4786,0.1715972271547565
4787,0.219997
4788,0.1625422824155114
4789,0.0902806343404219
4790,0.024086261446404075
4791,0.14569164442211988
4792,0.219997
4793,0.349908
4794,0.13907646682986513
4795,0.15018884280768063
4796,0.014632798463073096
4797,0.014792944735315812
4798,0.035345540350756884
4799,0.5928319897616702
4800,0.06364723008650493
4801,0.03666065465256246
4802,0.38646216494109087
4803,0.2666400391805575
4804,0.002374894460250552
4805,0.07106533172756861
4806,0.054354780125783354
4807,0.10571670450765505
4808,0.18610932707998049
4809,0.27584812108493395
4810,0.062367899487133595
4811,0.1583345856633503
4812,0.349908
4813,0.219997
4814,0.219997
4815,0.219997
4816,0.349908
4817,0.12912650061207567
4818,0.09485008232417284
4819,0.17913021227814951
4820,0.07078311679123368
4821,0.33164791600458243
4822,1.0
4823,0.1307952916232553
4824,0.17596282200519675
4825,0.44828050874412995
4826,0.020167846671183993
4827,0.03692177492066306
4828,0.3146628114954948
4829,0.016408831529491057
4830,0.029592927909607703
4831,0.04880718087216452
4832,0.16359424567415043
4833,0.02210969273820498
4834,0.219997
4835,0.349908
4836,0.04794149539344122
4837,0.219997
4838,0.219997
4839,0.219997
4840,0.219997
4841,0.5745445856006762
4842,0.3441304703311299
4843,0.219997
4844,0.220016
4845,0.219997
4846,1.0
4847,0.3923270422066692
4848,0.349908
4849,0.00943045127960985
4850,0.08857842445243587
4851,0.15290686041570423
4852,0.005062517790820748
4853,0.014213211377765914
4854,0.016993001878378478
4855,0.033360437839769386
4856,0.09888333917003346
4857,0.012289169203171437
4858,0.0546176944520801
4859,0.09688080384695512
4860,0.16341308792927628
4861,0.19155371923439996
4862,0.19356156971230465
4863,0.17795396096481597
4864,0.2818163693155424
4865,0.19023555257955593
4866,0.04462372809201985
4867,0.1557349293288466
4868,0.219997
4869,0.028003831272496855
4870,0.1808878254754083
4871,1.0
4872,1.0
4873,0.5847880605383504
4874,0.009015689648317974
4875,0.027138242789781216
4876,0.1221468398791498
4877,0.298922334804946
4878,0.10685650625611746
4879,0.06827901444530593
4880,0.0051703527545570015
4881,0.1609242933752813
4882,0.15341790806758088
4883,0.06359666126386256
4884,0.015723202302648523
4885,0.2971634239274675
4886,0.02641577546472733
4887,0.103810367409351
4888,0.219997
4889,0.16323507886857022
4890,0.04425842783925295
4891,0.09172410393270647
4892,0.219997
4893,0.220016
4894,0.032973980662059164
4895,0.16940377244678365
4896,0.09727574377574967
4897,0.15896896331819896
4898,1.0
4899,1.0
4900,0.6115883281755677
4901,0.044843073976145106
4902,0.11668769397626859
4903,0.03973726852317275
4904,0.012468541762957367
4905,0.1882726575383449
4906,0.06533194485118869
4907,0.220016
4908,0.07756564422423588
4909,0.08807345581466304
4910,0.04680967930070748
4911,0.03585986282619384
4912,0.20819182742330658
4913,0.219997
4914,0.219997
4915,0.6791121794194509
4916,0.349908
4917,0.219997
4918,0.219997
4919,0.14453189349728615
4920,0.18662507770953202
4921,0.1988289127522335
4922,0.061110213253491835
4923,0.08373964765151665
4924,0.219997
4925,0.16291789963851158
4926,0.1506510598169876
4927,0.1508985900634387
4928,0.023139929367881965
4929,0.9884038644044562
4930,1.0
4931,1.0
4932,0.017975847526063127
4933,0.1024469714349981
4934,0.22322009666064088
4935,0.219997
4936,0.011598698540632885
4937,0.03407578570337194
4938,0.03075974437370133
4939,0.04695626472504027
4940,0.219997
4941,0.038459623239813674
4942,0.5833983762428613
4943,1.0
4944,0.21384630038795865
4945,0.15875699486891792
4946,0.17028810727998012
4947,0.219997
4948,0.13696507835879904
4949,0.2793637413940586
4950,0.220016
4951,0.060633855370987394
4952,0.1862467721379258
4953,0.14354803920025094
4954,0.219997
4955,0.018326291074870316
4956,0.03413346081774246
4957,0.5124095440784068
4958,0.4471455296328913
4959,0.3172603285875089
4960,0.15210007898039116
4961,0.09736881207399342
4962,0.13043124395012978
4963,0.01523749221354132
4964,0.11724938420354988
4965,0.219997
4966,0.02823152654421294
4967,0.00025201364848874766
4968,0.06344082691557905
4969,0.016142714816911524
4970,0.056010246910105456
4971,0.06652088881084885
4972,0.06847803734998394
4973,0.42134235949326504
4974,1.0
4975,0.349908
4976,0.349908
4977,0.219997
4978,0.219997
4979,0.219997
4980,0.6402848848780786
4981,0.21652566432522172
4982,0.049316936700684745
4983,0.06761546693086116
4984,0.058125290300018735
4985,0.219997
4986,0.220016
4987,0.12719344733806517
4988,0.219997
4989,0.33028549434688215
4990,0.219997
4991,1.0
4992,0.219997
4993,0.036268764131282896
4994,0.11361070142190344
4995,0.219997
4996,0.09675635693972734
4997,0.05144161956049619
4998,0.18718137580570643
4999,0.09373393083954651
5000,0.08600041436593926
5001,0.16344518240122943
5002,0.1016519939900702
5003,0.219997
5004,0.5455861766226054
5005,0.349908
5006,1.0
5007,0.349908
5008,0.219997
5009,0.219997
5010,0.349908
5011,0.059100928605339234
5012,0.1983219193694629
5013,0.07831516864057998
5014,0.07093683427266631
5015,0.3311813093318131
5016,0.23207325378908372
5017,0.07911967853084911
5018,0.936371764187588
5019,0.3202839505388443
5020,0.08413413765316428
5021,0.15693590027952647
5022,0.15980229757587167
5023,0.06841354560616793
5024,0.034235475436559075
5025,0.022255099437443887
5026,0.0984866782130892
5027,0.12716809355394992
5028,0.13760539348600107
5029,0.1724287458494287
5030,0.219997
5031,0.349908
5032,1.0
5033,0.8374513830220282
5034,0.349908
5035,1.0
5036,0.20891423279544746
5037,0.05919696748102168
5038,0.07634223573618014
5039,0.1303461420118375
5040,0.220016
5041,0.219997
5042,0.04777411906662385
5043,0.0375162520055647
5044,0.147084097767218
5045,0.18294452849478093
5046,0.027240385971773494
5047,0.05457389076907526
5048,0.12918586821663167
5049,0.0024605516414362197
5050,0.037155975383593096
5051,0.006146232377344833
5052,0.006300355614209794
5053,0.04212567382338133
5054,0.1324954685620317
5055,0.15840160667139086
5056,0.2082011791741396
5057,0.3183870063973448
5058,0.219997
5059,0.350009
5060,1.0
5061,1.0
5062,0.4010930872614856
5063,0.09323480680571808
5064,0.0075799805417601784
5065,0.02778771735492109
5066,0.018132726898022658
5067,0.05192740751857914
5068,0.20942188114173158
5069,0.01380609068623462
5070,0.04161264105522765
5071,0.8078004636632053
5072,0.09732784152180027
5073,0.02689796930738772
5074,0.03397161941677707
5075,0.021455731514038328
5076,0.09195261112669675
5077,0.005770866517609111
5078,0.06665667006059119
5079,0.04122858750416343
5080,0.021510926398711896
5081,0.021053636491096456
5082,0.06488837977262737
5083,0.2031998884763683
5084,0.219997
5085,0.9501176688598513
5086,0.5765352748690394
5087,0.2028874466169032
5088,1.0
5089,0.506615095349894
5090,0.5568132992080093
5091,0.15885457075682885
5092,0.027832542522290386
5093,0.06866941256682277
5094,0.11656744586785299
5095,0.1028358112696829
5096,0.1185361923554583
5097,0.6728157336026714
5098,0.220016
5099,0.327983104557662
5100,0.04007940619809052
5101,0.13398056636648964
5102,0.143737824764594
5103,0.1475930013791106
5104,0.219997
5105,0.026135988545515902
5106,0.05807337235905543
5107,0.01928813079125631
5108,0.13966866085382146
5109,0.219997
5110,0.9172103625337678
5111,0.4045294652806336
5112,0.6688189786371403
5113,0.28298488920180026
5114,0.349908
5115,0.219997
5116,0.03557420228340636
5117,0.003021378279845487
5118,0.02137557910736614
5119,0.03373232226977363
5120,0.03412151010504704
5121,0.001191507934125921
5122,0.1979715220239254
5123,0.219997
5124,0.057321776873640796
5125,0.219997
5126,0.09023407143269913
5127,0.05038007587450338
5128,0.350009
5129,0.1505108862034008
5130,0.028168972352867427
5131,0.03050539630542151
5132,0.219997
5133,0.219997
5134,0.05017650817027214
5135,0.23256937968030209
5136,0.219997
5137,0.13821397148500372
5138,0.1262423042438529
5139,0.029560670256147004
5140,0.09191047985702215
5141,0.06915453119091752
5142,0.03440209027722571
5143,0.12431024095560518
5144,0.1895960826564149
5145,0.10473353168734714
5146,0.052069321808803734
5147,0.012734444250010461
5148,0.22916870515146548
5149,0.013808193011681106
5150,0.02323302102715549
5151,0.07106302171645987
5152,0.1450483898769265
5153,0.09383376973420413
5154,0.219997
5155,0.06441153298501118
5156,0.05785899914014063
5157,0.011216976298149979
5158,0.0842776314593042
5159,0.219997
5160,0.219997
5161,0.4506977724670814
5162,0.04250719571180044
5163,0.03514531279120793
5164,0.033303714121940164
5165,0.17038421516527985
5166,0.16104768922870502
5167,0.018183587974799385
5168,0.014628775651536126
5169,0.019781783710363283
5170,0.07745412848612065
5171,0.0010276167527790577
5172,0.015241869916895152
5173,0.219997
5174,0.17157541146255045
5175,0.4541945406705573
5176,0.10684083611774407
5177,0.03737773828390923
5178,0.01439237893264993
5179,0.13590841638082357
5180,0.219997
5181,0.44497790130313153
5182,0.02773770258431684
5183,0.016355043506547436
5184,0.11563180439173358
5185,0.01051190493887902
5186,0.023529849750672346
5187,0.20988045658340504
5188,0.141300014024585
5189,0.04537568426060851
5190,0.020727417279556314
5191,0.219997
5192,0.05006234321345276
5193,0.012487846499742713
5194,0.04584534606700327
5195,0.219997
5196,0.1302755677543058
5197,0.021711650285685103
5198,0.035735191873952736
5199,0.041193152029490206
5200,0.1532869561765494
5201,0.2861006490759365
5202,0.032526306718834996
5203,0.0071218672144169465
5204,0.040431023624127906
5205,0.05191165989879426
5206,0.06982310168587001
5207,0.220016
5208,0.09323399930481027
5209,0.219997
5210,0.11696645904964936
5211,0.014048536983057181
5212,0.10773310271842021
5213,0.08663457898929955
5214,0.010565484910526819
5215,0.20344079134645904
5216,0.11463130176592218
5217,0.024735561857313106
5218,0.219997
5219,0.0445543440557891
5220,0.17660264646093585
5221,0.1295508868951759
5222,0.0016884719348331655
5223,0.00971102076102074
5224,0.349908
5225,0.471030460871091
5226,0.17548496119445017
5227,0.07155984078451975
5228,0.023675798195186358
5229,0.12636440555538933
5230,0.015919428799381945
5231,0.010186715988178658
5232,0.14235341971566914
5233,0.1297364418725087
5234,0.06896018727364787
5235,1.0
5236,0.06756988389608275
5237,0.10160158968659107
5238,0.0048142090892432775
5239,0.06580931047381827
5240,0.03819179856178519
5241,0.030675369981679645
5242,0.0012699397742064373
5243,0.219997
5244,0.49876562155500975
5245,0.07252527814397942
5246,0.219997
5247,0.06248764277927242
5248,0.00917195185063545
5249,0.06279694423832045
5250,0.20028918438654564
5251,0.035338917805739556
5252,0.008615243299176116
5253,0.07076786543724639
5254,0.04048939734755867
5255,0.0013365168384189595
5256,0.04346600689096982
5257,0.044879676582975245
5258,0.026573077910210206
5259,0.1479712057774636
5260,0.053716748925655124
5261,0.022391627277698757
5262,0.04374458370820971
5263,0.11495726060871744
5264,0.12132906899512251
5265,0.04976087664964858
5266,0.11279071779910627
5267,0.6260210495761956
5268,0.08912026416135507
5269,0.1620760742740908
5270,0.14529584652619365
5271,0.09131246607893315
5272,0.03422370770052186
5273,0.37822711198676257
5274,0.030923939806424456
5275,0.025043718265644662
5276,0.11210059476124504
5277,0.20554483795577413
5278,0.04951672727446012
5279,0.12505638324116833
5280,0.042576051420947475
5281,0.08224153732012726
5282,0.06640500755600304
5283,0.350009
5284,0.05015377437548646
5285,0.007728452054119408
5286,0.035678219477156436
5287,0.04940356619155468
5288,0.12025286957689102
5289,0.004488982058442897
5290,0.06842745363754284
5291,0.16600234384553889
5292,0.13202549336924238
5293,0.02179962997466156
5294,0.05199658385622571
5295,0.07015114550026791
5296,0.07097334184323781
5297,0.1151429805167356
5298,0.1436135460276605
5299,0.18596045326054608
5300,0.049751015341197365
5301,0.06521443051149044
5302,0.015280163488693602
5303,0.0498689128883841
5304,0.31807556928965686
5305,0.219997
5306,0.010556447464745345
5307,0.09999644331205981
5308,0.014286102127222297
5309,0.014840049068189401
5310,0.05563318163477423
5311,0.04316268207790355
5312,0.047506514783233124
5313,0.01628263642720909
5314,0.014239405231230495
5315,0.03152272070802701
5316,0.028999479241336435
5317,0.008977115616776611
5318,0.06002300700905608
5319,0.1214212989078501
5320,0.2108610139645995
5321,0.007497571344317799
5322,0.07862004052164338
5323,0.015439769885806238
5324,0.193913490748483
5325,9.51452071725802e-05
5326,0.219997
5327,0.01786900866724486
5328,0.01631120408526066
5329,0.059588913927838015
5330,0.019571339897217023
5331,0.025492976860180507
5332,0.047943292051200785
5333,0.04860029168230732
5334,0.02561331619094363
5335,0.0013098615326951645
5336,0.022434484107764028
5337,0.12751672594857907
5338,0.0012174837035541406
5339,0.06160535662218194
5340,0.057033775558994915
5341,0.023093684281762103
5342,0.004796093994203202
5343,0.1822784936107375
5344,0.041154114242872825
5345,0.03710100464026158
5346,0.05418384203168156
5347,0.026913838476385638
5348,0.1295607417683947
5349,0.015240051032248474
5350,0.014951031741806715
5351,0.21493007039007173
5352,0.07140089446610162
5353,0.047152128309204525
5354,0.0639086081023662
5355,0.02015208600887678
5356,0.2136971643762717
5357,0.031489302640423746
5358,0.011439746749066993
5359,0.1936178432996204
5360,0.007380175132357379
5361,0.05148499683022747
5362,0.21940571615285265
5363,0.06517869107795982
5364,0.018086941537922206
5365,0.03448458629191775
5366,0.036719095809851575
5367,0.01778001530475005
5368,0.018830099457560603
5369,0.017819041823947144
5370,0.0009733201724478755
5371,0.06310950114514821
5372,0.0050345955572351
5373,0.004081896089071979
5374,0.047272680269492995
5375,0.14440014987652322
5376,0.05433091021581995
5377,0.020007359336980085
5378,0.00982176590359106
5379,0.10764039602981917
5380,0.048548211981363554
5381,0.024520815028141754
5382,0.08425903075102886
5383,0.08477983418324123
5384,0.025364497426196096
5385,0.015891676305009025
5386,0.03919473983324444
5387,0.06429949885293665
5388,0.03246160011237443
5389,0.007224513844557123
5390,0.025823764809226723
5391,0.05806669404556254
5392,0.12993712826531204
5393,0.18793930548188284
5394,0.006076368179775749
5395,0.09682320175180532
5396,0.018112042483882866
5397,0.027965220771922546
5398,0.01972530867654979
5399,0.03055372913454746
5400,0.07282823960297802
5401,0.0363376729884261
5402,0.06480468034502752
5403,0.13170894874826927
5404,0.01748467151061748
5405,0.11392105289450567
5406,0.07044356639990182
5407,0.012022548593187176
5408,0.203196247810155
5409,0.04014625554749233
5410,0.040124957700356886
5411,0.06268662034097623
5412,0.14377433823453567
5413,0.350009
5414,0.350009
5415,0.008544028837056792
5416,0.07103442996708884
5417,0.3146425940865323
5418,0.13826312751273293
5419,0.31435663750696446
5420,0.007734277992393553
5421,0.219997
5422,0.056984105187345785
5423,0.05585056498126077
5424,0.02271896232321134
5425,0.01516449710151788
5426,0.02141223236323568
5427,0.017786708767123724
5428,0.2560929452855253
5429,0.07112318724016004
5430,0.9651207857770475
5431,0.12213013316038028
5432,0.03425651669925104
5433,0.2552661447092194
5434,0.05103501140802875
5435,0.043259628798857475
5436,0.03353013353581759
5437,0.02548873158072144
5438,0.059425113169366515
5439,0.039212083781396914
5440,0.220016
5441,0.06546327030497776
5442,0.4957516146905791
5443,0.4823213153765815
5444,0.088017225693544
5445,0.219997
5446,0.219997
5447,0.013890938457933414
5448,0.004519914557010355
5449,0.1006050678273287
5450,0.0528341554290328
5451,0.049829343609800736
5452,0.0021105844089063146
5453,0.7690401452984684
5454,0.09445003292797273
5455,0.349908
5456,0.6371738626070204
5457,0.220016
5458,0.008690206621882524
5459,0.350009
5460,0.0976691700045724
5461,0.3045955675310283
5462,0.08903179820644559
5463,0.054073877423509754
5464,0.06982343260475792
5465,0.02015589380526368
5466,0.13055823762761604
5467,0.07993941432369484
5468,0.053052953281088236
5469,0.219997
5470,0.350009
5471,0.014999722950452364
5472,0.0379309335139961
5473,0.049708075911854326
5474,0.0834219860998823
5475,0.08890297913315565
5476,0.0016900745379214482
5477,0.0633339442970372
5478,0.16879044357646789
5479,0.219997
5480,0.06304234625187893
5481,0.035692468366070054
5482,0.2695671914545652
5483,0.07599299126692964
5484,0.2398114320462922
5485,0.02505165587590579
5486,0.04380393221662857
5487,0.03937805739309579
5488,0.022446866952239908
5489,0.026495594170723655
5490,0.6397123170944053
5491,0.025544801164439086
5492,0.219997
5493,0.349908
5494,0.009159327099891545
5495,0.07994786034200059
5496,0.06556893809093498
5497,0.02209718005142144
5498,0.04222344881650632
5499,0.0031618577145448054
5500,0.025393031951280676
5501,0.0034450653395271054
5502,0.1536124664592334
5503,0.11674727643021701
5504,0.13964770413706223
5505,0.28026557306789734
5506,0.349908
5507,0.024782001480261696
5508,0.02389007853675828
5509,0.05744128924249389
5510,0.014854908643907875
5511,0.006527779965267306
5512,0.04035915535847995
5513,0.04595062951292021
5514,0.220016
5515,0.04375798792938848
5516,0.07143071370111571
5517,0.017490528070149697
5518,0.09090463356635234
5519,0.017898889652881212
5520,0.349908
5521,0.8380420791392132
5522,0.022498446017294917
5523,0.027617332988805608
5524,0.04268815194298093
5525,0.023684739136072046
5526,0.015558210238457132
5527,0.023102466078300653
5528,0.01635777483847237
5529,0.004083773804178356
5530,0.1743171980145465
5531,0.2650269311467584
5532,0.13455120315660188
5533,0.1354433703376159
5534,0.14161423816054708
5535,0.0517748191217243
5536,0.06494135284795151
5537,0.05008732787681343
5538,0.07506836389554901
5539,0.03594237057687049
5540,0.04930131639806483
5541,0.220016
5542,0.02672975364891447
5543,0.04725912952778504
5544,0.02564780930027511
5545,0.00838282261567006
5546,0.02540287397410738
5547,0.02988223424076381
5548,0.05257913490368149
5549,0.03618903043772339
5550,0.03370156655317494
5551,0.10661778836055098
5552,0.15904962354017418
5553,0.219997
5554,0.04732310041068309
5555,0.052566023762115006
5556,0.031361797713331786
5557,0.12496070704613944
5558,0.1112268883826586
5559,0.022932938914626933
5560,0.12197416196371373
5561,0.02839602873557749
5562,0.014686963373746609
5563,0.0908171217876921
5564,0.021626879185573863
5565,0.044441069090401464
5566,0.04241495752308825
5567,0.12505397247896363
5568,0.0967041509475377
5569,0.1794464702774402
5570,0.18033193576814904
5571,0.220016
5572,0.06078768904732718
5573,0.06385630625596539
5574,0.023440529241622366
5575,0.08896500818269631
5576,0.10670012095262435
5577,0.13127016430977395
5578,0.07327968906388696
5579,0.6263114874991338
5580,0.11887521471827489
5581,0.21054576120625107
5582,0.07925285042828875
5583,0.14916570944456156
5584,0.026578318483160997
5585,0.0035400612775739427
5586,0.013867708841641523
5587,0.01170607179356101
5588,0.09415061329290231
5589,0.051340228320841355
5590,0.005003128428058484
5591,0.0519801947518593
5592,0.03201029492140483
5593,0.16529644582430092
5594,0.08576378890572822
5595,0.12014615724090824
5596,0.09213916397831791
5597,0.15437963195790458
5598,0.2415647276178105
5599,0.43480157032671085
5600,0.057858647728913984
5601,0.056783464227334705
5602,0.10008937430178527
5603,0.04568047528853253
5604,0.0706232568853868
5605,0.04052193211070013
5606,0.06998741948881174
5607,0.17614197466846768
5608,0.03709488578801323
5609,0.18382930062322408
5610,0.07786569313006124
5611,0.12790378440805972
5612,0.0461675624783071
5613,0.026068327785390196
5614,0.18632785756039044
5615,0.0030837739301523377
5616,0.022099255881106176
5617,0.16604739116556894
5618,0.06070591300066746
5619,0.015791828316253448
5620,0.009029020383477474
5621,0.10107082211087504
5622,0.07768231141843628
5623,0.10012751512714432
5624,0.1509912821136892
5625,0.16862559771965088
5626,0.220016
5627,0.10332155947137256
5628,0.11249557889165132
5629,0.046670840638101
5630,0.1237108193453595
5631,0.019645730440664467
5632,0.04304698049187147
5633,0.12478479069537651
5634,0.07831259321009913
5635,0.04011497953214435
5636,0.004731207820965706
5637,0.04656469521240953
5638,0.0360440582905961
5639,0.1582667470585547
5640,0.1780976822334026
5641,0.08487905741166607
5642,0.010659799931004242
5643,0.016319950695638
5644,0.03927168422174056
5645,0.10310054744888666
5646,0.07659861209640488
5647,0.11517579155000505
5648,0.11451994799932942
5649,0.20818767319000478
5650,0.49356992675747785
5651,0.21027946407359444
5652,0.20033391034704298
5653,0.06012937161125007
5654,0.220016
5655,0.1634639730436749
5656,0.20562848656612057
5657,0.11607496826327339
5658,0.015333480441005638
5659,0.021155942836795952
5660,0.349908
5661,0.12928795128973952
5662,0.12361586915182053
5663,0.08077505432526617
5664,0.1259155330570124
5665,0.028658939706159837
5666,0.02592386165906732
5667,0.013758511115609252
5668,0.05194842637974404
5669,0.018326387422642632
5670,0.062231339976356104
5671,0.219997
5672,0.07111640468250553
5673,0.05109409149294306
5674,0.17496851875930286
5675,0.9173184754727178
5676,0.1444889727461005
5677,0.02510646983363527
5678,0.220016
5679,0.1156519930265315
5680,0.26370558702814934
5681,0.219997
5682,0.16251454910971766
5683,0.01579283604138816
5684,0.029037582680757536
5685,0.14312968090881686
5686,0.219997
5687,0.07413402583275182
5688,0.219997
5689,0.16382837994448493
5690,0.10089345499491925
5691,0.002431130325182968
5692,0.04607992580136968
5693,0.02533519371264513
5694,0.1001718749471312
5695,0.05941868814827464
5696,0.18678609936208698
5697,0.20096050399331924
5698,0.1653696587188087
5699,0.219997
5700,0.051509837160309956
5701,0.11829032133522382
5702,0.219997
5703,0.3400225926270632
5704,0.1571918211803301
5705,0.033516735762817086
5706,0.024881663943141893
5707,0.043415824363793626
5708,0.6072765484590232
5709,0.05206640403704053
5710,0.012499115254724273
5711,0.350009
5712,0.34101120135815943
5713,0.019987279878029524
5714,0.020364917337116942
5715,0.03174548120806673
5716,0.09296193870795309
5717,0.219997
5718,0.220016
5719,0.09774718225883411
5720,0.10322418430553826
5721,0.34142576174220074
5722,0.219997
5723,0.219997
5724,0.219997
5725,0.349908
5726,0.11747002897544322
5727,0.037322059472766546
5728,0.18224944183154917
5729,0.027325176879471117
5730,0.349908
5731,1.0
5732,0.1307952916232553
5733,0.10045506795314128
5734,0.5479250298632684
5735,0.00022030451353013053
5736,0.07900878413466064
5737,0.22962443820670503
5738,0.04169483298398681
5739,0.06379382164179712
5740,0.09755149346198223
5741,0.03575744190256253
5742,0.17896894508404576
5743,0.001181198760255316
5744,0.3109597958323884
5745,0.10196303365114669
5746,0.17678786157032733
5747,0.219997
5748,0.219997
5749,0.219997
5750,0.5644387532659714
5751,0.31514600057712094
5752,0.03995097111846929
5753,0.34187635674983585
5754,0.350009
5755,0.2734838134653157
5756,1.0
5757,0.378987901479337
5758,0.4148218343381579
5759,0.07779486593439681
5760,0.16255323959997073
5761,0.037772106067248915
5762,0.011911791438558006
5763,0.014213211377765914
5764,0.016993001878378478
5765,0.029076864720544854
5766,0.0028839730062284086
5767,0.12973449042851917
5768,0.012935274833522699
5769,0.012289169203171437
5770,0.0546176944520801
5771,0.10870326758460817
5772,0.13866194741689897
5773,0.219997
5774,0.219997
5775,0.16941531129875836
5776,0.28631358881940866
5777,0.18366349567790002
5778,0.03990421549522656
5779,0.1880500260300612
5780,0.2738091931350434
5781,0.23481732803825126
5782,1.0
5783,1.0
5784,0.5676152483873044
5785,0.009015689648317974
5786,0.009024611803743721
5787,0.09377080638208754
5788,0.06692776057624392
5789,0.2957038579720364
5790,0.08442705977574022
5791,0.059487238358861765
5792,0.014041342699951562
5793,0.06552623675685333
5794,0.14909538135922973
5795,0.056003106925802175
5796,0.015723202302648523
5797,0.2779072917167683
5798,0.02641577546472733
5799,0.02302130163432133
5800,0.219997
5801,0.19212690082613462
5802,0.08430409222690576
5803,0.11239352773242274
5804,0.219997
5805,0.13994276077166065
5806,0.05841323149239313
5807,0.10720207869446587
5808,0.14545827732791242
5809,0.10968514417658756
5810,1.0
5811,1.0
5812,0.6519029374661052
5813,0.021218163334191006
5814,0.220016
5815,0.040822555085950826
5816,0.19574329438236487
5817,0.14602139407506776
5818,0.3124788054027673
5819,0.1523324982522338
5820,0.019502456431668744
5821,0.08482266675380022
5822,0.219997
5823,0.3012337397413372
5824,0.219997
5825,0.7014228467012671
5826,0.349908
5827,0.219997
5828,0.219997
5829,0.14443262996051162
5830,0.16589635527585342
5831,0.18379197639861022
5832,0.08667586830765583
5833,0.09872199893997206
5834,0.219997
5835,0.1837471431615093
5836,0.10314059522036133
5837,0.11176808259920983
5838,0.06191957067591033
5839,1.0
5840,1.0
5841,1.0
5842,0.009096014441001303
5843,0.0633894718007009
5844,0.350009
5845,0.20897322388095974
5846,0.06873103503381608
5847,0.06458503188008656
5848,0.03039665359519122
5849,0.05567836111845898
5850,0.219997
5851,0.0393803407808623
5852,0.7119964591187452
5853,1.0
5854,0.17185234986019962
5855,0.1704287552635256
5856,0.1627245149525776
5857,0.219997
5858,0.15398257415268915
5859,0.33004664902385417
5860,0.17037282746389035
5861,0.02329734966900833
5862,0.16265556036428952
5863,0.1226489624441843
5864,0.16856176500794345
5865,0.06974520210713052
5866,0.45587261300164833
5867,0.46087303171145494
5868,0.31046616376467695
5869,0.16015087104106315
5870,0.07594906811610551
5871,0.16709137107751526
5872,0.12841019155216657
5873,0.219997
5874,0.047986540119119465
5875,0.07329767221475925
5876,0.04400044413361825
5877,0.0006786256074073862
5878,0.04635775098869651
5879,0.05921736502055597
5880,0.04846041121402968
5881,0.349908
5882,1.0
5883,0.7024850800504895
5884,0.349908
5885,0.219997
5886,0.219997
5887,0.33173674467050485
5888,0.7313665633598518
5889,0.220016
5890,0.0040971977605804965
5891,0.11638672297218869
5892,0.041509658947529615
5893,0.2144546419016009
5894,0.2968933658977919
5895,0.138395806732018
5896,0.219997
5897,0.32570061723601584
5898,0.219997
5899,1.0
5900,0.14672623967883783
5901,0.03075150815099128
5902,0.15996877637895246
5903,0.219997
5904,0.012911441598790069
5905,0.07077689043512299
5906,0.09450599609266523
5907,0.07757321702826597
5908,0.12297480638621729
5909,0.1593438634529555
5910,0.0944975077038558
5911,0.219997
5912,0.5520705441266822
5913,0.349908
5914,1.0
5915,0.6188546150125414
5916,0.219997
5917,0.219997
5918,0.349908
5919,0.18592798811165723
5920,0.09936502141416362
5921,0.025773987632901497
5922,0.350009
5923,0.350009
5924,0.09754996186342474
5925,0.8105888096332342
5926,0.350009
5927,0.05859754743422059
5928,0.12584025198563328
5929,0.21523855065651387
5930,0.07577891194065012
5931,0.03618349288754576
5932,0.07744705538289964
5933,0.08121585628101925
5934,0.12795525943156624
5935,0.20885937629525367
5936,0.13619392231536787
5937,0.219997
5938,0.349908
5939,1.0
5940,0.9202676403818103
5941,0.6077412642100988
5942,1.0
5943,0.219997
5944,0.11507470687015638
5945,0.09925340544080599
5946,0.219997
5947,0.2667690625714342
5948,0.09780508922798124
5949,0.0375162520055647
5950,0.006142411299433427
5951,0.12960816032331657
5952,0.2163328803804646
5953,0.003535562679577542
5954,0.07997595152926563
5955,0.10423216490712602
5956,0.06360103089529823
5957,0.05844152073494851
5958,0.046958655583997005
5959,0.021732966393215158
5960,0.03699347204978798
5961,0.10515850770818089
5962,0.08571927506148827
5963,0.08699318944896609
5964,0.34379338978255436
5965,0.349908
5966,0.350009
5967,1.0
5968,1.0
5969,0.349908
5970,0.1709404537346272
5971,0.00667227381545629
5972,0.015061398789298462
5973,0.008577899652452167
5974,0.07938585825375168
5975,0.19605734132584474
5976,0.01380609068623462
5977,0.0007325260179654728
5978,0.7263443216017977
5979,0.220016
5980,0.02689796930738772
5981,0.06693925140218535
5982,0.07869586462187314
5983,0.21581049130762184
5984,0.0036874999503693964
5985,0.13955626879272548
5986,0.026144627411512144
5987,0.03497526926151966
5988,0.006668691109657445
5989,0.04340563172206194
5990,0.06766795245164953
5991,0.17735291537859846
5992,0.219997
5993,0.5925622214475489
5994,0.57390735628958
5995,0.17780919914249044
5996,1.0
5997,0.583783752723021
5998,0.6021819696105335
5999,0.23717717595629523
6000,0.09592714562897608
6001,0.040702012433805744
6002,0.0535336940931873
6003,0.01143475127778678
6004,0.07959187661739812
6005,0.06768002928899525
6006,0.05268993545344213
6007,0.6134271109326779
6008,0.220016
6009,0.349908
6010,0.032721362457352264
6011,0.15660709988650312
6012,0.14883865738535682
6013,0.12613157152939697
6014,0.219997
6015,0.0030472762718541657
6016,0.04420166425213117
6017,0.12512520758872972
6018,0.219997
6019,1.0
6020,0.36116206640985776
6021,0.5815855846683753
6022,0.219997
6023,0.349908
6024,0.219997
6025,0.04351583270488115
6026,0.07595950761473515
6027,0.04342347029027325
6028,0.219997
6029,0.219997
6030,0.034122381572457394
6031,0.24615537950937372
6032,0.032039550868823805
6033,0.08987915449092143
6034,0.22806745108418938
6035,0.1354982856472689
6036,0.01286650584872951
6037,0.21424036427527648
6038,0.219997
6039,0.021971326925945257
6040,0.0015692304255473704
6041,0.26616287153732887
6042,0.219997
6043,0.15376250913883424
6044,0.12715756011410193
6045,0.0024881095568078555
6046,0.10182789020162542
6047,0.11246262096063692
6048,0.03267476128411353
6049,0.19668357154307564
6050,0.12901527405020374
6051,0.060332045336349525
6052,0.05333561808854944
6053,0.008532683548672525
6054,0.350009
6055,0.013808193011681106
6056,0.02323302102715549
6057,0.09314240696520235
6058,0.09891130930489744
6059,0.1001728574044482
6060,0.219997
6061,0.011250137308196536
6062,0.06672452620862095
6063,0.011216976298149979
6064,0.13530807803190825
6065,0.219997
6066,0.5473749717765384
6067,0.43057501282308136
6068,0.05532959610280529
6069,0.027875559339662234
6070,0.03514531279120793
6071,0.16622211632714845
6072,0.012084143587453322
6073,0.0896005669202213
6074,0.20587349694821921
6075,0.008192498779271399
6076,0.04281243179841914
6077,0.007633400822095109
6078,0.008208904782008149
6079,0.02736758590565922
6080,0.18314539706486735
6081,0.1758224649792223
6082,0.40721069825707523
6083,0.11232132092061099
6084,0.05304274937013829
6085,0.04784229273586995
6086,0.09281449029934206
6087,0.16995171604988624
6088,0.3839054880630759
6089,0.018049138548303208
6090,0.11615786024768061
6091,0.021537887508382723
6092,0.023957441448300712
6093,0.219997
6094,0.1794897792625163
6095,0.11537943888814998
6096,0.03809840983382274
6097,0.016901986162801794
6098,0.33643270072392895
6099,0.05006234321345276
6100,0.02035292172029721
6101,0.05371427953795242
6102,0.219997
6103,0.07257845720297192
6104,0.058740954697332246
6105,0.047641102636986773
6106,0.024139580206883067
6107,0.15927011438697894
6108,0.350009
6109,0.06425408285413631
6110,0.005951152590577362
6111,0.029125832085212484
6112,0.020318074179293925
6113,0.10724602430365063
6114,0.06725511505673509
6115,0.220016
6116,0.036122501200615616
6117,0.27539384583075316
6118,0.219997
6119,0.01858633506440988
6120,0.10021369574401086
6121,0.04542227637960351
6122,0.0019002752268705582
6123,0.30749891912177935
6124,0.12646681705285587
6125,0.016155732490216748
6126,0.16202067868575087
6127,0.057909095110005936
6128,0.011260024399841653
6129,0.00574735494872058
6130,0.349908
6131,0.4341615031680494
6132,0.19288100290095053
6133,0.05668503779974818
6134,0.14421500262570688
6135,0.029418072210204295
6136,0.034751956094838846
6137,0.09910727975497989
6138,0.07813960219232058
6139,0.145764294654282
6140,1.0
6141,0.08861607761184304
6142,0.01680522501373703
6143,0.09648810855650976
6144,0.021254139424247614
6145,0.042571701361973996
6146,0.032443946345065075
6147,0.17390252583028648
6148,0.4220739033730887
6149,0.1487372276298486
6150,0.11398017637730176
6151,0.0017709035569132999
6152,0.039963997389060604
6153,0.061618134065027565
6154,0.18522862363269343
6155,0.054894489813287796
6156,0.04172005484895052
6157,0.11027346824518254
6158,0.0419534943874182
6159,0.041255369582434406
6160,0.027415551788210143
6161,0.05901429757061129
6162,0.04020070459357702
6163,0.123456843422644
6164,0.053716748925655124
6165,0.020152908719713005
6166,0.000935116709677409
6167,0.05006683686539527
6168,0.08591325496509075
6169,0.1295140923565684
6170,0.01975900611032919
6171,0.04588805824046477
6172,0.5945079909854628
6173,0.03362973752248939
6174,0.14358032101592946
6175,0.09670345734026495
6176,0.07111605510737545
6177,0.037039540551315385
6178,0.350009
6179,0.035994392615061294
6180,0.0148978908988186
6181,0.011478014248615217
6182,0.008859445656040426
6183,0.04898534803439839
6184,0.15221905755071294
6185,0.028512131132834455
6186,0.016497843063492182
6187,0.12479732033943201
6188,0.003150288884554149
6189,0.03131764090993091
6190,0.350009
6191,0.13926396582163933
6192,0.018737245865389978
6193,0.035678219477156436
6194,0.04486858907974619
6195,0.1093470599017481
6196,0.013671235190406672
6197,0.06437455667447146
6198,0.2034552431896478
6199,0.219997
6200,0.02179962997466156
6201,0.06764276165789415
6202,0.09360592953628806
6203,0.09863432920304964
6204,0.10847704435466929
6205,0.17173178892630975
6206,0.123082036544982
6207,0.04157174496424
6208,0.1107191156417991
6209,0.02503354060601818
6210,0.12907051305876036
6211,0.3236190798856451
6212,0.219997
6213,0.1171744952348976
6214,0.01607409327239158
6215,0.030639245099795216
6216,0.04512847121423064
6217,0.03416201152822877
6218,0.031320958305584935
6219,0.002111143608628808
6220,0.026658896107703067
6221,0.014239405231230495
6222,0.017054331450245243
6223,0.010371984982769037
6224,0.05605988933741258
6225,0.20205315203725877
6226,0.219997
6227,0.007497571344317799
6228,0.07862004052164338
6229,0.15724098109777931
6230,0.013010054404384264
6231,0.219997
6232,0.014050853146780399
6233,0.07326929087513302
6234,0.021016420142996897
6235,0.024307928063505797
6236,0.035624228999774084
6237,0.025534190787700552
6238,0.051077767451826364
6239,0.05529261450484258
6240,0.022434484107764028
6241,0.11666188747803173
6242,0.04182165566467887
6243,0.06160535662218194
6244,0.02012989944709133
6245,0.021881060982584584
6246,0.023093684281762103
6247,0.010486182139398071
6248,0.06740403040311167
6249,0.11278792239586614
6250,0.044849518258995594
6251,0.050081072281157
6252,0.026643058868019525
6253,0.006757925561394642
6254,0.014990073727827326
6255,0.030769876103812384
6256,0.017201496395451793
6257,0.01795663032921498
6258,0.061209078078265415
6259,0.08081599809435563
6260,0.005392661019387044
6261,0.020970915495279737
6262,0.13375838006793814
6263,0.05539511564628353
6264,0.14504473001337237
6265,0.10785330716003448
6266,0.02015208600887678
6267,0.219997
6268,0.05013609092656812
6269,0.007126185222529967
6270,0.1755602182944848
6271,0.026572054592408627
6272,0.12226482715014889
6273,0.219997
6274,0.08761959616880133
6275,0.018851766519774823
6276,0.05401525186148171
6277,0.03115076632049571
6278,0.012714169493752705
6279,0.04141682979700927
6280,0.020488044815996618
6281,0.030261066078427473
6282,0.025827926310893385
6283,0.0014463885838690127
6284,0.015197251618926131
6285,0.004353849622382612
6286,0.019114018911618454
6287,0.00041709364282813366
6288,0.053459934697224605
6289,0.11132119016019286
6290,0.2008081197370633
6291,0.009784066458582544
6292,0.0586302557869958
6293,0.07550379736054723
6294,0.10081589525371504
6295,0.062397460561576516
6296,0.024435460786319745
6297,0.07974146646627148
6298,0.01723007636958341
6299,0.059362073239267996
6300,0.016433752211565043
6301,0.019886885814589608
6302,0.06270367662918191
6303,0.11313570379699883
6304,0.18062667403371102
6305,0.02069469267857673
6306,0.09104275026675059
6307,0.017218188776335224
6308,0.052152175203103564
6309,0.08193264214364981
6310,0.06480468034502752
6311,0.21789945993853455
6312,0.01748467151061748
6313,0.009664451603213088
6314,0.09279688557422666
6315,0.05158991617435348
6316,0.11548440181064068
6317,0.09640630945556304
6318,0.12477426636019141
6319,0.013672001875356509
6320,0.0147669806682804
6321,0.03311556543816266
6322,0.11689494731513489
6323,0.11554779329316724
6324,0.350009
6325,0.350009
6326,0.219997
6327,0.42265072200742343
6328,0.044354241731091225
6329,0.349908
6330,0.220016
6331,0.219997
6332,0.0762682068053152
6333,0.219997
6334,0.02271896232321134
6335,0.07140534572399314
6336,0.0063657664317323314
6337,0.349908
6338,0.01664120671193096
6339,1.0
6340,0.17626215339617474
6341,0.219997
6342,0.09773061335172051
6343,0.011244681627001277
6344,0.03353013353581759
6345,0.06334879242610565
6346,0.054382141996095014
6347,0.02133106734817567
6348,0.219997
6349,0.18150501697297308
6350,0.6552793454693175
6351,0.5902400794808085
6352,0.1889403156057385
6353,0.12582401513437286
6354,0.2192171608899681
6355,0.219997
6356,0.013890938457933414
6357,0.01302263489341141
6358,0.039412494693814366
6359,0.06469480637481745
6360,0.031598523494480786
6361,0.020158923812208535
6362,0.18919066027540038
6363,0.05421112881178966
6364,0.7565943648304869
6365,0.19374228595268755
6366,0.349908
6367,0.7784480960708546
6368,0.19259471592268246
6369,0.029576694033265433
6370,0.5637860731544323
6371,0.07601161317004858
6372,0.14285651296425808
6373,0.25574152580360937
6374,0.09642369787553214
6375,0.12790171189274085
6376,0.04344560788997907
6377,0.07923303142656819
6378,0.09154125781838257
6379,0.220016
6380,0.219997
6381,0.059344318953433485
6382,0.15290983176141706
6383,0.3957866250453347
6384,0.05538188072259113
6385,0.02918140970860259
6386,0.13224043283337603
6387,0.034859308446416284
6388,0.09301969923637596
6389,0.04280028274626485
6390,0.13443932964257463
6391,0.16383958918296934
6392,0.0795527746595191
6393,0.06553088219012808
6394,0.13825027445535346
6395,0.48490998173302435
6396,0.08926145902878485
6397,0.03198482583767017
6398,0.018888470630581224
6399,0.008638804385199728
6400,0.003369866022648991
6401,0.002812137701974175
6402,0.4629088024244375
6403,0.219997
6404,0.10225404324072074
6405,0.349908
6406,0.7112824345434962
6407,0.12218568484812511
6408,0.04411858780552762
6409,0.02926661887386149
6410,0.013750999201780306
6411,0.0094408364258552
6412,0.067045682938344
6413,0.013194431732976748
6414,0.04544108710281654
6415,0.024936563555173822
6416,0.219997
6417,0.40852821281526297
6418,0.36691017062308373
6419,0.027961082884182198
6420,0.350009
6421,0.06298212101849535
6422,0.014854908643907875
6423,0.09685936467462407
6424,0.012820452290820926
6425,0.3029464897905154
6426,0.01373477320038765
6427,0.03662230718752519
6428,0.017490528070149697
6429,0.10074518020253717
6430,0.014350692145393347
6431,0.219997
6432,0.8376360488351068
6433,0.011045879753324274
6434,0.08717634978420906
6435,0.013353557439092022
6436,0.02749923615429526
6437,0.02563210333700216
6438,0.005055091563326598
6439,0.005947883461919567
6440,0.1053427252780548
6441,0.219997
6442,0.20523016521540996
6443,0.08213962850830053
6444,0.11928299376148602
6445,0.011200546637411928
6446,0.04552348952606785
6447,0.061558591570349236
6448,0.08228140529141866
6449,0.08747909374962064
6450,0.05198856657111763
6451,0.220016
6452,0.053007271215853725
6453,0.009516240086497747
6454,0.04605853314842294
6455,0.02484354576907805
6456,0.04226541047438552
6457,0.0182371496996777
6458,0.06812117774367388
6459,0.007900246695307003
6460,0.0850086184749363
6461,0.03618903043772339
6462,0.0678632689505775
6463,0.11274489039734394
6464,0.219997
6465,0.219997
6466,0.0706321883043033
6467,0.07904363040804066
6468,0.09819653895808927
6469,0.17064127523584469
6470,0.052089350081528527
6471,0.045983640793639716
6472,0.07269587693350996
6473,0.054657502025155916
6474,0.022152335373017522
6475,0.0017039746462832316
6476,0.1093730106621649
6477,0.06221821336954858
6478,0.04534578304846417
6479,0.0453718573128921
6480,0.08890845107302413
6481,0.1459383716761675
6482,0.22351634761555472
6483,0.220016
6484,0.219997
6485,0.0691603570778312
6486,0.03485396024341381
6487,0.01976741419105919
6488,0.07112653835965754
6489,0.06501156793712404
6490,0.014771318887615043
6491,0.01893476523974348
6492,0.10705363035237413
6493,0.06532885200092627
6494,0.8095164357764298
6495,0.17261361309138257
6496,0.10414555411992274
6497,0.019126120292407
6498,0.18310452948158606
6499,0.015392822287076195
6500,0.17001067289757074
6501,0.045878436872342485
6502,0.0241436088320285
6503,0.009245948367495533
6504,0.055975511357127104
6505,0.005818266458606998
6506,0.016238081859718586
6507,0.03527378705751206
6508,0.18278453754189358
6509,0.10901492071529414
6510,0.07093413926431658
6511,0.13966235409720734
6512,0.1691281713711054
6513,0.2860202497430636
6514,0.5548205064144959
6515,0.09055256366909757
6516,0.08607538796267025
6517,0.10465597307049114
6518,0.05377010657081233
6519,0.10738235363848156
6520,0.11875003809799005
6521,0.10848919995073959
6522,0.18027374201427585
6523,0.05191792686452787
6524,0.18787869772501226
6525,0.1127943690786516
6526,0.0977854750313602
6527,0.047824149871021716
6528,0.004499055319262407
6529,0.020702344211966366
6530,0.20411984537558706
6531,0.020913041007508883
6532,0.051143910851696436
6533,0.13940503670241028
6534,0.06922396971232173
6535,0.01666616627810071
6536,0.034757013694501585
6537,0.17452971516719826
6538,0.06650547288084396
6539,0.1551107269496016
6540,0.17914232283923295
6541,0.14710611335927412
6542,0.350009
6543,0.15985685732487884
6544,0.19562808307472496
6545,0.05080217336665007
6546,0.19816740972838176
6547,0.0280747649598522
6548,0.05583779136459402
6549,0.07503965701313055
6550,0.12419349345704139
6551,0.07160354386659731
6552,0.008866188133803006
6553,0.08782295531862645
6554,0.08110024577291718
6555,0.10135557623804502
6556,0.12749099116205592
6557,0.06727912033407878
6558,0.047313300435066104
6559,0.010659799931004242
6560,0.001974949914050071
6561,0.11479595050177763
6562,0.023228659467155837
6563,0.0961764807861352
6564,0.06289405359001946
6565,0.0667753890968152
6566,0.20904694181007988
6567,0.46992394140926586
6568,0.21702339627858527
6569,0.219997
6570,0.10223624513405087
6571,0.19839915981915682
6572,0.1353302551460365
6573,0.14311974177900033
6574,0.1347408279168861
6575,0.004267280048201754
6576,0.029570711099811763
6577,0.349908
6578,0.17159659010682418
6579,0.13880317111116733
6580,0.09251387782177622
6581,0.14412155639589105
6582,0.028658939706159837
6583,0.03126468905058453
6584,0.0338315754151332
6585,0.219997
6586,0.12360640406574701
6587,0.10200507029668075
6588,0.1606419169486467
6589,0.8559403578942585
6590,0.219997
6591,0.01771359686410079
6592,0.350009
6593,0.08761739101078862
6594,0.30734107321931664
6595,0.2588267144645745
6596,0.14981044691134823
6597,0.06772668322992836
6598,0.053806792184259496
6599,0.219997
6600,0.0860241339249746
6601,0.18309887305158734
6602,0.14901709381970357
6603,0.013476381225103206
6604,0.08907373030536778
6605,0.002847950058811887
6606,0.034760708164753365
6607,0.03562101265211599
6608,0.1283906651886309
6609,0.022803497302722315
6610,0.20273288011073057
6611,0.219997
6612,0.219997
6613,0.21141608241787369
6614,0.03588263508688757
6615,0.15766344292344445
6616,0.219997
6617,0.349908
6618,0.18556344533113453
6619,0.0033993856086942473
6620,0.053408280920314466
6621,0.05025984657116694
6622,0.02910552712999407
6623,0.06428583751515098
6624,0.597781059686968
6625,0.07671335214336153
6626,0.07121989938968958
6627,0.45063610476396126
6628,0.3405619581191718
6629,0.026685959858782304
6630,0.021428337418179434
6631,0.006689872898967372
6632,0.030506672120328954
6633,0.04989967982204386
6634,0.22051986678654772
6635,0.2593694037690793
6636,0.054797555929117045
6637,0.12061171032603903
6638,0.349908
6639,0.219997
6640,0.219997
6641,0.219997
6642,0.43588600172118436
6643,0.10153924970695002
6644,0.07496102253671347
6645,0.06800440397875496
6646,0.20057369362167143
6647,0.06675426741492287
6648,0.5308227668489851
6649,1.0
6650,0.1307952916232553
6651,0.05313687640035679
6652,0.5498451999825493
6653,0.001380094300738242
6654,0.05581319312410119
6655,0.29591890689128153
6656,0.024327780976735033
6657,0.036772969335690256
6658,0.08898900964915446
6659,0.027873528484755904
6660,0.08585302782363591
6661,0.38667510618380097
6662,0.08683760403599301
6663,0.16955056420286016
6664,0.349908
6665,0.219997
6666,0.349908
6667,0.631956988994684
6668,0.31202503266659
6669,0.219997
6670,0.350009
6671,0.2916860137383402
6672,1.0
6673,0.5495024261323368
6674,0.4412652679848229
6675,0.018885075777374877
6676,0.043361031385172805
6677,0.1733780067288218
6678,0.013062981124767952
6679,0.009872596058087093
6680,0.021113287378014944
6681,0.005243408251687255
6682,0.12565217344548144
6683,0.012935274833522699
6684,0.012289169203171437
6685,0.0546176944520801
6686,0.12048962031347432
6687,0.1572997366225835
6688,0.19201416096551496
6689,0.219997
6690,0.16907626347157043
6691,0.349908
6692,0.21958179211111012
6693,0.08110011172914357
6694,0.219997
6695,0.219997
6696,0.04299127542355462
6697,0.220016
6698,1.0
6699,1.0
6700,0.536704414735127
6701,0.009015689648317974
6702,0.04374891934524634
6703,0.024134772104968092
6704,0.07017482145541878
6705,0.27727976267134347
6706,0.1451748975700746
6707,0.022555634119460086
6708,0.049923911387078995
6709,0.0178617956231936
6710,0.05952585206997539
6711,0.1131255350978767
6712,0.09293403271351944
6713,0.015277337841719925
6714,0.349908
6715,0.02641577546472733
6716,0.022598854056851702
6717,0.1906015329708438
6718,0.14617233168246163
6719,0.13816514658758428
6720,0.06058041014413075
6721,0.219997
6722,0.22892851880020137
6723,0.011617546657969364
6724,0.0712223466060057
6725,0.08304195976765094
6726,0.1947343883794293
6727,0.220016
6728,1.0
6729,1.0
6730,0.6905164413674164
6731,0.03462978406735627
6732,0.220016
6733,0.01527279650539667
6734,0.2622809414721336
6735,0.11560374988998826
6736,0.255307505788901
6737,0.05891138715019999
6738,0.13561286900724676
6739,0.033376479732439686
6740,0.17015367275236445
6741,0.15298661959968074
6742,0.3242575180271149
6743,0.219997
6744,0.8244543710015433
6745,0.349908
6746,0.219997
6747,0.219997
6748,0.16744390264009149
6749,0.11164553015604649
6750,0.219997
6751,0.03761721860179394
6752,0.06887245417603298
6753,0.219997
6754,0.17984449609879638
6755,0.09776849560144966
6756,0.08720649208388372
6757,0.05956811643480012
6758,1.0
6759,1.0
6760,1.0
6761,0.04833087499217422
6762,0.06667797670137714
6763,0.25773865581263444
6764,0.019247815820825066
6765,0.219997
6766,0.006606732879333303
6767,0.012801268614168393
6768,0.02002378490573207
6769,0.05723775024297646
6770,0.04837949544613612
6771,0.16022974566884388
6772,0.053160661887720916
6773,0.6796252375983795
6774,1.0
6775,0.11179645043985895
6776,0.219997
6777,0.18805387547015875
6778,0.219997
6779,0.11892621215924229
6780,0.350009
6781,0.14174131848511376
6782,0.07365526261635734
6783,0.13885744101622072
6784,0.20654412911005726
6785,0.134668487528967
6786,0.0370469038072693
6787,0.020048253395951513
6788,0.4305789247455573
6789,0.46981435243501796
6790,0.349908
6791,0.2185059598851591
6792,0.038159685225578686
6793,0.18949253373987643
6794,0.04083894437692838
6795,0.3115970430591085
6796,0.06834733908194159
6797,0.07948132611756603
6798,0.021523342036028948
6799,0.07330986635581978
6800,0.060206501326869694
6801,0.08977753833933291
6802,0.349908
6803,1.0
6804,0.5228873875074058
6805,0.349908
6806,0.219997
6807,0.219997
6808,0.349908
6809,0.7455403865623159
6810,0.25265852343922945
6811,0.038644628141101416
6812,0.0818102327554474
6813,0.03157787800786366
6814,0.219997
6815,0.219997
6816,0.07492821390737288
6817,0.349908
6818,0.349908
6819,0.219997
6820,1.0
6821,0.220016
6822,0.007195551141157062
6823,0.220016
6824,0.1836982087349636
6825,0.019821098101728205
6826,0.05373125120097451
6827,0.12828414698980997
6828,0.10591611982153917
6829,0.14598107790484183
6830,0.1424045240846549
6831,0.1259456776277267
6832,0.219997
6833,0.4298620846898816
6834,0.349908
6835,1.0
6836,0.8374356912307579
6837,0.219997
6838,0.219997
6839,0.349908
6840,0.219997
6841,0.13237803169123302
6842,0.05302554385841572
6843,0.44087213580001056
6844,0.3155493982731474
6845,0.09433818885304526
6846,0.9737932749092373
6847,0.350009
6848,0.006394234149538054
6849,0.047977923721556674
6850,0.09051398239969133
6851,0.1399300396074732
6852,0.09696044125604127
6853,0.0026015314654572177
6854,0.03710373465313788
6855,0.03368466954833094
6856,0.0627799683876845
6857,0.20978920914284518
6858,0.14219743170379515
6859,0.1722622626895277
6860,0.585241524797758
6861,1.0
6862,1.0
6863,0.5928900609719807
6864,1.0
6865,0.219997
6866,0.08114334112217973
6867,0.0801364000118017
6868,0.219997
6869,0.219997
6870,0.07137796407786198
6871,0.0375162520055647
6872,0.07304071603121308
6873,0.1604729231007708
6874,0.015616627054302602
6875,0.031449666131880535
6876,0.12827006693702586
6877,0.01879793686055647
6878,0.08904193116986538
6879,0.05109499268675166
6880,0.01994680802376756
6881,0.06401251321241822
6882,0.05522616599686928
6883,0.06000264076487167
6884,0.12925320408605867
6885,0.349908
6886,0.349908
6887,0.350009
6888,1.0
6889,1.0
6890,0.5271588749014965
6891,0.1420588187455096
6892,0.009309445654478941
6893,0.08180844637018676
6894,0.0012807687015724118
6895,0.0695638495101706
6896,0.13115715739575157
6897,0.02047887344069005
6898,0.9023197114941007
6899,0.220016
6900,0.017093454148183772
6901,0.041451714840439385
6902,0.05866178520739299
6903,0.1671270801808342
6904,0.045854190582782284
6905,0.03244895607209633
6906,0.06043541010047102
6907,0.007818516836583099
6908,0.026037649797315175
6909,0.037282070924806954
6910,0.21358872843861731
6911,0.16475405221012732
6912,0.820059110850728
6913,0.5853513740641659
6914,0.219997
6915,1.0
6916,0.7449920730708458
6917,0.7596701509647599
6918,0.12009513240240341
6919,0.04620983332598412
6920,0.06132740120400161
6921,0.021195338009236217
6922,0.06422364753133605
6923,0.07982525811687026
6924,0.04469208646292747
6925,0.10344621234865128
6926,0.7637877985595147
6927,0.220016
6928,0.350009
6929,0.04007940619809052
6930,0.10544149739483785
6931,0.11495376844134805
6932,0.2077468149747191
6933,0.219997
6934,0.06445014391657194
6935,0.052647465098825896
6936,0.1035486189735218
6937,0.3109349940342219
6938,1.0
6939,0.41242227414976
6940,0.7625152982825237
6941,0.24891356039004733
6942,0.5604329677765344
6943,0.219997
6944,0.09974435304221643
6945,0.012776071520443799
6946,0.038011500507521535
6947,0.07562742764930282
6948,0.033150053344452264
6949,0.17797189200900312
6950,0.219997
6951,0.021627105069970683
6952,0.3985802678148593
6953,0.032039550868823805
6954,0.08705483336118995
6955,0.350009
6956,0.0878833653351475
6957,0.004775630113554304
6958,0.005119842656251981
6959,0.1351552280716025
6960,0.2347568916957562
6961,0.02415174575339315
6962,0.2811298438177845
6963,0.349908
6964,0.11558990618490778
6965,0.1313444562660615
6966,0.0027071603769397833
6967,0.08864709894031152
6968,0.15023531564016399
6969,0.0025760605985400103
6970,0.16409874966840995
6971,0.05480069203341097
6972,0.04002359141948331
6973,0.08586950495847771
6974,0.012734444250010461
6975,0.220016
6976,0.013808193011681106
6977,0.09109095543995387
6978,0.10095907249365321
6979,0.07696681253439407
6980,0.219997
6981,0.03596535195945114
6982,0.12873454454697786
6983,0.0006480679115991183
6984,0.17193672619717787
6985,0.219997
6986,0.5481351534448518
6987,0.43171924005653406
6988,0.06813748234334936
6989,0.009477369705821715
6990,0.03514531279120793
6991,0.07998068462139706
6992,0.020429865583103918
6993,0.10893934173671933
6994,0.16945788601167644
6995,0.018183587974799385
6996,0.04569450103706275
6997,0.019781783710363283
6998,0.03785544578415164
6999,0.010893777194615232
7000,0.2138475346931431
7001,0.18313259591180894
7002,0.44309010068712995
7003,0.05961024123226978
7004,0.04217155090904974
7005,0.09489537463374104
7006,0.18041347555347623
7007,0.3590330761629409
7008,0.06951096977319692
7009,0.06316108395855659
7010,0.016355043506547436
7011,0.11755698697775384
7012,0.04043643604883778
7013,0.026163282126814336
7014,0.1953634870124609
7015,0.220016
7016,0.0989451353492064
7017,0.05288901502787604
7018,0.016901986162801794
7019,0.3255142027829113
7020,0.05649795791881717
7021,0.035980342125067295
7022,0.219997
7023,0.07726469063165184
7024,0.04053134347999818
7025,0.020239564445403126
7026,0.06474820867538163
7027,0.08585215813815998
7028,0.3157169250825982
7029,0.020937672724533476
7030,0.005951152590577362
7031,0.03347329983307239
7032,0.0631942390936972
7033,0.10442922176882165
7034,0.10859030799175727
7035,0.22734712771788154
7036,0.03803470128757791
7037,0.3430675556360043
7038,0.16515701466560231
7039,0.04710696004098595
7040,0.04460580657869986
7041,0.032420480154556036
7042,0.04218292233147636
7043,0.220016
7044,0.024735561857313106
7045,0.219997
7046,0.01819329723949565
7047,0.19244185191246274
7048,0.06908610702418236
7049,0.011260024399841653
7050,0.014022565739287002
7051,0.349908
7052,0.42530167865248
7053,0.220016
7054,0.09105355471648517
7055,0.023675798195186358
7056,0.09898944327021783
7057,0.006243080535777969
7058,0.003482197985173304
7059,0.1588634680386599
7060,0.12966550282251646
7061,0.14597690017536177
7062,1.0
7063,0.10602305889117374
7064,0.03283222229525412
7065,0.07968906757777897
7066,0.1183419886347343
7067,0.029253428171900162
7068,0.06481395234829643
7069,0.219997
7070,0.46611157469834835
7071,0.18047377120199204
7072,0.14433330569955158
7073,0.010434101962487993
7074,0.06649086865100613
7075,0.07273589489133452
7076,0.1822885174250664
7077,0.0850645078663929
7078,0.017574075570303514
7079,0.1368191070456586
7080,0.014735108876081954
7081,0.041255369582434406
7082,0.007972483282132643
7083,0.18094768739709366
7084,0.026573077910210206
7085,0.16738569375128295
7086,0.053716748925655124
7087,0.025310176952256777
7088,0.022391627277698757
7089,0.05911346356913663
7090,0.219997
7091,0.1824631440998638
7092,0.03316076839033945
7093,0.14025827244831238
7094,0.7459081596936905
7095,0.08577539487064091
7096,0.12365055745538724
7097,0.0441862566149302
7098,0.11877417318022969
7099,0.08330882251289713
7100,0.018621386580939567
7101,0.349908
7102,0.06076385596429654
7103,0.008859445656040426
7104,0.027360461933477527
7105,0.04702471475341833
7106,0.1300129661580661
7107,0.028512131132834455
7108,0.1397813744656306
7109,0.056920084590905036
7110,0.003723567885518177
7111,0.06889787321961703
7112,0.350009
7113,0.219997
7114,0.05436147252683573
7115,0.035678219477156436
7116,0.020669158301991047
7117,0.12959821076684003
7118,0.08450405895656882
7119,0.006750969711783552
7120,0.219997
7121,0.18079178760882647
7122,0.0024261153177328886
7123,0.07622594228337753
7124,0.2071525848339127
7125,0.0962925572391422
7126,0.09291900429066528
7127,0.0842788531380297
7128,0.04964059236681996
7129,0.08507559437610422
7130,0.02503354060601818
7131,0.220016
7132,0.349908
7133,0.1755696907205223
7134,0.010556447464745345
7135,0.01239062779644902
7136,0.10160533913184089
7137,0.03714804131678549
7138,0.04946983832783002
7139,0.03496771822460613
7140,0.025087405733340097
7141,0.021794307864969185
7142,0.026658896107703067
7143,0.014239405231230495
7144,0.05494308757035019
7145,0.009842763827735947
7146,0.000976154623847138
7147,0.11409319657305017
7148,0.04528150546351349
7149,0.19165621367419652
7150,0.07862004052164338
7151,0.219997
7152,0.219997
7153,0.014050853146780399
7154,0.09570162433422909
7155,0.027036090505393063
7156,0.027736479088905582
7157,0.052953236310968384
7158,0.030751019210020294
7159,0.03089005232732167
7160,0.03834627925808252
7161,0.019510224802009174
7162,0.022434484107764028
7163,0.014447444846122854
7164,0.012238559564429995
7165,0.15728099776463567
7166,0.0015263624613670024
7167,0.06160535662218194
7168,0.02012989944709133
7169,0.01921882351718023
7170,0.05202557824424557
7171,0.02784447154036415
7172,0.010274092286414904
7173,0.14217629543229557
7174,0.0074133848526705
7175,0.0967197190992748
7176,0.02474468029397992
7177,0.006757925561394642
7178,0.014990073727827326
7179,0.030161245291897502
7180,0.017201496395451793
7181,0.04483778797823194
7182,0.219997
7183,0.018535518498515043
7184,0.07862004052164338
7185,0.006364120283712201
7186,0.219997
7187,0.08335866330968429
7188,0.08662482372800852
7189,0.02315885427186684
7190,0.219997
7191,0.06615154926758643
7192,0.01825996279622205
7193,0.003578179752397705
7194,0.1531164572515918
7195,0.024769185551502808
7196,0.12988426397987993
7197,0.010444167593386258
7198,0.20178449869947226
7199,0.0653654290528701
7200,0.018851766519774823
7201,0.02869033814087889
7202,0.010966252506243798
7203,0.0004414564676437411
7204,0.03478014372241807
7205,0.012569793967861512
7206,0.043305428094851155
7207,0.03664347805991227
7208,0.006623593764582985
7209,0.0102022757374063
7210,0.037892866566066115
7211,0.0027611415442064515
7212,0.003362989475516664
7213,0.012227824490907934
7214,0.036831142783122515
7215,0.06419980301169485
7216,0.05403445001372404
7217,0.011200039707886352
7218,0.219997
7219,0.01521975691568546
7220,0.14384963554118138
7221,0.006568665617479254
7222,0.03904458850315151
7223,0.06058734949675878
7224,0.11470570269372324
7225,0.0385545073239362
7226,0.04454158947170234
7227,0.03937139039281668
7228,0.016433752211565043
7229,0.019886885814589608
7230,0.000788826342151293
7231,0.0073545038822197505
7232,0.1340502601940387
7233,0.219997
7234,0.12398822526393709
7235,0.001677237692128643
7236,0.03055372913454746
7237,0.052152175203103564
7238,0.16374046626930772
7239,0.0363376729884261
7240,0.022423715000615255
7241,0.09994288178982234
7242,0.01748467151061748
7243,0.051196633235661836
7244,0.004419667037096024
7245,0.05300734432986412
7246,0.1392927022855452
7247,0.219997
7248,0.056027864788850745
7249,0.013672001875356509
7250,0.056846363121346256
7251,0.004264809001515111
7252,0.15868432695062504
7253,0.038514458385980214
7254,0.1513102573785341
7255,0.23671087197270552
7256,0.350009
7257,0.03320743215694255
7258,0.219997
7259,0.349908
7260,0.09824818587056258
7261,0.449382579746614
7262,0.1665991564664795
7263,0.19280993399236843
7264,0.02974985575151298
7265,0.04100610218323885
7266,0.219997
7267,0.0900718206702309
7268,0.02141223236323568
7269,0.017786708767123724
7270,0.219997
7271,0.06613997758017186
7272,1.0
7273,0.219997
7274,0.10417800840942872
7275,0.06983888330675393
7276,0.219997
7277,0.10184644535314782
7278,0.043259628798857475
7279,0.007299491348024001
7280,0.08373700137267255
7281,0.039210320227677495
7282,0.012058517769987656
7283,0.04883557454385568
7284,0.061411995436325174
7285,0.2110502831649586
7286,0.219997
7287,0.5696838569393985
7288,0.5228308481853683
7289,0.1016679350849453
7290,0.04717582372919794
7291,0.220016
7292,0.219997
7293,0.03196574026552033
7294,0.08114550903646729
7295,0.07147117534868741
7296,0.027995295780679913
7297,0.12254800026960064
7298,0.7546013001233076
7299,0.219997
7300,0.6630984444280628
7301,0.8114408597274113
7302,0.05504109041987035
7303,0.06099616298556997
7304,0.47373601100600116
7305,0.06315751491523823
7306,0.349908
7307,0.12931660636812373
7308,0.06929671928978445
7309,0.026079896703615574
7310,0.06207891336023588
7311,0.220016
7312,0.21139619306958532
7313,0.14514431698536215
7314,0.053052953281088236
7315,0.05282849596094517
7316,0.44234553357414613
7317,0.07341352050428994
7318,0.04629125812552916
7319,0.1490197701620159
7320,0.026042552058786327
7321,0.10618522979205464
7322,0.14594810815278728
7323,0.1642382355230879
7324,0.20901920470703586
7325,0.06981988563941074
7326,0.11533427444246871
7327,0.220016
7328,0.219997
7329,0.1369823299862482
7330,0.025520928216206416
7331,0.002341788182077525
7332,0.024533013556746995
7333,0.9055071058902141
7334,0.219997
7335,0.12541898254737024
7336,0.41731962244315934
7337,0.8307720286875255
7338,0.13718481383079276
7339,0.10758898033495287
7340,0.03004678537974828
7341,0.01675691812691235
7342,0.01680044111347716
7343,0.016615308898468642
7344,0.219997
7345,0.07043960710234794
7346,0.02520040041323624
7347,0.06597935724034226
7348,0.2955576064593782
7349,0.5270522145551403
7350,0.017368420588764432
7351,0.013054533484135641
7352,0.009990291023785682
7353,0.09217684000896507
7354,0.0012620779677621008
7355,0.02992113839647443
7356,0.1236988814098292
7357,0.052034172170172664
7358,0.349908
7359,0.06056142070823541
7360,0.08315147578290705
7361,0.010434204212155988
7362,0.10941468673171799
7363,0.002814711529127401
7364,0.0390018733928468
7365,0.219997
7366,0.6724936623147233
7367,0.005258779659092558
7368,0.0870247519876879
7369,0.015357050530873974
7370,0.028394417831623532
7371,0.09571010443206693
7372,0.0630096242920471
7373,0.005163265466013359
7374,0.02990813963944634
7375,0.02008783108157472
7376,0.15719637813805432
7377,0.219997
7378,0.20895025223280111
7379,0.0680357279216485
7380,0.05587266212959964
7381,0.005111844968163915
7382,0.044675915999756705
7383,0.04090139527671572
7384,0.06743688944931554
7385,0.07840054020259776
7386,0.08817056435974362
7387,0.220016
7388,0.03138922433944901
7389,0.06367464447087015
7390,0.040447507353403724
7391,0.035471284080641714
7392,0.06060699112603736
7393,0.031638290291567325
7394,0.04932342069983796
7395,0.03618903043772339
7396,0.050553965716145274
7397,0.16508976216195198
7398,0.20939843361107208
7399,0.32261890319739445
7400,0.07694828992456171
7401,0.06758396352331635
7402,0.11100276580049452
7403,0.1395190305722274
7404,0.0724105334801815
7405,0.04565938945061491
7406,0.0841458945634333
7407,0.00016242366689082292
7408,0.06145177899157563
7409,0.10972799181845756
7410,0.10308104840859203
7411,0.030623083357854124
7412,0.02777088759761601
7413,0.029127663322004168
7414,0.058711066875477974
7415,0.09348891588768193
7416,0.16215717091506926
7417,0.219997
7418,0.23053556342264728
7419,0.11597478643241961
7420,0.012718329942060123
7421,0.008922473539023116
7422,0.1316784544875257
7423,0.09835554184523408
7424,0.01893476523974348
7425,0.1073741836563477
7426,0.047284129749764446
7427,0.9156442082925842
7428,0.11609585981241445
7429,0.030826307022882853
7430,0.16586901455167657
7431,0.028130288488622212
7432,0.07987882866802656
7433,0.014925553791713302
7434,0.0241436088320285
7435,0.012914086200559024
7436,0.17549522606390877
7437,0.03477501127609622
7438,0.0198412646576737
7439,0.05632926680418649
7440,0.036883571039051724
7441,0.08199302734396344
7442,0.0578452415590634
7443,0.220016
7444,0.08559025074271777
7445,0.2033650734514119
7446,0.350009
7447,0.43297589944026005
7448,0.1214752414510905
7449,0.03684858622112306
7450,0.06721810973004104
7451,0.030979479392793736
7452,0.05706066915970183
7453,0.010895925069769311
7454,0.16824416605073791
7455,0.10013122311011449
7456,0.10400074489683864
7457,0.1458543958728949
7458,0.17775039555372515
7459,0.03505182152139598
7460,0.07134368719594597
7461,0.056277140109691974
7462,0.022214860623197212
7463,0.02676901598377284
7464,0.1713479203324024
7465,0.016096491870186767
7466,0.03791585666975142
7467,0.13949574406286938
7468,0.025661766523746094
7469,0.029975711360761277
7470,0.013034820452952426
7471,0.12311592406138412
7472,0.08078732211738886
7473,0.14039901578821745
7474,0.2195979397227672
7475,0.14266817303166163
7476,0.220016
7477,0.11022047417041704
7478,0.219997
7479,0.029027813750248432
7480,0.219997
7481,0.07001492549055295
7482,0.10456622886759306
7483,0.11321377028361662
7484,0.10641415111171743
7485,0.092111220200722
7486,0.12579984711136963
7487,0.07154383798933174
7488,0.11778482947751003
7489,0.04107395869094075
7490,0.09247687969795287
7491,0.010659799931004242
7492,0.03336337124530933
7493,0.03263852335257606
7494,0.06311482292758083
7495,0.12234987486086742
7496,0.018693350910148177
7497,0.0654973705718188
7498,0.08197391153253719
7499,0.0772907080149932
7500,0.18087367670024396
7501,0.4886259871522128
7502,0.15600669595302546
7503,0.219997
7504,0.16435779972653122
7505,0.219997
7506,0.1029854653144732
7507,0.16523986588345937
7508,0.06828013319139245
7509,0.024952316620540323
7510,0.349908
7511,0.15055564132355673
7512,0.2115582476101336
7513,0.06329368830728341
7514,0.13242827529885992
7515,0.028658939706159837
7516,0.0113722096417876
7517,0.05339187245784169
7518,0.02526988010801543
7519,0.219997
7520,0.12225292265864036
7521,0.08928997450813386
7522,0.219997
7523,1.0
7524,0.1353724111571962
7525,0.032023905946098365
7526,0.350009
7527,0.12456287965521808
7528,0.349908
7529,0.349908
7530,0.14912696862883354
7531,0.18543090421400463
7532,0.07038217381203415
7533,0.09689826969258543
7534,0.219997
7535,0.06633476994486398
7536,0.219997
7537,0.1408416891140861
7538,0.11228165289028078
7539,0.014603547223489702
7540,0.00994327454081782
7541,0.04459502035444563
7542,0.07103316891543288
7543,0.019553659714457213
7544,0.19642878378805703
7545,0.219997
7546,0.20478112278098579
7547,0.219997
7548,0.0565186400520132
7549,0.219997
7550,0.219997
7551,0.349908
7552,0.1210170356454521
7553,0.015842979548212555
7554,0.19473055771210396
7555,0.08366654982657734
7556,0.034690296830334526
7557,0.5365108546305485
7558,0.026569984086516375
7559,0.07513441301263063
7560,0.40529398764559516
7561,0.22154555998617384
7562,0.029360271130966148
7563,0.008784838261223865
7564,0.013771750510754853
7565,0.021428337418179434
7566,0.05514785847133289
7567,0.07020582762190478
7568,0.219997
7569,0.219997
7570,0.220016
7571,0.11199865544742149
7572,0.349908
7573,0.2805808089499258
7574,0.219997
7575,0.30204465836478944
7576,0.5280919155866627
7577,0.09213069863201057
7578,0.1810493034202119
7579,0.16456877801498235
7580,0.05723751683102568
7581,0.349908
7582,1.0
7583,0.1307952916232553
7584,0.011538380212210498
7585,0.5947025845404046
7586,0.013673894309509164
7587,0.07371501538258145
7588,0.2772103222068373
7589,0.023822611292738244
7590,0.009624422633200073
7591,0.09004122357126984
7592,0.11870835006593879
7593,0.0714153478377565
7594,0.1227796272582995
7595,0.349908
7596,0.04897310348869988
7597,0.13058458086425567
7598,0.349908
7599,0.219997
7600,0.219997
7601,0.6210584425956074
7602,0.219997
7603,0.038294321914585414
7604,0.32241910846109484
7605,0.350009
7606,0.349908
7607,1.0
7608,0.5208171016991652
7609,0.349908
7610,0.00943045127960985
7611,0.06258444181760406
7612,0.18535251984836676
7613,0.10180436517374622
7614,0.006183205370047682
7615,0.007542641174459173
7616,0.008839236834826826
7617,0.11572525431240967
7618,0.012289169203171437
7619,0.0546176944520801
7620,0.08593209001925588
7621,0.11413979966944646
7622,0.19579445800050868
7623,0.219997
7624,0.12656467214940778
7625,0.3301980850084267
7626,0.219997
7627,0.05644288364085962
7628,0.20856768699335723
7629,0.3116798574297334
7630,0.06853146180815203
7631,0.220016
7632,1.0
7633,1.0
7634,0.6856401199680326
7635,0.009015689648317974
7636,0.011752737955985923
7637,0.10336402263098776
7638,0.349908
7639,0.12392096065470845
7640,0.05772176521921239
7641,0.10756665624407373
7642,0.09534587144384954
7643,0.07787423756328912
7644,0.015723202302648523
7645,0.6196712478036531
7646,0.02641577546472733
7647,0.02144015314379052
7648,0.219997
7649,0.17966496508117605
7650,0.059070557704428976
7651,0.1310033229519125
7652,0.25493060736599293
7653,0.220016
7654,0.011617546657969364
7655,0.013330667744103668
7656,0.220016
7657,0.219997
7658,0.219997
7659,1.0
7660,1.0
7661,0.9038185951304456
7662,0.014779541824848143
7663,0.015182786117004422
7664,0.220016
7665,0.03430255343114785
7666,0.219997
7667,0.16842868081840365
7668,0.349908
7669,0.04269856762103139
7670,0.1479825823141769
7671,0.04340133224215412
7672,0.13445723742398302
7673,0.219997
7674,0.219997
7675,0.219997
7676,0.9224746205811593
7677,0.349908
7678,0.26523891788639453
7679,0.219997
7680,0.15388140611754603
7681,0.055766498056776345
7682,0.219997
7683,0.07055556175096837
7684,0.11727156879479544
7685,0.05396662469393717
7686,0.2165278617805359
7687,0.17292253562005294
7688,0.13081023543857495
7689,0.15255176089478967
7690,0.11254112964080364
7691,1.0
7692,1.0
7693,1.0
7694,0.0878502445086406
7695,0.06882011124225469
7696,0.350009
7697,0.016255774624796254
7698,0.219997
7699,0.07806771468405506
7700,0.007749497731999486
7701,0.03373388659744496
7702,0.07445720903822739
7703,0.1757567856793636
7704,0.04277899640405097
7705,0.862107483927992
7706,1.0
7707,0.1351064459975665
7708,0.17623741424407746
7709,0.15352413883900073
7710,0.30759442857640584
7711,0.12337008085194873
7712,0.350009
7713,0.2115327751265444
7714,0.03131966979419485
7715,0.07763668072467905
7716,0.14014052815478162
7717,0.11559899382594166
7718,0.04748375581172887
7719,0.04324492440269059
7720,0.4358835060519226
7721,0.4554778388767612
7722,0.349908
7723,0.20834665550056763
7724,0.056578589677058484
7725,0.14939157214901255
7726,0.088955971488932
7727,0.3250443037522474
7728,0.016517891989262908
7729,0.04919562775609771
7730,0.05997312873314176
7731,0.03704393084548147
7732,0.035076486517907096
7733,0.09924230767242836
7734,0.023076351707950964
7735,0.32947810530050825
7736,1.0
7737,0.6824025757389973
7738,0.349908
7739,0.219997
7740,0.219997
7741,0.349908
7742,0.7260751016512575
7743,0.219997
7744,0.01759394272205308
7745,0.14353341920562815
7746,0.09025605808963937
7747,0.20197487922890053
7748,0.219997
7749,0.13679708967228033
7750,0.4396278045728823
7751,0.28942354355683236
7752,0.219997
7753,1.0
7754,0.08184084888563707
7755,0.027613795281072172
7756,0.11278824740260315
7757,0.15989344473688197
7758,0.029087753718621732
7759,0.08580362091958663
7760,0.2858805156593443
7761,0.16757502247343156
7762,0.09651068273169221
7763,0.08430477594382543
7764,0.12375486843461761
7765,0.2862842052557279
7766,0.4036052548227328
7767,0.349908
7768,1.0
7769,0.8209211128036611
7770,0.219997
7771,0.219997
7772,0.40393719695553226
7773,0.05517914383539101
7774,0.19522260900235913
7775,0.08982303589700517
7776,0.06766708411695059
7777,0.350009
7778,0.36094977026926844
7779,0.1287725547329213
7780,0.7474493903312377
7781,0.39139969234811023
7782,0.12338624765275223
7783,0.10270554662374147
7784,0.12656870101159154
7785,0.11245609764012891
7786,0.015999154578510755
7787,0.029430998775755682
7788,0.013489559658714232
7789,0.10218725589107362
7790,0.18829348388392864
7791,0.219997
7792,0.219997
7793,0.5722440713433957
7794,1.0
7795,0.9078724320589121
7796,0.6155408748965895
7797,1.0
7798,0.2126092345557817
7799,0.027850886303135886
7800,0.08707358537327733
7801,0.13878538062199666
7802,0.13871117264556643
7803,0.26854468325913133
7804,0.08290900175406091
7805,0.0375162520055647
7806,0.1703157023361519
7807,0.219997
7808,0.008651111116484339
7809,0.04758687478106902
7810,0.09099908565137788
7811,0.021364646031054434
7812,0.12512147973087043
7813,0.04248648379022096
7814,0.01994680802376756
7815,0.08267694003238835
7816,0.08081276191339697
7817,0.06157516785123859
7818,0.18382088256177076
7819,0.349908
7820,0.349908
7821,0.350009
7822,1.0
7823,1.0
7824,0.349908
7825,0.17269625869636998
7826,0.009309445654478941
7827,0.025619385489886206
7828,0.02758689656143491
7829,0.07688961102591683
7830,0.18121830195673005
7831,0.013255727210675293
7832,0.01380609068623462
7833,0.04161264105522765
7834,1.0
7835,0.220016
7836,0.02689796930738772
7837,0.056791084772756156
7838,0.1276229512895832
7839,0.13975944237887444
7840,0.05067982729273623
7841,0.045739850487850515
7842,0.008024316157264785
7843,0.06949554890789648
7844,0.029294748508562563
7845,0.035381052701081585
7846,0.1284798163307551
7847,0.194432890765104
7848,0.901567778605038
7849,0.5270387976620208
7850,0.220016
7851,1.0
7852,0.7884092485138152
7853,0.5902851662203363
7854,0.15863074470093688
7855,0.061672060206805074
7856,0.023806930036694342
7857,0.010109661614084733
7858,0.045791036134050445
7859,0.04194193584692774
7860,0.054645518991896076
7861,0.09559359651622173
7862,0.7118469025850366
7863,0.220016
7864,0.49457399518056827
7865,0.04007940619809052
7866,0.0990882868522003
7867,0.19892141641587907
7868,0.16656213883999726
7869,0.219997
7870,0.05276074832944584
7871,0.07637779017295268
7872,0.12584253115523558
7873,0.3067670320510205
7874,1.0
7875,0.46088517198795753
7876,0.7483040134772
7877,0.219997
7878,0.537320074375681
7879,0.219997
7880,0.08588011137335078
7881,0.028723977239356928
7882,0.02137557910736614
7883,0.020799550894366237
7884,0.016267322095993436
7885,0.04427524570666958
7886,0.04818960908047335
7887,0.219997
7888,0.20575212029909437
7889,0.18590422703309245
7890,0.219997
7891,0.032039550868823805
7892,0.06767223939471896
7893,0.350009
7894,0.08050865292624922
7895,0.004775630113554304
7896,0.017474580658676495
7897,0.024740145928438723
7898,0.14371652916886132
7899,0.220016
7900,0.05970331097565388
7901,0.350009
7902,0.349908
7903,0.10173952703456121
7904,0.11236867193280035
7905,0.03487811553271512
7906,0.10732979930517804
7907,0.06557214845842262
7908,0.02582017995362644
7909,0.11206503961220153
7910,0.0912650099382839
7911,0.09230545406361487
7912,0.025015671968537052
7913,0.350009
7914,0.013808193011681106
7915,0.16967918731637213
7916,0.01374590689917181
7917,0.08083441944993604
7918,0.10787725505513453
7919,0.219997
7920,0.07528145457185584
7921,0.05305516626516658
7922,0.0024045918431124707
7923,0.07485119146142614
7924,0.219997
7925,0.5127821827806451
7926,0.5107103164100896
7927,0.10385207448011491
7928,0.01691799507797535
7929,0.006659504566241195
7930,0.010622850731024307
7931,0.05014851101897096
7932,0.018476846707521605
7933,0.15423651506410957
7934,0.018183587974799385
7935,0.09330310191182771
7936,0.019781783710363283
7937,0.00909300974449366
7938,0.013895097101012771
7939,0.016533604431172973
7940,0.028347243206234506
7941,0.14955686343331978
7942,0.219997
7943,0.3692872495040214
7944,0.03818088495761547
7945,0.030225572212150244
7946,0.026866145924281406
7947,0.10096338958291699
7948,0.20820689376741536
7949,0.36203727258647866
7950,0.13649276914276617
7951,0.0020417935988805624
7952,0.19874749894509838
7953,0.018675313746351747
7954,0.14938809597319172
7955,0.220016
7956,0.09400379196817507
7957,0.0681772194013452
7958,0.016901986162801794
7959,0.219997
7960,0.022002386378304564
7961,0.03272093485534298
7962,0.1874660261922642
7963,0.09832735471986828
7964,0.052352406985416315
7965,0.02809877596280486
7966,0.038929701183592215
7967,0.134674027138005
7968,0.349908
7969,0.04329206551129347
7970,0.037299025238595226
7971,0.044961221017144525
7972,0.09304056796291083
7973,0.0932653434784856
7974,0.220016
7975,0.08188218644084137
7976,0.219997
7977,0.19653536527781942
7978,0.09023334428261971
7979,0.019368579274623366
7980,0.05607883735873195
7981,0.05744278071869381
7982,0.21707457214056963
7983,0.024735561857313106
7984,0.219997
7985,0.014657572724003627
7986,0.17999430585594822
7987,0.12161708662471826
7988,0.011260024399841653
7989,0.014987838882592598
7990,0.349908
7991,0.3664550179516987
7992,0.220016
7993,0.0781036508038358
7994,0.017726869049606717
7995,0.08896346351180301
7996,0.043115882863709994
7997,0.026320074526368396
7998,0.11166740674010388
7999,0.219997
8000,0.1716125698449871
8001,1.0
8002,0.02710242347173442
8003,0.1115070582719401
8004,0.024319721043311093
8005,0.06696986062427712
8006,0.10789516388000511
8007,0.02654937411598372
8008,0.05149936695833658
8009,0.19447081849975328
8010,0.47430856877698674
8011,0.1448222692074767
8012,0.14143098104951854
8013,0.026107395198531884
8014,0.12181221312074139
8015,0.03373292133405434
8016,0.001085121775488018
8017,0.219997
8018,0.07939915123539573
8019,0.02823689068048431
8020,0.09829907943580703
8021,0.03097399535866658
8022,0.041255369582434406
8023,0.1351676511171536
8024,0.02011436355415724
8025,0.1970339333080934
8026,0.053716748925655124
8027,0.09258899183405916
8028,0.0015094074622785806
8029,0.019821529536154212
8030,0.20405677955018728
8031,0.12668677412388357
8032,0.03180138043521381
8033,0.08259532927214694
8034,0.14731317333984922
8035,0.7318608890552869
8036,0.09636871844656002
8037,0.10794480236894158
8038,0.05899133951396998
8039,0.11484228124380412
8040,0.10781038747826911
8041,0.06264996830999625
8042,0.6041244261369071
8043,0.04385766477950145
8044,0.025043718265644662
8045,0.04757788335339217
8046,0.19370986127499426
8047,0.028512131132834455
8048,0.12977868135653847
8049,0.05521741694802996
8050,0.08931536527996331
8051,0.07562462925430005
8052,0.3531136637006085
8053,0.16532402782799555
8054,0.08877073925539714
8055,0.01803562131453929
8056,0.08629506487214707
8057,0.10132272554536992
8058,0.01045676965309795
8059,0.05549347503166485
8060,0.220016
8061,0.21466568521855853
8062,0.122527926005986
8063,0.20679566587509113
8064,0.16718048957750237
8065,0.13181183437530367
8066,0.10700206426289771
8067,0.019319029671713027
8068,0.220016
8069,0.349908
8070,0.19084291583237728
8071,0.010556447464745345
8072,0.0064283839854910214
8073,0.09641240121481903
8074,0.02695596520028572
8075,0.05611754721263639
8076,0.0028598779361945306
8077,0.010255759936794269
8078,0.005425652258477888
8079,0.005222195577605483
8080,0.026658896107703067
8081,0.014239405231230495
8082,0.0534164524907353
8083,0.01880791450239613
8084,0.007616901053582597
8085,0.1256433122978258
8086,0.12379833257169116
8087,0.219997
8088,0.18215344242604214
8089,0.219997
8090,0.014050853146780399
8091,0.009410381671413006
8092,0.06204246845671393
8093,0.024578119661931862
8094,0.04929490859073384
8095,0.02632416527208369
8096,0.027637618449157398
8097,0.00954247542883815
8098,0.019510224802009174
8099,0.014447444846122854
8100,0.012238559564429995
8101,0.08577157819014271
8102,0.04165464528139535
8103,0.017244203027441375
8104,0.15887804630471625
8105,0.05153349410875509
8106,0.0615668939810239
8107,0.010149858196724933
8108,0.16048897164715398
8109,0.029180752038571737
8110,0.08997254660220427
8111,0.020093975833658264
8112,0.006757925561394642
8113,0.014990073727827326
8114,0.00250622637325165
8115,0.017201496395451793
8116,0.13466853080887195
8117,0.07862004052164338
8118,0.219997
8119,0.07749264694569151
8120,0.14010887266354718
8121,0.03352868612752566
8122,0.015735501390187548
8123,0.219997
8124,0.02907206149597617
8125,0.007726230142923743
8126,0.16211857608487895
8127,0.012226634799743983
8128,0.10782609210235573
8129,0.010444167593386258
8130,0.18946378211959344
8131,0.0028768873760609253
8132,0.014282585040080396
8133,0.029722267810962717
8134,0.05732895716936597
8135,0.014144076134714613
8136,0.044738975260257746
8137,0.014555318946337416
8138,0.03744739850812817
8139,0.008673826239311615
8140,0.01604249362663498
8141,0.0025537085718958024
8142,0.09932660004705525
8143,0.08104106454977925
8144,0.219997
8145,0.03266386071606594
8146,0.006568665617479254
8147,0.04389625863850156
8148,0.045320227973462766
8149,0.09732450209036352
8150,0.05577145995352917
8151,0.014045075711421995
8152,0.03340722745968912
8153,0.02719749495364284
8154,0.016357063251203362
8155,0.19966383985615596
8156,0.219997
8157,0.02368409414750601
8158,0.004947963480805051
8159,0.090412297335036
8160,0.021178775955028973
8161,0.025939104881235645
8162,0.0426290907532894
8163,0.14159933121175078
8164,0.059258033736395065
8165,0.011867309023026325
8166,0.08405462540998074
8167,0.07309795249442298
8168,0.1835398808701092
8169,0.1414893225900139
8170,0.06268662034097623
8171,0.11689494731513489
8172,0.0022035697334818814
8173,0.349908
8174,0.350009
8175,0.349908
8176,0.040227504907273656
8177,0.27271812521700683
8178,0.220016
8179,0.3002589745885919
8180,0.061169766860675254
8181,0.04100610218323885
8182,0.03870243208873884
8183,0.18081494631338854
8184,0.02271896232321134
8185,0.05590409860163133
8186,0.027805962235532014
8187,0.349908
8188,0.0020854597300637343
8189,1.0
8190,0.27804773579001085
8191,0.12148718469420473
8192,0.06983888330675393
8193,0.30108315867523716
8194,0.10112585813873406
8195,0.012114941600453382
8196,0.10621167486117539
8197,0.05846761869023981
8198,0.025051944396098254
8199,0.014195340144914503
8200,0.031021494558254946
8201,0.219997
8202,0.219997
8203,0.6419039335136831
8204,0.46468208003655015
8205,0.06831352510312635
8206,0.0773199888357622
8207,0.28622339985064504
8208,0.349908
8209,0.035927660812905444
8210,0.07202168528521861
8211,0.05452392548977416
8212,0.03746727575837854
8213,0.09376871454865887
8214,0.058045315861853006
8215,0.7053142381519409
8216,0.08452174171406393
8217,0.219997
8218,0.670754249221304
8219,0.13807254785933332
8220,0.03324368294231799
8221,0.4727375623542073
8222,0.06823152770516741
8223,0.4130759575379704
8224,0.06871673399977395
8225,0.047728347558242366
8226,0.1044716593580263
8227,0.05217889454822917
8228,0.022509944904607716
8229,0.219997
8230,0.1771192793732775
8231,0.13575696825366745
8232,0.09040278811233292
8233,0.0012090213272062482
8234,0.10859163024871966
8235,0.350009
8236,0.05269809530216454
8237,0.12021004160533222
8238,0.019792236465388646
8239,0.03985377544215164
8240,0.02026804056736797
8241,0.10832778277305588
8242,0.075569022128098
8243,0.219997
8244,0.0031702129088620446
8245,0.09903104543541677
8246,0.219997
8247,0.4416000210159258
8248,0.013522739114720782
8249,0.03966550111077657
8250,0.002341788182077525
8251,0.021379447194825367
8252,0.9711604020564032
8253,0.15201946625351534
8254,0.02326856021259174
8255,0.42207434997675
8256,0.349908
8257,0.020742581021811993
8258,0.009159327099891545
8259,0.14212028450436526
8260,0.025392083327971497
8261,0.03004678537974828
8262,0.037254323570578195
8263,0.05844849917143326
8264,0.013918252608744595
8265,0.219997
8266,0.049158895527914276
8267,0.08786875173145392
8268,0.219997
8269,0.4738257915051288
8270,0.018440848256749687
8271,0.016986896536744196
8272,0.014854908643907875
8273,0.05958602619870467
8274,0.07297400263063014
8275,0.034697469720411836
8276,0.24107810087088008
8277,0.037666347613201506
8278,0.11603227297248697
8279,0.017490528070149697
8280,0.008596514056634823
8281,0.10954486724140866
8282,0.038674931365965434
8283,0.219997
8284,0.8116442990636962
8285,0.008124568193233896
8286,0.11450428873212874
8287,0.027617332988805608
8288,0.019561148198457994
8289,0.13226611821884
8290,0.06382521383910453
8291,0.015648047606676103
8292,0.05580867633717598
8293,0.06397323807328051
8294,0.14357184055549976
8295,0.16493225574830475
8296,0.11992381125668708
8297,0.044969049400582224
8298,0.1291451986948954
8299,0.013412294451340246
8300,0.06001127465764315
8301,0.06850900526092171
8302,0.08230326303891786
8303,0.1439724394133369
8304,0.11184200337212256
8305,0.220016
8306,0.041270175431054226
8307,0.019824547274263048
8308,0.04521147794120419
8309,0.06001395491403779
8310,0.025498406285258783
8311,0.05711857085571434
8312,0.05911358139771366
8313,0.03370156655317494
8314,0.15636253069327025
8315,0.219997
8316,0.219997
8317,0.04013363251040138
8318,0.12486701671107331
8319,0.04257863664855512
8320,0.15322398354565459
8321,0.11876178185692833
8322,0.012597357617211924
8323,0.060031825073369696
8324,0.001022533428606237
8325,0.021045653273094225
8326,0.08561322686159066
8327,0.1978789286851329
8328,0.031641222634715305
8329,0.02528580765225761
8330,0.0446973358555034
8331,0.08993609773746944
8332,0.0948774489757376
8333,0.25978011795377115
8334,0.2803221077845367
8335,0.22591040352275338
8336,0.08278566905273958
8337,0.04060188371388902
8338,0.03711228022270839
8339,0.06983437172350336
8340,0.039863269303896366
8341,0.01893476523974348
8342,0.12813951422513534
8343,0.06316880022652306
8344,0.7639574826298718
8345,0.20572307570947232
8346,0.019468695728006562
8347,0.12842161249843076
8348,0.0509715488050898
8349,0.046901951704778
8350,0.021048587377341266
8351,0.012914086200559024
8352,0.014660011100287586
8353,0.13083794145889174
8354,0.0002339655486253246
8355,0.03994123131993265
8356,0.08194620957383095
8357,0.1242334923222307
8358,0.062049433057540376
8359,0.1091178794541334
8360,0.08669557566224924
8361,0.20559542443209963
8362,0.350009
8363,0.4407472779950529
8364,0.11769740940386847
8365,0.052486615533811905
8366,0.1190686990836182
8367,0.03836036744415909
8368,0.026992037299682692
8369,0.025011819660033918
8370,0.013278092616130065
8371,0.1230648368665899
8372,0.11808359804934127
8373,0.16286675040674858
8374,0.1610088807210251
8375,0.219997
8376,0.060180033346964056
8377,0.06294346763226277
8378,0.043392250826176613
8379,0.02676901598377284
8380,0.219997
8381,0.016096491870186767
8382,0.035266844789984146
8383,0.1143723451206432
8384,0.01659599248252086
8385,0.0010103788014258063
8386,0.13883470683437246
8387,0.09317387294987964
8388,0.1459254480849426
8389,0.220016
8390,0.1938961883725469
8391,0.2785147336309662
8392,0.219997
8393,0.20845505614855128
8394,0.0294596711694446
8395,0.19555235631819093
8396,0.04415874610985681
8397,0.08909135142315175
8398,0.03392556760449812
8399,0.029852985858387474
8400,0.08747319760253039
8401,0.04984881535628367
8402,0.02767249213074572
8403,0.19376604863289418
8404,0.09094367365750482
8405,0.08919871414272779
8406,0.09182284439819267
8407,0.10236771335840088
8408,0.08550771514619691
8409,0.008691966457011967
8410,0.05156358787585972
8411,0.08094668628327892
8412,0.06302048599493516
8413,0.11542448457844576
8414,0.07600288783255149
8415,0.219997
8416,0.3953166240714253
8417,0.14266976119386482
8418,0.219997
8419,0.08766922619056988
8420,0.220016
8421,0.1147101059584092
8422,0.151126441222115
8423,0.10765219147152047
8424,0.029570711099811763
8425,0.349908
8426,0.16267795259535892
8427,0.186988915864049
8428,0.08288949347553838
8429,0.1626889341629749
8430,0.028658939706159837
8431,0.0740315882002743
8432,0.03728337793191924
8433,0.01842505721959053
8434,0.07196400797746641
8435,0.219997
8436,0.1171262553672554
8437,0.06255520788850114
8438,0.17629738376501805
8439,0.9035539610382923
8440,0.08279972707132066
8441,0.045509154630555056
8442,0.220016
8443,0.15017433375128436
8444,0.349908
8445,0.349908
8446,0.11427480252827982
8447,0.0012726601530631493
8448,0.12574266432819226
8449,0.07038217381203415
8450,0.0685784440582176
8451,0.20863595123406153
8452,0.10821807272329162
8453,0.219997
8454,0.09205565038944025
8455,0.096101176207132
8456,0.0034105496912451455
8457,0.023779022870811788
8458,0.055922374850159724
8459,0.10487579738109135
8460,0.02523585961400706
8461,0.2077020980104606
8462,0.219997
8463,0.19171837389875926
8464,0.1187791266948677
8465,0.03943865988202304
8466,0.1708518001890874
8467,0.219997
8468,0.349908
8469,0.0952834890915644
8470,0.015842979548212555
8471,0.058044641772072636
8472,0.072976655041178
8473,0.6026069316727549
8474,0.018723147180099854
8475,0.06407161468809885
8476,0.4621385822685959
8477,0.3332869267176282
8478,0.019987279878029524
8479,0.015705094504334775
8480,0.0044816247373476595
8481,0.07500089962342583
8482,0.10527168559199088
8483,0.219997
8484,0.22976340120037206
8485,0.016068748149991114
8486,0.1714252331239559
8487,0.1535520625261651
8488,0.349908
8489,0.219997
8490,0.219997
8491,0.3106018584007671
8492,0.43712714621609094
8493,0.15624890605663166
8494,0.09596464055839227
8495,0.11934912384533372
8496,0.09998811857698743
8497,0.349908
8498,1.0
8499,0.1307952916232553
8500,0.06534650581698372
8501,0.5930273174798826
8502,0.03178784666191574
8503,0.08393594567281269
8504,0.350009
8505,0.009496511749451543
8506,0.06666240595064393
8507,0.10285808965864482
8508,0.029829141177767218
8509,0.08678521815711736
8510,0.3972993605963358
8511,0.0041098458368826205
8512,0.11274847765994993
8513,0.31136309327941925
8514,0.2735067439139294
8515,0.30947547992600033
8516,0.6567264042723762
8517,0.349908
8518,0.038294321914585414
8519,0.349908
8520,0.26289004382085274
8521,0.219997
8522,1.0
8523,0.3687137300796524
8524,0.5180213074109495
8525,0.00943045127960985
8526,0.045976958711107616
8527,0.14213696533572495
8528,0.026344661836956475
8529,0.008100534903482191
8530,0.05505031015987258
8531,0.011106835379004485
8532,0.016993001878378478
8533,0.01801321406294504
8534,0.002616582661966171
8535,0.07428609613456685
8536,0.012289169203171437
8537,0.0546176944520801
8538,0.09357691593541582
8539,0.1285726818081964
8540,0.1058538379810229
8541,0.18716093796653188
8542,0.11733729425051494
8543,0.3352071388300663
8544,0.24112142604295134
8545,0.050096088676064424
8546,0.1526610074642596
8547,0.219997
8548,0.03310097990909918
8549,0.220016
8550,1.0
8551,1.0
8552,0.7375840492518771
8553,0.009015689648317974
8554,0.03613574349624778
8555,0.014567454810095363
8556,0.10341578004249051
8557,0.4194464131380601
8558,0.06244366090885786
8559,0.021575489600203366
8560,0.034664517212685146
8561,0.01261540465135037
8562,0.08679128419963364
8563,0.13257536150630875
8564,0.0813181575302921
8565,0.015723202302648523
8566,0.4355669709585165
8567,0.003999145595042508
8568,0.036775644670811236
8569,0.219997
8570,0.16923099635520866
8571,0.1525671883644303
8572,0.103085100418602
8573,0.23626384924089702
8574,0.3150382021573344
8575,0.022413216716077187
8576,0.220016
8577,0.219997
8578,0.26908946467077827
8579,1.0
8580,1.0
8581,0.8259724975722499
8582,0.019281598809470488
8583,0.220016
8584,0.05491151796220871
8585,0.219997
8586,0.0683783224494504
8587,0.319977401457109
8588,0.05656990886205301
8589,0.11337666134994033
8590,0.031652891347564195
8591,0.10890087789983595
8592,0.1612500544096925
8593,0.219997
8594,0.21471697306589746
8595,0.7128025299217668
8596,0.5114073622544459
8597,0.3415878278470734
8598,0.219997
8599,0.16863214138151636
8600,0.09719810245288303
8601,0.219997
8602,0.08039725559216009
8603,0.10411454440478435
8604,0.20761853447735418
8605,0.19314028322561738
8606,0.09576363661159094
8607,0.219997
8608,0.10701610177308478
8609,1.0
8610,1.0
8611,1.0
8612,0.05394903175772774
8613,0.06285351490896035
8614,0.350009
8615,0.2772538770096447
8616,0.03447068253021709
8617,0.01455327188597173
8618,0.06305499081820742
8619,0.2113014397259233
8620,0.05819685480462275
8621,0.7375056349539584
8622,1.0
8623,0.13742134279252302
8624,0.219997
8625,0.19723095128795473
8626,0.219997
8627,0.07931373300139198
8628,0.35801306489442575
8629,0.25079671079620813
8630,0.05736400638714481
8631,0.14664868268271739
8632,0.0800134095969416
8633,0.219997
8634,0.033967405350740824
8635,0.07651178778545598
8636,0.4607423440908886
8637,0.349908
8638,0.2943295303180491
8639,0.08969108092556678
8640,0.06385744047628458
8641,0.1743879698269898
8642,0.18422081883650807
8643,0.3073929135590647
8644,0.034693240798492966
8645,0.027819287731933023
8646,0.05964949573906225
8647,0.047398960913787695
8648,0.032667633309681796
8649,0.08263187652354444
8650,0.054239793802274804
8651,0.349908
8652,1.0
8653,0.4879403714889735
8654,0.349908
8655,0.219997
8656,0.219997
8657,0.219997
8658,0.8540413611766124
8659,0.13192851968757333
8660,0.0836705749000295
8661,0.06557533917827484
8662,0.14187493965051973
8663,0.219997
8664,0.11520354020782997
8665,0.349908
8666,0.32870879178489393
8667,0.304460691513018
8668,1.0
8669,0.12079929819736973
8670,0.016263826213682418
8671,0.219997
8672,0.220016
8673,0.028773837835455684
8674,0.10303221114693369
8675,0.349908
8676,0.1202004578478117
8677,0.06571010449392693
8678,0.030920261302228958
8679,0.10996235797081554
8680,0.27215812478093204
8681,0.40996271722189503
8682,0.49536865122249196
8683,1.0
8684,0.6542126401517905
8685,0.219997
8686,0.219997
8687,0.349908
8688,0.021278610295892522
8689,0.03862745372965454
8690,0.17781528150151776
8691,0.06537826835466169
8692,0.07837606817975629
8693,0.349908
8694,0.350009
8695,0.11376973916369734
8696,0.8203866892916926
8697,0.35198711904966384
8698,0.008831128381516954
8699,0.08502707624604033
8700,0.10136524731687027
8701,0.05964346465933882
8702,0.12136446878343089
8703,0.017960930860789776
8704,0.03644109572901363
8705,0.13556891551076908
8706,0.1661921241369654
8707,0.219997
8708,0.19468536978987794
8709,0.5184416931582264
8710,1.0
8711,0.8248113667000277
8712,0.5538022527570324
8713,1.0
8714,0.1992597918188734
8715,0.10448258263828922
8716,0.0966176901176627
8717,0.11595428075195612
8718,0.20742804047115473
8719,0.28202293314711446
8720,0.0816471780268183
8721,0.025670515504433774
8722,0.1607275348400859
8723,0.25131367487821554
8724,0.03324259094464035
8725,0.0029776256618213068
8726,0.09248607110910813
8727,0.10480105182825906
8728,0.021364646031054434
8729,0.04878520835219442
8730,0.03908144189726109
8731,0.009589424761305235
8732,0.08835495102819345
8733,0.1499376830029719
8734,0.12908118801448662
8735,0.20953630716416943
8736,0.2842599292442688
8737,0.31811393234766183
8738,0.350009
8739,1.0
8740,1.0
8741,0.40531875678556634
8742,0.15510630608238704
8743,0.009309445654478941
8744,0.0529163266632115
8745,0.018354339582858606
8746,0.017710702619486686
8747,0.219997
8748,0.02047887344069005
8749,0.01380609068623462
8750,0.01554511788769771
8751,0.8016101014940964
8752,0.220016
8753,0.02689796930738772
8754,0.07263762475617337
8755,0.0686768470195552
8756,0.220016
8757,0.021351743455818056
8758,0.17207770200768824
8759,0.05202388999840783
8760,0.04198442775082134
8761,0.03233738234977841
8762,0.022041368774097504
8763,0.03075922854359121
8764,0.09735481328685036
8765,0.158496281028325
8766,0.9040173169384614
8767,0.4871872981233835
8768,0.220016
8769,1.0
8770,0.7981442670191706
8771,0.7210016195908785
8772,0.219997
8773,0.029034587266358134
8774,0.035637306160099295
8775,0.016234688977942707
8776,0.10469019412126321
8777,0.01965960495213885
8778,0.024780636640381208
8779,0.014826451825059086
8780,0.1328439075653105
8781,0.6828588070180995
8782,0.220016
8783,0.4288183107733827
8784,0.0224819234549309
8785,0.08660064938620408
8786,0.16811691474370666
8787,0.219997
8788,0.219997
8789,0.05408259413060516
8790,0.1140860564178034
8791,0.07802924113488799
8792,0.219997
8793,1.0
8794,0.46269116474689437
8795,0.8273500130256378
8796,0.30772646355969047
8797,0.349908
8798,0.219997
8799,0.03380144663442974
8800,0.057594466405646305
8801,0.03373232226977363
8802,0.020799550894366237
8803,0.045061141571556884
8804,0.016102083089373036
8805,0.20002530692675824
8806,0.1873650805631991
8807,0.219997
8808,0.349908
8809,0.010260201666544488
8810,0.08754594002328807
8811,0.350009
8812,0.03633465316321662
8813,0.004775630113554304
8814,0.017474580658676495
8815,0.011088299256371946
8816,0.20263825235001753
8817,0.220016
8818,0.07274931825162471
8819,0.23219283797401927
8820,0.349908
8821,0.15214528154854187
8822,0.13758931071775388
8823,0.03901320782212036
8824,0.14374286351494472
8825,0.07605873419173374
8826,0.032098329866387526
8827,0.11371101040052162
8828,0.219997
8829,0.027500139835144672
8830,0.02223950469445717
8831,0.350009
8832,0.013808193011681106
8833,0.010287987257248067
8834,0.10830364795265086
8835,0.01374590689917181
8836,0.077426127341986
8837,0.1224351377322243
8838,0.219997
8839,0.025582517070370646
8840,0.052002371525128814
8841,0.005708351905690597
8842,0.06905791062728964
8843,0.219997
8844,0.5853432783352517
8845,0.5673442742557627
8846,0.0848243028822848
8847,0.01691799507797535
8848,0.026152689828526775
8849,0.018867032437831333
8850,0.03514531279120793
8851,0.13591770330271732
8852,0.021517806346969228
8853,0.06586202458492357
8854,0.21235413154026161
8855,0.018183587974799385
8856,0.219997
8857,0.013141791170918092
8858,0.02864442363832269
8859,0.022358718336133246
8860,0.015241869916895152
8861,0.028347243206234506
8862,0.11914918863577811
8863,0.219997
8864,0.4391812110248994
8865,0.009225950539539432
8866,0.012612250827527047
8867,0.03559582224396498
8868,0.13456628401275006
8869,0.19295713255924665
8870,0.38668701195539734
8871,0.06042764465033527
8872,0.019674259564499873
8873,0.220016
8874,0.09625946615535838
8875,0.007520033767331377
8876,0.10281028526044651
8877,0.16024045923954394
8878,0.12333375260286622
8879,0.0037779427653015225
8880,0.023111712844472374
8881,0.016901986162801794
8882,0.219997
8883,0.03633815560779421
8884,0.025418022272624772
8885,0.18804991389283582
8886,0.14289263691385232
8887,0.035432136909879154
8888,0.007098897659756373
8889,0.028490968285552035
8890,0.17294457533367982
8891,0.35789102637750786
8892,0.031902722564020054
8893,0.005951152590577362
8894,0.023445470811170217
8895,0.025359387467622566
8896,0.06164569110643723
8897,0.10867981060829868
8898,0.2364013833235181
8899,0.06632202344310732
8900,0.349908
8901,0.219997
8902,0.03964309581580734
8903,0.09100600363111974
8904,0.0400312192573745
8905,0.04034510025071822
8906,0.219997
8907,0.024735561857313106
8908,0.219997
8909,0.029948139970149626
8910,0.1389665145223302
8911,0.09024946524881372
8912,0.006625607129448019
8913,0.006317920980192188
8914,0.349908
8915,0.6024282278152073
8916,0.220016
8917,0.07213516744564806
8918,0.058066551440041685
8919,0.00410199812984055
8920,0.0072269308852532755
8921,0.11393378013342607
8922,0.16113458841304473
8923,0.1309151213913934
8924,1.0
8925,0.00831275402578588
8926,0.11555293161259328
8927,0.011660380326845538
8928,0.1786191170510085
8929,0.16485275454554676
8930,0.018151208648046858
8931,0.019887004526657648
8932,0.18879615721278065
8933,0.6764860454295336
8934,0.11175674672803843
8935,0.220016
8936,0.0008216845146704538
8937,0.017945932572290244
8938,0.011013976556651338
8939,0.017010908135268288
8940,0.02283961488365055
8941,0.219997
8942,0.09192938310026806
8943,0.035941859243319066
8944,0.1850091242277686
8945,0.12354673053625082
8946,0.03406662534660137
8947,0.041255369582434406
8948,0.03004709949452866
8949,0.05809075016318094
8950,0.008791408603519396
8951,0.21776409963665
8952,0.053716748925655124
8953,0.0699681159366162
8954,0.008045334303311658
8955,0.04653314076329489
8956,0.12414704428495127
8957,0.15154187959431203
8958,0.0233786386262301
8959,0.11382704173117753
8960,0.07258946978091721
8961,0.6837327937172106
8962,0.058470638260900036
8963,0.13454289418485021
8964,0.029019000046085618
8965,0.06877111681138735
8966,0.12745534383249624
8967,0.11230770889891034
8968,0.06963279589498479
8969,0.7067829963344502
8970,0.07057634249062496
8971,0.005881348235752196
8972,0.0006107745127288307
8973,0.025043718265644662
8974,0.06838015601471431
8975,0.21700258913100648
8976,0.028512131132834455
8977,0.09388110361561201
8978,0.09912551328048809
8979,0.09880683246609727
8980,0.008076079500455906
8981,0.0436767025683531
8982,0.36209516260345737
8983,0.0604083956868674
8984,0.08973121228547627
8985,0.008157483191978588
8986,0.029210839259027767
8987,0.01943724495414404
8988,0.11293868156585049
8989,0.016501288705099086
8990,0.1140788019896961
8991,0.006750969711783552
8992,0.25625109745159935
8993,0.1726976996256739
8994,0.02100289942350183
8995,0.03538361874586713
8996,0.05663906151431065
8997,0.01474717956894167
8998,0.14976774254701322
8999,0.20099182223897763
9000,0.14677209288542215
9001,0.219997
9002,0.059407287650541575
9003,0.012150239507098983
9004,0.09967014715081664
9005,0.00490261294770613
9006,0.1347030077284077
9007,0.2445642339737647
9008,0.16663945849319883
9009,0.010556447464745345
9010,0.0064283839854910214
9011,0.06528168780660279
9012,0.013279567596364074
9013,0.03807183274845795
9014,0.004807604965597938
9015,0.021062753005714224
9016,0.009361385413290345
9017,0.0032735272774038317
9018,0.005790384506494527
9019,0.014239405231230495
9020,0.022567243024247414
9021,0.03627524114430417
9022,0.0475767498891168
9023,0.050800065212132164
9024,0.219997
9025,0.007497571344317799
9026,0.219997
9027,0.33069219688103985
9028,0.05204755899178088
9029,0.016778360955716234
9030,0.045652201463594236
9031,0.03523855546597781
9032,0.02741368222953959
9033,0.048836065989467076
9034,0.027693072211018778
9035,0.12302703156217552
9036,0.014447444846122854
9037,0.012238559564429995
9038,0.0707806453764628
9039,0.03180735367822545
9040,0.02012989944709133
9041,0.056931444643611745
9042,0.037348739206229234
9043,0.04293736835041572
9044,0.010149858196724933
9045,0.219997
9046,0.0193307161653231
9047,0.07320578633203682
9048,0.006757925561394642
9049,0.014990073727827326
9050,0.059088908732399775
9051,0.017201496395451793
9052,0.1780710022737485
9053,0.013826786417768348
9054,0.046615753264887365
9055,0.20226347511146467
9056,0.08405906423029044
9057,0.11257599734950617
9058,0.01973061235455988
9059,0.219997
9060,0.03359302010510586
9061,0.004549527428606102
9062,0.13905182519539042
9063,0.014698747481655804
9064,0.08199852800697024
9065,0.010444167593386258
9066,0.1558756713668503
9067,0.0544939980133466
9068,0.007298671758503469
9069,0.04344644749213049
9070,0.05997620726718748
9071,0.05939688303526024
9072,0.020488044815996618
9073,0.006157079049392244
9074,0.03417246971122956
9075,0.010413013838735387
9076,0.009711553896869339
9077,0.04924152645658637
9078,0.01592727822898145
9079,0.019773896230144437
9080,0.019015533611191335
9081,0.1347242716289544
9082,0.052464986247465546
9083,0.006523165504119798
9084,0.219997
9085,0.04501590736495033
9086,0.03266386071606594
9087,0.03942365981181926
9088,0.007694550409813765
9089,0.028509379465205185
9090,0.06408926876955497
9091,0.06433655385934352
9092,0.04710572704447361
9093,0.017327771352252927
9094,0.011743835872105063
9095,0.018569558260093762
9096,0.033512434865553255
9097,0.18097391474594046
9098,0.219997
9099,0.0007285518737929431
9100,0.1059979921313804
9101,0.013083497732319134
9102,0.019991608486410167
9103,0.0074341171211203564
9104,0.02796952859036482
9105,0.11078658220475121
9106,0.07423898192854814
9107,0.01094225528443094
9108,0.08730004610493336
9109,0.10524499083408995
9110,0.0028951851650512246
9111,0.12652698525800316
9112,0.03263960876616012
9113,0.11775734080198551
9114,0.11445713118845588
9115,0.349908
9116,0.350009
9117,0.02169324449666878
9118,0.349908
9119,0.0923858038666365
9120,0.219997
9121,0.1565539850195324
9122,0.219997
9123,0.09415602452616473
9124,0.03870243208873884
9125,0.002787257579115043
9126,0.02271896232321134
9127,0.03485634899538198
9128,0.010439188644180763
9129,0.004984373894701803
9130,0.219997
9131,0.0465584333634081
9132,1.0
9133,0.17403547087775012
9134,0.03584881008891564
9135,0.06983888330675393
9136,0.219997
9137,0.051468388229061544
9138,0.043259628798857475
9139,0.04102450588664092
9140,0.025051944396098254
9141,0.04891688037847292
9142,0.06577642550632566
9143,0.219997
9144,0.1379158623065685
9145,0.35311213151926557
9146,0.46585877177308843
9147,0.017739179383259283
9148,0.1762671148063243
9149,0.350009
9150,0.219997
9151,0.060134792859247374
9152,0.09878869385701082
9153,0.08260635149202143
9154,0.061960932709804004
9155,0.05421112881178966
9156,0.6849014849370842
9157,0.16762886120016898
9158,0.349908
9159,0.5468787283031602
9160,0.219997
9161,0.0367977522805123
9162,0.6591591977210419
9163,0.012602364080080869
9164,0.11345845028288387
9165,0.349908
9166,0.02207143686067136
9167,0.10096170955929443
9168,0.12841949676453573
9169,0.045619499142950305
9170,0.009232095581087304
9171,0.04101205699060128
9172,0.09425895983626179
9173,0.17032880353427013
9174,0.08884695731816948
9175,0.053052953281088236
9176,0.350009
9177,0.5433806125109887
9178,0.12277945410181983
9179,0.012453369844583307
9180,0.03186170914219025
9181,0.020764932909485116
9182,0.02369155591484257
9183,0.047171185771526174
9184,0.06791675170016369
9185,0.075569022128098
9186,0.19407967142630417
9187,0.17404813955277476
9188,0.09954748927162932
9189,0.023136518133036216
9190,0.350009
9191,0.1274161320373095
9192,0.02238452475036254
9193,0.03937805739309579
9194,0.02548302203108742
9195,0.018888470630581224
9196,0.014406609888616074
9197,0.021379447194825367
9198,0.026495594170723655
9199,0.6504592268432574
9200,0.060049210004013226
9201,0.11780853607184427
9202,0.350009
9203,0.349908
9204,0.12102371326873822
9205,0.08976517644344048
9206,0.018907863436644183
9207,0.03706419642378832
9208,0.008128179269589971
9209,0.06407715060720351
9210,0.0034450653395271054
9211,0.09065456220526323
9212,0.0656878627487414
9213,0.16311883114514167
9214,0.350009
9215,0.6062435316815727
9216,0.024782001480261696
9217,0.06444167077889278
9218,0.0851098028755547
9219,0.00036519480610179605
9220,0.011830625944859861
9221,0.019224086126509964
9222,0.027514121754062464
9223,0.06019422872714407
9224,0.219997
9225,0.054162367853700516
9226,0.0719369975187548
9227,0.023156619100076166
9228,0.09846970851184227
9229,0.18808310663065542
9230,0.6700589034779044
9231,0.008499432552302982
9232,0.13148369518583944
9233,0.03692901878193008
9234,0.04544134696959006
9235,0.07922828012249991
9236,0.10937948912410342
9237,0.026026091084538162
9238,0.04122148789267683
9239,0.11005733255328226
9240,0.17114587689894228
9241,0.09328546260871556
9242,0.220016
9243,0.09101330277504369
9244,0.0021641846993529163
9245,0.03543324085204188
9246,0.05389540000566654
9247,0.07993126071514985
9248,0.13826387553616026
9249,0.05163546850856668
9250,0.220016
9251,0.013459022019340799
9252,0.05302291614167055
9253,0.013150888434140662
9254,0.05737864751463124
9255,0.01635479140017915
9256,0.047143366533637265
9257,0.0660248917340283
9258,0.0850086184749363
9259,0.03618903043772339
9260,0.01492921694290202
9261,0.1747257967641318
9262,0.2199452515322516
9263,0.219997
9264,0.125462152019808
9265,0.08796357489752753
9266,0.04553109803015236
9267,0.1248525585606586
9268,0.09354922426949296
9269,0.0015944229639935812
9270,0.009688485267308818
9271,0.08371802461824401
9272,0.219997
9273,0.049695470786263504
9274,0.01790509463281624
9275,0.043748531724516426
9276,0.15279073900977186
9277,0.14507363963821507
9278,0.28320599192905543
9279,0.20299236804819695
9280,0.2563876330094326
9281,0.0940312928309959
9282,0.028066300822676343
9283,0.02500813186025346
9284,0.06394498952164025
9285,0.04547815067177388
9286,0.1420791624571359
9287,0.09287932914733507
9288,0.715288438253497
9289,0.18512877689987686
9290,0.015021876698529687
9291,0.019126120292407
9292,0.07649099568469289
9293,0.017729736044356598
9294,0.06554264594658184
9295,0.041487335978790466
9296,0.005710475553845112
9297,0.1213839205058325
9298,0.015374263460734235
9299,0.010126625980202947
9300,0.042126461510638584
9301,0.1060010177544224
9302,0.09171630228052773
9303,0.11502742475925797
9304,0.07530802016394238
9305,0.219997
9306,0.2715429021398948
9307,0.5456741593203753
9308,0.1064408372233175
9309,0.03513423045443191
9310,0.16853393293884358
9311,0.022502800046513522
9312,0.05531794689262997
9313,0.06584872720730586
9314,0.11160045116112505
9315,0.09876790276163207
9316,0.13734503065260975
9317,0.052654612151826936
9318,0.19620381826685024
9319,0.08370596336119822
9320,0.06581484045892759
9321,0.04733753021958007
9322,0.01303236302224472
9323,0.028456700048036285
9324,0.219997
9325,0.05380073501280737
9326,0.06641583670463556
9327,0.01666616627810071
9328,0.02350971710664876
9329,0.12352779382985053
9330,0.11248454595926786
9331,0.14877776482234858
9332,0.220016
9333,0.14770456945585256
9334,0.219997
9335,0.17062250412918178
9336,0.21843644918877744
9337,0.021576046862395934
9338,0.219997
9339,0.04052812570226207
9340,0.09403112840275994
9341,0.07701801080943099
9342,0.07077924344355183
9343,0.03635472009325377
9344,0.0058110514970752146
9345,0.1696295161950543
9346,0.06392587259314443
9347,0.11356413514266063
9348,0.14166932249519687
9349,0.03230333579757397
9350,0.11075730939112656
9351,0.034625267011929146
9352,0.02829913264617908
9353,0.026180807738542176
9354,0.07477944133460941
9355,0.035448036924459705
9356,0.060525742611306145
9357,0.12194270194224764
9358,0.11461060355770168
9359,0.219997
9360,0.4296423981031205
9361,0.1795996064492952
9362,0.219997
9363,0.1146900662670318
9364,0.219997
9365,0.15831809794066048
9366,0.12591010838110506
9367,0.08969171190782312
9368,0.0056360785502929285
9369,0.010197231898056495
9370,0.32610268243009755
9371,0.18323210640808402
9372,0.11286298814603452
9373,0.06350501905401248
9374,0.1287979128931034
9375,0.028658939706159837
9376,0.014030093379478407
9377,0.02766131362029668
9378,0.07508748485645174
9379,0.219997
9380,0.11083210233765803
9381,0.08334421230846974
9382,0.13241551000537016
9383,1.0
9384,0.1546764011487435
9385,0.05924990064789163
9386,0.220016
9387,0.10347714400673996
9388,0.349908
9389,0.349908
9390,0.12898707407339607
9391,0.028479381658130562
9392,0.05813466146922925
9393,0.10783729385720925
9394,0.219997
9395,0.07766626500877358
9396,0.2797034374447426
9397,0.09009544708434085
9398,0.08795555727935091
9399,0.010899534595082932
9400,0.049835858231204344
9401,0.06053190645397148
9402,0.10450628094418722
9403,0.03265316506257517
9404,0.1898654646697142
9405,0.2007550557045553
9406,0.20227120509529742
9407,0.219997
9408,0.056800151039296295
9409,0.219997
9410,0.3180469266959046
9411,0.3116951628525858
9412,0.11589457926281982
9413,0.015842979548212555
9414,0.06804682614506669
9415,0.026210654196277067
9416,0.013450887952332569
9417,0.08894865798659553
9418,0.5406207428060407
9419,0.019492399736033728
9420,0.1101714168002983
9421,0.39165463842302356
9422,0.219997
9423,0.019987279878029524
9424,0.029593188836187282
9425,0.013771750510754853
9426,0.021428337418179434
9427,0.04569065329452037
9428,0.11602319391917007
9429,0.219997
9430,0.23937837150493102
9431,0.14631082457310723
9432,0.15099729128993616
9433,0.3351980936792474
9434,0.32037329062649295
9435,0.219997
9436,0.27147025138604114
9437,0.45858258386065154
9438,0.20756452280229343
9439,0.044914755018610954
9440,0.044610582806396216
9441,0.13022127734932262
9442,0.05069322901202692
9443,0.349908
9444,1.0
9445,0.1307952916232553
9446,0.04392672659821359
9447,0.5439220233203175
9448,0.08280205962061131
9449,0.07253733508154589
9450,0.349908
9451,0.026624907750799454
9452,0.031805914797687344
9453,0.14535906578484478
9454,0.014442087094658383
9455,0.08443875125793353
9456,0.0074074334947038765
9457,0.349908
9458,0.049553787521468995
9459,0.20433944129441783
9460,0.33621198647134737
9461,0.219997
9462,0.349908
9463,0.6523714339100003
9464,0.349908
9465,0.04920067507674653
9466,0.219997
9467,0.24186179048030734
9468,0.220016
9469,1.0
9470,0.4487960115251726
9471,0.3427443924744509
9472,0.024911148117069598
9473,0.14812759222984237
9474,0.026344661836956475
9475,0.04552661159506194
9476,0.028649804278876187
9477,0.03930084416995742
9478,0.016147652114388768
9479,0.009889280778633129
9480,0.09516759017220824
9481,0.0028344990149733675
9482,0.004552440352721282
9483,0.0546176944520801
9484,0.1597740020081132
9485,0.15938929976397775
9486,0.14992389641652118
9487,0.219997
9488,0.1326083311389841
9489,0.219997
9490,0.29105438809935114
9491,0.06735232388518257
9492,0.219997
9493,0.23369104266396215
9494,0.028003831272496855
9495,0.06071429411517824
9496,1.0
9497,1.0
9498,0.6453216729966641
9499,0.009015689648317974
9500,0.0305561586453807
9501,0.024850483663962045
9502,0.04446355600910428
9503,0.350009
9504,0.09039457519417853
9505,0.028802432758522144
9506,0.05458199757001769
9507,0.028411585184267667
9508,0.039191910476065704
9509,0.15538353032273422
9510,0.07020336546390192
9511,0.015723202302648523
9512,0.45028911689374307
9513,0.02641577546472733
9514,0.03271151856332619
9515,0.219997
9516,0.219997
9517,0.15084441874752327
9518,0.1303954267576291
9519,0.22849650276785466
9520,0.316091662790394
9521,0.350009
9522,0.214018940459794
9523,0.1762556601808476
9524,1.0
9525,1.0
9526,0.777110036717678
9527,0.021218163334191006
9528,0.14090152176145992
9529,0.04896858741925648
9530,0.024642317947697272
9531,0.22713396370182853
9532,0.1542684766415588
9533,0.24398694812928923
9534,0.045629692398906845
9535,0.12648339977676545
9536,0.01840279054680518
9537,0.17139905430512772
9538,0.11058799001813228
9539,0.219997
9540,0.20146275732296817
9541,0.6782062477562597
9542,0.349908
9543,0.219997
9544,0.219997
9545,0.18782802045853655
9546,0.1171856695935684
9547,0.1853186932720383
9548,0.1048164702960065
9549,0.09652870421869235
9550,0.06628958059088846
9551,0.21547205469322608
9552,0.220016
9553,0.13953440196694333
9554,0.135866778744666
9555,0.052672835057337664
9556,1.0
9557,1.0
9558,1.0
9559,0.1255453902144431
9560,0.08804923832313258
9561,0.220016
9562,0.033803800363346084
9563,0.33780185496902
9564,0.034051723651680466
9565,0.004284630156114905
9566,0.02299699612715247
9567,0.03482434697356896
9568,0.05944460696866764
9569,0.1826112980312538
9570,0.05472847981171866
9571,0.5765014996220403
9572,1.0
9573,0.219997
9574,0.219997
9575,0.15864433325390304
9576,0.219997
9577,0.16346981711162548
9578,0.38989429590800795
9579,0.219997
9580,0.05736400638714481
9581,0.15832922420163115
9582,0.13785624036684113
9583,0.219997
9584,0.13253830044652407
9585,0.020131227733566466
9586,0.43827290659813783
9587,0.4181747092173071
9588,0.25624822765972827
9589,0.11057895145045246
9590,0.09746937086043007
9591,0.20788492772552908
9592,0.1328452307575092
9593,0.2612748565248695
9594,0.03387899925292017
9595,0.09746657201536862
9596,0.07123226121762696
9597,0.06571729654434547
9598,0.06851594997956281
9599,0.12771811278344106
9600,0.06913989595433731
9601,0.350009
9602,1.0
9603,0.4394349641358267
9604,0.349908
9605,0.219997
9606,0.219997
9607,0.28980109945572735
9608,0.8564553274823778
9609,0.10974208845326888
9610,0.01838015187418702
9611,0.08036733702206789
9612,0.07949199442399082
9613,0.220016
9614,0.219997
9615,0.10505902637417792
9616,0.349908
9617,0.219997
9618,0.2611632942908647
9619,1.0
9620,0.17729006026793614
9621,0.27927871621986755
9622,0.220016
9623,0.022728025148222877
9624,0.06904174371924873
9625,0.9959056798728045
9626,0.14397234601201464
9627,0.0871607689325275
9628,0.03150968773579951
9629,0.1034429368749368
9630,0.269567891954934
9631,0.4547758347083605
9632,0.349908
9633,1.0
9634,0.8247877765594495
9635,0.219997
9636,0.31979381291193043
9637,0.36445742320226915
9638,0.021278610295892522
9639,0.035926968499092736
9640,0.2233448319342328
9641,0.10132607753318718
9642,0.05329374346350624
9643,0.39308443387500275
9644,0.3200996980070353
9645,0.12009373916143923
9646,0.961680949001064
9647,0.49926321838880294
9648,0.008831128381516954
9649,0.10222387370356696
9650,0.1492617276539701
9651,0.11823005652434722
9652,0.09229230361374112
9653,0.01645753902300361
9654,0.023436499800424542
9655,0.047646547447413486
9656,0.09449379663677407
9657,0.219997
9658,0.15636152111959664
9659,0.219997
9660,0.700497113839596
9661,1.0
9662,0.8443688268135944
9663,0.39213874945289795
9664,1.0
9665,0.219997
9666,0.00529728654522181
9667,0.0761483971901085
9668,0.05703423254324483
9669,0.220016
9670,0.2715469972128578
9671,0.09150361414082203
9672,0.01262528519023494
9673,0.14868718052700095
9674,0.279380446531245
9675,0.030090618217608462
9676,0.0029776256618213068
9677,0.03582798074626644
9678,0.14789993717398756
9679,0.060472027300552456
9680,0.004226462620006141
9681,0.054390658798979634
9682,0.03345097696963629
9683,0.002647700542662697
9684,0.06851488483427998
9685,0.14689856897691328
9686,0.13169370473404238
9687,0.20193001968249905
9688,0.349908
9689,0.349908
9690,0.350009
9691,1.0
9692,1.0
9693,0.4695595480235953
9694,0.219997
9695,0.042443548993854385
9696,0.014963666462318647
9697,0.08727258386578914
9698,0.16146918930517662
9699,0.027283530869772667
9700,0.04161264105522765
9701,1.0
9702,0.028650168826534168
9703,0.02689796930738772
9704,0.220016
9705,0.08160088783147684
9706,0.220016
9707,0.13516365904791489
9708,0.026340765828430587
9709,0.10616283971666307
9710,0.009555667712625436
9711,0.03179431916021846
9712,0.06073727982933555
9713,0.10318780167601284
9714,0.219997
9715,0.9945948840321723
9716,0.4344857892140234
9717,0.27078535801953524
9718,1.0
9719,0.8827672919995309
9720,0.7731266154455536
9721,0.219997
9722,0.04574909717472199
9723,0.033371479146430155
9724,0.0889284847336177
9725,0.040571027316761626
9726,0.024780636640381208
9727,0.037519056959801976
9728,0.0783383664521326
9729,0.5464147813290633
9730,0.220016
9731,0.350009
9732,0.04007940619809052
9733,0.14284450578834373
9734,0.1312238929966414
9735,0.219997
9736,0.219997
9737,0.062376199054331984
9738,0.0491477732882156
9739,0.10491796659563923
9740,0.219997
9741,1.0
9742,0.3943773074734906
9743,0.8337959242534118
9744,0.349908
9745,0.56383763364975
9746,0.219997
9747,0.059311232124842225
9748,0.04129743876799911
9749,0.005202270527026048
9750,0.020799550894366237
9751,0.018685660444390243
9752,0.07478791123151579
9753,0.010096370682307896
9754,0.17180622368317702
9755,0.19983020425814976
9756,0.219997
9757,0.349908
9758,0.032039550868823805
9759,0.14449443435786208
9760,0.014932115735064224
9761,0.220016
9762,0.0305311511245014
9763,0.017474580658676495
9764,0.01438195149009519
9765,0.2160832359939897
9766,0.219997
9767,0.0419445384521844
9768,0.0015692304255473704
9769,0.2680462524179642
9770,0.349908
9771,0.18682179994153414
9772,0.12181076004088151
9773,0.219997
9774,0.10113223294223461
9775,0.05012077709920016
9776,0.1633602873431148
9777,0.19945945170631915
9778,0.04102623432613428
9779,0.012734444250010461
9780,0.24671063815025163
9781,0.013808193011681106
9782,0.01278952967039985
9783,0.02323302102715549
9784,0.1413177532602805
9785,0.10604480658331031
9786,0.06559023865964478
9787,0.219997
9788,0.02227594175427379
9789,0.11237995817662762
9790,0.011216976298149979
9791,0.11887327437186267
9792,0.349908
9793,0.5912328034205931
9794,0.6609072162878098
9795,0.10195934139783097
9796,0.01691799507797535
9797,0.0467226674406775
9798,0.07386180772040431
9799,0.0011893038758186657
9800,0.12878436242129176
9801,0.021517806346969228
9802,0.06596968881914049
9803,0.219997
9804,0.018183587974799385
9805,0.19301734952928534
9806,0.019781783710363283
9807,0.03534785446976314
9808,0.02819873573950127
9809,0.018529507525746818
9810,0.028347243206234506
9811,0.17614216360162355
9812,0.1446765757708023
9813,0.49110086189215557
9814,0.021577518460516386
9815,0.031860914133232256
9816,0.009945797042981737
9817,0.13867142823315695
9818,0.219997
9819,0.349908
9820,0.13751131081105203
9821,0.019674259564499873
9822,0.220016
9823,0.07296372043212387
9824,0.15973402588765245
9825,0.1988940793387838
9826,0.12864591348784896
9827,0.03263042449630311
9828,0.022793089428189313
9829,0.006343988090816778
9830,0.219997
9831,0.023900069088065967
9832,0.033991464088856796
9833,0.219997
9834,0.10693307031335243
9835,0.07511625488682029
9836,0.06737259779487884
9837,0.06821429447891031
9838,0.16747643628160408
9839,0.3750988102835854
9840,0.07540656955756264
9841,0.004622925590117474
9842,0.04757225939976609
9843,0.052856990812912556
9844,0.10492308521493812
9845,0.220016
9846,0.10876474111689316
9847,0.349908
9848,0.18782261463544556
9849,0.02899907767705096
9850,0.035512718872223986
9851,0.07031687331962076
9852,0.06638151706972005
9853,0.349908
9854,0.11463130176592218
9855,0.219997
9856,0.036075881201338034
9857,0.19307586312322159
9858,0.08584816125803217
9859,0.011260024399841653
9860,0.016098961076807434
9861,0.5248296649722104
9862,0.8692677007289494
9863,0.23532766496194565
9864,0.12058154651650942
9865,0.023675798195186358
9866,0.1089336462415357
9867,0.05179645009430509
9868,0.025492665930746165
9869,0.1969386120750929
9870,0.12504804523759977
9871,0.10466956591656114
9872,1.0
9873,0.02710242347173442
9874,0.08745314328149276
9875,0.09317992045356198
9876,0.10839398735428099
9877,0.02654937411598372
9878,0.05733806699606198
9879,0.2097118010128365
9880,0.349908
9881,0.11516590396973125
9882,0.220016
9883,0.04213524811763015
9884,0.05455988598372353
9885,0.012711106002624916
9886,0.05615531347571979
9887,0.219997
9888,0.04462391255205346
9889,0.0352709213415056
9890,0.12619405007153328
9891,0.034125809205958944
9892,0.03004709949452866
9893,0.11563615536549711
9894,0.027194369666426306
9895,0.219997
9896,0.03630510928319923
9897,0.0753907782581213
9898,0.022391627277698757
9899,0.003968783558863573
9900,0.1586254575501141
9901,0.219997
9902,0.11612532132153137
9903,0.6290891079190859
9904,0.1178479038707305
9905,0.17352699446933417
9906,0.031694982960943655
9907,0.09875602357695779
9908,0.18402263291789936
9909,0.050329193417432645
9910,0.8229817085515402
9911,0.12838125865919184
9912,0.009644148597183374
9913,0.005881348235752196
9914,0.09932271669798326
9915,0.219997
9916,0.03739806543741594
9917,0.016497843063492182
9918,0.1464805171894133
9919,0.12241948417864928
9920,0.02051581024960294
9921,0.033929440068063164
9922,0.48633136595746435
9923,0.010432172615334108
9924,0.01735072020069271
9925,0.035678219477156436
9926,0.034395437219353994
9927,0.08579909254472182
9928,0.08769641521311432
9929,0.0015492933447510057
9930,0.31767688104145
9931,0.21075884840715428
9932,0.005450926802768527
9933,0.011280643132379083
9934,0.01474717956894167
9935,0.15826687024842984
9936,0.219997
9937,0.1634244781098017
9938,0.2118627415154106
9939,0.09486252889143863
9940,0.03744567246597009
9941,0.011226973796096003
9942,0.10973797134714959
9943,0.2765812012922955
9944,0.1961079129053731
9945,0.015911118554902327
9946,0.08848588156331193
9947,0.0020674532072189515
9948,0.007507314619753746
9949,0.0286980622573689
9950,0.0004770273587100449
9951,0.0029596486377191124
9952,0.014239405231230495
9953,0.007973005440785653
9954,0.051475873095093605
9955,0.04230658239961934
9956,0.1260389186969767
9957,0.08141293580776632
9958,0.219997
9959,0.01987745456330878
9960,0.015439769885806238
9961,0.220016
9962,0.219997
9963,0.014050853146780399
9964,0.01786900866724486
9965,0.03373204953951124
9966,0.050106274295366404
9967,0.032401395324193914
9968,0.015882454673107088
9969,0.030497914259454986
9970,0.03909773193461964
9971,0.04180668750255565
9972,0.188236285395863
9973,0.019510224802009174
9974,0.014447444846122854
9975,0.021463564119523573
9976,0.022008976701783207
9977,0.06160535662218194
9978,0.05511799490161123
9979,0.007332816274699385
9980,0.0006204644284713656
9981,0.219997
9982,0.04396692071179836
9983,0.11171257238704684
9984,0.0019125408496535072
9985,0.017201496395451793
9986,0.1079917653775982
9987,0.06304655129403791
9988,0.006441716325252774
9989,0.219997
9990,0.12637654048844438
9991,0.1712744524956584
9992,0.1019837740125708
9993,0.02015208600887678
9994,0.219997
9995,0.025059969510858766
9996,0.01978264939848403
9997,0.00743722507153911
9998,0.21323269998067476
9999,0.09739942334814301
10000,0.012187034210014751
10001,0.16021660909701077
10002,0.0033808419877663777
10003,0.019654954776444952
10004,0.0010750776365936001
10005,0.0036812496726444798
10006,0.10332528529104461
10007,0.009357581077216466
10008,0.017819041823947144
10009,0.032155684424744924
10010,0.11579446273325422
10011,0.01592727822898145
10012,0.023629573732750507
10013,0.012232613435954567
10014,0.14215343908030945
10015,0.0674283950522644
10016,0.2159796207174487
10017,0.029592944104322227
10018,0.03387668875775212
10019,0.0028080827660088127
10020,0.0329562516837529
10021,0.0353166112792571
10022,0.12664020138894702
10023,0.013760043075523328
10024,0.04048322985248408
10025,0.04785151179634765
10026,0.011212181874263738
10027,0.015022124915232278
10028,0.04668443919188889
10029,0.1969757717687956
10030,0.219997
10031,0.14391017020079733
10032,0.028396603265267436
10033,0.03199560524430401
10034,0.052152175203103564
10035,0.220016
10036,0.07887656045250145
10037,0.008102500791257652
10038,0.0919766411361617
10039,7.056302269156715e-05
10040,0.05893221926050439
10041,0.219997
10042,0.04655042484431257
10043,0.006690415262866993
10044,0.044320690294846685
10045,0.1923308306074574
10046,0.03472379316516096
10047,0.15959850864414304
10048,0.4444036775636651
10049,0.350009
10050,0.03320743215694255
10051,0.039664745982808225
10052,0.0748990670645403
10053,0.01725660958212897
10054,0.349908
10055,0.043382986971453416
10056,0.220016
10057,0.12558200891006396
10058,0.23377039770362923
10059,0.09415602452616473
10060,0.03870243208873884
10061,0.027693090460520143
10062,0.04487906324617463
10063,0.0017595981138003721
10064,0.219997
10065,0.0465584333634081
10066,0.946179308612263
10067,0.311326515978738
10068,0.009151540602664817
10069,0.06983888330675393
10070,0.220016
10071,0.07751327423163523
10072,0.008037475488664418
10073,0.06063091780902747
10074,0.13132657947894968
10075,0.010814504818379856
10076,0.061411995436325174
10077,0.14341789179670342
10078,0.220016
10079,0.6762067165435319
10080,0.565658627991432
10081,0.219997
10082,0.219997
10083,0.349908
10084,0.013890938457933414
10085,0.048270519250854474
10086,0.01236378134674464
10087,0.05594060877102545
10088,0.015965534612125996
10089,0.219997
10090,0.6884920069199278
10091,0.17664372039768814
10092,0.3378084995919014
10093,0.7363414644163081
10094,0.17370449359914164
10095,0.0035600867456108
10096,0.47859924474843196
10097,0.051973617905347234
10098,0.349908
10099,0.052921704394115913
10100,0.10217536899705408
10101,0.05720838303380524
10102,0.09268956040955474
10103,0.04101205699060128
10104,0.220016
10105,0.10836285841920808
10106,0.07396905839314348
10107,0.046817909111855696
10108,0.220016
10109,0.3322922303006737
10110,0.12625931063509024
10111,0.06781748548593848
10112,0.05885087498978093
10113,0.028854603686546312
10114,0.031737163544830777
10115,0.061007593181102944
10116,0.017667614971673753
10117,0.075569022128098
10118,0.219997
10119,0.018489035805021994
10120,0.08662649964166341
10121,0.1702909842311208
10122,0.15317498687633477
10123,0.349908
10124,0.03451641246319406
10125,0.053746796660930574
10126,0.022505235458352115
10127,0.018967107616637745
10128,0.02548302203108742
10129,0.022446866952239908
10130,0.026495594170723655
10131,0.7694877041113777
10132,0.09786237421728403
10133,0.05520856806423552
10134,0.4581441409373267
10135,0.349908
10136,0.09880598230037703
10137,0.051628365461157205
10138,0.024842261342854555
10139,0.03004678537974828
10140,0.04062977813221614
10141,0.0094408364258552
10142,0.06057864172239931
10143,0.0034450653395271054
10144,0.016143323336362186
10145,0.11281841167680842
10146,0.150936533146585
10147,0.16155772457689688
10148,0.220016
10149,0.5674972641217388
10150,0.024782001480261696
10151,0.007949217304906688
10152,0.0756065623909877
10153,0.03413614968199785
10154,0.032790543430339415
10155,0.013696718467053946
10156,0.04945423512128844
10157,0.07612159411874672
10158,0.30984775558171374
10159,0.04074620344388761
10160,0.07003340301602519
10161,0.014746225014506835
10162,0.09302477555940496
10163,0.16981541233009712
10164,0.5745722296645202
10165,0.03511736316053618
10166,0.041441433813690774
10167,0.04781336765186847
10168,0.04051172994750709
10169,0.06299997798261664
10170,0.11627912892117487
10171,0.015406235676378095
10172,0.047191963644304585
10173,0.02576125914521075
10174,0.18003114975107512
10175,0.2014335214676968
10176,0.13454895594485433
10177,0.0863071770197904
10178,0.10484458955505639
10179,0.03945828055667615
10180,0.04771896940008813
10181,0.02676531950408631
10182,0.038310590052547895
10183,0.11607164997936588
10184,0.11055181470934265
10185,0.220016
10186,0.023789906678872503
10187,0.06027297276122842
10188,0.0458900020594045
10189,0.09749132077645226
10190,0.0343971456299377
10191,0.10003541847695609
10192,0.046866660682071994
10193,0.010999329872247148
10194,0.0850086184749363
10195,0.03370156655317494
10196,0.16176710847043405
10197,0.2890371953546198
10198,0.220016
10199,0.06159435367082196
10200,0.0471066927050558
10201,0.04984621749639305
10202,0.10717455280113983
10203,0.020686766593033076
10204,0.023442264921556728
10205,0.059583941479850855
10206,0.219997
10207,0.03450453615891928
10208,0.006345267239667619
10209,0.029197756264850907
10210,0.13045753624466563
10211,0.09667757328270778
10212,0.27559332833104355
10213,0.220016
10214,0.2604456408011656
10215,0.0915763821529565
10216,0.08950549428558661
10217,0.05489390293626153
10218,0.10470276996448113
10219,0.11460423545737256
10220,0.14178528423482714
10221,0.09587060324564882
10222,0.8627830625667752
10223,0.1685737483977253
10224,0.051275701854759034
10225,0.09915365116869429
10226,0.017915201740211897
10227,0.09803237360431528
10228,0.015465018283872702
10229,0.12771089109769135
10230,0.04252876974719491
10231,0.004513345063472809
10232,0.026942396793379012
10233,0.029319978233729872
10234,0.1824485516612664
10235,0.06808942352910427
10236,0.08911589048382597
10237,0.10515182852152236
10238,0.20532636179102634
10239,0.350009
10240,0.47629409757852625
10241,0.20142170056607836
10242,0.0347836816225485
10243,0.2130318045701833
10244,0.07830919754068041
10245,0.09133482345887002
10246,0.010895925069769311
10247,0.013278092616130065
10248,0.11722468758870605
10249,0.07200777370197732
10250,0.21059713116516282
10251,0.18524786082377775
10252,0.21098821432464937
10253,0.07321416701855026
10254,0.09833328034753412
10255,0.018999560596198495
10256,0.024057610939089615
10257,0.026182359982958096
10258,0.16168639582942035
10259,0.016096491870186767
10260,0.0018045329374242343
10261,0.04046382496096639
10262,0.0004747166659428469
10263,0.00921303091687319
10264,0.09114266075334296
10265,0.09908362104023338
10266,0.1653447564424822
10267,0.219997
10268,0.13647622989562602
10269,0.219997
10270,0.21696502349450228
10271,0.219997
10272,0.02131574002426589
10273,0.17637666755481868
10274,0.069141841906145
10275,0.10241138047624689
10276,0.0160805163080134
10277,0.035646131547782775
10278,0.05760918573996765
10279,0.017305283902046744
10280,0.021329477421083407
10281,0.11513635919343336
10282,0.11185777229674995
10283,0.027696694237432044
10284,0.07014066732704702
10285,0.10250709099949781
10286,0.038079631382846195
10287,0.06733031031193444
10288,0.010659799931004242
10289,0.016211737088237282
10290,0.030500934524215016
10291,0.09784417260768848
10292,0.030050476713933787
10293,0.06976383097543377
10294,0.15613478899268105
10295,0.0936975005114148
10296,0.219997
10297,0.41355739153852844
10298,0.15844664790282625
10299,0.15028567971705833
10300,0.1415334563244352
10301,0.219997
10302,0.210896722001643
10303,0.19329583267366596
10304,0.10764925068500822
10305,0.029570711099811763
10306,0.3824383168860976
10307,0.1298111817889193
10308,0.07939074358125886
10309,0.06918105387941322
10310,0.11492401244436667
10311,0.028658939706159837
10312,0.06320422180499964
10313,0.013758511115609252
10314,0.011801445251086815
10315,0.11087962292519964
10316,0.349908
10317,0.1124135629731054
10318,0.054002342551766294
10319,0.17556021030001642
10320,1.0
10321,0.20191887403238287
10322,0.023931613117706668
10323,0.20818190269940107
10324,0.14878650980136568
10325,0.349908
10326,0.349908
10327,0.18401316652265023
10328,0.010847143392267753
10329,0.08857050387556384
10330,0.16971956976535132
10331,0.32437817559716176
10332,0.0790052619587023
10333,0.18624046433325966
10334,0.08959338806318795
10335,0.060001548798612754
10336,0.017327198175693743
10337,0.02495525207643389
10338,0.06419977869183095
10339,0.07148445176532454
10340,0.12020404002694575
10341,0.019081280880273086
10342,0.19521295484194656
10343,0.219997
10344,0.219997
10345,0.219997
10346,0.08379324788637951
10347,0.219997
10348,0.29122984935943197
10349,0.349908
10350,0.1426420069084022
10351,0.015842979548212555
10352,0.1049542460599898
10353,0.005655145450089296
10354,0.014792944735315812
10355,0.08576913136820634
10356,0.47151760070202864
10357,0.04737199233889174
10358,0.0456794916635964
10359,0.489105960904399
10360,0.220016
10361,0.026685959858782304
10362,0.010244808921954684
10363,0.086407217909862
10364,0.13236716748066377
10365,0.219997
10366,0.28988062374401974
10367,0.1745853985473697
10368,0.10378461006036181
10369,0.349908
10370,0.219997
10371,0.219997
10372,0.31024995427441776
10373,0.5172403315704627
10374,0.2122283040084828
10375,0.013693264509972823
10376,0.025963242140179546
10377,0.10080847990365617
10378,0.1698889205635199
10379,0.09401249564419449
10380,0.219997
10381,1.0
10382,0.1307952916232553
10383,0.06398482744196098
10384,0.5073802879134709
10385,0.08625417347007885
10386,0.05321369686752362
10387,0.349908
10388,0.029145393337163775
10389,0.04447822964028274
10390,0.09498425868252705
10391,0.14768733679349363
10392,0.021206029791835574
10393,0.07734778260163266
10394,0.6463312535942441
10395,0.07234074100790287
10396,0.219997
10397,0.349908
10398,0.219997
10399,0.349908
10400,0.5952603017558616
10401,0.349908
10402,0.011834148716437811
10403,0.5032185219339494
10404,0.220016
10405,0.220016
10406,1.0
10407,0.349908
10408,0.350009
10409,0.005424053159184963
10410,0.15538084509123534
10411,0.026344661836956475
10412,0.10554599645480568
10413,0.02620759753932559
10414,0.00881389579643996
10415,0.016989490147216894
10416,0.08223453501200677
10417,0.012935274833522699
10418,0.005534770534297421
10419,0.046747164407008435
10420,0.12191957830297549
10421,0.15934487800942843
10422,0.13346109052967728
10423,0.219997
10424,0.14544100069518576
10425,0.349908
10426,0.219997
10427,0.06661498894223995
10428,0.16879800020624589
10429,0.2612951177305078
10430,0.04323288871960379
10431,0.0368729126402332
10432,1.0
10433,1.0
10434,0.6452891680441885
10435,0.009015689648317974
10436,0.011715975422408337
10437,0.003260820790942916
10438,0.005687870609406952
10439,0.350009
10440,0.03011833079182187
10441,0.056996550860657816
10442,0.011679201695292114
10443,0.1270187078054702
10444,0.15360119608447692
10445,0.08812650576611429
10446,0.005461088610039053
10447,0.7233855564430104
10448,0.004544819304515139
10449,0.032706982140216674
10450,0.219997
10451,0.17956740193180207
10452,0.1775991575104617
10453,0.0878679810786222
10454,0.22402856512000457
10455,0.22424012034141555
10456,0.011617546657969364
10457,0.011066126395178531
10458,0.350009
10459,0.15405987998430234
10460,0.1849839276075754
10461,1.0
10462,1.0
10463,0.7760957146694839
10464,0.021218163334191006
10465,0.06310620572756326
10466,0.0064954787476367275
10467,0.219997
10468,0.07943775617896912
10469,0.23821130882630623
10470,0.05068052113735851
10471,0.09107477046999916
10472,0.052456712297652315
10473,0.13056573290226983
10474,0.20989783720727428
10475,0.219997
10476,0.219997
10477,0.8921529817551983
10478,0.728249916314429
10479,0.349908
10480,0.219997
10481,0.219997
10482,0.219997
10483,0.15259308765373886
10484,0.08358704704386631
10485,0.11998843580441723
10486,0.18179167369569227
10487,0.220016
10488,0.219997
10489,0.2144986460437754
10490,0.07367054150834061
10491,1.0
10492,1.0
10493,1.0
10494,0.18391687759015082
10495,0.07007013055391866
10496,0.220016
10497,0.2879043665142205
10498,0.0588483509110367
10499,0.031018552566964893
10500,0.05971294281473274
10501,0.10186942799030772
10502,0.2061295001671507
10503,0.1020914174579065
10504,0.528456656645241
10505,1.0
10506,0.219997
10507,0.219997
10508,0.219997
10509,0.219997
10510,0.10210636363509619
10511,0.350009
10512,0.219997
10513,0.08917223991745493
10514,0.11398313347858638
10515,0.13472973408464928
10516,0.11304934227935372
10517,0.0799402002266039
10518,0.015567232183932704
10519,0.3574028546132508
10520,0.35497333371097617
10521,0.2691212723784414
10522,0.07995078038553258
10523,0.04512034786549728
10524,0.13991122624022773
10525,0.10250839716859622
10526,0.3560146813712666
10527,0.07248080606371744
10528,0.04815399354696198
10529,0.05146393637246569
10530,0.07915806057823518
10531,0.0761721276890951
10532,0.12216923302315835
10533,0.4062733835489355
10534,1.0
10535,0.7071917308635817
10536,0.349908
10537,0.21632830614011245
10538,0.349908
10539,0.219997
10540,0.8232929071511401
10541,0.13969099890491007
10542,0.05765212962416585
10543,0.09616968883901685
10544,0.04707091747597723
10545,0.21817098842783017
10546,0.219997
10547,0.18629679557555956
10548,0.349908
10549,0.350009
10550,0.349908
10551,1.0
10552,0.220016
10553,0.24562770312039361
10554,0.220016
10555,0.03662017011413044
10556,0.349908
10557,0.13389592703116793
10558,0.10905691529319843
10559,0.08810785293456434
10560,0.11204825917952259
10561,0.349908
10562,0.8721474245470908
10563,0.6977179248809622
10564,1.0
10565,0.7800308966449593
10566,0.219997
10567,0.30981943270261436
10568,0.349908
10569,0.005317562974574244
10570,0.18520721505907486
10571,0.11467042621100929
10572,0.015696586661908953
10573,0.350009
10574,0.219997
10575,0.09457611241615907
10576,0.9583956294609095
10577,0.3558753673097541
10578,0.008831128381516954
10579,0.1265592366338843
10580,0.15546073132276447
10581,0.11538012280341299
10582,0.04379968317956114
10583,0.029360921424792324
10584,0.09526770190284045
10585,0.1632962703586727
10586,0.19943768106371973
10587,0.28276836481168555
10588,0.9894572848668408
10589,1.0
10590,1.0
10591,0.6107903568635185
10592,1.0
10593,0.219997
10594,0.013292366940599059
10595,0.07203131299297065
10596,0.1050558746221987
10597,0.12210607697923172
10598,0.26359735767070475
10599,0.07033387478575295
10600,0.08215992507955633
10601,0.1369885678489252
10602,0.18725711416036092
10603,0.0782616617092192
10604,0.03638315144646846
10605,0.09773956510311872
10606,0.05959818707939299
10607,0.013358015886657216
10608,0.09648428567452062
10609,0.051725084251359486
10610,0.00819008326414544
10611,0.05997044728677593
10612,0.1733851043991896
10613,0.1349089830774382
10614,0.19416210982771515
10615,0.4655171680664488
10616,0.349908
10617,0.37274541974598313
10618,1.0
10619,1.0
10620,0.5229309768837334
10621,0.20106937356854385
10622,0.009309445654478941
10623,0.02758689656143491
10624,0.08104509066136874
10625,0.09660155126264984
10626,0.02047887344069005
10627,0.01380609068623462
10628,0.06012358102569535
10629,0.9785831589116643
10630,0.07152324124185906
10631,0.02689796930738772
10632,0.220016
10633,0.046572083273484
10634,0.08176012430928288
10635,0.06761703671258529
10636,0.14561563865966826
10637,0.009033806783864399
10638,0.06805546546273653
10639,0.02270850129631181
10640,0.04204300604666579
10641,0.08106393049468567
10642,0.1404575083118359
10643,0.219997
10644,1.0
10645,0.41067680747102575
10646,0.219997
10647,1.0
10648,0.903579141933997
10649,0.8628998059188455
10650,0.349908
10651,0.10662772961111473
10652,0.08173144042297409
10653,0.06646312524142214
10654,0.02836102049059921
10655,0.015488661097989824
10656,0.03929035078251521
10657,0.14845761794384868
10658,0.6119465566851315
10659,0.15362007504342404
10660,0.350009
10661,0.220016
10662,0.16165111278644995
10663,0.13412241016087684
10664,0.17055745367309397
10665,0.16632367093128894
10666,0.0893407832384759
10667,0.015055580146013492
10668,0.1043436882291876
10669,0.19270146699309576
10670,1.0
10671,0.350009
10672,0.8702679235149524
10673,0.350009
10674,0.349908
10675,0.219997
10676,0.14134398226512204
10677,0.038410620107739664
10678,0.03373232226977363
10679,0.1280951819568294
10680,0.014834889883181693
10681,0.15681350249563758
10682,0.12605412078404538
10683,0.17833907641919372
10684,0.350009
10685,0.032039550868823805
10686,0.09397637525872278
10687,0.014932115735064224
10688,0.220016
10689,0.08464688219160188
10690,0.12111597005602243
10691,0.219997
10692,0.0365676876776456
10693,0.25449556982217725
10694,0.349908
10695,0.1957039948969784
10696,0.219997
10697,0.00782304892577996
10698,0.219997
10699,0.1039964077462218
10700,0.0280954549906538
10701,0.18948623854535812
10702,0.11365359938533523
10703,0.06579555428390654
10704,0.012734444250010461
10705,0.220016
10706,0.013808193011681106
10707,0.01278952967039985
10708,0.026863589852573543
10709,0.20126212686694855
10710,0.01374590689917181
10711,0.10388278368207564
10712,0.11075641483165817
10713,0.21683963940933337
10714,0.03535669041600248
10715,0.10565516934368026
10716,0.0026881561034544322
10717,0.09944573014005995
10718,0.219997
10719,0.6601687191119177
10720,0.6357398684982172
10721,0.07440850787760471
10722,0.01691799507797535
10723,0.018621325298456837
10724,0.07576004116023127
10725,0.03514531279120793
10726,0.09846951321927161
10727,0.021517806346969228
10728,0.12075383662093622
10729,0.219997
10730,0.018183587974799385
10731,0.04281243179841914
10732,0.019781783710363283
10733,0.006405086672651728
10734,0.02736758590565922
10735,0.028347243206234506
10736,0.18439106920094606
10737,0.16107448006752023
10738,0.5431837425546532
10739,0.03212261446191023
10740,0.022023365849000328
10741,0.220016
10742,0.16953087923439408
10743,0.219997
10744,0.5286512685904761
10745,0.09558419212519584
10746,0.019674259564499873
10747,0.12482844782255151
10748,0.03522131315479834
10749,0.014821827401354539
10750,0.075427912368897
10751,0.14175811404370964
10752,0.11240737263103442
10753,0.01094517782028334
10754,0.018087211686193688
10755,0.027709579140844456
10756,0.010766009952729942
10757,0.219997
10758,0.02410250752802639
10759,0.024048102043459366
10760,0.1819898296806462
10761,0.10606216781034997
10762,0.09156166909066378
10763,0.08259164203895289
10764,0.07441891960066367
10765,0.17947681179915373
10766,0.349908
10767,0.033095137655326075
10768,0.005951152590577362
10769,0.020239866478000176
10770,0.1135163099908499
10771,0.04352155686769717
10772,0.09930598920722919
10773,0.2204063779343768
10774,0.08825852831677887
10775,0.349908
10776,0.18564077474795504
10777,0.0699149184659611
10778,0.05421607051097909
10779,0.07873803893300008
10780,0.01595552690316041
10781,0.4717943960297801
10782,0.219997
10783,0.07015287241331367
10784,0.14236658053821605
10785,0.10874853101616291
10786,0.001672771468451954
10787,0.01132212303424266
10788,0.5439331537051906
10789,0.9191662329097882
10790,0.27040258618563323
10791,0.11794743494901601
10792,0.06363978841595261
10793,0.0897846471728564
10794,0.06273027308420384
10795,0.12565764037473778
10796,0.1897160656833329
10797,0.09287733300358184
10798,1.0
10799,0.02710242347173442
10800,0.10010233485397631
10801,0.0454168821157457
10802,0.13099202219656256
10803,0.0020574423712879267
10804,0.033676618110128294
10805,0.219997
10806,0.4802159882910764
10807,0.100186363937159
10808,0.219997
10809,0.033392035452730624
10810,0.03936743449987489
10811,0.0238185823981315
10812,0.17230219126410723
10813,0.06200635518323268
10814,0.04598116921641352
10815,0.0809082493001398
10816,0.022716287053658336
10817,0.1601454792526552
10818,0.03281612115598169
10819,0.19303899088691906
10820,0.08348824803704907
10821,0.06511637295867277
10822,0.022391627277698757
10823,0.05118647903532386
10824,0.13923659848357928
10825,0.06165569348162849
10826,0.03316076839033945
10827,0.0369149812727153
10828,0.0731150115767445
10829,0.7083217053334518
10830,0.16841838017854305
10831,0.07440724062936421
10832,0.08878165003961837
10833,0.09362967926100871
10834,0.14395109009025595
10835,0.15237847323787315
10836,0.040445923045096005
10837,0.04397598285104513
10838,0.7069212857984101
10839,0.07978600617493471
10840,0.005881348235752196
10841,0.05908977351500926
10842,0.13957783647553637
10843,0.21330867063761613
10844,0.10214646604751838
10845,0.057686560242511155
10846,0.02503422659871363
10847,0.350009
10848,0.018444025679761545
10849,0.07666673609907983
10850,0.05923923673903023
10851,0.08406612241230918
10852,0.0638694836888926
10853,0.006750969711783552
10854,0.219997
10855,0.15228480455619778
10856,0.008471865662237385
10857,0.02179962997466156
10858,0.10135471106052933
10859,0.219997
10860,0.1670680346363104
10861,0.1108546416269577
10862,0.0383046556249169
10863,0.005134202275345226
10864,0.031091153527293018
10865,0.08874141911322292
10866,0.219997
10867,0.14384964059937605
10868,0.010556447464745345
10869,0.0012143469412002079
10870,0.02008709962528547
10871,0.008637921856917469
10872,0.025504919547382703
10873,0.01754229415869186
10874,0.031122955637725505
10875,0.01306700589430194
10876,0.014239405231230495
10877,0.0174268700173775
10878,0.02360954924798347
10879,0.0077227695733343696
10880,0.043352174624259235
10881,0.008156883121969638
10882,0.05085186502384894
10883,0.219997
10884,0.01305227300364145
10885,0.01987745456330878
10886,0.17977071669699674
10887,0.26802240646075975
10888,0.03967688550153253
10889,0.0201402633557781
10890,0.03326257808258533
10891,0.013557803659058731
10892,0.029047773186032144
10893,0.04226881988342056
10894,0.033274657398664954
10895,0.012783718164918294
10896,0.025741998793307297
10897,0.10064490988232672
10898,0.021583046469866016
10899,0.014447444846122854
10900,0.012238559564429995
10901,0.10261004749747042
10902,0.046584724287722624
10903,0.06160535662218194
10904,0.10484377064388592
10905,0.010357329073382084
10906,0.219997
10907,0.09187604317321103
10908,0.1028464236865588
10909,0.012662336039822114
10910,0.006757925561394642
10911,0.03350439435233327
10912,0.01795663032921498
10913,0.10875774165903453
10914,0.029805912127286296
10915,0.006880426350485615
10916,0.013826786417768348
10917,0.00548003209344972
10918,0.014951031741806715
10919,0.23387907131232186
10920,0.0926470069242503
10921,0.12965516807695526
10922,0.0519011928739822
10923,0.02015208600887678
10924,0.005675521983393095
10925,0.020157434338285287
10926,0.18982830185437896
10927,0.009743118976606121
10928,0.026557053440761483
10929,0.13684406937936724
10930,0.007824544359953375
10931,0.0789257925680192
10932,0.010119058625932948
10933,0.220016
10934,0.040534558752220826
10935,0.039528405747389764
10936,0.04513136630517944
10937,0.03098745260908479
10938,0.010300406233509411
10939,0.003124779566854644
10940,0.017819041823947144
10941,0.033739833324749766
10942,0.031221476447520973
10943,0.07118320457520598
10944,0.02895937462394634
10945,0.04743912267847501
10946,0.10804281210353821
10947,0.07701641418144431
10948,0.220016
10949,0.08975465174689054
10950,0.0406996056076194
10951,0.009132983775380393
10952,0.010461905180329408
10953,0.01867006668873769
10954,0.09908495151535156
10955,0.008000275544291514
10956,0.025459801451411513
10957,0.027167384972168612
10958,0.050412016750869405
10959,0.019886885814589608
10960,0.005872423969028511
10961,0.07554810430490257
10962,0.219997
10963,0.219997
10964,0.09586148696992058
10965,0.03055372913454746
10966,0.08910879394777876
10967,0.1386191565754597
10968,0.07887656045250145
10969,0.051196633235661836
10970,0.03289639575234089
10971,0.219997
10972,0.05601220087519499
10973,0.02837648145855905
10974,0.09362214431938118
10975,0.08744414609016538
10976,0.056846363121346256
10977,0.04011099568025232
10978,0.12662640821293034
10979,0.1191901376428066
10980,0.1297053683218354
10981,0.220016
10982,0.350009
10983,0.03320743215694255
10984,0.00826063559590761
10985,0.02169324449666878
10986,0.349908
10987,0.027139888300913805
10988,0.219997
10989,0.219997
10990,0.21002771346366825
10991,0.09415602452616473
10992,0.04100610218323885
10993,0.03870243208873884
10994,0.07746176992093638
10995,0.19303984147841363
10996,0.0465584333634081
10997,0.9027216781418844
10998,0.220016
10999,0.06983888330675393
11000,0.220016
11001,0.11620261501219033
11002,0.043259628798857475
11003,0.03353013353581759
11004,0.09962178988217985
11005,0.1263167024746535
11006,0.025051944396098254
11007,0.023230657815168126
11008,0.032999280407959165
11009,0.219997
11010,0.219997
11011,0.6009450259137772
11012,0.39716285251028643
11013,0.08522199388158312
11014,0.17876038760329624
11015,0.04144726472452063
11016,0.220016
11017,0.219997
11018,0.01958808770591373
11019,0.05623125909631385
11020,0.09265356959854318
11021,0.06230676826070069
11022,0.219997
11023,0.6765745924242706
11024,0.058824059770546805
11025,0.220016
11026,0.709057327890049
11027,0.219997
11028,0.5389744335183233
11029,0.1481920772931982
11030,0.6082576155214727
11031,0.06200491844592971
11032,0.09518983533087522
11033,0.05401574943279717
11034,0.09644903183841581
11035,0.06588852247547618
11036,0.12219665160030611
11037,0.1210165933984116
11038,0.014705370632303554
11039,0.056942303739218735
11040,0.3242499541299055
11041,0.12550811919075783
11042,0.0518467233131514
11043,0.11468890602955313
11044,0.0934520236976614
11045,0.0300610591198993
11046,0.019764326050741923
11047,0.009453064491044126
11048,0.075569022128098
11049,0.18204504870856536
11050,0.04542333763881367
11051,0.17786722990601497
11052,0.220016
11053,0.219997
11054,0.03451641246319406
11055,0.1233799117811275
11056,0.0850086184749363
11057,0.04945018691492218
11058,0.08380416696984912
11059,0.022446866952239908
11060,0.897747702134206
11061,0.1156566695529844
11062,0.12803586230181993
11063,0.349908
11064,0.46179128530250035
11065,0.10749966747458906
11066,0.002012466709697296
11067,0.03004678537974828
11068,0.00040518469695548774
11069,0.0094408364258552
11070,0.06437960524485276
11071,0.013194431732976748
11072,0.14749401083815725
11073,0.1526793859935389
11074,0.1483069555842904
11075,0.219997
11076,0.6913577066738409
11077,0.011721152463197526
11078,0.220016
11079,0.0738565228918918
11080,0.01717142857372665
11081,0.004825309141920133
11082,0.02674162187753436
11083,0.011805601094847257
11084,0.07702838954149721
11085,0.26200836089287594
11086,0.029646958344179714
11087,0.05418533543603822
11088,0.016845709249879746
11089,0.017490528070149697
11090,0.16716195855045718
11091,0.0330953526854003
11092,0.2133903057654972
11093,0.40494552259526995
11094,0.02054436532370652
11095,0.08765221294536929
11096,0.026671681589924313
11097,0.057971081799934314
11098,0.032740183445450155
11099,0.13026860328104845
11100,0.07302498649810654
11101,0.026026091084538162
11102,0.03893030999140535
11103,0.003888356061260417
11104,0.16519752888022377
11105,0.1484267167604824
11106,0.10779449257152318
11107,0.024945841760695246
11108,0.0705705381838779
11109,0.044567033316278926
11110,0.07194051765530445
11111,0.11487863353383515
11112,0.12218861321387449
11113,0.18255894648937065
11114,0.09464015331578828
11115,0.219997
11116,0.04592565797103001
11117,0.05677254274593258
11118,0.0468212882124933
11119,0.05167010972164367
11120,0.0977601671782335
11121,0.07092068223748796
11122,0.03370156655317494
11123,0.12084183997471921
11124,0.219997
11125,0.29729581838135327
11126,0.06587222259645424
11127,0.015821418550430708
11128,0.05350564330500624
11129,0.06071452959568083
11130,0.03105584535590818
11131,0.023442264921556728
11132,0.09387170176882302
11133,0.06392250069454654
11134,0.3469491002045035
11135,0.04223551056326775
11136,0.017073691961875487
11137,0.07607604231466908
11138,0.1048930254371735
11139,0.13109767803048963
11140,0.3251168123313265
11141,0.22897473306835317
11142,0.23524016394164382
11143,0.09199299952355093
11144,0.07322853553656623
11145,0.05133690547530525
11146,0.0956802343296541
11147,0.1525811013584877
11148,0.01893476523974348
11149,0.11271283687263565
11150,0.08110866924111168
11151,0.8643020776762349
11152,0.1391234731244735
11153,0.010791342884434368
11154,0.019126120292407
11155,0.12422475093751992
11156,0.010434052162890034
11157,0.03299460588768997
11158,0.06509514329267613
11159,0.017637014128052537
11160,0.09058123915164419
11161,0.06619713729304487
11162,0.03791018964741154
11163,0.05656639689234366
11164,0.219997
11165,0.11694202988677109
11166,0.12044973460283008
11167,0.12706775682173854
11168,0.17529846975677857
11169,0.220016
11170,0.43299833796392945
11171,0.19914969550886807
11172,0.029944029057940323
11173,0.20581721004905382
11174,0.05092012910684591
11175,0.09724101225790363
11176,0.010895925069769311
11177,0.013278092616130065
11178,0.15290968901861207
11179,0.021942263007554218
11180,0.219997
11181,0.10205407971171702
11182,0.19285211796035912
11183,0.048624556422941057
11184,0.07522023653231254
11185,0.01714855811813583
11186,0.010433118372654463
11187,0.219997
11188,0.016096491870186767
11189,0.06716083432969433
11190,0.059813411183917094
11191,0.02463639229215713
11192,0.05002112115934015
11193,0.11473929213684994
11194,0.10300391627402446
11195,0.1915542293709558
11196,0.219997
11197,0.1848924382904119
11198,0.3441803668971594
11199,0.219997
11200,0.219997
11201,0.014390401510808065
11202,0.20899907020072261
11203,0.0820321346909294
11204,0.10900858616187901
11205,0.0160805163080134
11206,0.06358824940608014
11207,0.21375366773252524
11208,0.028013801885308772
11209,0.033229533237856365
11210,0.06565472456227477
11211,0.0074717353246429195
11212,0.10959103950437482
11213,0.13826406349948045
11214,0.0022828976274025404
11215,0.04719197581873742
11216,0.002104292105163478
11217,0.026644793657392328
11218,0.17106895616036794
11219,0.07994224822448394
11220,0.0529241879789994
11221,0.16370901168726715
11222,0.11108576375240939
11223,0.219997
11224,0.349908
11225,0.13024375441723257
11226,0.16383806344595103
11227,0.11722693705567731
11228,0.219997
11229,0.1618018559907311
11230,0.16389453068689996
11231,0.12860013125151332
11232,0.016422280253312643
11233,0.015450864846302412
11234,0.005702937141118444
11235,0.4214178115001154
11236,0.1585217998269441
11237,0.06028752033150866
11238,0.07263678488793698
11239,0.17066005958520689
11240,0.016809375745605402
11241,0.07020429347344895
11242,0.03354905305071289
11243,0.1578328631460471
11244,0.349908
11245,0.11331782316607533
11246,0.07027374117903501
11247,0.219997
11248,1.0
11249,0.17931530001168375
11250,0.02805147050776005
11251,0.24928719419971296
11252,0.1884194506280053
11253,0.27348537736380296
11254,0.349908
11255,0.1871302730484781
11256,0.033432284829498185
11257,0.09730159118026933
11258,0.07038217381203415
11259,0.11201595865984357
11260,0.219997
11261,0.04068543004796235
11262,0.219997
11263,0.10674441055947105
11264,0.014325133553935682
11265,0.02109201680747937
11266,0.02004387190033361
11267,0.02495525207643389
11268,0.08006094592300614
11269,0.07513409956748211
11270,0.12396120173488188
11271,0.022247930185497214
11272,0.219997
11273,0.219997
11274,0.219997
11275,0.219997
11276,0.12103959502660266
11277,0.21537155433686203
11278,0.349908
11279,0.349908
11280,0.0860081407121597
11281,0.015842979548212555
11282,0.15776920895961408
11283,0.0421404053520379
11284,0.05847842485694054
11285,0.4904436712826404
11286,0.05705700874512449
11287,0.08158074271232083
11288,0.38074334121379666
11289,0.25627045589331465
11290,0.008016394148173896
11291,0.09269529228051385
11292,0.11961003744418269
11293,0.219997
11294,0.349908
11295,0.016068748149991114
11296,0.18234541318150915
11297,0.06956563419580365
11298,0.219997
11299,0.219997
11300,0.219997
11301,0.219997
11302,0.5122668265924082
11303,0.179985902740837
11304,0.06367220877089247
11305,0.13216221942893522
11306,0.07547698654933135
11307,0.349908
11308,1.0
11309,0.1307952916232553
11310,0.08855507605249807
11311,0.37019058334319044
11312,0.02955099158092272
11313,0.09533732724667393
11314,0.349908
11315,0.024543490516838063
11316,0.1120315700304889
11317,0.1891124417269238
11318,0.00969875326429035
11319,0.06581923123520213
11320,0.0074074334947038765
11321,0.5835062356348778
11322,0.05854293645945626
11323,0.16628000175547353
11324,0.349908
11325,0.219997
11326,0.349908
11327,0.5607825318085651
11328,0.349908
11329,0.06064189091277224
11330,0.219997
11331,0.220016
11332,0.220016
11333,1.0
11334,0.349908
11335,0.395138528625653
11336,0.046823998865398155
11337,0.1369052745903502
11338,0.11141598157383412
11339,0.03144907617983303
11340,0.029750149805054086
11341,0.016993001878378478
11342,0.03305410513000748
11343,0.12339270592212499
11344,0.012935274833522699
11345,0.016082197412540584
11346,0.03442117853054713
11347,0.05106694536057285
11348,0.15325903121235637
11349,0.219997
11350,0.16266264260325522
11351,0.16331805974259736
11352,0.349908
11353,0.220016
11354,0.05138940588927025
11355,0.20619002804337688
11356,0.28614387194095375
11357,0.06220541010651637
11358,0.06582018874503005
11359,1.0
11360,1.0
11361,0.8250999347815614
11362,0.009015689648317974
11363,0.033649992878375924
11364,0.032429393237405645
11365,0.350009
11366,0.09278564445564236
11367,0.04070583066316264
11368,0.19711276737396774
11369,0.1676091192677025
11370,0.20851830938525415
11371,0.015723202302648523
11372,0.7994493994969449
11373,0.02641577546472733
11374,0.05468918203355789
11375,0.219997
11376,0.20543503230384036
11377,0.18409810140263091
11378,0.09637777174093103
11379,0.220016
11380,0.220016
11381,0.035047086556776026
11382,0.20800573389736718
11383,0.14902709504371772
11384,0.11804425726287511
11385,1.0
11386,1.0
11387,0.8586882855998274
11388,0.012215339255847212
11389,0.07616311768876173
11390,0.0028074914304557197
11391,0.2546873320058786
11392,0.10850026432410995
11393,0.25024460853773073
11394,0.039246954956951255
11395,0.0697571317986453
11396,0.056350476948821775
11397,0.11674904303392161
11398,0.20778242595781626
11399,0.219997
11400,0.18816753332218467
11401,0.8480260914991228
11402,0.6034850987888173
11403,0.349908
11404,0.219997
11405,0.219997
11406,0.13160213994473224
11407,0.20285430719044628
11408,0.11179166849291165
11409,0.07590726027412434
11410,0.013783833355565335
11411,0.1586319121082275
11412,0.17680192559375088
11413,0.1467843706737651
11414,0.1476287366582983
11415,0.021718267160300307
11416,1.0
11417,1.0
11418,1.0
11419,0.12422279674944792
11420,0.06714383581729878
11421,0.220016
11422,0.25940335355744726
11423,0.017267866028525883
11424,0.015022485141566165
11425,0.06357632557752615
11426,0.10293831625255793
11427,0.16359122242790808
11428,0.09360323534984533
11429,0.6522943441140575
11430,1.0
11431,0.21447674701194785
11432,0.219997
11433,0.219997
11434,0.219997
11435,0.1506490543340584
11436,0.350009
11437,0.1890638754075618
11438,0.052380576658744744
11439,0.10097324919026002
11440,0.1853429765298271
11441,0.07626075711670967
11442,0.0771952867392587
11443,0.05760698889981258
11444,0.349908
11445,0.36068348709049597
11446,0.19233721895354655
11447,0.09938611592924616
11448,0.006762727397640205
11449,0.11927414049619844
11450,0.1634462941567209
11451,0.3485145485375075
11452,0.010325418301569985
11453,0.0859163065635322
11454,0.07733811285477421
11455,0.07018792890365881
11456,0.03984374648395155
11457,0.13000964073644292
11458,0.11760580573635152
11459,0.350009
11460,1.0
11461,0.5898527355539602
11462,0.219997
11463,0.219997
11464,0.219997
11465,0.219997
11466,1.0
11467,0.10555440863216985
11468,0.03421095269417347
11469,0.003885382092416204
11470,0.09914574665697043
11471,0.1956915866649739
11472,0.219997
11473,0.10365038456772219
11474,0.36360037164894293
11475,0.350009
11476,0.349908
11477,1.0
11478,0.220016
11479,0.0005828179205550618
11480,0.219997
11481,0.22158460382453132
11482,0.026562871305737906
11483,0.0002887090474135603
11484,0.219997
11485,0.12761309534860227
11486,0.03987900605523903
11487,0.11099941031625474
11488,0.15550427309193107
11489,0.219997
11490,0.6894524599353803
11491,0.850316728794022
11492,1.0
11493,0.6453978147554184
11494,0.219997
11495,0.31405968971719006
11496,0.349908
11497,0.0075801935952570345
11498,0.11004076886408012
11499,0.13005819789663628
11500,0.11810458070743914
11501,0.4192783915205339
11502,0.219997
11503,0.07546349238407575
11504,0.7464004500791416
11505,0.4911673448436439
11506,0.008831128381516954
11507,0.10644059598084876
11508,0.15335375944670707
11509,0.15010953818379932
11510,0.09077446646739873
11511,0.06489278339613337
11512,0.02579176862164069
11513,0.0811479797846946
11514,0.219997
11515,0.15928782553277018
11516,0.27953423648119885
11517,0.7952453628208116
11518,1.0
11519,0.8677317788705206
11520,0.576593831228776
11521,1.0
11522,0.1903588416064024
11523,0.09063029293322192
11524,0.1048864059218752
11525,0.15732042640570382
11526,0.219997
11527,0.04366676388980096
11528,0.01729540416158173
11529,0.2020055211944413
11530,0.219997
11531,0.06581463460233562
11532,0.0029776256618213068
11533,0.018218690998290064
11534,0.04450224909826465
11535,0.023616411717319687
11536,0.0864522787238956
11537,0.01994680802376756
11538,0.021067239304833816
11539,0.1345853072995647
11540,0.09055934408692973
11541,0.14877184221134135
11542,0.349908
11543,0.349908
11544,0.350009
11545,1.0
11546,1.0
11547,0.5433016781320102
11548,0.16458890594466577
11549,0.03218606794158727
11550,0.0953905886318534
11551,0.219997
11552,0.013773758390620259
11553,0.01380609068623462
11554,0.013276315422029035
11555,1.0
11556,0.03518424452591518
11557,0.02689796930738772
11558,0.11211892672958915
11559,0.11078060241327178
11560,0.13676505926026988
11561,0.037350544770523394
11562,0.08030210907189557
11563,0.01136516522476742
11564,0.05093994721492833
11565,0.06737397257248313
11566,0.1996393396149303
11567,0.219997
11568,1.0
11569,0.4890012827536346
11570,0.219997
11571,1.0
11572,0.7447869568707307
11573,0.7037320000792668
11574,0.219997
11575,0.04209813279220927
11576,0.06248779242887789
11577,0.05346580673446757
11578,0.04853861743495268
11579,0.04298501883287009
11580,0.04510437974934858
11581,0.07417466580453834
11582,0.8211100195178418
11583,0.220016
11584,0.5514682656600902
11585,0.014668524875101919
11586,0.1301367107947842
11587,0.15531997305328402
11588,0.219997
11589,0.220016
11590,0.0539042629217163
11591,0.026184490153601168
11592,0.0007744913277272498
11593,0.053572936913782294
11594,0.19173804326079588
11595,1.0
11596,0.350679816247237
11597,0.9733167456881491
11598,0.349908
11599,0.5023471983967314
11600,0.219997
11601,0.12657753476358446
11602,0.07066217697391752
11603,0.03373232226977363
11604,0.007425339216859593
11605,0.1208092635088893
11606,0.04587705116256505
11607,0.13893753602671813
11608,0.1377232720919826
11609,0.15090767263118568
11610,0.32449848762598654
11611,0.032039550868823805
11612,0.06999781930849863
11613,0.220016
11614,0.013453886003407765
11615,0.01438195149009519
11616,0.1913300738240732
11617,0.3022775054368197
11618,0.049260358976295854
11619,0.31585666740001883
11620,0.219997
11621,0.12289643408798114
11622,0.1342038950503323
11623,0.219997
11624,0.12978873433151053
11625,0.03188487347883576
11626,0.219997
11627,0.18913913270960786
11628,0.05619540680094787
11629,0.012734444250010461
11630,0.26777967293443194
11631,0.01278952967039985
11632,0.05185562927146752
11633,0.12147957291825251
11634,0.11512913274174374
11635,0.219997
11636,0.09072922339233191
11637,0.11513467139909873
11638,0.11594682251827108
11639,0.219997
11640,0.6812041337203099
11641,0.6931580926729451
11642,0.16787749519989845
11643,0.01691799507797535
11644,0.02228008225585298
11645,0.03514531279120793
11646,0.025805776227954158
11647,0.044050758351607475
11648,0.11104031484848054
11649,0.219997
11650,0.048381612429935765
11651,0.06481801550541726
11652,0.021204508546971135
11653,0.02736758590565922
11654,0.015241869916895152
11655,0.028347243206234506
11656,0.20681721472215275
11657,0.18672595227264274
11658,0.5833510710700062
11659,0.031406305100273535
11660,0.033467704763519075
11661,0.07252982729778723
11662,0.11005520588865579
11663,0.219997
11664,0.513087155578006
11665,0.17128040886350682
11666,0.03516253704934255
11667,0.08878739580470559
11668,0.003284953652343948
11669,0.07147553069095629
11670,0.0960120940511393
11671,0.19844676186971258
11672,0.06291460751853076
11673,0.02108670913347538
11674,0.018087211686193688
11675,0.006145024471235123
11676,0.016901986162801794
11677,0.219997
11678,0.02835286077685083
11679,0.041674751892559335
11680,0.2185268657301469
11681,0.16889312282985336
11682,0.05897808938319928
11683,0.039371507391462425
11684,0.05995257154540545
11685,0.1486667879544804
11686,0.5112642642912734
11687,0.046545629450112314
11688,0.005951152590577362
11689,0.021278258837466115
11690,0.007674387363834157
11691,0.09413487845029316
11692,0.06264040113569866
11693,0.10796025664521043
11694,0.220016
11695,0.06351883457455018
11696,0.3222911083110977
11697,0.10790359369146485
11698,0.0693263551057632
11699,0.011299853631577327
11700,0.06678817352296115
11701,0.05462973870814054
11702,0.013226888578030251
11703,0.38401876546084973
11704,0.10061137086456438
11705,0.0393509534563715
11706,0.18558760328181534
11707,0.1277200875170792
11708,0.011260024399841653
11709,0.014987838882592598
11710,0.5906825257745664
11711,0.9997801353677511
11712,0.219997
11713,0.06294417767065101
11714,0.07578648246336088
11715,0.0893197206429363
11716,0.02623393679129778
11717,0.12867580876976406
11718,0.15525214037483978
11719,0.07153323155381855
11720,1.0
11721,0.08088764693887197
11722,0.06002719601624769
11723,0.09644941584029977
11724,0.005661205090716623
11725,0.09440496670997985
11726,0.2039253626434506
11727,0.4282396236251813
11728,0.09122062649160101
11729,0.1642933222017359
11730,0.033392035452730624
11731,0.005568899025886035
11732,0.06383761220219863
11733,0.18089210790898264
11734,0.06968685161324137
11735,0.07191282652226717
11736,0.1850091242277686
11737,0.12497964657970152
11738,0.0763609757920438
11739,0.041255369582434406
11740,0.06941390585993407
11741,0.0800993401584669
11742,0.13686508415438897
11743,0.06407522774160043
11744,0.009100557412596527
11745,0.06311846781738106
11746,0.1155306612141646
11747,0.14108963395459334
11748,0.03389234721018503
11749,0.09292088144179617
11750,0.7169685450502313
11751,0.219997
11752,0.1320783678609999
11753,0.01312282799791297
11754,0.0226401421333613
11755,0.004011048231641723
11756,0.09910196339007525
11757,0.12389868299970419
11758,0.010634918480067696
11759,0.011128243481376546
11760,0.349908
11761,0.03782924000242063
11762,0.08251672826245213
11763,0.219997
11764,0.028512131132834455
11765,0.220016
11766,0.08856729348682875
11767,0.05134142026098699
11768,0.026500986921770817
11769,0.350009
11770,0.06924417755424869
11771,0.09012190442335491
11772,0.007728452054119408
11773,0.031711168077335705
11774,0.051693213133257476
11775,0.0855070635736781
11776,0.021968077141489444
11777,0.02669355401941347
11778,0.19599006565913635
11779,0.17030456168747257
11780,0.02100289942350183
11781,0.0004174572981410545
11782,0.029321404648665478
11783,0.219997
11784,0.09629252520481556
11785,0.1119039772419442
11786,0.02330466435714122
11787,0.006830385148101184
11788,0.08548706089365575
11789,0.220016
11790,0.20425466600371753
11791,0.219997
11792,0.010556447464745345
11793,0.010969474390597018
11794,0.0926246775390334
11795,0.039509219949927586
11796,0.007736255526570491
11797,0.042531462023133466
11798,0.021211096392394206
11799,0.012647638022468608
11800,0.014239405231230495
11801,0.02457038063387007
11802,0.02360954924798347
11803,0.00802863022788043
11804,0.03627524114430417
11805,0.020974899566367663
11806,0.11627774731156913
11807,0.219997
11808,0.01987745456330878
11809,0.12630724585484726
11810,0.019912979240153835
11811,0.219997
11812,0.014050853146780399
11813,0.02983581345275304
11814,0.0650409212652379
11815,0.011029706949214839
11816,0.00997714417530558
11817,0.052411045365669096
11818,0.003410059764564086
11819,0.012783718164918294
11820,0.013205832862049825
11821,0.04576367590864437
11822,0.004965540539482976
11823,0.012238559564429995
11824,0.10915666111808188
11825,0.012310245832992681
11826,0.10183235317033752
11827,0.02012989944709133
11828,0.05438824389277724
11829,0.023093684281762103
11830,0.021586102643293147
11831,0.0005251297948875205
11832,0.219997
11833,0.0751898323243743
11834,0.09890213737073035
11835,0.01201107994274789
11836,0.006757925561394642
11837,0.014990073727827326
11838,0.04187279631591359
11839,0.01795663032921498
11840,0.029652500663069868
11841,0.12880800485830507
11842,0.02326982102077711
11843,0.3130855578344731
11844,0.05011552189979226
11845,0.15377816425796545
11846,0.11647602868685013
11847,0.007094495370775519
11848,0.1534164017337205
11849,0.040139389889285004
11850,0.014710149008573259
11851,0.00743722507153911
11852,0.16947066027065008
11853,0.014676606658952082
11854,0.08973618264587187
11855,0.18553019648250083
11856,0.027801668081682367
11857,0.02265701007648781
11858,0.07996247835779569
11859,0.03521983093971545
11860,0.020488044815996618
11861,0.002393304237545367
11862,0.017819041823947144
11863,0.029327589640297247
11864,0.005933779124419278
11865,0.01839026143189773
11866,0.04235456627131754
11867,0.10468044744532701
11868,0.07208470699614483
11869,0.006523165504119798
11870,0.220016
11871,0.056821735505649944
11872,0.018926817587066
11873,0.01903389751695643
11874,0.006568665617479254
11875,0.025674056036980173
11876,0.1234177152876181
11877,0.0387721165660551
11878,0.045804853497838256
11879,0.0298715105352614
11880,0.02535331815778529
11881,0.019886885814589608
11882,0.0508482292621399
11883,0.18414567621613517
11884,0.33508090758473
11885,0.028861096624487968
11886,0.09302721082333794
11887,0.027965220771922546
11888,0.052152175203103564
11889,0.06007818692691096
11890,0.030189010931356838
11891,0.07887656045250145
11892,0.027412393635266676
11893,0.07396959961107197
11894,0.05300734432986412
11895,0.004327398085467038
11896,0.1884737762873957
11897,0.12248578653792719
11898,0.05365968932034052
11899,0.04101408213570506
11900,0.044320690294846685
11901,0.1388377869142057
11902,0.06779046604048915
11903,0.05024350767155175
11904,0.219997
11905,0.350009
11906,0.13685867209990463
11907,0.0748990670645403
11908,0.5458748449385148
11909,0.05920517057185712
11910,0.24562057451087657
11911,0.13010535440736487
11912,0.220016
11913,0.09415602452616473
11914,0.03870243208873884
11915,0.07850166863391105
11916,0.20690405181097116
11917,0.032762869156624845
11918,0.9888341898759326
11919,0.220016
11920,0.18770389111542324
11921,0.220016
11922,0.08998332419268329
11923,0.013752527473302923
11924,0.07519650067252935
11925,0.05762664361587245
11926,0.025051944396098254
11927,0.023230657815168126
11928,0.08643749503018267
11929,0.20697767823758503
11930,0.1564052632194595
11931,0.5349712644866456
11932,0.35697624027890074
11933,0.06027009402538763
11934,0.1312268221425112
11935,0.04144726472452063
11936,0.220016
11937,0.3296194647557198
11938,0.0009006962634959315
11939,0.02127368025891805
11940,0.04872630412849792
11941,0.08309533670794868
11942,0.05685018718385615
11943,0.16231988508028586
11944,0.4069024697092586
11945,0.07171181655673238
11946,0.3179777682048313
11947,0.6064394429082036
11948,0.219997
11949,0.03212669991294454
11950,0.6023991238840968
11951,0.07165668295311514
11952,0.62410499783932
11953,0.05320028759117431
11954,0.0630483774793213
11955,0.13923234443612248
11956,0.05782458171570545
11957,0.06677600366291421
11958,0.219997
11959,0.17142638702087254
11960,0.008945469570571081
11961,0.004689461851977618
11962,0.350009
11963,0.1294482473615947
11964,0.0499281048968259
11965,0.09967228275216498
11966,0.15343236491851966
11967,0.004218223377806026
11968,0.0053889054882000865
11969,0.009453064491044126
11970,0.075569022128098
11971,0.18129157739097596
11972,0.219997
11973,0.11375613558263896
11974,0.08802331926307719
11975,0.32317574009240846
11976,0.030475045930406272
11977,0.0562252029881158
11978,0.0161647402199066
11979,0.03937805739309579
11980,0.018795200096287084
11981,0.6174948330046288
11982,0.2083497280160862
11983,0.12487706015590185
11984,0.349908
11985,0.5117023201228879
11986,0.009159327099891545
11987,0.0935157399422377
11988,0.06407924753461292
11989,0.02101819444282519
11990,0.03004678537974828
11991,0.02703242073840738
11992,0.022032642137352454
11993,0.0094408364258552
11994,0.06563839335525663
11995,0.016615308898468642
11996,0.013194431732976748
11997,0.17556849749680536
11998,0.10543660760174244
11999,0.14655375008064453
12000,0.219997
12001,0.6489328420359394
12002,0.009402867265803458
12003,0.02389007853675828
12004,0.10617904825850494
12005,0.01717142857372665
12006,0.032916198062773516
12007,0.039209378949087735
12008,0.024590349886998188
12009,0.06370816926639114
12010,0.28799133157430634
12011,0.010092463259597409
12012,0.07586810919745764
12013,0.017490528070149697
12014,0.10840087646036803
12015,0.009420374423195814
12016,0.2164998585494186
12017,0.4465286241474775
12018,0.011045879753324274
12019,0.04348331434578146
12020,0.06693082514716815
12021,0.027617332988805608
12022,0.042069658053463146
12023,0.014919481095735888
12024,0.11091762541116991
12025,0.015648047606676103
12026,0.03656604227001005
12027,0.01716760508694281
12028,0.16547960432124123
12029,0.12816430314298263
12030,0.14227136947343705
12031,0.07110630556420008
12032,0.07807941140585277
12033,0.03686925667605093
12034,0.07556858956583751
12035,0.10022757934368312
12036,0.0850034476791513
12037,0.21417874444182539
12038,0.14822099474952652
12039,0.2639523117554009
12040,0.013456331049344161
12041,0.05936605508829118
12042,0.05532642890984805
12043,0.06984662999314059
12044,0.06614125728550457
12045,0.12182564943238877
12046,0.03618903043772339
12047,0.009501299406767161
12048,0.16608806107525353
12049,0.219997
12050,0.349908
12051,0.0904866189860077
12052,0.09030387851127351
12053,0.03377183347768799
12054,0.1412556522544776
12055,0.035404777597260025
12056,0.023442264921556728
12057,0.053993124019446934
12058,0.011704151887510762
12059,0.034228020006260566
12060,0.219997
12061,0.044713136277088006
12062,0.03690329358229757
12063,0.07920877873207231
12064,0.12617905823246894
12065,0.15937026349916106
12066,0.24894999348411662
12067,0.29964040197697633
12068,0.28531484803542645
12069,0.051245709287149346
12070,0.08086569861356306
12071,0.05344078818148243
12072,0.099682537129641
12073,0.09074357086064283
12074,0.10163027549258084
12075,0.04736832045943294
12076,0.7875063244586591
12077,0.19508454355133603
12078,0.027422945506646777
12079,0.11643356045694826
12080,0.0831758734969018
12081,0.07709470553962143
12082,0.041051171416179935
12083,0.005200069471409622
12084,0.16200200078118368
12085,0.03629665802017011
12086,0.04576162562782786
12087,0.04214415282134799
12088,0.1882557535432134
12089,0.10207654845373781
12090,0.13951600830196886
12091,0.10929211859502984
12092,0.11634381088881086
12093,0.34714277520025244
12094,0.5792101429737038
12095,0.15098737358276695
12096,0.045313460782676014
12097,0.1298652944836177
12098,0.04544113367134764
12099,0.10884152836898199
12100,0.02466122842925503
12101,0.013278092616130065
12102,0.06523528282195236
12103,0.040334070850513985
12104,0.13853975127963436
12105,0.04971630631745535
12106,0.1404048604972574
12107,0.026777797410615468
12108,0.11502761235258688
12109,0.03555584374490378
12110,0.2081254535129352
12111,0.016096491870186767
12112,0.053228927121229064
12113,0.05430913723821707
12114,0.04616954044337155
12115,0.018757194195276265
12116,0.013873268023798208
12117,0.04729901124387964
12118,0.07960896815971247
12119,0.07551801060720298
12120,0.1272974455903375
12121,0.219997
12122,0.1901070887558274
12123,0.349908
12124,0.30056547044578263
12125,0.219997
12126,0.05903854562990544
12127,0.219997
12128,0.04217852803288368
12129,0.10918024966856116
12130,0.04701722952281369
12131,0.20222573929401186
12132,0.05789386172167426
12133,0.03679725103769464
12134,0.10396468928008809
12135,0.027065977895312412
12136,0.04277730133916575
12137,0.09676445661373811
12138,0.10572953422924326
12139,0.07203925528978064
12140,0.030916307377593412
12141,0.16528941106271727
12142,0.06862197148457574
12143,0.1109642122812286
12144,0.11318445796665952
12145,0.1532818007272033
12146,0.219997
12147,0.349908
12148,0.20006962250703342
12149,0.16159154152445437
12150,0.09010232003467815
12151,0.1477981148034202
12152,0.136531348881836
12153,0.16899716124214292
12154,0.14182391767733551
12155,0.03962284205565759
12156,0.45218127113790413
12157,0.09660162897809353
12158,0.10590163420742621
12159,0.022287882254880084
12160,0.1900076070557478
12161,0.043532977399463615
12162,0.005846146808683885
12163,0.01603356863476559
12164,0.10768504131155168
12165,0.349908
12166,0.0920862082486746
12167,0.08907510704679492
12168,0.2116993240690802
12169,1.0
12170,0.16645239011174368
12171,0.001465842133138944
12172,0.22112748226077159
12173,0.11166875130424339
12174,0.219997
12175,0.349908
12176,0.1349977366475377
12177,0.033432284829498185
12178,0.10928155067693171
12179,0.12130106855618496
12180,0.21490263918889937
12181,0.024956597556668063
12182,0.219997
12183,0.11934353596459456
12184,0.049922118948286555
12185,0.006020885493413394
12186,0.020795359215762414
12187,0.07845265845140194
12188,0.1105159036263626
12189,0.13447578773173655
12190,0.025129625647857964
12191,0.20376400978907622
12192,0.20007545458627513
12193,0.219997
12194,0.19825736414112857
12195,0.05996547040064049
12196,0.1947070953438703
12197,0.219997
12198,0.3399611399946114
12199,0.044913564820792715
12200,0.10855836786921044
12201,0.06807824470594058
12202,0.08672963974864244
12203,0.7292731554668638
12204,0.05616475630815965
12205,0.025717679391514144
12206,0.3818113032702027
12207,0.28781907781156163
12208,0.019987279878029524
12209,0.10937491049115383
12210,0.08462648221083639
12211,0.326472969607723
12212,0.3394299610052241
12213,0.14260116128224004
12214,0.12053153309964311
12215,0.26784673245834617
12216,0.220016
12217,0.219997
12218,0.219997
12219,0.41955153388924504
12220,0.1514181251002726
12221,0.059306007454089864
12222,0.09152446612524656
12223,0.06313131666746373
12224,0.349908
12225,1.0
12226,0.1307952916232553
12227,0.08376308507773172
12228,0.43143774330648554
12229,0.008797570725931835
12230,0.048283082733491633
12231,0.349908
12232,0.01873709116958052
12233,0.16760743481802545
12234,0.17640962019853634
12235,0.03659075963367786
12236,0.14876221226628006
12237,0.0074074334947038765
12238,0.7650224446250565
12239,0.042750960299053044
12240,0.21201417550978835
12241,0.349908
12242,0.219997
12243,0.349908
12244,0.504899297604201
12245,0.349908
12246,0.05014394516832582
12247,0.31458459850508647
12248,0.219997
12249,0.220016
12250,1.0
12251,0.5969950880965846
12252,0.349908
12253,0.04933870128039123
12254,0.220016
12255,0.005474622474587045
12256,0.05663184272963688
12257,0.016993001878378478
12258,0.08800277383624477
12259,0.011544544451076532
12260,0.012289169203171437
12261,0.0029629864830344865
12262,0.09810249190138276
12263,0.14306209622656313
12264,0.219997
12265,0.219997
12266,0.1492549858796389
12267,0.3437181488675715
12268,0.220016
12269,0.022791775864360708
12270,0.14398875108437845
12271,0.219997
12272,0.06062587605265403
12273,1.0
12274,1.0
12275,0.6834774762501814
12276,0.040172610069546734
12277,0.034001218200119504
12278,0.055747621722966205
12279,0.4389452188475551
12280,0.13537454055892956
12281,0.059204841670008744
12282,0.007396767023316365
12283,0.1547667796225896
12284,0.13569347846813556
12285,0.11291483090497582
12286,0.002393095654953402
12287,0.5483369317243936
12288,0.02641577546472733
12289,0.06952589690423772
12290,0.219997
12291,0.219997
12292,0.13646629262922164
12293,0.10687071337366033
12294,0.3274575499595749
12295,0.220016
12296,0.035047086556776026
12297,0.220016
12298,0.18244599896055252
12299,0.16378342335685134
12300,1.0
12301,1.0
12302,0.8559148209422682
12303,0.16827312603178954
12304,0.03719281048963046
12305,0.011525092493686875
12306,0.350009
12307,0.18023700974550028
12308,0.350009
12309,0.06564665400943114
12310,0.06117880037983651
12311,0.040526014179346766
12312,0.1020562338487414
12313,0.12550704986377506
12314,0.219997
12315,0.219997
12316,0.7793896273748401
12317,0.4857241147073311
12318,0.349908
12319,0.24794160083049158
12320,0.219997
12321,0.12483979938191449
12322,0.2042740744816457
12323,0.08851471742012579
12324,0.09137855413720437
12325,0.014098779397539623
12326,0.19815972252483813
12327,0.2108943673432329
12328,0.04467938420083301
12329,0.1765458679006585
12330,0.05271433614645419
12331,1.0
12332,1.0
12333,1.0
12334,0.10156192271153557
12335,0.011593638698870205
12336,0.350009
12337,0.019247815820825066
12338,0.3143113028576473
12339,0.04453812099460629
12340,0.01366220561856684
12341,0.01961866251823559
12342,0.06682296664099588
12343,0.219997
12344,0.08523814880594066
12345,0.5421655651968162
12346,1.0
12347,0.1699224628378422
12348,0.21107813262808192
12349,0.20232028560389242
12350,0.219997
12351,0.10420531270806858
12352,0.350009
12353,0.219997
12354,0.013186335268036403
12355,0.1268901555711957
12356,0.13629664504459868
12357,0.07302402356569863
12358,0.025629603030222596
12359,0.032970003006414436
12360,0.350009
12361,0.33044072674511094
12362,0.220016
12363,0.11925980920514041
12364,0.12269324706689792
12365,0.16039653101747095
12366,0.3136081275696326
12367,0.038398020836065846
12368,0.08379853060576813
12369,0.05111813422381802
12370,0.0240339436074698
12371,0.14967877076994357
12372,0.08710510906153465
12373,0.350009
12374,1.0
12375,0.6672524091210895
12376,0.349908
12377,0.219997
12378,0.349908
12379,0.31861007799001845
12380,0.9957333181828412
12381,0.07125337021976239
12382,0.030959734168507693
12383,0.00792436589439931
12384,0.03127243109661268
12385,0.11722978085676462
12386,0.219997
12387,0.220016
12388,0.349908
12389,0.33275482905973675
12390,0.349908
12391,1.0
12392,0.220016
12393,0.028952840169696303
12394,0.220016
12395,0.2616467508737526
12396,0.07237855333545706
12397,0.219997
12398,0.11744802080006989
12399,0.011343912596695477
12400,0.09498808939719601
12401,0.07862827845656248
12402,0.349908
12403,0.5104971913500244
12404,0.349908
12405,1.0
12406,0.349908
12407,0.219997
12408,0.219997
12409,0.36240599341242197
12410,0.0007869715627907657
12411,0.21547732133091613
12412,0.09779039446822756
12413,0.14202839325567226
12414,0.36853671760984363
12415,0.349908
12416,0.07961779788418338
12417,0.808527565170118
12418,0.350009
12419,0.14093023298422946
12420,0.07106362241943205
12421,0.179069668602192
12422,0.05085259457706796
12423,0.01645753902300361
12424,0.04776386840794968
12425,0.009167085934613396
12426,0.14322162541448955
12427,0.21151832163974488
12428,0.16880883129214325
12429,0.219997
12430,0.7285207911966299
12431,1.0
12432,0.8654057015485053
12433,0.5126748645539574
12434,1.0
12435,0.1823262399071988
12436,0.1349032541555202
12437,0.07649147612366287
12438,0.19056202025395913
12439,0.219997
12440,0.07738108549365733
12441,0.06619347352296377
12442,0.1230539111077131
12443,0.219997
12444,0.0029776256618213068
12445,0.026078210094683727
12446,0.14361227365268797
12447,0.044856752268631846
12448,0.06717407756435445
12449,0.01787667605939997
12450,0.050604607713823024
12451,0.01065312909596437
12452,0.01994680802376756
12453,0.032150595315855554
12454,0.07526675979082745
12455,0.13089765777659226
12456,0.17786829764430231
12457,0.31192825551404035
12458,0.349908
12459,0.350009
12460,1.0
12461,1.0
12462,0.5121516239332361
12463,0.15036450034840523
12464,0.039793840669746644
12465,0.02758689656143491
12466,0.0923605524481693
12467,0.16692086093465283
12468,0.018408149104067635
12469,0.010406778950097848
12470,1.0
12471,0.07396332123779771
12472,0.06481142975249074
12473,0.06817451145486157
12474,0.19468607159599133
12475,0.0528645960208131
12476,0.11924670904623105
12477,0.005584690924892244
12478,0.04977193441277819
12479,0.02270850129631181
12480,0.016205378215348315
12481,0.0648479664325441
12482,0.2186423196453053
12483,0.219997
12484,1.0
12485,0.5760394294056552
12486,0.219997
12487,1.0
12488,0.7794824993835078
12489,0.6400318529298742
12490,0.219997
12491,0.011794734791572016
12492,0.038026333137983086
12493,0.03457397619932956
12494,0.0559123517045935
12495,0.07824887635377711
12496,0.09674667380634573
12497,0.06131207448878252
12498,0.14482165728805393
12499,0.7508650730005095
12500,0.2316244946178613
12501,0.4238249985948102
12502,0.029716553712720653
12503,0.14304417457803306
12504,0.219997
12505,0.219997
12506,0.219997
12507,0.03296123206473232
12508,0.033565359030881314
12509,0.013966315131139655
12510,0.06747120985880256
12511,0.219997
12512,1.0
12513,0.219997
12514,1.0
12515,0.4239924132455148
12516,0.4669270318463041
12517,0.27481445293711476
12518,0.16763558871167672
12519,0.032816536237120345
12520,0.03373232226977363
12521,0.020799550894366237
12522,0.07447582392731142
12523,0.03689453302442022
12524,0.18457665457094957
12525,0.21489317468955338
12526,0.191553746210485
12527,0.350009
12528,0.01655730179451479
12529,0.046525904626764564
12530,0.350009
12531,0.033956620468290524
12532,0.020822200318620275
12533,0.03636671795902237
12534,0.024129607716459507
12535,0.17659679382617827
12536,0.219997
12537,0.06679271987454884
12538,0.2714393070186756
12539,0.3103427333747833
12540,0.175248609543017
12541,0.20955163885943934
12542,0.02209892604191981
12543,0.18439789972556586
12544,0.16678425722072712
12545,0.034258181420515205
12546,0.21894213761268483
12547,0.202312909320722
12548,0.03912761536712311
12549,0.03241089403813212
12550,0.012734444250010461
12551,0.220016
12552,0.02323302102715549
12553,0.10402705617799449
12554,0.09433000985078703
12555,0.15233227770524685
12556,0.219997
12557,0.03436759752144697
12558,0.12232133593378652
12559,0.011216976298149979
12560,0.10365652246976216
12561,0.2783602040064462
12562,0.5482384038895031
12563,0.8337396364042007
12564,0.08378032936311564
12565,0.050336639410336746
12566,0.0022008380810750504
12567,0.06387525021921642
12568,0.10920031448589958
12569,0.17317015868596322
12570,0.00029558562662504955
12571,0.031796236222859015
12572,0.012113165413375144
12573,0.010741895386369759
12574,0.015241869916895152
12575,0.15637345897535587
12576,0.18534591895142116
12577,0.4412300649454272
12578,0.00715686890364967
12579,0.03595276271625818
12580,0.06954889499523782
12581,0.07914412043512505
12582,0.219997
12583,0.4128873722645953
12584,0.12938437297507221
12585,0.00985761383676585
12586,0.16197543980638363
12587,0.05007525946481774
12588,0.023529849750672346
12589,0.09424221098008419
12590,0.19764990341366429
12591,0.06725386322040945
12592,0.015985114641282574
12593,0.018087211686193688
12594,0.005847083022516197
12595,0.016901986162801794
12596,0.219997
12597,0.03910340849313078
12598,0.02341344827001739
12599,0.219997
12600,0.162165604251845
12601,0.08379422037542668
12602,0.03802208898407619
12603,0.057210692734500086
12604,0.07899750500252617
12605,0.4290452648438306
12606,0.07419405272011943
12607,0.005951152590577362
12608,0.011274566168318989
12609,0.06565184060886842
12610,0.07015105993593207
12611,0.16526513001184076
12612,0.13980989992133713
12613,0.08100141615629795
12614,0.3039910983249137
12615,0.12060032333173393
12616,0.11517453206202369
12617,0.019343253586562165
12618,0.05735824702387126
12619,0.037158460211304235
12620,0.013615887259931226
12621,0.349908
12622,0.11463130176592218
12623,0.19329039800537257
12624,0.07993719965366262
12625,0.15960328007865549
12626,0.1346334276160561
12627,0.011260024399841653
12628,0.014987838882592598
12629,0.5663325576746421
12630,1.0
12631,0.219997
12632,0.08447007932276948
12633,0.07481763824200191
12634,0.08868860911908982
12635,0.04140314217033774
12636,0.220016
12637,0.12028194038635957
12638,0.172221815551565
12639,1.0
12640,0.019185941876484685
12641,0.10607995162350445
12642,0.06342144129613167
12643,0.11061782561381794
12644,0.041516603238961884
12645,0.02768302491746436
12646,0.09398785211669598
12647,0.4203600725096522
12648,0.10469000631753621
12649,0.16181877997692456
12650,0.033392035452730624
12651,0.04989477896356607
12652,0.016763820695092704
12653,0.03700560105360516
12654,0.1838547444380871
12655,0.03606409119324422
12656,0.0044275511664153095
12657,0.042109609887206904
12658,0.1850091242277686
12659,0.16136090852239077
12660,0.07499392480118153
12661,0.03004709949452866
12662,0.061005861315417034
12663,0.047103532435859775
12664,0.1388858455380576
12665,0.08356499271629944
12666,0.03641622077322863
12667,0.013365117930466118
12668,0.11938998433758348
12669,0.10886587550376549
12670,0.02737370878254681
12671,0.06113261715372222
12672,0.7189245593377601
12673,0.16471874657140864
12674,0.1699585568369863
12675,0.07265230705159181
12676,0.1499127842871105
12677,0.07694085889193664
12678,0.08851240709444128
12679,0.026444289436151132
12680,0.07067515102664125
12681,0.349908
12682,0.04777620665618926
12683,0.009644148597183374
12684,0.0035499164375081263
12685,0.025043718265644662
12686,0.0036388067000150772
12687,0.1434151127267135
12688,0.016497843063492182
12689,0.13845494502107294
12690,0.07540425655137986
12691,0.06718037382427944
12692,0.0595354004533173
12693,0.350009
12694,0.01684056720222344
12695,0.014819714404768324
12696,0.035678219477156436
12697,0.07652621307447054
12698,0.07863521809794217
12699,0.196764663570216
12700,0.16008175169237987
12701,0.02100289942350183
12702,0.02179962997466156
12703,0.025626890807509996
12704,0.15350917619194426
12705,0.23691200396522094
12706,0.12151946047035361
12707,0.13142020369970148
12708,0.14318378978743793
12709,0.05098452701483227
12710,0.1100636133193461
12711,0.02503354060601818
12712,0.220016
12713,0.220016
12714,0.219997
12715,0.00764383145122241
12716,0.01239062779644902
12717,0.013089783488477589
12718,0.03446880338945768
12719,0.02008709962528547
12720,0.024004624565676893
12721,0.027357527507420334
12722,0.022992682483017966
12723,0.01867573944808854
12724,0.005129687002634209
12725,0.039830578784740465
12726,0.019682907304665688
12727,0.014947330823458463
12728,0.03627524114430417
12729,0.08752245863196727
12730,0.13962602248409361
12731,0.20374521861066067
12732,0.007497571344317799
12733,0.013081569691504253
12734,0.011797425928684118
12735,0.18801180962285927
12736,0.219997
12737,0.007887353583535733
12738,0.03294561948795554
12739,0.0237107931743758
12740,0.05534142353746502
12741,0.016508537519764475
12742,0.004982835758440802
12743,0.04694632868319235
12744,0.0003973062178986577
12745,0.012783718164918294
12746,0.009683829967712861
12747,0.04811640776303447
12748,0.007825357558921785
12749,0.014447444846122854
12750,0.012238559564429995
12751,0.06569424138929088
12752,0.022491756687751562
12753,0.004527227262449226
12754,0.07233454598594978
12755,0.023093684281762103
12756,0.012239252394856548
12757,0.010149858196724933
12758,0.219997
12759,0.028843354384923532
12760,0.07913781035845274
12761,0.00942756286029442
12762,0.006757925561394642
12763,0.014990073727827326
12764,0.07394755830134817
12765,0.01795663032921498
12766,0.05100886411724482
12767,0.035655497021778566
12768,0.05601276232704868
12769,0.020665361943718624
12770,0.219997
12771,0.04322470458378473
12772,0.1517120947697365
12773,0.0025666006836914984
12774,0.13003634911065923
12775,0.03653901623150881
12776,0.005373303942622676
12777,0.00743722507153911
12778,0.1700528182257768
12779,0.035174499849090136
12780,0.16847631106875466
12781,0.010444167593386258
12782,0.219997
12783,0.019391944291145984
12784,0.03328057207103443
12785,0.039528405747389764
12786,0.010460206765878876
12787,0.0252233096205663
12788,0.00947446285320844
12789,0.007985465813675494
12790,0.004121245329713522
12791,0.0258072287811295
12792,0.008484652513545517
12793,0.02864738519008736
12794,0.12405208906200867
12795,0.13932958962317396
12796,0.20669382795521038
12797,0.06854476821243927
12798,0.0382660808192063
12799,0.006568665617479254
12800,0.017324641525866845
12801,0.04389069930987171
12802,0.1273113787170483
12803,0.04484760890373605
12804,0.026655346621546217
12805,0.026581859197059785
12806,0.00858763256752006
12807,0.08457292442413945
12808,0.031990552518506826
12809,0.025925538320875813
12810,0.14145241153651925
12811,0.219997
12812,0.028861096624487968
12813,0.07080409638799279
12814,0.017538448767421843
12815,0.05961998836051126
12816,0.12425488721358988
12817,0.04690272493112037
12818,0.026192999764431853
12819,0.1405512636151175
12820,0.00502857254949111
12821,0.04772025591390298
12822,0.061897113310067586
12823,0.17895567820462188
12824,0.07309795249442298
12825,0.0553626122627439
12826,0.13773989361480746
12827,0.05859300778190487
12828,0.1282860200390996
12829,0.16233758041847662
12830,0.350009
12831,0.350009
12832,0.1334365527298003
12833,0.025193567975573924
12834,0.349908
12835,0.10003873336401997
12836,0.350009
12837,0.17216930626269608
12838,0.19315827424639181
12839,0.07230123768116538
12840,0.11386675572286677
12841,0.19739349659597097
12842,0.0625765287813248
12843,1.0
12844,0.12588663739482198
12845,0.16795638241018787
12846,0.220016
12847,0.1333496153995474
12848,0.01631063265607286
12849,0.12785919672351745
12850,0.03114277407947216
12851,0.015457930908558147
12852,0.023230657815168126
12853,0.0999085571564447
12854,0.12298463530176268
12855,0.219997
12856,0.5741340543530186
12857,0.350009
12858,0.06971152553613431
12859,0.04144726472452063
12860,0.3248097174248464
12861,0.20230165237417708
12862,0.07054124242474973
12863,0.11156548211024457
12864,0.029193792241387125
12865,0.060068654878717015
12866,0.17126332451525436
12867,0.4121737834227056
12868,0.08148763113291307
12869,0.24244222695406575
12870,0.7030391702888784
12871,0.219997
12872,0.5698161957738483
12873,0.01888238823905995
12874,0.09627409420951362
12875,0.349908
12876,0.10697243907450132
12877,0.05458431269535003
12878,0.11253596424353278
12879,0.016265066690732587
12880,0.04101205699060128
12881,0.07437663507659381
12882,0.11402578302951459
12883,0.06358911088448908
12884,0.04113739226767543
12885,0.03371498797761955
12886,0.1296098798202359
12887,0.2832385642658426
12888,0.13730709968735016
12889,0.05448435950878331
12890,0.10011661810382164
12891,0.13563673843887308
12892,0.1075079682816044
12893,0.012850141170682408
12894,0.075569022128098
12895,0.10637848569947798
12896,0.025384665757493638
12897,0.15626623966114694
12898,0.21334510379738866
12899,0.020032774953748642
12900,0.349908
12901,0.014472967021551465
12902,0.04869867057470219
12903,0.03937805739309579
12904,0.021222137688166495
12905,0.022446866952239908
12906,0.857967971223347
12907,0.20777989537565453
12908,0.07639240678896458
12909,0.5619925457691327
12910,0.6519351876147782
12911,0.03695061670942836
12912,0.08493734212548483
12913,0.03004678537974828
12914,0.06494002900986236
12915,0.009337195312307223
12916,0.0094408364258552
12917,0.037410852958191576
12918,0.07937642357599012
12919,0.013194431732976748
12920,0.16992938402620233
12921,0.055265736955078436
12922,0.219997
12923,0.349908
12924,0.4550036758410384
12925,0.004485350305544522
12926,0.11295832266847433
12927,0.041932914216580824
12928,0.002547103043976846
12929,0.004487596584297108
12930,0.06668622290571187
12931,0.2337398284627601
12932,0.02864142611446486
12933,0.010495077725783442
12934,0.016845709249879746
12935,0.018005249761831824
12936,0.10840087646036803
12937,0.1313338971765222
12938,0.5737493452849848
12939,0.03207823513021628
12940,0.09614407366984803
12941,0.016023811584893667
12942,0.016968475526273844
12943,0.06780031648557651
12944,0.11473470859806593
12945,0.015972363824663695
12946,0.03797581971295215
12947,0.07753569221029757
12948,0.14087802042784456
12949,0.17208709695892163
12950,0.13016078898789288
12951,0.09239546227253775
12952,0.06367304024289727
12953,0.01804257311846362
12954,0.07574509172689882
12955,0.07700904943786298
12956,0.09060349347352496
12957,0.17540095419772833
12958,0.19887007898168466
12959,0.220016
12960,0.004486316806768573
12961,0.08116732874226196
12962,0.04230716843598788
12963,0.029994198986677923
12964,0.038994221965729034
12965,0.04474089884461172
12966,0.08558294160923283
12967,0.002642291269248597
12968,0.19240478417201698
12969,0.219997
12970,0.349908
12971,0.06645483531938481
12972,0.018836710604155843
12973,0.04720207749964183
12974,0.08677078527357865
12975,0.04801075940144204
12976,0.023442264921556728
12977,0.10830919045381739
12978,0.010700427653105877
12979,0.2056418476991695
12980,0.04061788808313599
12981,0.05383790607180031
12982,0.0761783208360687
12983,0.01001904481027317
12984,0.08909868224694865
12985,0.14091986188690778
12986,0.2655319674697324
12987,0.2233345314187955
12988,0.2609620206832192
12989,0.13394911214378494
12990,0.0989881216994946
12991,0.018306014390473302
12992,0.0954653231548582
12993,0.09537513018530096
12994,0.008612433848876342
12995,0.16335203301863035
12996,0.061401293050328355
12997,0.7575981669368599
12998,0.219997
12999,0.1490367262711249
13000,0.06842782823534624
13001,0.04063336036517188
13002,0.03411742816968128
13003,0.0241436088320285
13004,0.219997
13005,0.11506235031373917
13006,0.02608694962488169
13007,0.036885874025429984
13008,0.18067995717205726
13009,0.0596058306380318
13010,0.0826168519697086
13011,0.10605766406013095
13012,0.19060423099466495
13013,0.349908
13014,0.6188645460991132
13015,0.14200729496602585
13016,0.029619391270477545
13017,0.1617929716153972
13018,0.03196993273507847
13019,0.06761374419324656
13020,0.015314790047848723
13021,0.013278092616130065
13022,0.11355898386569624
13023,0.03612923402382414
13024,0.15066844690248982
13025,0.05715503721118094
13026,0.16116583405565793
13027,0.02489672499642058
13028,0.08512678151706053
13029,0.01898657473327755
13030,0.02571483869421278
13031,0.02676901598377284
13032,0.15927469016238774
13033,0.03074067852546488
13034,0.14265909575265545
13035,0.05549451537430775
13036,0.048029116191601835
13037,0.017307889961154527
13038,0.012650043546408994
13039,0.05727450815569827
13040,0.05280195350981646
13041,0.11064821246058493
13042,0.13950321542947006
13043,0.219997
13044,0.20273564288373405
13045,0.3128894471221003
13046,0.2506954227663145
13047,0.219997
13048,0.07909938097267151
13049,0.16061193988848096
13050,0.1041150308313641
13051,0.022815160894826967
13052,0.04725677721669699
13053,0.219997
13054,0.0874554233083655
13055,0.02316251997198815
13056,0.06297236777093712
13057,0.05079662360912997
13058,0.02496431004656827
13059,0.032518709247847506
13060,0.09567513180205471
13061,0.08496754504879268
13062,0.016471818655986903
13063,0.03153736145353478
13064,0.09485587856530259
13065,0.02614040477119196
13066,0.06916744390096864
13067,0.14941503877536821
13068,0.18223654478267373
13069,0.3227228226502047
13070,0.349908
13071,0.219997
13072,0.14849426607581254
13073,0.10982971614555617
13074,0.1856047453257638
13075,0.1675302905819717
13076,0.16135574059307953
13077,0.060286257393896064
13078,0.016976666773585586
13079,0.0027261414322357963
13080,0.37830519596216655
13081,0.07106853027455586
13082,0.08643010136542958
13083,0.0402643558500341
13084,0.10454124241150578
13085,0.0029397086672470207
13086,0.035597849239435105
13087,0.0291443404677824
13088,0.05029758360639256
13089,0.07689752421583744
13090,0.219997
13091,0.06820159372006776
13092,0.07720871796939303
13093,0.219997
13094,1.0
13095,0.13002115393266545
13096,0.029739079645747353
13097,0.220016
13098,0.07884530061301324
13099,0.30668347395225615
13100,0.219997
13101,0.11773906528140499
13102,0.0005030782117602746
13103,0.021556524183130654
13104,0.1243110483879301
13105,0.09896221723049926
13106,0.0576397127277036
13107,0.19279367861213745
13108,0.07581201973701905
13109,0.06263830492001263
13110,0.02312699923821808
13111,0.07531019702429678
13112,0.04440951933267097
13113,0.11932035284342854
13114,0.03131715286569731
13115,0.1429715643431626
13116,0.219997
13117,0.219997
13118,0.18692064661276542
13119,0.06699304672311508
13120,0.15496722873662888
13121,0.219997
13122,0.3161110873443693
13123,0.09938374885341993
13124,0.015842979548212555
13125,0.16495594317567994
13126,0.027340759021056284
13127,0.08650328242302566
13128,0.7757319405174848
13129,0.03725216495919242
13130,0.0730570420117059
13131,0.4569154210297382
13132,0.219997
13133,0.019987279878029524
13134,0.08438020557279662
13135,0.1397822634255289
13136,0.3484291528274335
13137,0.349908
13138,0.14511334197452644
13139,0.15393386856135763
13140,0.219997
13141,0.19234618693152794
13142,0.219997
13143,0.219997
13144,0.5238728511181102
13145,0.18644028989582556
13146,0.04232205872350708
13147,0.08089122896589737
13148,0.00842193222964582
13149,0.04239995405721809
13150,0.2618046189920337
13151,1.0
13152,0.1307952916232553
13153,0.04169338183019357
13154,0.3789879848430127
13155,0.020167846671183993
13156,0.032620017651845606
13157,0.3410882904136344
13158,0.04198766113844616
13159,0.07723348392363921
13160,0.1257707017896982
13161,0.03255824310509715
13162,0.1996405639041386
13163,0.009855821644517598
13164,0.7130373521752329
13165,0.05939342522873169
13166,0.16088519283978275
13167,0.349908
13168,0.18251338461803998
13169,0.3283031520739226
13170,0.5523720621821202
13171,0.39940828777496024
13172,0.349908
13173,0.219997
13174,0.21372857267540238
13175,1.0
13176,0.4326561241869973
13177,0.49155943205393493
13178,0.054790887511456686
13179,0.220016
13180,0.10028618959487944
13181,0.0382423124291044
13182,0.1332410828792979
13183,0.012935274833522699
13184,0.012289169203171437
13185,0.006564305371498036
13186,0.11148936282757047
13187,0.16281818821379024
13188,0.17350446200334288
13189,0.15769260561298482
13190,0.1115184123269678
13191,0.3354580652555937
13192,0.219997
13193,0.09653994289491563
13194,0.19063809294052161
13195,0.349908
13196,0.05155830058221806
13197,1.0
13198,0.896830534814579
13199,0.7221953211189319
13200,0.009015689648317974
13201,0.02532135873096241
13202,0.01324201450359551
13203,0.056422974587258375
13204,0.3513345893500167
13205,0.17656322862408258
13206,0.042844832966896194
13207,0.014041342699951562
13208,0.15243627603088647
13209,0.1471774106922669
13210,0.09505851278593046
13211,0.006725423680198634
13212,0.44121004751594495
13213,0.02641577546472733
13214,0.005729100537169531
13215,0.219997
13216,0.2106693069763487
13217,0.08557236307069288
13218,0.12767407269779618
13219,0.3120369792502929
13220,0.350009
13221,0.035047086556776026
13222,0.220016
13223,0.20966128600328085
13224,0.1073147683304433
13225,1.0
13226,1.0
13227,0.7850863144681962
13228,0.004963480787791126
13229,0.06890027888708516
13230,0.03699952647316014
13231,0.027275684434044996
13232,0.43654769982592334
13233,0.14665376547481887
13234,0.2691171211976922
13235,0.032145395771290705
13236,0.0702363868589858
13237,0.018118211311285284
13238,0.1939288334606014
13239,0.08987359145296864
13240,0.219997
13241,0.219997
13242,0.6322074165942096
13243,0.349908
13244,0.349908
13245,0.219997
13246,0.18419836029357076
13247,0.13815472987141197
13248,0.1868481459972492
13249,0.07677688157266062
13250,0.0748704425395525
13251,0.009709646542841018
13252,0.18460469998958812
13253,0.18207772940875816
13254,0.09846162219627219
13255,0.2048706601997776
13256,0.0706533120644786
13257,1.0
13258,1.0
13259,1.0
13260,0.219997
13261,0.047973884565217194
13262,0.220016
13263,0.2698859215600377
13264,0.038970496092583254
13265,0.06435147752884693
13266,0.01854742036060743
13267,0.06768792109430304
13268,0.1897615501213035
13269,0.0449836832765177
13270,0.6605551989077479
13271,1.0
13272,0.14291224042168094
13273,0.219997
13274,0.14579680560348027
13275,0.219997
13276,0.1017957569938364
13277,0.350009
13278,0.219997
13279,0.03941453334851972
13280,0.13270402832476125
13281,0.13257181871308799
13282,0.13584484888269474
13283,0.08423013235489292
13284,0.03413346081774246
13285,0.36438980814792954
13286,0.37886722882040397
13287,0.3067165717964789
13288,0.0661028134791359
13289,0.11472567307173479
13290,0.18270781516074933
13291,0.2621129736004614
13292,0.018567100125784945
13293,0.042685590690488225
13294,0.048194683797833385
13295,0.07305272961557206
13296,0.04540656711578187
13297,0.13137461118948515
13298,0.06317559912023502
13299,0.3421230771920376
13300,1.0
13301,0.349908
13302,0.349908
13303,0.21929917919472264
13304,0.219997
13305,0.219997
13306,0.9383819904144385
13307,0.0782445704739716
13308,0.02271731474940719
13309,0.06710650548046569
13310,0.05419591398327326
13311,0.219997
13312,0.21710332245898392
13313,0.220016
13314,0.3355922145378959
13315,0.34582070139249815
13316,0.31031249429257257
13317,1.0
13318,0.220016
13319,0.0013090339095889777
13320,0.264057569767729
13321,0.31405247002789577
13322,0.01062042657039338
13323,0.014876294519525575
13324,0.219997
13325,0.11648566177803399
13326,0.03285814989862107
13327,0.12555138853648204
13328,0.1386080008954876
13329,0.2842638897900698
13330,0.41883955141967144
13331,0.349908
13332,0.8939564691283949
13333,0.349908
13334,0.219997
13335,0.34543103419177473
13336,0.349908
13337,0.0185204304888195
13338,0.04204233171065274
13339,0.219997
13340,0.220016
13341,0.13776906093036026
13342,0.4849882978868817
13343,0.349908
13344,0.046816768693712506
13345,0.7835612408759275
13346,0.350009
13347,0.11928796209579323
13348,0.21882853907263933
13349,0.16507845137766325
13350,0.05052547139982244
13351,0.01664857264356251
13352,0.020858385286384656
13353,0.051969010644540896
13354,0.04072815952378779
13355,0.1152184159048223
13356,0.1967079698266137
13357,0.09145398294287782
13358,0.219997
13359,0.6108222527320399
13360,1.0
13361,0.976176604320897
13362,0.5463705401347828
13363,1.0
13364,0.1491183286336961
13365,0.10567391729948027
13366,0.11828884760170498
13367,0.16668527072086559
13368,0.219997
13369,0.05293790651816529
13370,0.007613010890499751
13371,0.10599716563613798
13372,0.200276893551669
13373,0.0029776256618213068
13374,0.021064544216562536
13375,0.18921299547614395
13376,0.03042324321443743
13377,0.08370201667168047
13378,0.02817942497679121
13379,0.029195671100598362
13380,0.010527406259727276
13381,0.013044379928449017
13382,0.014951885365871628
13383,0.11447326970107803
13384,0.12678442553157973
13385,0.18310112522825578
13386,0.30533544097669973
13387,0.349908
13388,0.350009
13389,1.0
13390,1.0
13391,0.4599042641833416
13392,0.20650240801803793
13393,0.061197700657529726
13394,0.02758689656143491
13395,0.09451628893653836
13396,0.219997
13397,0.02470854057986452
13398,0.04161264105522765
13399,1.0
13400,0.017402205941863463
13401,0.019159791580512463
13402,0.10055770191156256
13403,0.05427868849167377
13404,0.23230448687319552
13405,0.000970240910531013
13406,0.10579891294520377
13407,0.08240399360076274
13408,0.02270850129631181
13409,6.073357121859621e-05
13410,0.1230709627371991
13411,0.19102644488909082
13412,0.219997
13413,0.9803676631074341
13414,0.5473315834939398
13415,0.219997
13416,1.0
13417,0.7171667230933414
13418,0.6691268573663789
13419,0.328853441116552
13420,0.06273237078457541
13421,0.025505740766331587
13422,0.011034027639082747
13423,0.10001033064303143
13424,0.10330557005487165
13425,0.037189627629077855
13426,0.09293905442917899
13427,0.7772137126947513
13428,0.220016
13429,0.42999324943873163
13430,0.011827039286843118
13431,0.06784901457490441
13432,0.219997
13433,0.219997
13434,0.2020643315008209
13435,0.05600936269518426
13436,0.02400930794792187
13437,0.013966315131139655
13438,0.09798991358955003
13439,0.219997
13440,1.0
13441,0.350009
13442,1.0
13443,0.43335456215485474
13444,0.349908
13445,0.27869283560346747
13446,0.10196950974117107
13447,0.06460811588472876
13448,0.020799550894366237
13449,0.1550717730229991
13450,0.030251263050655425
13451,0.21432220102330915
13452,0.20920998915654224
13453,0.1663613886980275
13454,0.349908
13455,0.04944724635180753
13456,0.10792045427700905
13457,0.014932115735064224
13458,0.220016
13459,0.06710494800735961
13460,0.02971174312251961
13461,0.219997
13462,0.3034281650538147
13463,0.036835664081215434
13464,0.0015692304255473704
13465,0.219997
13466,0.219997
13467,0.10361620088671487
13468,0.219997
13469,0.11266476311736821
13470,0.219997
13471,0.16959525236502365
13472,0.07017073810063477
13473,0.219997
13474,0.1884177677339547
13475,0.008824926452902086
13476,0.012734444250010461
13477,0.350009
13478,0.01278952967039985
13479,0.009163837733683598
13480,0.14570563682733684
13481,0.06857061717518363
13482,0.09064244545592585
13483,0.1751563720306957
13484,0.061538063423487166
13485,0.06473263653843551
13486,0.011216976298149979
13487,0.11196945304734893
13488,0.219997
13489,0.5111415278026665
13490,0.6999463790303798
13491,0.09067912925939871
13492,0.01691799507797535
13493,0.048874270696900604
13494,0.03514531279120793
13495,0.057429923011958386
13496,0.14274065733759414
13497,0.18230302656106812
13498,0.018183587974799385
13499,0.028343136443841652
13500,0.03696638782079007
13501,0.033818748300430905
13502,0.0027356590023152653
13503,0.006875641428026535
13504,0.09054780061130514
13505,0.17316988882353487
13506,0.444637342691709
13507,0.0009399415252424055
13508,0.025539665447958836
13509,0.04749956295423349
13510,0.09264234767582286
13511,0.219997
13512,0.43497196062414417
13513,0.10298266417628611
13514,0.019674259564499873
13515,0.10053806221444907
13516,0.07748809529646246
13517,0.09551090829343023
13518,0.219997
13519,0.03665684429872591
13520,0.018087211686193688
13521,0.0004958998873912553
13522,0.016901986162801794
13523,0.219997
13524,0.05006234321345276
13525,0.0038983609880239344
13526,0.019590145724924776
13527,0.219997
13528,0.0907942312966621
13529,0.08643872430203714
13530,0.018391775113741876
13531,0.056206076640158274
13532,0.12055826446978762
13533,0.45983372250797183
13534,0.02348649443202517
13535,0.009276206426323855
13536,0.017638961345558108
13537,0.1232183949325318
13538,0.0424205067012368
13539,0.1618351091745089
13540,0.1253353534460085
13541,0.219997
13542,0.14271608336013186
13543,0.01114878793952025
13544,0.019343253586562165
13545,0.03195602426351731
13546,0.04515747889632777
13547,0.058038366387812845
13548,0.2803948402685434
13549,0.219997
13550,0.033879364786848484
13551,0.10253715252847376
13552,0.09940470972162267
13553,0.011260024399841653
13554,0.014987838882592598
13555,0.6159617118281325
13556,1.0
13557,0.219997
13558,0.11060395971492498
13559,0.0013684305627704209
13560,0.08545261351231205
13561,0.09371776524285774
13562,0.02412419294679654
13563,0.220016
13564,0.04362099317365669
13565,0.16789327065851595
13566,1.0
13567,0.028642377249591445
13568,0.07646105647532263
13569,0.013475866433202513
13570,0.09620072814784368
13571,0.05384717086913197
13572,0.02631711142570027
13573,0.06320016924469422
13574,0.12357226684956803
13575,0.47004905483781884
13576,0.08768905204635444
13577,0.25672263077150653
13578,0.033392035452730624
13579,0.08941497615751023
13580,0.12671884779099063
13581,0.023258673230540042
13582,0.18692158621087096
13583,0.023033974098183148
13584,0.009258462459971629
13585,0.14446265182786033
13586,0.026805870817511224
13587,0.041255369582434406
13588,0.007838335602717239
13589,0.029240460738256504
13590,0.026573077910210206
13591,0.219997
13592,0.04650411037772772
13593,0.030465337365041308
13594,0.053999866950536504
13595,0.0556794588791822
13596,0.15964367109473795
13597,0.05077246494570683
13598,0.09649911620196425
13599,0.7484990159455229
13600,0.219997
13601,0.220016
13602,0.05099752064144759
13603,0.1397013417706774
13604,0.06734106931018782
13605,0.4177617185613195
13606,0.04520793974523825
13607,0.0148978908988186
13608,0.008859445656040426
13609,0.025043718265644662
13610,0.015559199084813801
13611,0.14755736127259175
13612,0.022437006596658645
13613,0.2084132302218239
13614,0.09577116055206335
13615,0.05737601488791098
13616,0.044359998482185664
13617,0.350009
13618,0.032159629674574024
13619,0.020302974703773055
13620,0.030271508599421616
13621,0.03613242482617383
13622,0.10200210846645949
13623,0.12275305649235807
13624,0.14690670365829847
13625,0.1473517260838115
13626,0.016804704511174363
13627,0.02179962997466156
13628,0.010033843459847326
13629,0.08906100936363087
13630,0.19855363584206825
13631,0.08079955367769101
13632,0.08986894412074534
13633,0.10364231632882544
13634,0.03615963323970538
13635,0.10737695765045997
13636,0.02503354060601818
13637,0.220016
13638,0.220016
13639,0.1595936071906255
13640,0.1011208454343407
13641,0.013185545123339512
13642,0.006473074075251208
13643,0.06025336684411193
13644,0.030457478460591245
13645,0.02525958454223226
13646,0.012647638022468608
13647,0.004451380679058504
13648,0.0157981982049336
13649,0.03627524114430417
13650,0.012832306513509749
13651,0.10379895499402161
13652,0.2152557033597163
13653,0.01987745456330878
13654,0.220016
13655,0.014860635103818007
13656,0.349908
13657,0.014050853146780399
13658,0.036290861892379324
13659,0.04800086178996642
13660,0.0023900887120071332
13661,0.041547558188408815
13662,0.010396284113366462
13663,0.027599752342777825
13664,0.0009746517234905786
13665,0.010265901421549104
13666,0.022434484107764028
13667,0.014447444846122854
13668,0.035099636190863794
13669,0.04182165566467887
13670,0.0005646020986108515
13671,0.09547477106538732
13672,0.012379857723369145
13673,0.01772535363627637
13674,0.010149858196724933
13675,0.219997
13676,0.021173402219148593
13677,0.06336737163587666
13678,0.0327863734445764
13679,0.006757925561394642
13680,0.015877268019322818
13681,0.006564119436039413
13682,0.03945444889382297
13683,0.002584366143678208
13684,0.12782081744640725
13685,0.00032835125912481937
13686,0.219997
13687,0.031056372944587164
13688,0.09306637647573315
13689,0.11871598568495756
13690,0.02015208600887678
13691,0.12018542375805796
13692,0.051370495710502104
13693,0.016211316423555323
13694,0.1436442701026765
13695,0.013386685881205075
13696,0.14530101024941755
13697,0.17854270184344603
13698,0.05893763047192734
13699,0.006657663715706821
13700,0.009305849682395863
13701,0.04743890579810478
13702,0.031281829321124104
13703,0.017819041823947144
13704,0.021321626034130143
13705,0.014555318946337416
13706,0.07182490734421615
13707,0.01592727822898145
13708,0.08218484560190388
13709,0.17440242353255764
13710,0.14201906601497002
13711,0.219997
13712,0.021349752608191375
13713,0.06036729145497828
13714,0.03309926674317072
13715,0.06457248636581915
13716,0.006568665617479254
13717,0.06366056752654108
13718,0.11091509448132555
13719,0.031601010125806676
13720,0.0383306340127874
13721,0.018861333395533184
13722,0.02933126581766939
13723,0.037690333730758495
13724,0.019886885814589608
13725,0.025823764809226723
13726,0.08311095614392978
13727,0.20384329455926073
13728,0.1760722205633706
13729,0.028861096624487968
13730,0.029613651188522758
13731,0.027965220771922546
13732,0.007554238474194151
13733,0.1316003979110205
13734,0.11345314820586165
13735,0.0703368152292824
13736,0.16603664286349207
13737,0.028717859689162944
13738,0.05601220087519499
13739,0.0795317308737
13740,0.019034114069451456
13741,0.13848070644201238
13742,0.04253434284382546
13743,0.010619263375751642
13744,0.04101408213570506
13745,0.04788193821090594
13746,0.1812553210560858
13747,0.09313433038216286
13748,0.1239353534813135
13749,0.10040346457277205
13750,0.219997
13751,0.350009
13752,0.0467387263752345
13753,0.019223901376925808
13754,0.349908
13755,0.07539599943820066
13756,0.219997
13757,0.1246038286426604
13758,0.08693980865422404
13759,0.03870243208873884
13760,0.03200197452427132
13761,0.219997
13762,0.0465584333634081
13763,1.0
13764,0.219997
13765,0.13982872832042545
13766,0.349908
13767,0.03744187921357867
13768,0.01640165149861755
13769,0.034379023830434056
13770,0.17469685811260852
13771,0.011349342777704255
13772,0.025051944396098254
13773,0.024319687845753817
13774,0.049141861045996826
13775,0.219997
13776,0.21125170026663317
13777,0.7136431141332216
13778,0.6085109642532396
13779,0.0939417897263112
13780,0.219997
13781,0.28727693020369577
13782,0.057374357337439404
13783,0.05158969725140572
13784,0.021033880407937754
13785,0.1218935952639279
13786,0.219997
13787,0.5321985087407781
13788,0.08473141646923261
13789,0.5769849179593011
13790,0.6283867729010949
13791,0.03212669991294454
13792,0.4074051255531981
13793,0.08496490610570814
13794,0.349908
13795,0.08135394850599462
13796,0.12044957987795414
13797,0.0407624313947283
13798,0.03187914262451218
13799,0.04101205699060128
13800,0.17860095517232635
13801,0.219997
13802,0.014993641937620896
13803,0.06667935996580023
13804,0.05093389445327625
13805,0.22418998720956682
13806,0.1483938917596205
13807,0.04811008415820076
13808,0.10314884905235097
13809,0.13291823243656292
13810,0.1051666422419732
13811,0.057254711104508485
13812,0.018580615191322935
13813,0.0035646272557533923
13814,0.219997
13815,0.04018861115595863
13816,0.04754160729386724
13817,0.219997
13818,0.349908
13819,0.03451641246319406
13820,0.13119617697807257
13821,0.044299748312659135
13822,0.6307554446114813
13823,0.03678339338825486
13824,0.1805646528689687
13825,0.349908
13826,0.349908
13827,0.09035026116712686
13828,0.05808379700324182
13829,0.03004678537974828
13830,0.015634206890814448
13831,0.0094408364258552
13832,0.07261738208148032
13833,0.016615308898468642
13834,0.07937642357599012
13835,0.219997
13836,0.08428979399638563
13837,0.1031301243274666
13838,0.219997
13839,0.45431982453940756
13840,0.01923218100064624
13841,0.02389007853675828
13842,0.12089506052311133
13843,0.030389594596219753
13844,0.012421206478303581
13845,0.02015820608760274
13846,0.033386273844802895
13847,0.09451187778071102
13848,0.35008782582025066
13849,0.029646958344179714
13850,0.03522590764583681
13851,0.18208454025941034
13852,0.19894443594153527
13853,0.5578798168389038
13854,0.011045879753324274
13855,0.06646698676152489
13856,0.07529054533782757
13857,0.04580646223785508
13858,0.00877580874556772
13859,0.08908608639255727
13860,0.013849873801914813
13861,0.026026091084538162
13862,0.03466414723940597
13863,0.19879724030154763
13864,0.1787194851498492
13865,0.12476984665835868
13866,0.09680144729460949
13867,0.07516979129112092
13868,0.017732822094830913
13869,0.009750550454251567
13870,0.06989704590257546
13871,0.07825327814072384
13872,0.07390546138341231
13873,0.1806216532362039
13874,0.11395255043919855
13875,0.220016
13876,0.019955617207326366
13877,0.06271001460171598
13878,0.05603340259553018
13879,0.022813128504166523
13880,0.03404277240647856
13881,0.04104370207558402
13882,0.06554881526195871
13883,0.0850086184749363
13884,0.03333981413667284
13885,0.13693036448927942
13886,0.25282935423965386
13887,0.349908
13888,0.0765853305608811
13889,0.09550213810934216
13890,0.020560437487803767
13891,0.09654834608399207
13892,0.03361684180857181
13893,0.005282044477110388
13894,0.17754153776407536
13895,0.03804953084634944
13896,0.19688927706171747
13897,0.04370982528336662
13898,0.07938742208303766
13899,0.050985528237124135
13900,0.01001904481027317
13901,0.10344378990145736
13902,0.17087976568912583
13903,0.3031608236756132
13904,0.220016
13905,0.22428784392831844
13906,0.09179280206168824
13907,0.052732656054782404
13908,0.033932472765525815
13909,0.11103811966981184
13910,0.07534998439958841
13911,0.01893476523974348
13912,0.1595802631333724
13913,0.012473420772343846
13914,0.787863878792135
13915,0.19606601408551308
13916,0.1399974060325821
13917,0.08723380618208186
13918,0.05416700809670489
13919,0.05083279889652112
13920,0.029448664803737864
13921,0.0014410641169925792
13922,0.13277862831038859
13923,0.028119470305797322
13924,0.01937787006606795
13925,0.0007396509183451551
13926,0.055120033115399134
13927,0.08951144204404214
13928,0.095488438724993
13929,0.08935805597829742
13930,0.19933508015239135
13931,0.349908
13932,0.219997
13933,0.08821891927566325
13934,0.0179237951964268
13935,0.14439159410075364
13936,0.013863976126104512
13937,0.07177059596159867
13938,0.010895925069769311
13939,0.018604799104296375
13940,0.13799195510992354
13941,0.09747633158354059
13942,0.13539680163573636
13943,0.023428973923394453
13944,0.11798022482588114
13945,0.023003966036441746
13946,0.07132140515436652
13947,0.021485729078388725
13948,0.03001825002257757
13949,0.02676901598377284
13950,0.219997
13951,0.09211233112057968
13952,0.06943193494654787
13953,0.0041387193988658855
13954,0.04744010585122576
13955,0.03895960515914377
13956,0.066038316828876
13957,0.06544542952336328
13958,0.08951504658238707
13959,0.2032902503019629
13960,0.219997
13961,0.3258937055229052
13962,0.220016
13963,0.219997
13964,0.02869147178862804
13965,0.13556406678703695
13966,0.11554348703467099
13967,0.004697284503650642
13968,0.06036163490691826
13969,0.1563658887509756
13970,0.042222742639580285
13971,0.047257788520261274
13972,0.05925919814144449
13973,0.06073746083889074
13974,0.0753783781012946
13975,0.0735152125853769
13976,0.0596640786721017
13977,0.08050583268414437
13978,0.01621230484129713
13979,0.040487035886415
13980,0.07087136165831398
13981,0.13373050130330053
13982,0.04476978637605639
13983,0.05438142460311356
13984,0.12664122195829974
13985,0.09868254831511424
13986,0.219997
13987,0.349908
13988,0.18497062701724565
13989,0.17733633209376168
13990,0.09834430508593427
13991,0.13608698158888116
13992,0.219997
13993,0.16530360235666122
13994,0.07907059526386048
13995,0.016422280253312643
13996,0.029570711099811763
13997,0.349908
13998,0.052833333058742826
13999,0.08512176016681501
14000,0.04085887691746006
14001,0.13443831027215966
14002,0.029677685122059004
14003,0.019280093316392667
14004,0.048794371921587185
14005,0.219997
14006,0.12864854762255704
14007,0.061394493184138706
14008,0.21995920129635851
14009,1.0
14010,0.14082323135406494
14011,0.01332552542430121
14012,0.220016
14013,0.1387405297514204
14014,0.349908
14015,0.219997
14016,0.154222434498571
14017,0.06885548118672755
14018,0.14876506327842084
14019,0.15317241433411669
14020,0.020852580335116243
14021,0.21450614057486972
14022,0.08559574078223549
14023,0.050394540777385144
14024,0.027713311385320075
14025,0.023586287254597472
14026,0.04294413562925293
14027,0.09951366274240281
14028,0.003853052973222727
14029,0.15662695895626783
14030,0.19587077488905455
14031,0.219997
14032,0.1935561694900273
14033,0.09605131752749592
14034,0.2090232632164285
14035,0.2858292425086423
14036,0.3111912769342462
14037,0.07859594400498425
14038,0.015842979548212555
14039,0.10607173320439861
14040,0.03545956635884648
14041,0.014792944735315812
14042,0.15027898140222648
14043,0.7291136095581207
14044,0.039079430441941045
14045,0.07540414949821127
14046,0.404987613481041
14047,0.220016
14048,0.019987279878029524
14049,0.026685959858782304
14050,0.06081569408035449
14051,0.0735439592922671
14052,0.30381234274441316
14053,0.349908
14054,0.1479264141534205
14055,0.15872799843656418
14056,0.219997
14057,0.219997
14058,0.21691295003254885
14059,0.219997
14060,0.38306472127817787
14061,0.219997
14062,0.09174589495763698
14063,0.1006196500604251
14064,0.08679878402728267
14065,0.25460025252022017
14066,1.0
14067,0.1307952916232553
14068,0.054074257793486194
14069,0.5416755693961316
14070,0.029419016360280697
14071,0.023568389212881277
14072,0.349908
14073,0.08693262945918187
14074,0.16898857824169944
14075,0.05851586176204605
14076,0.17006741125811192
14077,0.7943951749216783
14078,0.10126075662580382
14079,0.1516430627676367
14080,0.349908
14081,0.2858219889923627
14082,0.349908
14083,0.5228638662346399
14084,0.4515339065223823
14085,0.016999858163977536
14086,0.4279760473973492
14087,0.23438008265609692
14088,0.220016
14089,1.0
14090,0.4476625529239275
14091,0.35099382928575773
14092,0.050502663174246884
14093,0.220016
14094,0.07897735722907488
14095,0.05901190839387948
14096,0.021567136097820266
14097,0.1411257270665495
14098,0.012935274833522699
14099,0.012289169203171437
14100,0.017095690111983995
14101,0.1273196518157357
14102,0.17511110109644415
14103,0.0859757931503815
14104,0.13446297543950778
14105,0.09601772731535314
14106,0.349908
14107,0.219997
14108,0.028803518815094152
14109,0.13691383524818324
14110,0.3440935812452109
14111,0.028003831272496855
14112,0.012650206033547988
14113,1.0
14114,1.0
14115,0.7853541959572433
14116,0.009015689648317974
14117,0.027891818635864842
14118,0.032742203467243804
14119,0.09073065721907941
14120,0.350009
14121,0.09931787699264427
14122,0.02965276946868396
14123,0.014041342699951562
14124,0.10599344597949589
14125,0.1741692183894195
14126,0.11122308021930918
14127,0.0022807827269608234
14128,0.6059918921914635
14129,0.02641577546472733
14130,0.0058584587195720855
14131,0.219997
14132,0.2127231106729531
14133,0.10494529993118462
14134,0.11384886147206282
14135,0.24616839594446424
14136,0.26990013070468805
14137,0.035047086556776026
14138,0.16465529229717432
14139,0.167239165504462
14140,0.144749018968095
14141,1.0
14142,1.0
14143,0.7307192582605291
14144,0.021218163334191006
14145,0.07733707611073339
14146,0.04600034537100881
14147,0.006529889908794583
14148,0.4718350292466354
14149,0.08209898913806424
14150,0.3082499164111562
14151,0.042386187449040394
14152,0.0813642103003266
14153,0.004309891824053113
14154,0.18985078288613613
14155,0.1425903894872781
14156,0.1831221485915393
14157,0.219997
14158,0.7533993929911383
14159,0.6084842130743451
14160,0.349908
14161,0.219997
14162,0.1906906488563394
14163,0.13246552365255265
14164,0.1747819858720664
14165,0.09404635638570158
14166,0.10609732986540756
14167,0.010997517874258147
14168,0.13863041807244794
14169,0.1395644346657312
14170,0.10712036963126688
14171,0.14350898905997012
14172,0.037142469540393096
14173,1.0
14174,1.0
14175,1.0
14176,0.219997
14177,0.041915304733509184
14178,0.07441573571193084
14179,0.350009
14180,0.006038431354657159
14181,0.08337385561851042
14182,0.04337830257936272
14183,0.06855533065117288
14184,0.219997
14185,0.05880327142509008
14186,0.7115921395703225
14187,1.0
14188,0.14557576509229778
14189,0.19423626295589275
14190,0.18242143429456445
14191,0.219997
14192,0.05564699263364557
14193,0.35364798477124443
14194,0.219997
14195,0.08626282059635192
14196,0.10228047521662334
14197,0.1995970301975848
14198,0.08873622939151815
14199,0.06860435478275974
14200,0.005842406967246232
14201,0.350009
14202,0.3495074816470529
14203,0.21459278398517284
14204,0.034445468044407956
14205,0.16088618796427054
14206,0.1426460653811732
14207,0.25715513143295843
14208,0.012734493911456448
14209,0.07673396640425606
14210,0.042486701702668356
14211,0.042201437846839905
14212,0.05694529325341238
14213,0.05439787636937386
14214,0.13000258701424955
14215,0.350009
14216,1.0
14217,0.349908
14218,0.349908
14219,0.219997
14220,0.219997
14221,0.28382704406067133
14222,0.8385433423071592
14223,0.1084345884947363
14224,0.051715423038127324
14225,0.11312679554777685
14226,0.0716347554824602
14227,0.26260148812313616
14228,0.23134223424079056
14229,0.07856854789975191
14230,0.350009
14231,0.349908
14232,0.23857967107442013
14233,1.0
14234,0.220016
14235,0.05005459174435736
14236,0.220016
14237,0.2865873198799811
14238,0.028647217385612364
14239,0.0463501559023182
14240,0.349908
14241,0.006293267004896007
14242,0.14785647391064322
14243,0.08057671771431935
14244,0.05753283530765188
14245,0.12344607704031117
14246,0.219997
14247,0.5336365682875073
14248,0.349908
14249,0.7687596125062879
14250,0.666653787535298
14251,0.219997
14252,0.3270335984969878
14253,0.349908
14254,0.041535185647133384
14255,0.19621015321139482
14256,0.11059554200931215
14257,0.06390292846112297
14258,0.47818116628861124
14259,0.349908
14260,0.14479174509063686
14261,0.936923465985841
14262,0.350009
14263,0.008831128381516954
14264,0.127015665505619
14265,0.219997
14266,0.10032418373678344
14267,0.06241014891990129
14268,0.03758506763479087
14269,0.01426257924681578
14270,0.042497599489947836
14271,0.18479962247543855
14272,0.1179735328319733
14273,0.18580137198142366
14274,0.219997
14275,0.7082946278299805
14276,1.0
14277,1.0
14278,0.349908
14279,1.0
14280,0.2110553951096731
14281,0.02453251958371079
14282,0.07610157052793813
14283,0.11113204878841565
14284,0.13643708952704137
14285,0.219997
14286,0.09715901421486507
14287,0.03384076206109439
14288,0.12527531139609635
14289,0.219997
14290,0.026634575280687633
14291,0.08855854624957253
14292,0.01243515270772373
14293,0.03158621076438311
14294,0.005815614030393305
14295,0.009991812547741587
14296,0.023266017543693285
14297,0.14416631324476442
14298,0.1113850268246944
14299,0.12899690454916315
14300,0.349908
14301,0.219997
14302,0.350009
14303,1.0
14304,0.9839112835835294
14305,0.434624628358246
14306,0.169376091260553
14307,0.02123292167918578
14308,0.06744372752359154
14309,0.10939325132507119
14310,0.04432198322319209
14311,0.04161264105522765
14312,1.0
14313,0.030928677243795596
14314,0.030435885429327965
14315,0.08280473407831343
14316,0.07158165685854866
14317,0.15018520102693012
14318,0.008161547384954915
14319,0.10309017131417435
14320,0.062326167084318956
14321,0.11879872569800717
14322,0.0031370365428321006
14323,0.006450807968120995
14324,0.12090300863847298
14325,0.130030595662181
14326,0.21635682277983376
14327,0.9742962066620438
14328,0.6386673063269099
14329,0.219997
14330,1.0
14331,0.6885628707468571
14332,0.7673512594437957
14333,0.31114592354395876
14334,0.08945863360799484
14335,0.01500849034418684
14336,0.03584091905223384
14337,0.11621115556052423
14338,0.12364831139720002
14339,0.12792793144880144
14340,0.7576580059025775
14341,0.2000620163200856
14342,0.452119471739812
14343,0.04007940619809052
14344,0.0763807947409312
14345,0.15232704830203495
14346,0.16993223557482376
14347,0.2325559452416723
14348,0.05662628181195703
14349,0.03833534402051824
14350,0.013966315131139655
14351,0.05874253494410953
14352,0.219997
14353,1.0
14354,0.4307853165961153
14355,1.0
14356,0.4568751345734519
14357,0.5811458019013813
14358,0.219997
14359,0.14537443524878702
14360,0.10775610877839532
14361,0.00021716496682698967
14362,0.03072554508164519
14363,0.05109202346209479
14364,0.21908044485229372
14365,0.219997
14366,0.11114157768847649
14367,0.349908
14368,0.04041124421630406
14369,0.08459028857220674
14370,0.026835577062293663
14371,0.220016
14372,0.061130241647046356
14373,0.022504996398385078
14374,0.007342068705310871
14375,0.21704049120300153
14376,0.28412579132206217
14377,0.07135797740806922
14378,0.350009
14379,0.349908
14380,0.09209660813383988
14381,0.19559785198674803
14382,0.05799588465042979
14383,0.19876544230241194
14384,0.13793988675394295
14385,0.09696832279587961
14386,0.20042253929381743
14387,0.219997
14388,0.05788828264218028
14389,0.003767869995594786
14390,0.220016
14391,0.04223234515895654
14392,0.17943976902899572
14393,0.04067492074364105
14394,0.219997
14395,0.07319613667289761
14396,0.11213671099692313
14397,0.0028045516784949683
14398,0.11167067993326521
14399,0.219997
14400,0.5847559570967543
14401,0.7126731657336498
14402,0.09505300226364456
14403,0.039021766423324104
14404,0.038314653791682626
14405,0.08205095356978476
14406,0.10358165879045954
14407,0.17828777269556514
14408,0.018183587974799385
14409,0.03284093796879293
14410,0.019781783710363283
14411,0.003074148560846462
14412,0.015241869916895152
14413,0.028347243206234506
14414,0.13736464736610535
14415,0.219997
14416,0.5404988476212671
14417,0.004226926174270293
14418,0.005593623089231294
14419,0.0881517197031961
14420,0.12937532587369768
14421,0.206366924578094
14422,0.5015498728487153
14423,0.16717338744395685
14424,0.0074564530861605085
14425,0.220016
14426,0.10967036810815689
14427,0.08529046706422819
14428,0.1421295370927894
14429,0.01213537556366233
14430,0.040948647405773315
14431,0.220016
14432,0.023900069088065967
14433,0.003037930906394176
14434,0.219997
14435,0.12730380253591742
14436,0.028585401689448446
14437,0.03480124289199311
14438,0.04748425025789414
14439,0.1231574244799051
14440,0.3940940211394836
14441,0.04135409892605267
14442,0.0012448733317048032
14443,0.08096611318195726
14444,0.03541055684012906
14445,0.3297141185723777
14446,0.043759374930754394
14447,0.219997
14448,0.21527375680016514
14449,0.06243664334765963
14450,0.019343253586562165
14451,0.10457597031807672
14452,0.024671993688731225
14453,0.02168791117935432
14454,0.29202953070907073
14455,0.11463130176592218
14456,0.219997
14457,0.14316290286932346
14458,0.0871536951933492
14459,0.00528698296524644
14460,0.007443622627450453
14461,0.6126726091130139
14462,1.0
14463,0.24025649681907982
14464,0.10477496305163111
14465,0.04138697918514426
14466,0.09427101862791595
14467,0.10013387183775163
14468,0.05398957693735197
14469,0.123236925703459
14470,0.14485507615408974
14471,0.09336115330384724
14472,1.0
14473,0.0007630598477858104
14474,0.1663722210003778
14475,0.14076723596161458
14476,0.04590338601492867
14477,0.17501025617702395
14478,0.349908
14479,0.10009245822701211
14480,0.18432896060434734
14481,0.033392035452730624
14482,0.043027007113164095
14483,0.057020157552852876
14484,0.0123559743732778
14485,0.12397137134855209
14486,0.03801892980961724
14487,0.04970778287177214
14488,0.1850091242277686
14489,0.17079342040855594
14490,0.07213453006249548
14491,0.05315828134179719
14492,0.07423436614010027
14493,0.01953794856778818
14494,0.20951417568673758
14495,0.04181370342771236
14496,0.022391627277698757
14497,0.11404594956678495
14498,0.06320337349682512
14499,0.09587028946429166
14500,0.004959880911503685
14501,0.05100749481930204
14502,0.1090061014777014
14503,0.7980522362271829
14504,0.11885694113255203
14505,0.20677008796239038
14506,0.06802176677654365
14507,0.050964778698813475
14508,0.14885953986260714
14509,0.11078896296181363
14510,0.021433267756993606
14511,0.04305328364160015
14512,0.2602288981289042
14513,0.06460314719979916
14514,0.025043718265644662
14515,0.07506799984793205
14516,0.220016
14517,0.038726678727133
14518,0.016497843063492182
14519,0.14464570364914714
14520,0.10945032186036922
14521,0.03500836533269589
14522,0.04716519698658819
14523,0.350009
14524,0.0037485262585389306
14525,0.000140943608058005
14526,0.0015188865628779217
14527,0.09226396039378179
14528,0.08695322842741246
14529,0.08844919807815468
14530,0.1266504273032339
14531,0.05108964278612471
14532,0.03319399599019263
14533,0.026916266716802736
14534,0.219997
14535,0.022285116863212252
14536,0.1324231005052905
14537,0.14291148582710975
14538,0.034493149327381144
14539,0.0778949935266676
14540,0.12803642886451894
14541,0.2904387734359832
14542,0.1784660008209672
14543,0.10007261297335211
14544,0.02008709962528547
14545,0.01914576989848547
14546,0.05243170773187071
14547,0.01754229415869186
14548,0.031122955637725505
14549,0.017352997282708914
14550,0.03078093856312353
14551,0.0013527594326537052
14552,0.005899532167560243
14553,0.007285985005331168
14554,0.09727489811305921
14555,0.2120218546553596
14556,0.01987745456330878
14557,0.17177885054226505
14558,0.015194275138111507
14559,0.219997
14560,0.014050853146780399
14561,0.031242602691695442
14562,0.0506965501508463
14563,0.016508537519764475
14564,0.020120396336745682
14565,0.01522897896228927
14566,0.011462754132355658
14567,0.012783718164918294
14568,0.005322157293473835
14569,0.019510224802009174
14570,0.021583046469866016
14571,0.022434484107764028
14572,0.06607964333596897
14573,0.006733208823033932
14574,0.09590147915945546
14575,0.035540172562541834
14576,0.039177205491248826
14577,0.012246076022604154
14578,0.010149858196724933
14579,0.219997
14580,0.03193802371201089
14581,0.049414104444245315
14582,0.014990073727827326
14583,0.0378454743173446
14584,0.00787623520038465
14585,0.025610858589952896
14586,0.219997
14587,0.014951031741806715
14588,0.219997
14589,0.03007704731402276
14590,0.08501378682923474
14591,0.138018905757089
14592,0.16292760516894056
14593,0.06055820652982581
14594,0.016211316423555323
14595,0.09984299762620431
14596,0.014487085716643202
14597,0.15342572594732584
14598,0.010444167593386258
14599,0.16489116089820854
14600,0.018773375765059008
14601,0.0007280351563925147
14602,0.006580785175219836
14603,0.00648718411455709
14604,0.03094734272056742
14605,0.020488044815996618
14606,0.01757990450193556
14607,0.009269694162510621
14608,0.055915796100596576
14609,0.01032858026816107
14610,0.032660757818695346
14611,0.07871264722450477
14612,0.13596188985384564
14613,0.06152372596199733
14614,0.15280954419308
14615,0.021349752608191375
14616,0.0325924626554088
14617,0.11632420990494638
14618,0.09892324094373453
14619,0.005293671999473709
14620,0.03197313425609237
14621,0.0712701837312485
14622,0.0412732064743442
14623,0.04618349941610819
14624,0.04157160559164764
14625,0.0328193682222865
14626,0.05522131949071985
14627,0.006746980381032875
14628,0.015354069003306665
14629,0.18041582539601905
14630,0.219997
14631,0.07303408818560972
14632,0.027965220771922546
14633,0.0286511618097216
14634,0.1680625122973178
14635,0.1167999049485714
14636,0.013027334848666795
14637,0.07887656045250145
14638,0.03710325919350226
14639,0.0854017446471045
14640,0.03902256996766966
14641,0.220016
14642,0.0850383748662961
14643,0.014138290957245206
14644,0.00348079521062154
14645,0.0014242314052607052
14646,0.0111856244103374
14647,0.16965406742407815
14648,0.02832265731264185
14649,0.30122590998382653
14650,0.350009
14651,0.03320743215694255
14652,0.0788791078094956
14653,0.349908
14654,0.1632165604540873
14655,0.219997
14656,0.349908
14657,0.219997
14658,0.04774014787736439
14659,0.03870243208873884
14660,0.009378173614084594
14661,0.1515129451357947
14662,0.219997
14663,1.0
14664,0.220016
14665,0.014318200428857708
14666,0.350009
14667,0.049301339145369306
14668,0.020478141035855116
14669,0.0746702670463248
14670,0.03353013353581759
14671,0.1404229642603032
14672,0.040912632980289534
14673,0.023230657815168126
14674,0.18643889739085578
14675,0.09426394939978057
14676,0.219997
14677,0.6644399866867889
14678,0.5210832056116427
14679,0.19529092085237496
14680,0.2926199234898036
14681,0.219997
14682,0.03196574026552033
14683,0.05220765578130856
14684,0.033210626404539756
14685,0.10237756343192826
14686,0.09346836396637563
14687,0.6327858613716661
14688,0.219997
14689,0.219997
14690,0.6418306820511933
14691,0.219997
14692,0.024157985437617997
14693,0.569053108920362
14694,0.11135597966129249
14695,0.349908
14696,0.06639896495450882
14697,0.0790641893102862
14698,0.0715935932809109
14699,0.04101205699060128
14700,0.219997
14701,0.213007640156287
14702,0.18031580847218684
14703,0.043181532223789953
14704,0.32414138458784214
14705,0.13623958607726475
14706,0.009687349213022011
14707,0.07768851860860933
14708,0.02333220339219296
14709,0.13172678091957665
14710,0.15497977945494065
14711,0.052757885380332555
14712,0.08081870989407437
14713,0.10469487042325254
14714,0.219997
14715,0.051094884952066814
14716,0.219997
14717,0.2915966746742484
14718,0.03451641246319406
14719,0.07995791524017719
14720,0.030210490540457068
14721,0.017403136693670176
14722,0.7473396773154302
14723,0.219997
14724,0.219997
14725,0.47494152093795994
14726,0.349908
14727,0.182374664148041
14728,0.11026191828873623
14729,0.03572031711181321
14730,0.0094408364258552
14731,0.061934894609708475
14732,0.016615308898468642
14733,0.07937642357599012
14734,0.17287193757545904
14735,0.008447417095570394
14736,0.1614904589887236
14737,0.219997
14738,0.44142355875812106
14739,0.350009
14740,0.09189664954676591
14741,0.04183990821810001
14742,0.08606773686834333
14743,0.05597854581493749
14744,0.07599952872093718
14745,0.350009
14746,0.021870747439455572
14747,0.06077473461364453
14748,0.17469198603422026
14749,0.09920634344430183
14750,0.219997
14751,0.4733501947296914
14752,0.08717634978420906
14753,0.09744625034574408
14754,0.027617332988805608
14755,0.014450637340351886
14756,0.05600175769738009
14757,0.08759350377924767
14758,0.04949748615784056
14759,0.026026091084538162
14760,0.053970976166778
14761,0.13269633993421917
14762,0.219997
14763,0.09260668680586291
14764,0.0963772891897634
14765,0.06131681914495234
14766,0.025986639032788368
14767,0.08042910037615167
14768,0.047464407381034336
14769,0.04306497801060183
14770,0.06603645450534273
14771,0.139766364344806
14772,0.10400681838619145
14773,0.22447305670027645
14774,0.021916208566312902
14775,0.04356991853792962
14776,0.05060354670285044
14777,0.01947559597357809
14778,0.009485349836186718
14779,0.051897974674907366
14780,0.06844474462557713
14781,0.03618903043772339
14782,0.05981310772416194
14783,0.1314774964191832
14784,0.349908
14785,0.349908
14786,0.09363792005335421
14787,0.07090053388687484
14788,0.05462593507004143
14789,0.12207326783416483
14790,0.08483554154144447
14791,0.023442264921556728
14792,0.0730732951668354
14793,0.025283355839265522
14794,0.06043894975111685
14795,0.217127081776999
14796,0.06300056486981159
14797,0.09870829477963451
14798,0.06889251961164894
14799,0.014946483291869442
14800,0.08727732526422335
14801,0.09994515640948623
14802,0.23456472218025085
14803,0.219997
14804,0.220016
14805,0.09757022480168412
14806,0.09202832534952458
14807,0.01756821648292263
14808,0.16165410307991954
14809,0.09748638785983102
14810,0.014771318887615043
14811,0.01893476523974348
14812,0.12355558360193541
14813,0.07478240607432099
14814,0.7434886549618015
14815,0.19355834304251598
14816,0.04950791690087689
14817,0.17665027764592264
14818,0.05703609020389246
14819,0.07489414960090132
14820,0.02752655088738821
14821,0.14161249985089225
14822,0.013298525323009769
14823,0.02919214105600218
14824,0.025550535605615366
14825,0.12481084507402218
14826,0.10538466292155171
14827,0.07298102042485057
14828,0.15869603721218886
14829,0.16287627855725015
14830,0.2885261617430712
14831,0.6285395488453515
14832,0.14092997918754016
14833,0.030633071399153066
14834,0.09856230770777928
14835,0.0422094765459293
14836,0.08427599155538126
14837,0.010895925069769311
14838,0.03641348311934615
14839,0.17858654765708123
14840,0.096236436367174
14841,0.11653135514013185
14842,0.005968851534525763
14843,0.1465631627297703
14844,0.06082751097619859
14845,0.04874019553998459
14846,0.02092095901367378
14847,0.16228541589797466
14848,0.022624261297757853
14849,0.06260019863688944
14850,0.03352441671027021
14851,0.0014520273397412267
14852,0.01693690605946724
14853,0.04601834998187943
14854,0.08471138852122294
14855,0.129890736789285
14856,0.14176671991957007
14857,0.2931729840600707
14858,0.1894155002787727
14859,0.33761460048706854
14860,0.219997
14861,0.219997
14862,0.031149813588808507
14863,0.155043418046412
14864,0.020102553247236084
14865,0.141849545867289
14866,0.09242207926964338
14867,0.14146624655309617
14868,0.0753432289346633
14869,0.03042719150209113
14870,0.04240874918528236
14871,0.008371523772462145
14872,0.06844192519159786
14873,0.08343521211410904
14874,0.07140899264998032
14875,0.08468350105111326
14876,0.0033185577882566732
14877,0.023979078888861027
14878,0.15509992056624
14879,0.04420684619508979
14880,0.09402491287038763
14881,0.1554707163392659
14882,0.11962908191586114
14883,0.3333004898128922
14884,0.349908
14885,0.1096623845618765
14886,0.21432868653591944
14887,0.156317454473944
14888,0.1389284088423253
14889,0.219997
14890,0.12438606005905124
14891,0.10919214306499035
14892,0.05238867115045124
14893,0.45646388282792477
14894,0.08188267979080656
14895,0.13280441027391995
14896,0.04354004083528027
14897,0.007709893214495786
14898,0.0046536000387493665
14899,0.023296054459804566
14900,0.0416316378838161
14901,0.219997
14902,0.08371085811729512
14903,0.12032784853672736
14904,0.219997
14905,1.0
14906,0.09230234800796402
14907,0.034167524145713786
14908,0.220016
14909,0.1332285579413077
14910,0.32045323310440016
14911,0.219997
14912,0.16380027783085974
14913,0.06069792985258729
14914,0.17669604081824192
14915,0.220016
14916,0.06296488789564236
14917,0.10482405336230365
14918,0.12250419203027892
14919,0.08717578366021647
14920,0.02109201680747937
14921,0.04262267134305672
14922,0.03247676066930995
14923,0.09426459241362015
14924,0.02631048445497649
14925,0.20222169311394225
14926,0.219997
14927,0.219997
14928,0.11248639737670307
14929,0.17692919282857308
14930,0.219997
14931,0.219997
14932,0.3106430355942165
14933,0.10658383056183116
14934,0.10275109947161051
14935,0.02245903234411216
14936,0.014792944735315812
14937,0.0890263921920647
14938,0.7094771821418783
14939,0.10312924248221363
14940,0.12079905685560789
14941,0.4870550383703673
14942,0.23595748469534844
14943,0.019987279878029524
14944,0.026685959858782304
14945,0.013771750510754853
14946,0.09622270577779249
14947,0.07125885747335099
14948,0.349908
14949,0.349908
14950,0.07632856340385816
14951,0.15069739049692066
14952,0.2886223644232542
14953,0.219997
14954,0.219997
14955,0.219997
14956,0.4076936352956009
14957,0.20240121340180922
14958,0.12231863992817062
14959,0.11458197511413327
14960,0.10318780988743988
14961,0.349908
14962,1.0
14963,0.1307952916232553
14964,0.057598987353097465
14965,0.48938376543983286
14966,0.020167846671183993
14967,0.08751078384121495
14968,0.349908
14969,0.024209485534404884
14970,0.04202452472202906
14971,0.04705004183914883
14972,0.1529382169316518
14973,0.06593870597393538
14974,0.14892123192639162
14975,0.6551529586096261
14976,0.01802285305481401
14977,0.14553481187457798
14978,0.349908
14979,0.219997
14980,0.32511050188431934
14981,0.49440320766679824
14982,0.41186254190641336
14983,0.009018000648692836
14984,0.26944687991056937
14985,0.219997
14986,0.1870623239902182
14987,1.0
14988,0.349908
14989,0.349908
14990,0.08328790127270275
14991,0.220016
14992,0.14020987423190226
14993,0.005482510876078168
14994,0.013201749859606506
14995,0.12560413143962265
14996,0.012935274833522699
14997,0.012289169203171437
14998,0.05395417451691133
14999,0.16510875800242192
15000,0.18414722011418028
15001,0.1182621408951784
15002,0.12311425915371592
15003,0.13323328679886473
15004,0.2708252015154619
15005,0.219997
15006,0.02394209613150745
15007,0.08964289415426985
15008,0.3209693286947998
15009,0.028003831272496855
15010,0.07087028712427114
15011,1.0
15012,0.9377683013405964
15013,0.8271745978713236
15014,0.024853908952577712
15015,0.029305241600146994
15016,0.14698919622468548
15017,0.350009
15018,0.11893245128943063
15019,0.05817633137734658
15020,0.012007317870062756
15021,0.022175964093937045
15022,0.08694975759046591
15023,0.1507754569840491
15024,0.20303701419706977
15025,0.0010461953300746442
15026,0.6691256668090987
15027,0.02641577546472733
15028,0.048665325344240076
15029,0.219997
15030,0.21973938010542596
15031,0.1459370731906896
15032,0.06667429124637272
15033,0.349908
15034,0.23800773657532376
15035,0.051570183860051536
15036,0.220016
15037,0.219997
15038,0.19781226596109416
15039,1.0
15040,1.0
15041,0.8408177922992375
15042,0.01627783099511874
15043,0.220016
15044,0.02582695946317736
15045,0.012468541762957367
15046,0.349908
15047,0.08337196998413109
15048,0.350009
15049,0.05959398043724204
15050,0.13114246515626374
15051,0.006683868816058366
15052,0.18947621957480157
15053,0.2193339467680607
15054,0.219997
15055,0.219997
15056,0.788046022130204
15057,0.7236292552475642
15058,0.349908
15059,0.219997
15060,0.15606360085304527
15061,0.09096928661507687
15062,0.20478472746055318
15063,0.05498796241631257
15064,0.07909265252263144
15065,0.009634670947648485
15066,0.16543660532488902
15067,0.10433667826024533
15068,0.08016677477355023
15069,0.18755778346479896
15070,0.015640750876762755
15071,1.0
15072,1.0
15073,1.0
15074,0.219997
15075,0.0832666308742929
15076,0.220016
15077,0.37090318884763757
15078,0.05710331897041071
15079,0.019894083131653164
15080,0.014997858786393542
15081,0.037628839724498
15082,0.1852354258272495
15083,0.11737703462728245
15084,0.6357224954995507
15085,1.0
15086,0.2075417464843813
15087,0.219997
15088,0.19905068012331434
15089,0.3297865301025255
15090,0.12074700905028557
15091,0.41409092398391323
15092,0.2848663895398658
15093,0.018941226828833403
15094,0.17175308731537386
15095,0.11359316049358109
15096,0.12617503622882967
15097,0.10296617840788473
15098,0.03413346081774246
15099,0.31331320224281384
15100,0.29129795875889913
15101,0.219997
15102,0.11550751194074062
15103,0.03586977348573616
15104,0.21435695266212698
15105,0.1657529828079783
15106,0.23096756047583927
15107,0.022644532557026274
15108,0.03601548668968506
15109,0.09761911583278331
15110,0.05926942192149621
15111,0.09083323979696127
15112,0.1171422625147857
15113,0.054801195702003876
15114,0.3544561302843761
15115,1.0
15116,0.5782652714986745
15117,0.219997
15118,0.21657119059259147
15119,0.219997
15120,0.23257562872615578
15121,0.9313798084333463
15122,0.09717222256990966
15123,0.047222103017093134
15124,0.06954281595321282
15125,0.219997
15126,0.25305970827190566
15127,0.2052309904697011
15128,0.349908
15129,0.349908
15130,0.2818787783831571
15131,1.0
15132,0.15841729715158043
15133,0.007869875271668898
15134,0.23140898421829537
15135,0.2525198865908993
15136,0.05834459959854622
15137,0.7878978988840785
15138,0.1398437659343337
15139,0.07789990509559176
15140,0.0371085208011982
15141,0.07411838356109965
15142,0.21867794293036252
15143,0.5270628312551036
15144,0.349908
15145,0.7189164427926241
15146,0.349908
15147,0.219997
15148,0.31444399427637876
15149,0.349908
15150,0.027177539007348418
15151,0.15200090738191824
15152,0.08867286501513899
15153,0.011978659443174852
15154,0.41262680032101057
15155,0.349908
15156,0.10597315768904667
15157,0.991836496360858
15158,0.3723949847883037
15159,0.008831128381516954
15160,0.041749144521594846
15161,0.219997
15162,0.17086064239475043
15163,0.022379010566212696
15164,0.04385134315616279
15165,0.03029059283108213
15166,0.045460642974412734
15167,0.16274748901540617
15168,0.1854798853392275
15169,0.1945517656354617
15170,0.219997
15171,0.6954822261177117
15172,1.0
15173,0.8448419045066724
15174,0.64394891149537
15175,0.9985377218980882
15176,0.19390475532735313
15177,0.02846551179038128
15178,0.03945488616678435
15179,0.16529632007859418
15180,0.18805217247981063
15181,0.219997
15182,0.09893902798710792
15183,0.04653839423465073
15184,0.02509489396647926
15185,0.2875230066421819
15186,0.02038015365862443
15187,0.2191906835319372
15188,0.028276892819309715
15189,0.021364646031054434
15190,0.06926470163611528
15191,0.01710231389899847
15192,0.017054112876740333
15193,0.019532778404394314
15194,0.062031927962469646
15195,0.13800147841315094
15196,0.17470702263988092
15197,0.1552317743866573
15198,0.349908
15199,0.219997
15200,0.350009
15201,1.0
15202,1.0
15203,0.349908
15204,0.219997
15205,0.042880958313205125
15206,0.02758689656143491
15207,0.03274488865087628
15208,0.13593714215245523
15209,0.02047887344069005
15210,0.04161264105522765
15211,1.0
15212,0.011703781984085249
15213,0.013091380106248076
15214,0.220016
15215,0.1268951120637559
15216,0.0699895935675257
15217,0.017171442213361733
15218,0.0744800760756035
15219,0.052887752772156627
15220,0.1043842944514878
15221,0.01755324779062142
15222,0.029219525772824387
15223,0.10643333358941187
15224,0.18922981978994977
15225,0.219997
15226,0.9543922787091896
15227,0.6321813739128496
15228,0.25872537295199366
15229,1.0
15230,0.7480227566040645
15231,0.7539358290840205
15232,0.349908
15233,0.057591311405788236
15234,0.048514960396167754
15235,0.0075548852290083755
15236,0.03590529271940506
15237,0.0365420128710551
15238,0.043252524648086065
15239,0.11323153204788211
15240,0.6703482724426135
15241,0.1894997164484343
15242,0.39001219905121803
15243,0.06614862318164631
15244,0.07908694198009085
15245,0.13926532050330642
15246,0.15840754398812024
15247,0.219997
15248,0.08233860435233706
15249,0.041540147201428484
15250,0.10916456181483739
15251,0.219997
15252,1.0
15253,0.350009
15254,1.0
15255,0.3576774692163015
15256,0.349908
15257,0.30937548523442504
15258,0.1769007714911745
15259,0.078107447670931
15260,0.03373232226977363
15261,0.06396896991195691
15262,0.1924288139342701
15263,0.219997
15264,0.09724710467862946
15265,0.219997
15266,0.09157270173897149
15267,0.008405346057059511
15268,0.349908
15269,0.02376566315482332
15270,0.018819198896388386
15271,0.01780675856170425
15272,0.219997
15273,0.31581283349264677
15274,0.07680623302970718
15275,0.0015692304255473704
15276,0.29683107186107094
15277,0.349908
15278,0.14899604782074058
15279,0.20021927621564148
15280,0.06608014574224515
15281,0.16976550454870146
15282,0.15001777654311776
15283,0.016102626976402412
15284,0.1789908238035903
15285,0.12782917025959528
15286,0.06896110670023778
15287,0.012734444250010461
15288,0.220016
15289,0.0005965522196601587
15290,0.12286762531396529
15291,0.04300783485662411
15292,0.219997
15293,0.07860390549841212
15294,0.04356649342807819
15295,0.09671925122793812
15296,0.219997
15297,0.533210994769582
15298,0.8765432885394497
15299,0.15181694212494862
15300,0.026152689828526775
15301,0.07065467075435869
15302,0.0455068757371858
15303,0.13014691988315746
15304,0.06189102655638438
15305,0.12018989364645524
15306,0.06776767008478267
15307,0.018183587974799385
15308,0.04281243179841914
15309,0.019781783710363283
15310,0.04315679228732169
15311,0.02736758590565922
15312,0.015241869916895152
15313,0.2003581950138918
15314,0.15278300891934904
15315,0.5964897817709857
15316,0.02328698227124078
15317,0.011693520382680192
15318,0.10224786967756049
15319,0.17278331572170985
15320,0.19120273383300895
15321,0.5583967979509455
15322,0.14110111744713105
15323,0.019674259564499873
15324,0.006962988985002701
15325,0.18549168930417048
15326,0.04106166177483294
15327,0.14120782482499084
15328,0.13986978472093609
15329,0.06992115815894354
15330,0.015985114641282574
15331,0.018087211686193688
15332,0.026855107137040857
15333,0.016901986162801794
15334,0.349908
15335,0.023900069088065967
15336,0.03128035573952817
15337,0.219997
15338,0.12961155713354358
15339,0.058728425542026536
15340,0.049289011777241404
15341,0.08866834690638706
15342,0.12349109286097185
15343,0.5522581105057095
15344,0.01606613759509517
15345,0.027153060792507344
15346,0.07316879952141944
15347,0.07237317342658886
15348,0.1655434626742278
15349,0.220016
15350,0.0534274638946138
15351,0.219997
15352,0.219997
15353,0.03205309393430053
15354,0.047895970810124575
15355,0.02481468591500437
15356,0.01231072188716406
15357,0.219997
15358,0.11463130176592218
15359,0.024735561857313106
15360,0.219997
15361,0.009206759535323284
15362,0.14529059898959332
15363,0.09464869359704149
15364,0.009968347547115161
15365,0.6548313647346755
15366,0.9370171422854221
15367,0.22253892708623738
15368,0.11757591826868098
15369,0.008320828393319485
15370,0.07459570824284907
15371,0.08394479593489607
15372,0.05781630455050568
15373,0.220016
15374,0.14703883751544963
15375,0.1173477438879158
15376,1.0
15377,0.024996108981596855
15378,0.03567730740698233
15379,0.037334678739999884
15380,0.06843712793064177
15381,0.12069832554343346
15382,0.007466782312637393
15383,0.07700724426921557
15384,0.20765758718780655
15385,0.349908
15386,0.07979434684426331
15387,0.219997
15388,0.040117193124810165
15389,0.03095591689819567
15390,0.12795000311801427
15391,0.060512350236436814
15392,0.05152661973943465
15393,0.1850091242277686
15394,0.11326807034330298
15395,0.06655143475684738
15396,0.054819948622013046
15397,0.03153433230329957
15398,0.06462364272213461
15399,0.20642787950044927
15400,0.09326235044589865
15401,0.013963465842017894
15402,0.07796475230264356
15403,0.13081355266269
15404,0.0704360924516238
15405,0.0585282372894754
15406,0.04789405417577571
15407,0.07840920275427475
15408,0.8877638595481601
15409,0.0973465082725509
15410,0.219997
15411,0.14551356647918953
15412,0.04427392754916043
15413,0.12185042368547405
15414,0.09842862832634885
15415,0.005731894484880148
15416,0.05730636155638496
15417,0.350009
15418,0.11171275419340294
15419,0.009644148597183374
15420,0.019297437795944845
15421,0.05445054278139344
15422,0.17492821487260377
15423,0.028512131132834455
15424,0.12611809234645888
15425,0.03165011657878337
15426,0.0121988216045992
15427,0.037235563249321195
15428,0.35193651079544924
15429,0.040839048443581716
15430,0.02754831280310948
15431,0.005373673004756869
15432,0.046977400833854356
15433,0.06025118440543075
15434,0.0681589881944001
15435,0.13026964369249378
15436,0.17424602830502595
15437,0.03520255614038724
15438,0.010174272697267969
15439,0.07572457082917897
15440,0.14281143939533963
15441,0.17583796085514133
15442,0.10015323555038248
15443,0.19103950038144973
15444,0.03494145588148468
15445,0.03833014504690515
15446,0.220016
15447,0.23921282527223356
15448,0.1669435624333339
15449,0.008441717508295239
15450,0.012562089178456413
15451,0.06640662393298412
15452,0.01895417550055457
15453,0.057366703567736405
15454,0.04190892580468337
15455,0.03140001324992152
15456,0.024754842210934658
15457,0.015704862180023645
15458,0.043638618414567745
15459,0.003025125794316182
15460,0.004600404804818178
15461,0.03895166503212583
15462,0.06563305456784835
15463,0.07936881431730149
15464,0.16845273131400218
15465,0.07862004052164338
15466,0.1619417776235422
15467,0.00939376369025373
15468,0.350009
15469,0.031242602691695442
15470,0.05290377741125786
15471,0.027663192507092142
15472,0.018502967202741354
15473,0.002111479818913971
15474,0.04365756838957103
15475,0.05206082597957523
15476,0.019510224802009174
15477,0.022434484107764028
15478,0.07322082562156132
15479,0.028987351465261414
15480,0.06167789091189735
15481,0.03722922523986593
15482,0.023093684281762103
15483,0.010486182139398071
15484,0.010149858196724933
15485,0.20262201400045793
15486,0.012170434779242642
15487,0.07489118598490553
15488,0.006757925561394642
15489,0.014990073727827326
15490,0.03149622701824792
15491,0.010144590464585533
15492,0.219997
15493,0.015363489405158018
15494,0.006030263408232002
15495,0.349908
15496,0.06949462584149992
15497,0.1108464278986731
15498,0.12450232921886455
15499,0.08163271624642064
15500,0.028714490339856274
15501,0.00030591754979817086
15502,0.1709113748989239
15503,0.02972161446089337
15504,0.1728713176717248
15505,0.010444167593386258
15506,0.1248190967514694
15507,0.015855238541332826
15508,0.039528405747389764
15509,0.02514949294129712
15510,0.008448580976087645
15511,0.010300406233509411
15512,0.0040361551168985816
15513,0.016893417940107448
15514,0.017044386767294663
15515,0.06915797874273155
15516,0.01592727822898145
15517,0.015038427132379103
15518,0.09997315760327265
15519,0.08434512426123626
15520,0.006638027824201213
15521,0.15628077678828647
15522,0.039679286775964696
15523,0.05460545865529949
15524,0.00553295414431614
15525,0.046751654171298174
15526,0.05308965570196065
15527,0.03218936616787409
15528,0.05605866407593633
15529,0.040434325015198905
15530,0.03391876627618513
15531,0.019886885814589608
15532,0.09019909795443169
15533,0.20502045053041185
15534,0.349908
15535,0.03791153585884177
15536,0.01656965624582544
15537,0.052152175203103564
15538,0.03294987246766591
15539,0.08633160989169607
15540,0.061265557370704896
15541,0.08639046066932092
15542,0.061897113310067586
15543,0.219997
15544,0.05192586191879664
15545,0.04101408213570506
15546,0.20978577437990112
15547,0.06268662034097623
15548,0.23098674914014308
15549,0.042439761313291545
15550,0.36178755883102726
15551,0.35124907466796595
15552,0.08722506977741079
15553,0.349908
15554,0.09890116183836561
15555,0.350009
15556,0.219997
15557,0.219997
15558,0.0735075561808289
15559,0.03870243208873884
15560,0.16485646314116173
15561,0.02271896232321134
15562,0.219997
15563,0.220016
15564,0.04353840965103467
15565,0.8957466253012386
15566,0.19922158287649555
15567,0.07137078867112619
15568,0.30943483877614725
15569,0.006772727929936872
15570,0.12251487891590294
15571,0.03353013353581759
15572,0.10375495597335539
15573,0.09609401134327467
15574,0.025051944396098254
15575,0.03851798617938572
15576,0.219997
15577,0.5349158696351858
15578,0.45356290588452286
15579,0.09235448673334008
15580,0.219997
15581,0.219997
15582,0.03196574026552033
15583,0.03783372640693607
15584,0.027691029037340945
15585,0.08357025717176744
15586,0.01740632802258871
15587,0.3901496540328888
15588,0.219997
15589,0.219997
15590,0.5779383913452493
15591,0.18412742479291444
15592,0.03212669991294454
15593,0.4825626483565854
15594,0.07188428512192838
15595,0.05951399767258518
15596,0.349908
15597,0.028397674715414965
15598,0.1605580265048045
15599,0.016263584924765772
15600,0.09171133342302659
15601,0.09510924214777652
15602,0.219997
15603,0.03923804309972063
15604,0.013370222851789756
15605,0.033299632598058036
15606,0.350009
15607,0.11663529277743337
15608,0.06562886655980399
15609,0.06211428145287736
15610,0.08555689113467148
15611,0.11431243663349742
15612,0.09626642934085446
15613,0.04320775685493416
15614,0.009453064491044126
15615,0.002327825480592737
15616,0.1326234524596965
15617,0.05450329270458327
15618,0.15764438548434745
15619,0.19534761148030835
15620,0.02677177635448749
15621,0.22606123175337195
15622,0.03451641246319406
15623,0.06847960132633854
15624,0.13067198851434395
15625,0.029691837149458302
15626,0.005115003168112263
15627,0.46873166189679366
15628,0.1582849610012112
15629,0.1428833641238534
15630,0.349908
15631,0.350009
15632,0.10865077312731461
15633,0.11604539051990281
15634,0.0016512438204209045
15635,0.06442889061743637
15636,0.022032642137352454
15637,0.00950296790937901
15638,0.0006866691761446669
15639,0.02766427729411255
15640,0.10825166846632374
15641,0.0459922936773867
15642,0.1571988324843929
15643,0.24601513685503815
15644,0.3651004544328013
15645,0.011721152463197526
15646,0.024782001480261696
15647,0.220016
15648,0.038440520936121915
15649,0.019109995224606546
15650,0.025652634998371598
15651,0.046044668547573366
15652,0.349908
15653,0.026302352190037855
15654,0.12418953008537441
15655,0.017490528070149697
15656,0.15976438576193394
15657,0.220016
15658,0.5683141213560599
15659,0.04105194825291477
15660,0.07616803035245208
15661,0.027617332988805608
15662,0.030231676123698956
15663,0.067501309540291
15664,0.08151672823490849
15665,0.006538924714551211
15666,0.0365071686985035
15667,0.01645738131955019
15668,0.11244347949887627
15669,0.15158070064092688
15670,0.11525742170053319
15671,0.06312758892922059
15672,0.07952577840889184
15673,0.08249848118441214
15674,0.03308078258936052
15675,0.03944146218473192
15676,0.12663285418737577
15677,0.16306014490844847
15678,0.08524043063682614
15679,0.21731592073071346
15680,0.04375533895581883
15681,0.13165980001434227
15682,0.05303048500098069
15683,0.005114817851621149
15684,0.025174470016617028
15685,0.03133938911565931
15686,0.04304215649807663
15687,0.004229076338009941
15688,0.11225886282138588
15689,0.349908
15690,0.349908
15691,0.12109319475516908
15692,0.0798149806936812
15693,0.015020065586920572
15694,0.14318786922776863
15695,0.06486246343110762
15696,0.007935895455693117
15697,0.03146771694335668
15698,0.039385081041845946
15699,0.025699977689566254
15700,0.219997
15701,0.07284379058729344
15702,0.06556106597866847
15703,0.06805500394186642
15704,0.220016
15705,0.1467791801625666
15706,0.32578936871407227
15707,0.220016
15708,0.219997
15709,0.1079054551690699
15710,0.10503874861760527
15711,0.017031612893392056
15712,0.11347510260807425
15713,0.08493169454737627
15714,0.014771318887615043
15715,0.220016
15716,0.13043830083122626
15717,0.8590360487787121
15718,0.17575195955738607
15719,0.21426761346687642
15720,0.06800060840307004
15721,0.028769622951097536
15722,0.040769759618063076
15723,0.1639819294618324
15724,0.002221895962936155
15725,0.019237939582566737
15726,0.0581284161856154
15727,0.13052056283843264
15728,0.0954956346077451
15729,0.11943819963729344
15730,0.1069322291335981
15731,0.16257144497280576
15732,0.33140443379757106
15733,0.6095835250830492
15734,0.15976767607283504
15735,0.042975254163776455
15736,0.1282523462748311
15737,0.044183880467802236
15738,0.07002771825572836
15739,0.046731519043383296
15740,0.16705906175277216
15741,0.055808187899668155
15742,0.1304942161686076
15743,0.05715503721118094
15744,0.1319573272787237
15745,0.014073087796914689
15746,0.1512742344481929
15747,0.07256291815591366
15748,0.06062127270996612
15749,0.219997
15750,0.0036193714078404317
15751,0.06784845334837608
15752,0.0573931519176118
15753,0.07058885110843874
15754,0.0003463257680763191
15755,0.012371915615421033
15756,0.039007578801982926
15757,0.09147026493425625
15758,0.13274148301664443
15759,0.219997
15760,0.219997
15761,0.350009
15762,0.219997
15763,0.219997
15764,0.03804722941124114
15765,0.17738521257236275
15766,0.01670818887490611
15767,0.09827644015404455
15768,0.0633216742692195
15769,0.2022583200451264
15770,0.07071930937556554
15771,0.04793326715396721
15772,0.043226924756740136
15773,0.022144001713254414
15774,0.02325327038396904
15775,0.08515501599663386
15776,0.06346654900777537
15777,0.056926641303919466
15778,0.05725701310026416
15779,0.16960783090933773
15780,0.05703928384923924
15781,0.055840041893343774
15782,0.15449788223912295
15783,0.15967293161305657
15784,0.219997
15785,0.6070798447728593
15786,0.219997
15787,0.17518966131882283
15788,0.07231128248157037
15789,0.2056733492777665
15790,0.17568145262208557
15791,0.16885230264975787
15792,0.07003616113667735
15793,0.015333480441005638
15794,0.0472263845921977
15795,0.376338495810419
15796,0.10172086358209964
15797,0.12595445605246391
15798,0.03649226484574733
15799,0.08956863078397857
15800,0.008133615661832032
15801,0.029677685122059004
15802,0.008270514278586188
15803,0.10432022952578998
15804,0.219997
15805,0.09144778419394407
15806,0.06268522614414795
15807,0.219997
15808,1.0
15809,0.14916066615731857
15810,0.03490296721691348
15811,0.350009
15812,0.08260525997567086
15813,0.3220018748416526
15814,0.219997
15815,0.1521995588704508
15816,0.04734245554043108
15817,0.01793956163908908
15818,0.14369136910498415
15819,0.219997
15820,0.09004230252367428
15821,0.15562244478137877
15822,0.15189106786189993
15823,0.06738753164050708
15824,0.02109201680747937
15825,0.02004387190033361
15826,0.02984931000615387
15827,0.02138022242412811
15828,0.1036054236925446
15829,0.07884196966084858
15830,0.02732064037030957
15831,0.16168686455084136
15832,0.219997
15833,0.219997
15834,0.08736969812155267
15835,0.14395207453224873
15836,0.219997
15837,0.219997
15838,0.26576494197241196
15839,0.11739127611646846
15840,0.11688393970617249
15841,0.07327400686134296
15842,0.220016
15843,0.7344142620583208
15844,0.06218077959522569
15845,0.039720668924680874
15846,0.350009
15847,0.219997
15848,0.019987279878029524
15849,0.10768436145801782
15850,0.349908
15851,0.31446628620621414
15852,0.016068748149991114
15853,0.14225729705842227
15854,0.14379888684937586
15855,0.30925240888858263
15856,0.219997
15857,0.219997
15858,0.219997
15859,0.461399371742543
15860,0.20159040830649638
15861,0.10543760395415944
15862,0.15197790075467263
15863,0.09737489141017777
15864,0.349908
15865,1.0
15866,0.1307952916232553
15867,0.004927129743250661
15868,0.5399264232579717
15869,0.04211606511482626
15870,0.349908
15871,0.023822611292738244
15872,0.013233935901893373
15873,0.07014427581971891
15874,0.17190430667534748
15875,0.02388364395743893
15876,0.10121767306168476
15877,0.0074074334947038765
15878,0.7075463663846071
15879,0.06903492768938478
15880,0.219997
15881,0.219997
15882,0.219997
15883,0.219997
15884,0.5060662115196859
15885,0.39336325015669
15886,0.03132491064685695
15887,0.29312742438655964
15888,0.220016
15889,0.12428797598318775
15890,1.0
15891,0.350009
15892,0.349908
15893,0.0128298692204554
15894,0.220016
15895,0.16892803041277976
15896,0.008362707201643341
15897,0.009071413920763239
15898,0.08044006145997365
15899,0.012289169203171437
15900,0.019598334532128166
15901,0.17976688675715838
15902,0.20498927169446876
15903,0.1673240567327538
15904,0.1255053549617676
15905,0.15014247454523597
15906,0.23708253168539659
15907,0.19314571941197103
15908,0.007482183246483943
15909,0.1548705201384159
15910,0.350009
15911,0.028003831272496855
15912,0.033981771678674534
15913,1.0
15914,1.0
15915,1.0
15916,0.018078378129858887
15917,0.016359677296602253
15918,0.11141385631400265
15919,0.350009
15920,0.13836868713791767
15921,0.07335612421685851
15922,0.11503483083495443
15923,0.11637021877125009
15924,0.17276805523789535
15925,0.017794939152375525
15926,0.738987509692141
15927,0.008757482066718331
15928,0.08700181394831823
15929,0.219997
15930,0.11757144857689872
15931,0.10026939681668184
15932,0.08885879165103779
15933,0.350009
15934,0.350009
15935,0.06319473878055122
15936,0.131876184686388
15937,0.14683901471304078
15938,0.13610865866974403
15939,1.0
15940,1.0
15941,0.8474760796823778
15942,0.04361420866873206
15943,0.10972235503312511
15944,0.03719281048963046
15945,0.4381201067049218
15946,0.06913364619816366
15947,0.350009
15948,0.09887822512174661
15949,0.10775723401661613
15950,0.003489935194391676
15951,0.20657436456122905
15952,0.219997
15953,0.219997
15954,0.219997
15955,0.762241909581806
15956,0.7802387865431255
15957,0.349908
15958,0.219997
15959,0.13932523848992992
15960,0.10192512589522199
15961,0.18241934868943382
15962,0.07144804845102849
15963,0.06873600539263104
15964,0.007591883940268959
15965,0.219997
15966,0.16403920974587594
15967,0.15213749832998763
15968,0.16176204904753225
15969,0.03524945623349121
15970,1.0
15971,1.0
15972,1.0
15973,0.1898392236771559
15974,0.0873973022681289
15975,0.220016
15976,0.350009
15977,0.01710688787683337
15978,0.029902651807217937
15979,0.04450631651230574
15980,0.07691817297597225
15981,0.21675230500027876
15982,0.05070763109321995
15983,0.523396712168858
15984,1.0
15985,0.219997
15986,0.18260202929502342
15987,0.1939049979869219
15988,0.219997
15989,0.11384956718784674
15990,0.350009
15991,0.2630774562196241
15992,0.1054304034783454
15993,0.16763652475922014
15994,0.09885045339849877
15995,0.12877033509165015
15996,0.1027251339038052
15997,0.350009
15998,0.219997
15999,0.219997
16000,0.20756004094690475
16001,0.03586977348573616
16002,0.15228211056285856
16003,0.220016
16004,0.24492569977277043
16005,0.04559294017423726
16006,0.03752359596977158
16007,0.06252356804733307
16008,0.02312506362869738
16009,0.04760028406765087
16010,0.08007441082673802
16011,0.1287817903011505
16012,0.349908
16013,1.0
16014,0.349908
16015,0.349908
16016,0.21133374951707112
16017,0.219997
16018,0.24395383901936082
16019,0.9670058627854793
16020,0.11045549786312742
16021,0.035574793327685685
16022,0.06937634689425946
16023,0.09763977326401706
16024,0.219997
16025,0.349908
16026,0.09864990269081557
16027,0.349908
16028,0.32990138659253165
16029,0.219997
16030,1.0
16031,0.14466059485188387
16032,0.0023713128342083755
16033,0.220016
16034,0.2743559009219112
16035,0.05820832131796423
16036,0.219997
16037,0.18961838436620562
16038,0.0589883423519907
16039,0.05057365629998999
16040,0.05111045826713824
16041,0.219997
16042,0.7127379908400364
16043,0.349908
16044,0.8070905581381281
16045,0.349908
16046,0.219997
16047,0.219997
16048,0.349908
16049,0.16525414990334297
16050,0.16240961685220806
16051,0.0850123517592371
16052,0.350009
16053,0.349908
16054,0.07380044428891896
16055,0.06249607415278295
16056,0.8172662851611746
16057,0.5547441767003493
16058,0.10312639354891981
16059,0.219997
16060,0.07487935405692181
16061,0.0874211247550562
16062,0.017823736953854388
16063,0.01310238925336815
16064,0.01306817796774938
16065,0.07201229300547014
16066,0.1250136016994766
16067,0.219997
16068,0.17432559868199524
16069,0.219997
16070,0.7304410297315795
16071,1.0
16072,0.758680011643016
16073,0.621007479473529
16074,1.0
16075,0.1718923459068776
16076,0.03552684754010659
16077,0.09123701732488633
16078,0.05601054195006027
16079,0.2108273170462068
16080,0.25259959711485713
16081,0.08709141255670953
16082,0.009607593445217387
16083,0.10204213752994107
16084,0.21830931701891584
16085,0.010073690075169967
16086,0.010089476921524083
16087,0.15045879467222478
16088,0.021364646031054434
16089,0.0478735276901003
16090,0.02817942497679121
16091,0.01994680802376756
16092,0.08323588455285029
16093,0.13059963861274634
16094,0.11128412110306872
16095,0.09734808863369576
16096,0.349908
16097,0.219997
16098,0.350009
16099,1.0
16100,1.0
16101,0.6089175457744631
16102,0.16269685502336276
16103,0.0717942691042775
16104,0.09641002122112806
16105,0.06151042163756021
16106,0.19154390015690814
16107,1.0
16108,0.056181432173970876
16109,0.0609880057260218
16110,0.12386832466384656
16111,0.07058510620275263
16112,0.11096068116750929
16113,0.020116674486672207
16114,0.10025573720836516
16115,0.01912401969986274
16116,0.1016301209062399
16117,0.01625049976359857
16118,0.026506488583715376
16119,0.0689239654736513
16120,0.15681104218925426
16121,0.20894894432801903
16122,1.0
16123,0.6296286438926684
16124,0.22761912838568452
16125,1.0
16126,0.9170160400168045
16127,0.6762076091288809
16128,0.3389291228390082
16129,0.023270805947668612
16130,0.032031973259877666
16131,0.012800525816426182
16132,0.06251250029909641
16133,0.042054286034716566
16134,0.13078454823472616
16135,0.7259662201560114
16136,0.220016
16137,0.4020802939691577
16138,0.0330778673370624
16139,0.09879918307819384
16140,0.18167067887188157
16141,0.21190927489793435
16142,0.219997
16143,0.12169955514667759
16144,0.03365726130528407
16145,0.10809776071481986
16146,0.219997
16147,1.0
16148,0.350009
16149,1.0
16150,0.30046464995049427
16151,0.4622240055394155
16152,0.28537319622448964
16153,0.20132725486276898
16154,0.06357898137375355
16155,0.02137557910736614
16156,0.031462373163026094
16157,0.020799550894366237
16158,0.1055413035112968
16159,0.00810157915921146
16160,0.20383070733557937
16161,0.219997
16162,0.059811527386325274
16163,0.219997
16164,0.10595773684406815
16165,0.014932115735064224
16166,0.350009
16167,0.0001349661564187516
16168,0.04246913622420178
16169,0.012881921357164268
16170,0.219997
16171,0.349908
16172,0.06189019598530749
16173,0.0015692304255473704
16174,0.350009
16175,0.219997
16176,0.1331350517288391
16177,0.18335602636913792
16178,0.03732307993402908
16179,0.16688526529370723
16180,0.1427621431263495
16181,0.04600861424901129
16182,0.14471920353106354
16183,0.16237776601303766
16184,0.06964802031371896
16185,0.08201837531992892
16186,0.012734444250010461
16187,0.220016
16188,0.013808193011681106
16189,0.01278952967039985
16190,0.16062823102308219
16191,0.08671286713196362
16192,0.03952515791760571
16193,0.219997
16194,0.055777420046833455
16195,0.08747164296232905
16196,0.011216976298149979
16197,0.051621233343409324
16198,0.219997
16199,0.5045776835772505
16200,0.8028457961729325
16201,0.191167044610469
16202,0.05086063496426733
16203,0.04573060876588397
16204,0.046560783970901826
16205,0.14393655532673053
16206,0.12290877613505435
16207,0.018183587974799385
16208,0.04281243179841914
16209,0.01427748832902743
16210,0.024449143462783103
16211,0.015001157738641578
16212,0.015241869916895152
16213,0.028347243206234506
16214,0.15697448091390342
16215,0.219997
16216,0.49093040876332567
16217,0.02328698227124078
16218,0.027089227201094124
16219,0.06896387738564592
16220,0.18115113543439523
16221,0.18427123742982357
16222,0.607927354587762
16223,0.219997
16224,0.029238207402154225
16225,0.07311532427827454
16226,0.021847242699166297
16227,0.00484192596081907
16228,0.12619334433758012
16229,0.14436558466485305
16230,0.06342054495012447
16231,0.04176821941384466
16232,0.027709579140844456
16233,0.219997
16234,0.00612170902238012
16235,0.027995394724316384
16236,0.219997
16237,0.10097351968713693
16238,0.09807225517728721
16239,0.032677267347199924
16240,0.040512785345045314
16241,0.06180105839250685
16242,0.4660826204255141
16243,0.01706326983857872
16244,0.01617346625487225
16245,0.04001668712657084
16246,0.06561384402536949
16247,0.1548191399549744
16248,0.20328080495693424
16249,0.07861848467178562
16250,0.349908
16251,0.1736476514273869
16252,0.05629014831438836
16253,0.019343253586562165
16254,0.039549629614238226
16255,0.08592715269993148
16256,0.050939505342537654
16257,0.3126554634247656
16258,0.219997
16259,0.04750843774914163
16260,0.1439575257439887
16261,0.08176588836760558
16262,0.008716900641153108
16263,0.5694497196217985
16264,0.8613975936880751
16265,0.18651018645906353
16266,0.07981663980175915
16267,0.023675798195186358
16268,0.0724117691731868
16269,0.07367926623255941
16270,0.20158584453167808
16271,0.13227275004423864
16272,0.07426382876536487
16273,1.0
16274,0.02710242347173442
16275,0.05540500982670758
16276,0.02120266164712752
16277,0.09546957976099488
16278,0.0782166027298794
16279,0.04515524748083815
16280,0.20705037737988596
16281,0.349908
16282,0.05538969898029226
16283,0.18448045198886004
16284,0.04560558435484753
16285,0.08903040695050222
16286,0.155001722179378
16287,0.1105679907506817
16288,0.030154346976767308
16289,0.1850091242277686
16290,0.12996693868562054
16291,0.05649056016667262
16292,0.007707241881534631
16293,0.03004709949452866
16294,0.05886932476826918
16295,0.0010973399742535757
16296,0.015721089152660135
16297,0.1877812869527831
16298,0.051242997642168
16299,0.07276727653573083
16300,0.02164263326385334
16301,0.01396802423043215
16302,0.07590910981670017
16303,0.13398143773073842
16304,0.0025000136272556994
16305,0.9019749140537066
16306,0.08601935129176315
16307,0.2037434671170663
16308,0.045429155338947896
16309,0.03310659664678867
16310,0.09021478276131618
16311,0.02524278636873861
16312,0.350009
16313,0.06203444811976602
16314,0.025043718265644662
16315,0.019297437795944845
16316,0.04879341316070781
16317,0.16368755802659327
16318,0.0037133161303262367
16319,0.16361676865585065
16320,0.052101495435442756
16321,0.027818127571094635
16322,0.350009
16323,0.024530098752598917
16324,0.054495705018793444
16325,0.01335396250180608
16326,0.009500695367782025
16327,0.027724811527203394
16328,0.016951275918606044
16329,0.0015336841338291765
16330,0.07277861192954611
16331,0.16844298221809537
16332,0.1398713441649195
16333,0.02179962997466156
16334,0.022303678218423762
16335,0.05682850194038958
16336,0.26176087163450373
16337,0.09883601233018684
16338,0.14501016250713783
16339,0.1293836990786161
16340,0.027778668487650936
16341,0.06550254168362278
16342,0.220016
16343,0.28834652044951276
16344,0.220016
16345,0.005708878867030667
16346,0.010562973656940455
16347,0.013120640029906535
16348,0.03142331718854962
16349,0.03306410771004116
16350,0.019956582041627383
16351,0.04838837989100703
16352,0.008539027926307273
16353,0.010231564813726059
16354,0.038158557359013905
16355,0.014947330823458463
16356,0.005076022121684261
16357,0.05948473986364598
16358,0.13922243169926507
16359,0.219997
16360,0.007497571344317799
16361,0.19269510517397512
16362,0.013010054404384264
16363,0.3246886754484386
16364,3.134709366490365e-05
16365,0.01895240858032477
16366,0.01753412620106435
16367,0.031792832836208006
16368,0.03763056627909799
16369,0.005993826761927683
16370,0.03992185623173653
16371,0.02304737397700272
16372,0.022434484107764028
16373,0.014447444846122854
16374,0.04400762070689777
16375,0.03824277244355725
16376,0.062034391113154536
16377,0.08230121975604479
16378,0.004881385306777935
16379,0.010486182139398071
16380,0.028151633415522678
16381,0.010149858196724933
16382,0.215969137756544
16383,0.03304054732614078
16384,0.04706944017711829
16385,0.014990073727827326
16386,0.0005401053345016769
16387,0.15757490023181958
16388,0.014951031741806715
16389,0.219997
16390,0.12305802100757475
16391,0.05402547472607335
16392,0.08588179199383529
16393,0.02015208600887678
16394,0.08331261044611349
16395,0.04319773316614133
16396,0.016211316423555323
16397,0.11875970185667778
16398,0.030539812033968255
16399,0.1060329458528242
16400,0.010444167593386258
16401,0.219997
16402,0.02787649165235497
16403,0.039528405747389764
16404,0.0516295531155812
16405,0.009278918608179856
16406,0.010300406233509411
16407,0.0073730611326662115
16408,0.007039459986620796
16409,0.014555318946337416
16410,0.023344290774780938
16411,0.028689428367576673
16412,0.07606390691336043
16413,0.08377051427418643
16414,0.011200039707886352
16415,0.219997
16416,0.036525243365959414
16417,0.05134186972284931
16418,0.026866037461899108
16419,0.024709054249598576
16420,0.10231042410332727
16421,0.048617205870324545
16422,0.059829254715797704
16423,0.08663685531253662
16424,0.08891047805077999
16425,0.030167648328497755
16426,0.039326931214873684
16427,0.18230179902910512
16428,0.219997
16429,0.13479547418564608
16430,0.024056686718625046
16431,0.052152175203103564
16432,0.04288185781057526
16433,0.06480468034502752
16434,0.07592147949882791
16435,0.0021140220269343047
16436,0.05027159612609878
16437,0.032368858997119
16438,0.06068672022105624
16439,0.02253577854290341
16440,0.056846363121346256
16441,0.1498783865035411
16442,0.03239836490616931
16443,0.1404903464398417
16444,0.08401776709210622
16445,0.219997
16446,0.220016
16447,0.03320743215694255
16448,0.03369549723989075
16449,0.3065272960227302
16450,0.12494030944578076
16451,0.3482911346850834
16452,0.219997
16453,0.220016
16454,0.024057114058421446
16455,0.03870243208873884
16456,0.11924008928883342
16457,0.02271896232321134
16458,0.219997
16459,0.012027615001565744
16460,0.219997
16461,0.0465584333634081
16462,1.0
16463,0.220016
16464,0.20262853443690662
16465,0.15188765904638996
16466,0.10122685439519473
16467,0.023230657815168126
16468,0.08442766105205983
16469,0.20753995935446756
16470,0.219997
16471,0.349908
16472,0.41761087062011826
16473,0.04144726472452063
16474,0.1914589972416421
16475,0.13910216236337697
16476,0.03196574026552033
16477,0.038467861366881295
16478,0.07725793117384136
16479,0.10009636569509373
16480,0.015965534612125996
16481,0.0641041087966737
16482,0.6598695459778231
16483,0.219997
16484,0.219997
16485,0.7441752136567525
16486,0.1469775502762204
16487,0.056036920879618445
16488,0.40657900266131697
16489,0.05054808903580745
16490,0.349908
16491,0.10241229490779252
16492,0.09500990633315869
16493,0.03646933222526841
16494,0.08201149074973978
16495,0.1690559611062041
16496,0.18028080529289692
16497,0.1413533871245389
16498,0.046817909111855696
16499,0.053052953281088236
16500,0.10144492302160495
16501,0.350009
16502,0.10658580462015255
16503,0.0430353127582885
16504,0.125997973678692
16505,0.07601776043819285
16506,0.15920123062848546
16507,0.12167950540418924
16508,0.219997
16509,0.04709103241621676
16510,0.23756737616885795
16511,0.27328555658822157
16512,0.001192107577815103
16513,0.07748636436844461
16514,0.07528562483289979
16515,0.04847449332451275
16516,0.6018407394377902
16517,0.219997
16518,0.12214698298041224
16519,0.3306442296191663
16520,0.4895380194869075
16521,0.14413289580455232
16522,0.06223138760855565
16523,0.03004678537974828
16524,0.049315150834176306
16525,0.002737709305262234
16526,0.09011305238256767
16527,0.016615308898468642
16528,0.0034450653395271054
16529,0.013194431732976748
16530,0.15390849698878487
16531,0.12163763194474067
16532,0.3410485360345164
16533,0.43246969562989934
16534,0.024782001480261696
16535,0.220016
16536,0.10120367592802205
16537,0.01364907471271025
16538,0.02532086552407497
16539,0.22765627399667263
16540,0.10941931883654311
16541,0.05121170949995945
16542,0.017490528070149697
16543,0.11638899861081019
16544,0.02737395532241327
16545,0.350009
16546,0.5546032544541877
16547,0.1055791668951011
16548,0.030231676123698956
16549,0.07903726846424011
16550,0.02260421922610248
16551,0.027705103070874763
16552,0.027936929075505042
16553,0.1451155451188227
16554,0.14612062458209688
16555,0.1295978959060496
16556,0.07841932905718543
16557,0.09185557969065973
16558,0.021949321382661695
16559,0.05949777464748858
16560,0.05296017771477999
16561,0.04753955305769444
16562,0.1233321571821815
16563,0.05922815014572528
16564,0.220016
16565,0.012350296306695653
16566,0.10589011267109874
16567,0.04727460885253386
16568,0.028773917706377463
16569,0.05808090613317973
16570,0.048449628396348636
16571,0.05943197713727456
16572,0.007440191362082661
16573,0.029577374768686427
16574,0.03547212262274336
16575,0.219997
16576,0.32089671522027235
16577,0.07423811959992685
16578,0.04062377814348913
16579,0.010559607794938001
16580,0.16093694318218393
16581,0.023184748289250493
16582,0.018776074080167498
16583,0.08043054228695559
16584,0.055376261687585714
16585,0.219997
16586,0.07400060389247297
16587,0.059327119004726155
16588,0.02924529240380228
16589,0.220016
16590,0.059246901664034554
16591,0.27910635458333966
16592,0.2667474969879875
16593,0.24008768971733943
16594,0.14410016068131234
16595,0.10185630023903589
16596,0.06087390356767264
16597,0.08415716061400078
16598,0.06872257900625038
16599,0.14521428441636228
16600,0.050639944037418165
16601,0.8030248978597235
16602,0.1390907187351651
16603,0.06786240656676998
16604,0.12052193897904166
16605,0.07412248626849721
16606,0.12029836311546538
16607,0.03187889338139456
16608,0.012914086200559024
16609,0.018857951091653165
16610,0.1865684802420785
16611,0.05276235055621384
16612,0.0063804975690081875
16613,0.02902878468691671
16614,0.17809980757903557
16615,0.056013974378754654
16616,0.09528894497545949
16617,0.0894538853595294
16618,0.219997
16619,0.349908
16620,0.5229446512162339
16621,0.11224900316101241
16622,0.07682827865109762
16623,0.1504187488498476
16624,0.04956525204406476
16625,0.11022813261149932
16626,0.03587153245198227
16627,0.013278092616130065
16628,0.15956779460373335
16629,0.12527392608237228
16630,0.14502410134715812
16631,0.0686508481171134
16632,0.16083962837599905
16633,0.0032262810963843308
16634,0.08784589812989954
16635,0.0967898094658126
16636,0.21786124030869683
16637,0.004862641680948068
16638,0.04297318788319705
16639,0.08724441390921392
16640,0.10606623706268649
16641,0.0030453526269829906
16642,0.018859206431443086
16643,0.019592209013498493
16644,0.15926841150470544
16645,0.11449432804278274
16646,0.219997
16647,0.219997
16648,0.349908
16649,0.219997
16650,0.219997
16651,0.04236544871529287
16652,0.15865435228892277
16653,0.09390964119250113
16654,0.0160805163080134
16655,0.06443978958962675
16656,0.13505943082688607
16657,0.03994506496649288
16658,0.03042719150209113
16659,0.10228677899967535
16660,0.0663763459524079
16661,0.09870855068430097
16662,0.15456138288892768
16663,0.011664095586820127
16664,0.11082736207892367
16665,0.02138561765367359
16666,0.020864348286299322
16667,0.18652914722723257
16668,0.053509793383566075
16669,0.06611507062745567
16670,0.219997
16671,0.1130537543414554
16672,0.219997
16673,0.5650167949682988
16674,0.17285896120765037
16675,0.219997
16676,0.08508017870547878
16677,0.219997
16678,0.16131990162576515
16679,0.14623055520743178
16680,0.0784896767543338
16681,0.03321847021291079
16682,0.349908
16683,0.1819961915463751
16684,0.12424908715753354
16685,0.08281549780411011
16686,0.13912981491974596
16687,0.006817929255047374
16688,0.027476014522730616
16689,0.02276762953375415
16690,0.037794302275567536
16691,0.0766112842681937
16692,0.219997
16693,0.05087080090113505
16694,0.08655474335475837
16695,0.219997
16696,1.0
16697,0.12796450127369738
16698,0.01027307271277109
16699,0.28853981396118183
16700,0.12275888027342824
16701,0.349908
16702,0.219997
16703,0.1628080874154664
16704,0.033432284829498185
16705,0.05998555144335488
16706,0.004621489258471518
16707,0.12544853536822917
16708,0.220016
16709,0.04196291222263952
16710,0.2260400331827445
16711,0.08295154987228581
16712,0.07210141942822579
16713,0.02004387190033361
16714,0.02609506381561254
16715,0.04285677784301775
16716,0.0975730073543311
16717,0.10322068444485238
16718,0.010649970182104238
16719,0.1979212385590373
16720,0.21830045617775015
16721,0.349908
16722,0.18725483860857253
16723,0.09724559785830784
16724,0.219997
16725,0.219997
16726,0.350009
16727,0.1141398841759369
16728,0.1597918018665854
16729,0.018725847150079904
16730,0.09246935025265118
16731,0.7023877072240015
16732,0.06414136239938721
16733,0.10690402981458315
16734,0.350009
16735,0.219997
16736,0.019987279878029524
16737,0.026685959858782304
16738,0.013771750510754853
16739,0.07962469143209575
16740,0.07171605203981918
16741,0.349908
16742,0.349908
16743,0.016068748149991114
16744,0.13702220679515262
16745,0.1164054544929792
16746,0.349908
16747,0.219997
16748,0.219997
16749,0.3182396747164224
16750,0.3546140733843844
16751,0.19698283156204272
16752,0.1318223537989553
16753,0.21059275735939492
16754,0.06236058635332787
16755,0.219997
16756,1.0
16757,0.1307952916232553
16758,0.051747766655473926
16759,0.5857069067497723
16760,0.08429706640239183
16761,0.24621727267731294
16762,0.0788064704837166
16763,0.1336074076424742
16764,0.0018387098766193904
16765,0.07604538439997437
16766,0.0074074334947038765
16767,0.6543928774953542
16768,0.03166600409545606
16769,0.1492189510191063
16770,0.219997
16771,0.219997
16772,0.219997
16773,0.6948287473596256
16774,0.350009
16775,0.02503059301208155
16776,0.2746990961893371
16777,0.19511588495678855
16778,0.220016
16779,1.0
16780,0.349908
16781,0.349908
16782,0.07702374669367688
16783,0.220016
16784,0.12481752104490511
16785,0.054484053597545455
16786,0.01801321406294504
16787,0.1114430477837854
16788,0.0017551984984005137
16789,0.012289169203171437
16790,0.05457268363397325
16791,0.05892984497238235
16792,0.16839474504694052
16793,0.17304190974606348
16794,0.219997
16795,0.1861326861960454
16796,0.22779790647364428
16797,0.1968092906106551
16798,0.21770236822428699
16799,0.29326308897362213
16800,0.028003831272496855
16801,0.05715517859236787
16802,1.0
16803,1.0
16804,0.8470530123128226
16805,0.0305561586453807
16806,0.024850483663962045
16807,0.1649306115660736
16808,0.4278559197003803
16809,0.10747187282972712
16810,0.019291309287845157
16811,0.046369603507894215
16812,0.014041342699951562
16813,0.12163189067289601
16814,0.10921681477012696
16815,0.13026288082173634
16816,0.017285834237749653
16817,0.7946516438077307
16818,0.02641577546472733
16819,0.07658923317052588
16820,0.219997
16821,0.10571763836654956
16822,0.16899281212060308
16823,0.1458144785643303
16824,0.349908
16825,0.350009
16826,0.047349388846381554
16827,0.14529394832692435
16828,0.219997
16829,0.23962911744703072
16830,1.0
16831,1.0
16832,0.8819750895836143
16833,0.024706302991964475
16834,0.08270903769428993
16835,0.03719281048963046
16836,0.5146792341465627
16837,0.1066321154107258
16838,0.349908
16839,0.05791697329474351
16840,0.1088747917515005
16841,0.023912902945603238
16842,0.219997
16843,0.219997
16844,0.219997
16845,0.219997
16846,0.6998600001217035
16847,0.8733549547970835
16848,0.349908
16849,0.219997
16850,0.21957643283668707
16851,0.13582676936773563
16852,0.220016
16853,0.04575434117141543
16854,0.057561159692759066
16855,0.03099938729846906
16856,0.1908377974164626
16857,0.11677332034965716
16858,0.14105799770231603
16859,0.219997
16860,0.037331567524166
16861,1.0
16862,1.0
16863,1.0
16864,0.219997
16865,0.0780247898228715
16866,0.23891806188728168
16867,0.33665760651349835
16868,0.011583488218551428
16869,0.03971776828749466
16870,0.02927384073765722
16871,0.07153526494487789
16872,0.20725591369959653
16873,0.07531763773014041
16874,0.7169988457606461
16875,1.0
16876,0.19808844228142328
16877,0.2159377146443512
16878,0.18013361409194453
16879,0.219997
16880,0.10297589038220957
16881,0.350009
16882,0.2611653564530183
16883,0.09584899778936448
16884,0.1404110165630452
16885,0.14142196829446013
16886,0.14053710084920068
16887,0.09975822686266811
16888,0.011257775116476342
16889,0.33308608548711943
16890,0.349908
16891,0.219997
16892,0.219997
16893,0.017764992613643508
16894,0.11335079908303228
16895,0.07845563917350905
16896,0.24755180516679567
16897,0.03964170247016389
16898,0.0388895363985531
16899,0.10740627137975726
16900,0.026489870080539085
16901,0.023737831308927645
16902,0.05007818057387369
16903,0.14750657483144716
16904,0.350009
16905,1.0
16906,0.349908
16907,0.349908
16908,0.1967556022697811
16909,0.219997
16910,0.349908
16911,1.0
16912,0.038478299920481185
16913,0.0555076488391389
16914,0.03962774529498402
16915,0.12932971192646345
16916,0.3163353332995912
16917,0.20210026109628554
16918,0.349908
16919,0.3088537514087952
16920,0.2786122585499446
16921,1.0
16922,0.220016
16923,0.002326939440815584
16924,0.21695363078113974
16925,0.2504372528050393
16926,0.022969481385886927
16927,0.06471364091885684
16928,0.219997
16929,0.18398089027143458
16930,0.06771211694356319
16931,0.09019707610240257
16932,0.08552987368448262
16933,0.219997
16934,0.6324188860599053
16935,0.349908
16936,0.7186467935434403
16937,0.349908
16938,0.219997
16939,0.219997
16940,0.3538949438774625
16941,0.018671014374660427
16942,0.20479296134029812
16943,0.05081112123479057
16944,0.12345563221312503
16945,0.3566010598836499
16946,0.3299801066091666
16947,0.1217805595337537
16948,0.06249607415278295
16949,0.8084744418971866
16950,0.4355033794193069
16951,0.09189776820164677
16952,0.21782172878934708
16953,0.10082635469207911
16954,0.10477076036849174
16955,0.006644425390641183
16956,0.039554496765013505
16957,0.10963615131065971
16958,0.1924927413401415
16959,0.219997
16960,0.219997
16961,0.7548592783735811
16962,1.0
16963,0.6718944131203088
16964,0.39240360884419434
16965,0.9798957469954812
16966,0.11758459281483692
16967,0.1007537879511585
16968,0.12704180015740868
16969,0.220016
16970,0.219997
16971,0.06533065473598629
16972,0.0375162520055647
16973,0.13129753951044587
16974,0.1786055834330896
16975,0.013119588588209089
16976,0.032341546072001445
16977,0.11797200990709171
16978,0.02264864338589488
16979,0.06051129904062557
16980,0.02817942497679121
16981,0.009322105396993371
16982,0.07750389993286769
16983,0.15310014092508117
16984,0.12729798894876596
16985,0.0688901404573564
16986,0.349908
16987,0.349908
16988,0.350009
16989,1.0
16990,1.0
16991,0.349908
16992,0.15933905485294028
16993,0.08505193025323947
16994,0.06561118590820927
16995,0.07261253171322914
16996,0.10376942086538977
16997,0.02047887344069005
16998,0.01380609068623462
16999,0.06633887635194477
17000,1.0
17001,0.05771853699202518
17002,0.02689796930738772
17003,0.07168835073293653
17004,0.1187811422895185
17005,0.13962459432324445
17006,0.030274490821636083
17007,0.11936196613777197
17008,0.02628344607525657
17009,0.0359501212487943
17010,0.0015037522754408718
17011,0.030416808047656535
17012,0.0689163320451624
17013,0.20204699453143846
17014,0.17832290484013086
17015,1.0
17016,0.5626419935947904
17017,0.3357264753051091
17018,1.0
17019,0.6814052528498371
17020,0.6765787083177438
17021,0.2901153407515912
17022,0.04876803929759535
17023,0.05717763517879393
17024,0.019299628973272642
17025,0.07830387687008722
17026,0.04315787828937374
17027,0.0937462836671768
17028,0.13515407509428604
17029,0.6984990293152552
17030,0.220016
17031,0.350009
17032,0.022026969259211007
17033,0.08201400652927514
17034,0.20677097617319173
17035,0.14936778283265426
17036,0.20287098657269842
17037,0.05876346163592445
17038,0.05613204470471091
17039,0.033513311116385225
17040,0.06319830021703988
17041,0.219997
17042,1.0
17043,0.42607437820376864
17044,1.0
17045,0.349908
17046,0.350009
17047,0.219997
17048,0.219997
17049,0.011391577665005212
17050,0.02137557910736614
17051,0.02060807384041526
17052,0.052827493891022925
17053,0.18559150849364098
17054,0.219997
17055,0.0497521140431882
17056,0.349908
17057,0.10384334367287677
17058,0.014932115735064224
17059,0.35848550888290787
17060,0.07969660958949502
17061,0.02044087197806352
17062,0.219997
17063,0.3418746016999275
17064,0.05844117699025155
17065,0.0015692304255473704
17066,0.350009
17067,0.219997
17068,0.1658724078009851
17069,0.219997
17070,0.02190797472218117
17071,0.16575137162898207
17072,0.14139348327131487
17073,0.08195374645483285
17074,0.08614746123714803
17075,0.219997
17076,0.07177836623107406
17077,0.012734444250010461
17078,0.220016
17079,0.013808193011681106
17080,0.18078806907445297
17081,0.02645672748409402
17082,0.19667631449004025
17083,0.08426938829369297
17084,0.06972722930565298
17085,0.006082385876779479
17086,0.13302727066032471
17087,0.219997
17088,0.5529341868337435
17089,0.7834811562585707
17090,0.1996304943576049
17091,0.03253759991068915
17092,0.05724218090845319
17093,0.010312029365015098
17094,0.1939367388659322
17095,0.219997
17096,0.038427521810862404
17097,0.04281243179841914
17098,0.0011031319955843882
17099,0.05437899839805379
17100,0.0027633964260928776
17101,0.013649101937272508
17102,0.1711989794044913
17103,0.17291002904693473
17104,0.5675624993377364
17105,0.019821731486845677
17106,0.01985704495154731
17107,0.06468326351671742
17108,0.10956148227038622
17109,0.1801269663538673
17110,0.5513620237717929
17111,0.219997
17112,0.029738011686239765
17113,0.1899548053486801
17114,0.04341040673711993
17115,0.06848489382691632
17116,0.19458683847886804
17117,0.025442114785773906
17118,0.07925198708042548
17119,0.219997
17120,0.031185043576740828
17121,0.023900069088065967
17122,0.006207216866860968
17123,0.219997
17124,0.10888172100424226
17125,0.077923906207383
17126,0.027103860606141793
17127,0.10193244581678938
17128,0.04980066989200721
17129,0.3452019526344464
17130,0.033662066880872886
17131,0.05515875419710398
17132,0.09387708126532547
17133,0.02986727973709166
17134,0.13141427059757135
17135,0.219997
17136,0.0766546927141615
17137,0.3127820839721557
17138,0.20646513389979743
17139,0.07466330350501478
17140,0.020922186610469226
17141,0.041959349362007986
17142,0.08942822904692208
17143,0.015328637907758185
17144,0.349908
17145,0.219997
17146,0.02315339194515374
17147,0.14240014268987497
17148,0.040380980867352194
17149,0.021847803662235248
17150,0.5018583476640944
17151,0.8999494302356179
17152,0.220016
17153,0.04839444015753623
17154,0.023675798195186358
17155,0.06509306412601559
17156,0.16439572325918805
17157,0.07588413927327474
17158,0.12781684308633434
17159,0.12569825148528146
17160,1.0
17161,0.02710242347173442
17162,0.03490790485880155
17163,0.0672016410685741
17164,0.07213802456861325
17165,0.02654937411598372
17166,0.07279405435645718
17167,0.14636227501018365
17168,0.4989400898950174
17169,0.08980620819199318
17170,0.20879580951462537
17171,0.019322132013853122
17172,0.021681895090013913
17173,0.0755342391656178
17174,0.16972805917232137
17175,0.04970138770593385
17176,0.027948397024051976
17177,0.1850091242277686
17178,0.11144581621938564
17179,0.08413721798844771
17180,0.0031294293214380684
17181,0.08962687589100193
17182,0.019449001784664247
17183,0.028332048518316978
17184,0.1849199220457099
17185,0.019812017862764805
17186,0.09638805266650739
17187,0.017119285701085275
17188,0.023159248191193558
17189,0.0857001600310049
17190,0.10404777936732543
17191,0.03316076839033945
17192,0.024378864063993158
17193,1.0
17194,0.036704939245305324
17195,0.12041787416044673
17196,0.052755277754849686
17197,0.08254855690917753
17198,0.13407765363865976
17199,0.1018919125252293
17200,0.03092842349007828
17201,0.04368653827600229
17202,0.349908
17203,0.11059461135998368
17204,0.009644148597183374
17205,0.005881348235752196
17206,0.011478014248615217
17207,0.025043718265644662
17208,0.019297437795944845
17209,0.022841887846986212
17210,0.19119720519396913
17211,0.028512131132834455
17212,0.016497843063492182
17213,0.21409639592315174
17214,0.012582675668293353
17215,0.03500836533269589
17216,0.017841981200805917
17217,0.3541200955792286
17218,0.040839048443581716
17219,0.007728452054119408
17220,0.013521260656498514
17221,0.06600847696590616
17222,0.01045676965309795
17223,0.05678375414538562
17224,0.17511423811006874
17225,0.13345315556321372
17226,0.02179962997466156
17227,0.04822955663145862
17228,0.09360208142375376
17229,0.16316955728664043
17230,0.16822510735408128
17231,0.10071373714193264
17232,0.039797286280226774
17233,0.0412173914828092
17234,0.01674143937099031
17235,0.0027032806075045425
17236,0.220016
17237,0.2869973244807935
17238,0.217120013889192
17239,0.010556447464745345
17240,0.0028652316263979355
17241,0.057645690085620524
17242,0.01713881858254864
17243,0.03929046374178216
17244,0.00968181431785628
17245,0.01754229415869186
17246,0.0463494768327787
17247,0.037263885264428594
17248,0.06855912445398095
17249,0.014947330823458463
17250,0.05649800179278059
17251,0.09670038603863555
17252,0.06527946241088324
17253,0.219997
17254,0.007497571344317799
17255,0.15317817718989432
17256,0.013010054404384264
17257,0.219997
17258,0.014050853146780399
17259,0.04328920284368282
17260,0.0005198611823001147
17261,0.007916433250976056
17262,0.01591130949528909
17263,0.029353644262543648
17264,0.04313919229333252
17265,0.03855629152475425
17266,0.019510224802009174
17267,0.014447444846122854
17268,0.07972836123891022
17269,0.04182165566467887
17270,0.006161890522349127
17271,0.10841974489408641
17272,0.027721153952306676
17273,0.005414300354928653
17274,0.010149858196724933
17275,0.219997
17276,0.050554324456315865
17277,0.06207391559997033
17278,0.006757925561394642
17279,0.014990073727827326
17280,0.06066247305985372
17281,0.1424910759170153
17282,0.07862004052164338
17283,0.014951031741806715
17284,0.219997
17285,0.06344828807378705
17286,0.072467317840888
17287,0.14054658999775155
17288,0.02015208600887678
17289,0.12183736111043421
17290,0.05837351612243586
17291,0.002920322170637576
17292,0.005770903001328962
17293,0.219997
17294,0.11145002513483979
17295,0.010444167593386258
17296,0.20677365795300046
17297,0.021976219143804775
17298,0.008418281303807588
17299,0.10601572800477195
17300,0.036950486370668126
17301,0.028135893093541045
17302,0.010968316291948034
17303,0.017819041823947144
17304,0.0032738642772421915
17305,0.07524818658258743
17306,0.04322562688635686
17307,0.10671344485626653
17308,0.10689700642064164
17309,0.006523165504119798
17310,0.2314506390419454
17311,0.04338879802578095
17312,0.09367158733215268
17313,0.018964262766981373
17314,0.006568665617479254
17315,0.016114797028867412
17316,0.0938871303317632
17317,0.05641653193500285
17318,0.03905453297523931
17319,0.031511724993944515
17320,0.06221775869096172
17321,0.07438174593309414
17322,0.03668408569130337
17323,0.04251613956136152
17324,0.1795842444146711
17325,0.219997
17326,0.09651450048259214
17327,0.027965220771922546
17328,0.048608066768438776
17329,0.03055372913454746
17330,0.06646197891754138
17331,0.220016
17332,0.06722060048494753
17333,0.023976061433213493
17334,0.1041581308792538
17335,0.07309795249442298
17336,0.04101408213570506
17337,0.219997
17338,0.12851229500975397
17339,0.07191368527085003
17340,0.219997
17341,0.350009
17342,0.03320743215694255
17343,0.03431824870560075
17344,0.05027418983461199
17345,0.33656369098041794
17346,0.09824818587056258
17347,0.25943302022510145
17348,0.219997
17349,0.10543002761132436
17350,0.04714362917443586
17351,0.03870243208873884
17352,0.02271896232321134
17353,0.008957179467109827
17354,0.017786708767123724
17355,0.350009
17356,0.0465584333634081
17357,0.9446745403053974
17358,0.220016
17359,0.07254220145317088
17360,0.220016
17361,0.058663210530109956
17362,0.15843729045099658
17363,0.15503479916555252
17364,0.018756199235133407
17365,0.05379954837891394
17366,0.19179256507542528
17367,0.220016
17368,0.5110412989648516
17369,0.39591564648309385
17370,0.219997
17371,0.2768907496646142
17372,0.052412892458205323
17373,0.05049630323371479
17374,0.07209632342253562
17375,0.015965534612125996
17376,0.024109991046325593
17377,0.026027249681049764
17378,0.470156665343666
17379,0.2107149425221043
17380,0.220016
17381,0.5074066053759947
17382,0.07268220603241858
17383,0.008700283922103168
17384,0.4481910070197982
17385,0.10415322603548084
17386,0.349908
17387,0.145192630496563
17388,0.1424059479388575
17389,0.022084253211345634
17390,0.10072272339274628
17391,0.04101205699060128
17392,0.17625634396998557
17393,0.14428631097106093
17394,0.1413533871245389
17395,0.022919379270939785
17396,0.004980442946875561
17397,0.0919823439518062
17398,0.3783077378789252
17399,0.120893830031453
17400,0.12113311712395322
17401,0.04640010348948135
17402,0.0800544978780843
17403,0.15405764732199245
17404,0.1082864425709177
17405,0.040254617796927857
17406,0.018013000998192332
17407,0.219997
17408,0.04018861115595863
17409,0.022937600852462315
17410,0.219997
17411,0.220016
17412,0.06847960132633854
17413,0.05450514953293241
17414,0.026923092161849092
17415,0.03867203826809177
17416,0.007419896968616987
17417,0.7221138276809874
17418,0.219997
17419,0.219997
17420,0.3694190882190629
17421,0.349908
17422,0.015971328936111216
17423,0.18637794151824694
17424,0.05309543268041852
17425,0.016016830029521055
17426,0.023175039819131264
17427,0.01785615073944071
17428,0.0094408364258552
17429,0.044914866406674796
17430,0.0034450653395271054
17431,0.07937642357599012
17432,0.16787163001113067
17433,0.15024035234005706
17434,0.219997
17435,0.2905212370402985
17436,0.350009
17437,0.024782001480261696
17438,0.220016
17439,0.08248228133917786
17440,0.035186033238620684
17441,0.013582484714264379
17442,0.03150552219506224
17443,0.02659620094056059
17444,0.2776431443973544
17445,0.06469152397170587
17446,0.0007224818679360092
17447,0.1562852513474654
17448,0.1413035246088834
17449,0.220016
17450,0.378567318197856
17451,0.07542386897104919
17452,0.05625107423944785
17453,0.030231676123698956
17454,0.08985054861670456
17455,0.13109795687510728
17456,0.003673165638410292
17457,0.11767825102690582
17458,0.010738653303784271
17459,0.219997
17460,0.19032003302467482
17461,0.11459085216347101
17462,0.09081991129274564
17463,0.06700083134243433
17464,0.001378914623014608
17465,0.03214600587591024
17466,0.029894565445933056
17467,0.06629554945441256
17468,0.1801737798258093
17469,0.10075628864654304
17470,0.220016
17471,0.002105015892044537
17472,0.08495577211639196
17473,0.06316529477221478
17474,0.03536491577285271
17475,0.01267062039598635
17476,0.07432527806269965
17477,0.041955756433918426
17478,0.04571596318941824
17479,0.029579782494749487
17480,0.07802901455893359
17481,0.219997
17482,0.349908
17483,0.09046873027778439
17484,0.03722914208563746
17485,0.0051132122261602474
17486,0.1343990396002902
17487,0.06829994222539965
17488,0.023442264921556728
17489,0.08153816775147492
17490,0.01956128776031754
17491,0.04735928965671173
17492,0.219997
17493,0.05070405611288952
17494,0.07890738833564039
17495,0.0812842731964338
17496,0.10357255680256518
17497,0.08338058659198044
17498,0.258605050204874
17499,0.220016
17500,0.28040509199062025
17501,0.13656241440071942
17502,0.05282887435876285
17503,0.04167886918933543
17504,0.10009159903691461
17505,0.0959567769322543
17506,0.01893476523974348
17507,0.1571851297123449
17508,0.08297075261840119
17509,0.8733370716760303
17510,0.14210405331103043
17511,0.10669590989211322
17512,0.12274621650520565
17513,0.057663077298972534
17514,0.12961672852084763
17515,0.0241436088320285
17516,0.20599548685390015
17517,0.011621661478833114
17518,0.02167463686578356
17519,0.11294018784655253
17520,0.08568233822465703
17521,0.0771094020243386
17522,0.07655313011886514
17523,0.219997
17524,0.349908
17525,0.349908
17526,0.16520972576027518
17527,0.03017366789220487
17528,0.1717148832304738
17529,0.05183233794076467
17530,0.08239313530273407
17531,0.08426776823597466
17532,0.05837468418425541
17533,0.16524867486894376
17534,0.0014650801251699004
17535,0.15885353811100011
17536,0.03498658997774098
17537,0.11548012209483197
17538,0.11896575495195894
17539,0.02676901598377284
17540,0.21111075847555094
17541,0.016096491870186767
17542,0.07992314277831719
17543,0.10965565766181999
17544,0.06052806123077775
17545,0.03231028928812741
17546,0.046886515160742846
17547,0.0672446682404557
17548,0.10383560477250019
17549,0.09854578680517743
17550,0.219997
17551,0.219997
17552,0.34232969321289025
17553,0.3088369414935773
17554,0.219997
17555,0.01810990702073658
17556,0.219997
17557,0.12891800418523439
17558,0.04895012529746082
17559,0.12194080218414499
17560,0.09510043522378513
17561,0.03704781179562181
17562,0.027684959739282634
17563,0.06968805696125474
17564,0.06767192710645564
17565,0.038970536453090523
17566,0.1623291833231218
17567,0.003271235595994574
17568,0.05666030269903634
17569,0.03880871320061554
17570,0.219997
17571,0.02718535701043625
17572,0.08918947167923165
17573,0.18311223162594192
17574,0.09874445237960532
17575,0.219997
17576,0.349908
17577,0.15284837811405028
17578,0.219997
17579,0.0920398305570993
17580,0.219997
17581,0.1374088780434956
17582,0.15943910126609112
17583,0.08213341806628517
17584,0.015333480441005638
17585,0.01395353124398565
17586,0.349908
17587,0.12292213467044699
17588,0.17743819780035316
17589,0.1182353840003225
17590,0.10747789600201847
17591,0.05817331939916624
17592,0.03262449722651544
17593,0.05848984517927206
17594,0.06340553063135891
17595,0.219997
17596,0.08937343972584966
17597,0.16698319179633664
17598,0.219997
17599,1.0
17600,0.2198250684030388
17601,0.014544809920683846
17602,0.350009
17603,0.1725454039334071
17604,0.349908
17605,0.219997
17606,0.11642281769744571
17607,0.10956620733011628
17608,0.07948372780442409
17609,0.15709543047123456
17610,0.20006218722446695
17611,0.08260606859796422
17612,0.220016
17613,0.06357532765991955
17614,0.12264013645210528
17615,0.02109201680747937
17616,0.04280669719920515
17617,0.04082955712322572
17618,0.09044484397978338
17619,0.10957967735886678
17620,0.025904341164991348
17621,0.1841402737081707
17622,0.16482283770462
17623,0.219997
17624,0.11302121307077799
17625,0.06510109817773338
17626,0.219997
17627,0.30519155432652784
17628,0.350009
17629,0.10967265168429416
17630,0.14586257280085194
17631,0.03515088824480132
17632,0.02434647159236179
17633,0.07488028048210577
17634,0.6188047930447593
17635,0.1217163543321497
17636,0.5098569097456804
17637,0.24959274145662041
17638,0.019987279878029524
17639,0.002957659685143222
17640,0.012623579812198908
17641,0.12750702502275238
17642,0.06276884127142683
17643,0.27989566009531275
17644,0.338851951405492
17645,0.0997244346811788
17646,0.07342377900918672
17647,0.219997
17648,0.219997
17649,0.219997
17650,0.219997
17651,0.4621918603757222
17652,0.19352224302106907
17653,0.08946865158342414
17654,0.050157371884377806
17655,0.05707475927109469
17656,0.349908
17657,1.0
17658,0.10984758298914142
17659,0.5616408190705632
17660,0.0812011870817328
17661,0.349908
17662,0.004428310810117041
17663,0.07543134906813079
17664,0.12468356862072087
17665,0.02548391661534767
17666,0.09932719630288996
17667,0.0074074334947038765
17668,0.7164533384505419
17669,0.08281242263832568
17670,0.20707317244983972
17671,0.349908
17672,0.219997
17673,0.349908
17674,0.6297709191281347
17675,0.350009
17676,0.219997
17677,0.220016
17678,0.220016
17679,1.0
17680,0.349908
17681,0.5002600738581644
17682,0.0038293335558769095
17683,0.220016
17684,0.12277064048722544
17685,0.020533633324658775
17686,0.0027356736365600908
17687,0.013951563517311463
17688,0.11976473062984119
17689,0.011851653423528985
17690,0.046987118783315344
17691,0.1643398727275599
17692,0.17219807889676905
17693,0.219997
17694,0.219997
17695,0.15131205274588092
17696,0.2643047658763128
17697,0.22039734031444402
17698,0.1898222618907105
17699,0.350009
17700,0.05155878993723913
17701,0.09553514827220483
17702,1.0
17703,1.0
17704,0.9281266628281304
17705,0.009015689648317974
17706,0.025872392095060353
17707,0.024850483663962045
17708,0.1567057595182197
17709,0.4661914634352345
17710,0.08771420760855665
17711,0.02060431812159539
17712,0.04850959676800271
17713,0.0015624766345786318
17714,0.10195684607584973
17715,0.1619398641315387
17716,0.12970385185379862
17717,0.0010970146203491459
17718,0.7439841601941497
17719,0.017415294703624375
17720,0.06443318626347759
17721,0.3126219350800066
17722,0.20740906364207304
17723,0.14172616043253394
17724,0.05627701104463363
17725,0.349908
17726,0.350009
17727,0.032394686953171645
17728,0.17053729241109739
17729,0.2025274399739117
17730,0.18422012062890217
17731,1.0
17732,1.0
17733,0.8315662718453706
17734,0.021218163334191006
17735,0.03512180157740599
17736,0.0027756795522276543
17737,0.349908
17738,0.10043828141233367
17739,0.349908
17740,0.07846665226969309
17741,0.044519059593441115
17742,0.219997
17743,0.2128672957648202
17744,0.219997
17745,0.219997
17746,0.9067947352437931
17747,0.8951869082389909
17748,0.3331392167445596
17749,0.219997
17750,0.1879666178830889
17751,0.09232424721238566
17752,0.19670801233010402
17753,0.15378470050322177
17754,0.10244606316257701
17755,0.20877187491651972
17756,0.2105367157219196
17757,0.08772616640902843
17758,0.2017143211117612
17759,0.0011015083184561605
17760,1.0
17761,1.0
17762,1.0
17763,0.219997
17764,0.10822532740016368
17765,0.220016
17766,0.3420269768803276
17767,0.057661547328359423
17768,0.05831605532976054
17769,0.052771713546624216
17770,0.21644397949859817
17771,0.09815528515440794
17772,0.49256181148162254
17773,1.0
17774,0.164776058979905
17775,0.16129099538292951
17776,0.219997
17777,0.219997
17778,0.1119367811399701
17779,0.350009
17780,0.20006032887906036
17781,0.08391652183456261
17782,0.13061417287880522
17783,0.11495990010220473
17784,0.219997
17785,0.03298875025422192
17786,0.017555450635167818
17787,0.33250969259536767
17788,0.350009
17789,0.219997
17790,0.18023538125911634
17791,0.12303657746838234
17792,0.08043594253546038
17793,0.30009246171248094
17794,0.009474491084326098
17795,0.011586147951314654
17796,0.050681590187721
17797,0.0762056603802431
17798,0.040098567514566606
17799,0.11803776293443022
17800,0.11637270117595919
17801,0.4478931392518401
17802,1.0
17803,0.349908
17804,0.349908
17805,0.219997
17806,0.219997
17807,0.219997
17808,0.9263769187375114
17809,0.00828267088860995
17810,0.04596469198571693
17811,0.09582762487772724
17812,0.01474730267442918
17813,0.12435177982869129
17814,0.219997
17815,0.20230285496020137
17816,0.5569173452288039
17817,0.349908
17818,0.27968685412387867
17819,1.0
17820,0.13586106557567526
17821,0.05840675715984154
17822,0.219997
17823,0.34491912585808093
17824,0.035598649683898365
17825,0.14870096439238187
17826,0.219997
17827,0.1854931058191972
17828,0.04316442153584183
17829,0.0898144327868433
17830,0.037018939955852856
17831,0.349908
17832,0.6779434869095792
17833,0.349908
17834,0.85121725436904
17835,0.5241420223262805
17836,0.219997
17837,0.219997
17838,0.34667400823108757
17839,0.0008465440778902779
17840,0.17655376174699156
17841,0.13835954975292628
17842,0.1605155822773745
17843,0.5251009295266219
17844,0.349908
17845,0.14231900096514763
17846,0.06249607415278295
17847,0.8029937987901715
17848,0.507698770724729
17849,0.07092491389579669
17850,0.219997
17851,0.11426242730916673
17852,0.07945299284972195
17853,0.01645753902300361
17854,0.02067614695566958
17855,0.079133989680263
17856,0.219997
17857,0.219997
17858,0.219997
17859,0.6502217652886287
17860,1.0
17861,0.8429420067821731
17862,0.5938411985847827
17863,0.8339466754064213
17864,0.20027788574660926
17865,0.08862644687468449
17866,0.07702659344731821
17867,0.1576358781634028
17868,0.219997
17869,0.11094048544133703
17870,0.03436039623439868
17871,0.219997
17872,0.1668669818732653
17873,0.027240385971773494
17874,0.018138002077270298
17875,0.11990530605830269
17876,0.0597743694797587
17877,0.002587530171091971
17878,0.03735672626838269
17879,0.036560135825683286
17880,0.06383835162470924
17881,0.06751035299083308
17882,0.14251881760681584
17883,0.13950241010020104
17884,0.349908
17885,0.219997
17886,0.350009
17887,1.0
17888,1.0
17889,0.349908
17890,0.1496438021208632
17891,0.07616424862175847
17892,0.03598399669594288
17893,0.06162119110900792
17894,0.0769912112864659
17895,0.006122849975653286
17896,0.01380609068623462
17897,0.05564731233940638
17898,1.0
17899,0.05069619582298504
17900,0.02689796930738772
17901,0.16491631723429906
17902,0.16037562084106777
17903,0.14839926430553663
17904,0.01048654730560322
17905,0.11220519172545318
17906,0.02628344607525657
17907,0.04095196121973308
17908,0.029271122970643167
17909,0.02046446201193497
17910,0.05513285435673056
17911,0.18438666838929324
17912,0.219997
17913,1.0
17914,0.5766112267527431
17915,0.3063526954658995
17916,1.0
17917,0.6930790854108145
17918,0.6381836583211303
17919,0.23857783441044672
17920,0.04716496024687156
17921,0.0462594242939523
17922,0.03584091905223384
17923,0.08935375702021921
17924,0.08151078718746767
17925,0.055795398087188974
17926,0.157919942773943
17927,0.6636765482318229
17928,0.220016
17929,0.40961082835569723
17930,0.05454383137404268
17931,0.11567164542157776
17932,0.15654105559735784
17933,0.15452404955884375
17934,0.1247323088842242
17935,0.032749123321666844
17936,0.018369523992053178
17937,0.08014423231001416
17938,0.219997
17939,1.0
17940,0.400849144786715
17941,1.0
17942,0.47901344780520516
17943,0.349908
17944,0.3054799155246084
17945,0.219997
17946,0.10957941089615925
17947,0.01813996273792127
17948,0.020799550894366237
17949,0.013776846830697315
17950,0.02664863056970304
17951,0.12395966486870641
17952,0.1674855436260262
17953,0.0817932985069988
17954,0.219997
17955,0.032039550868823805
17956,0.07216477990079596
17957,0.014932115735064224
17958,0.350009
17959,0.05521750014897195
17960,0.017474580658676495
17961,0.0016751091348793873
17962,0.219997
17963,0.33284338662573093
17964,0.08430128950139205
17965,0.0015692304255473704
17966,0.30762899649472036
17967,0.220016
17968,0.15453110197693676
17969,0.17609331719227253
17970,0.0588827322924136
17971,0.2034546935648297
17972,0.10309148868399559
17973,0.08537736715400515
17974,0.1365585353936517
17975,0.2078369108189781
17976,0.05619540680094787
17977,0.007697440551395778
17978,0.11019529176905725
17979,0.12631782879634276
17980,0.08715049127975402
17981,0.17986480224210213
17982,0.08408613268011005
17983,0.09246481009090164
17984,0.04059041909405161
17985,0.118300961035035
17986,0.219997
17987,0.5493797348718472
17988,0.9957287523937405
17989,0.20695761068609234
17990,0.026152689828526775
17991,0.08316751808496935
17992,0.04607400644089445
17993,0.05397320356342848
17994,0.10206981529663128
17995,0.12288125057790215
17996,0.018183587974799385
17997,0.01018588991543871
17998,0.019781783710363283
17999,0.008773736054539393
18000,0.015241869916895152
18001,0.028347243206234506
18002,0.14353432497873408
18003,0.09534817849373194
18004,0.6739723062656388
18005,0.04998226530079023
18006,0.0010004984808720766
18007,0.220016
18008,0.11581786769395466
18009,0.1565755107125364
18010,0.6585700788223755
18011,0.219997
18012,0.012454126621387077
18013,0.19309246869582503
18014,0.11806843023404232
18015,0.1393463595151475
18016,0.18662269428371744
18017,0.032969545653580595
18018,0.219997
18019,0.02487154049575001
18020,0.219997
18021,0.10380758204850546
18022,0.1116718224001148
18023,0.013345487552438988
18024,0.07480680436701823
18025,0.0946402561229844
18026,0.2800252918873221
18027,0.028636959985518146
18028,0.007663519681360061
18029,0.06351357003887832
18030,0.08389728331047552
18031,0.21963310344255926
18032,0.219997
18033,0.08733246658372919
18034,0.2975758951720557
18035,0.19541207632667487
18036,0.08587201195292347
18037,0.010433177956482315
18038,0.04939559174867418
18039,0.04782770935264078
18040,0.035645058233151235
18041,0.349908
18042,0.219997
18043,0.04363102816724062
18044,0.219997
18045,0.07931663026219461
18046,0.01785699793929473
18047,0.014987838882592598
18048,0.5809784718179645
18049,0.9461197886250403
18050,0.220016
18051,0.08064000751022155
18052,0.07026556423240717
18053,0.09593673476266883
18054,0.011993394305156318
18055,0.1370976854122419
18056,0.1630612071503218
18057,0.09494269761885304
18058,1.0
18059,0.09674856298032683
18060,0.004267112781376278
18061,0.0346964166604943
18062,0.10088730370222064
18063,0.02654937411598372
18064,0.09529109719392231
18065,0.1402359781100858
18066,0.38663887875473396
18067,0.06911006559084941
18068,0.2434902846165078
18069,0.005506270938909569
18070,0.08190626093948428
18071,0.06216503601944491
18072,0.136099529714856
18073,0.05238126684073815
18074,0.07834087163926648
18075,0.1850091242277686
18076,0.09341630646573768
18077,0.057542837616265476
18078,0.014187630481441109
18079,0.04252425514303089
18080,0.07265549524519523
18081,0.014904095488974404
18082,0.1891843555895514
18083,0.013250957103568151
18084,0.05827026230263817
18085,0.022391627277698757
18086,0.050409209934781575
18087,0.13225226442767107
18088,0.1606294750844241
18089,0.08468563153646042
18090,0.00027238619886014325
18091,1.0
18092,0.06701129376543866
18093,0.2394751963136696
18094,0.10972645311891203
18095,0.081085419833464
18096,0.09561968400437243
18097,0.06927771679137602
18098,0.0070195241765760395
18099,0.31627291560598164
18100,0.049139727954769966
18101,0.009644148597183374
18102,0.025043718265644662
18103,0.045651357930181116
18104,0.11573856035149595
18105,0.014807492724593913
18106,0.219997
18107,0.06476238542474032
18108,0.004706618832913948
18109,0.05574005273148741
18110,0.45437113570104687
18111,0.040839048443581716
18112,0.028017467249908754
18113,0.01335396250180608
18114,0.03941138820352859
18115,0.02078447943065436
18116,0.07290851433374332
18117,0.03180134570786598
18118,0.18261679764510186
18119,0.13550650419742483
18120,0.02499141583503784
18121,0.09367320603690364
18122,0.219997
18123,0.12881286732915562
18124,0.10260513789098326
18125,0.17460237041324025
18126,0.11651911704974316
18127,0.07600743314995075
18128,0.220016
18129,0.220016
18130,0.18559159571504338
18131,0.010556447464745345
18132,0.07698083936891387
18133,0.0006856609430631335
18134,0.014632022462132617
18135,0.025234093136250198
18136,0.007243205848299215
18137,0.040082760249306404
18138,0.02360954924798347
18139,0.0011028044725090562
18140,0.07398916635865474
18141,0.03811003196013282
18142,0.219997
18143,0.007497571344317799
18144,0.219997
18145,0.001998280493685639
18146,0.219997
18147,0.02797162594963274
18148,0.02755031878000886
18149,0.016182025690586355
18150,0.025171345543200718
18151,0.010771108321461553
18152,0.023425901175640272
18153,0.06566694127831718
18154,0.014447444846122854
18155,0.17201388760275949
18156,0.04182165566467887
18157,0.076869586492829
18158,0.04004529905960833
18159,0.06840469835204117
18160,0.008953286598437681
18161,0.010486182139398071
18162,0.018858749387232136
18163,0.010149858196724933
18164,0.18880690935855693
18165,0.03384131290568225
18166,0.039069429719093246
18167,0.006757925561394642
18168,0.05634281446959452
18169,0.01738861179243307
18170,0.219997
18171,0.3335521045224363
18172,0.11753382296263155
18173,0.16789352810626856
18174,0.1047293550379519
18175,0.09755582923756877
18176,0.036684686435850954
18177,0.007415812971092221
18178,0.219997
18179,0.12645895716073158
18180,0.010444167593386258
18181,0.219997
18182,0.06888004279028591
18183,0.031513613789945244
18184,0.0670250424073378
18185,0.10425785348865353
18186,0.036719095809851575
18187,0.03071633975203645
18188,0.010300406233509411
18189,0.021283284046798162
18190,0.014615628624332048
18191,0.008888235014761539
18192,0.05836734385573938
18193,0.022591139417299406
18194,0.012125847671318768
18195,0.06207420543138654
18196,0.13313832806449152
18197,0.011200039707886352
18198,0.006523165504119798
18199,0.2701601209233056
18200,0.02442125010276182
18201,0.028434914663114628
18202,0.02696780906070639
18203,0.01444626304860085
18204,0.012853856552719397
18205,0.008224014831267995
18206,0.00901000372526382
18207,0.09134381845074706
18208,0.02595671417365594
18209,0.01659479847406671
18210,0.05994420044248581
18211,0.05395265268391776
18212,0.016433752211565043
18213,0.019886885814589608
18214,0.05474502942786114
18215,0.219997
18216,0.219997
18217,0.028861096624487968
18218,0.046436951455093065
18219,0.027965220771922546
18220,0.01972530867654979
18221,0.048608066768438776
18222,0.07469766892166123
18223,0.220016
18224,0.051196633235661836
18225,0.021507812458367123
18226,0.219997
18227,0.07235389402610932
18228,0.04101408213570506
18229,0.219997
18230,0.0997654958514525
18231,0.16564368900226947
18232,0.1056386122078439
18233,0.350009
18234,0.350009
18235,0.0748990670645403
18236,0.16416290510288095
18237,0.10420210569222565
18238,0.349908
18239,0.16463789213932967
18240,0.2083626964688339
18241,0.03870243208873884
18242,0.031249102089148672
18243,0.21101936152934136
18244,0.021406842170312076
18245,0.220016
18246,0.0465584333634081
18247,1.0
18248,0.220016
18249,0.009470432280058939
18250,0.21447705696155317
18251,0.043869119233719375
18252,0.0035486337494931752
18253,0.14665710367199883
18254,0.03353013353581759
18255,0.12455701953690061
18256,0.07767257237991182
18257,0.018315598741158377
18258,0.026799247401604956
18259,0.17192377930749939
18260,0.2659566346772021
18261,0.39042400431778024
18262,0.5469894704699293
18263,0.03829419302319694
18264,0.220016
18265,0.03196574026552033
18266,0.12443620991664575
18267,0.08176964031266895
18268,0.10719933819132611
18269,0.1995988428073672
18270,0.41231237269220883
18271,0.1483652031273266
18272,0.219997
18273,0.44623917403900143
18274,0.07882650697954167
18275,0.03212669991294454
18276,0.5239090331836679
18277,0.09797655847099902
18278,0.8438308197723144
18279,0.15087751099192528
18280,0.10131687574425054
18281,0.07168218507774902
18282,0.04036993494067294
18283,0.1449560807338753
18284,0.220016
18285,0.1413533871245389
18286,0.046744346451357215
18287,0.053052953281088236
18288,0.10411613834075928
18289,0.31392267574766414
18290,0.009101198417473144
18291,0.09503118723159712
18292,0.07503448686009878
18293,0.09896202927242581
18294,0.07949992177345415
18295,0.04699999593558122
18296,0.051008378957724705
18297,0.15485087350909837
18298,0.11830732928023975
18299,0.18239648191667235
18300,0.3222386100871026
18301,0.0027523972583662136
18302,0.09406795267594195
18303,0.03937805739309579
18304,0.0498745168214254
18305,0.5228774554884907
18306,0.2035216465601844
18307,0.17789440180978117
18308,0.2469918771888667
18309,0.349908
18310,0.21977681155921153
18311,0.07201444548387813
18312,0.03004678537974828
18313,0.05513391752553234
18314,0.03593031297278712
18315,0.0094408364258552
18316,0.0034450653395271054
18317,0.07937642357599012
18318,0.013194431732976748
18319,0.2154776985438365
18320,0.1359388332229901
18321,0.13764754582388475
18322,0.219997
18323,0.35414875406166835
18324,0.024782001480261696
18325,0.220016
18326,0.08735567172241862
18327,0.014854908643907875
18328,0.034772107887055904
18329,0.0031503470022384754
18330,0.219997
18331,0.05602531146606402
18332,0.017490528070149697
18333,0.13043288481964024
18334,0.21831461202037186
18335,0.0633700957813903
18336,0.11915226430237986
18337,0.350009
18338,0.08407197448873228
18339,0.11556975828554263
18340,0.005140291687682949
18341,0.04919160581466057
18342,0.12225335534563793
18343,0.1673797056093268
18344,0.007141863557794033
18345,0.04801621609760373
18346,0.04043854658581377
18347,0.2186145074778509
18348,0.219997
18349,0.12085940324238752
18350,0.12233766291839111
18351,0.07198852761400377
18352,0.059205002018539794
18353,0.053724218784332124
18354,0.05622129964828383
18355,0.060093814383356266
18356,0.219997
18357,0.17676697941093106
18358,0.220016
18359,0.012819280579090108
18360,0.07663865934054172
18361,0.03438540662438447
18362,0.02407424344115704
18363,0.0223426768689907
18364,0.06674729169710335
18365,0.05086939007858249
18366,0.010119486285514996
18367,0.04358587673197721
18368,0.219997
18369,0.350009
18370,0.06081136787819423
18371,0.05627246307270709
18372,0.05202750380536228
18373,0.13895117615877844
18374,0.0639414997415011
18375,0.013832107906760935
18376,0.0731617161143318
18377,0.219997
18378,0.02222346868967996
18379,0.05239934478541148
18380,0.0776521625801427
18381,0.026965954183117622
18382,0.220016
18383,0.10078123861167466
18384,0.2729591336745837
18385,0.220016
18386,0.220016
18387,0.08973723107899607
18388,0.14014415345937178
18389,0.05363532916184443
18390,0.10584281136621082
18391,0.06705287068326782
18392,0.01893476523974348
18393,0.17427316057188033
18394,0.07943488915970227
18395,0.995832354082867
18396,0.18527683649175836
18397,0.06112236685156959
18398,0.13326304689352053
18399,0.11252142764104218
18400,0.08271189003771215
18401,0.03908040558241576
18402,0.219997
18403,0.04033645509736534
18404,0.019578756030864987
18405,0.03880865765664992
18406,0.1755855898084692
18407,0.12414465857606065
18408,0.220016
18409,0.10307803522821574
18410,0.219997
18411,0.3326616439246194
18412,0.6164246870117341
18413,0.1214079228357568
18414,0.03152985838436166
18415,0.20857551551664896
18416,0.0015926260056210915
18417,0.07854714304615035
18418,0.010895925069769311
18419,0.03587153245198227
18420,0.013278092616130065
18421,0.19608851593207532
18422,0.07069453916903169
18423,0.14251958648898844
18424,0.0688827529215895
18425,0.1917106671674492
18426,0.05093031189714705
18427,0.07883139475625327
18428,0.05383853097980699
18429,0.219997
18430,0.11406411154742226
18431,0.1136205838176731
18432,0.01556169262480614
18433,0.05685228503287644
18434,0.05604039635621094
18435,0.08509228127390034
18436,0.07087519701450595
18437,0.219997
18438,0.219997
18439,0.24095047499286304
18440,0.219997
18441,0.219997
18442,0.01918131947366532
18443,0.14154799854219852
18444,0.012933081631810034
18445,0.12735304224799648
18446,0.0160805163080134
18447,0.018831322922985474
18448,0.07157372086004135
18449,0.03021594154027651
18450,0.08047321599144146
18451,0.05625134014662336
18452,0.013988569030296523
18453,0.05979141711211133
18454,0.07234122154741245
18455,0.038970536453090523
18456,0.05079620371914419
18457,0.043990995382183665
18458,0.21584230345069297
18459,0.03877482538627209
18460,0.09794421295607778
18461,0.19288826839712142
18462,0.07565013422009212
18463,0.219997
18464,0.349908
18465,0.14314923729177484
18466,0.219997
18467,0.09309517546104552
18468,0.219997
18469,0.12412211604412048
18470,0.15013261846980688
18471,0.10267730908675421
18472,0.015333480441005638
18473,0.029570711099811763
18474,0.219997
18475,0.07648132580422944
18476,0.08921923310318011
18477,0.09718740682780805
18478,0.10247013319203604
18479,0.0016270279682174772
18480,0.06961759402318475
18481,0.03856651675102115
18482,0.004410461355259517
18483,0.219997
18484,0.12433018481661154
18485,0.11874907774608201
18486,0.21740106025310096
18487,1.0
18488,0.18935499630467414
18489,0.05042609036675917
18490,0.350009
18491,0.16925400389877582
18492,0.349908
18493,0.219997
18494,0.1315593001583612
18495,0.014811850154491967
18496,0.02992947778961961
18497,0.219997
18498,0.05576728084355079
18499,0.20102507728573318
18500,0.2081016562026072
18501,0.08652561956113265
18502,0.259739113570982
18503,0.1434549381940225
18504,0.06109654715322973
18505,0.02109201680747937
18506,0.014767271161550839
18507,0.008691207311284714
18508,0.09798550264321744
18509,0.07100514040690029
18510,0.023959703207921738
18511,0.21960478240142095
18512,0.20832909610089492
18513,0.3187536484443002
18514,0.1452483862918581
18515,0.10280982497135406
18516,0.219997
18517,0.219997
18518,0.350009
18519,0.14626094601672904
18520,0.08457962327751131
18521,0.08213878428172225
18522,0.014792944735315812
18523,0.07848712071332271
18524,0.4923819977918152
18525,0.06002516069835207
18526,0.028993729154995502
18527,0.5459268909696082
18528,0.219997
18529,0.01688237667911597
18530,0.007048371073317364
18531,0.022867575380426802
18532,0.0682840750087316
18533,0.06426756084447338
18534,0.3146645968858498
18535,0.320755029625033
18536,0.10385650189810806
18537,0.08748100308399602
18538,0.219997
18539,0.219997
18540,0.219997
18541,0.219997
18542,0.44183640033088534
18543,0.17599911365863574
18544,0.03364833868104032
18545,0.11094160043409337
18546,0.1699255009010753
18547,0.07333700470937213
18548,0.4132409973254731
18549,1.0
18550,0.1307952916232553
18551,0.05689498727893914
18552,0.536276543438998
18553,0.05075302525035244
18554,0.4106171225557791
18555,0.1246739807696204
18556,0.13498699264543604
18557,0.012002918113871337
18558,0.09308537156414863
18559,0.6348266817358992
18560,0.08050325166062107
18561,0.1589710567893034
18562,0.349908
18563,0.20714111886607034
18564,0.33818606095708986
18565,0.6623487060412931
18566,0.4319820548513577
18567,0.011595676263049255
18568,0.27855560951015407
18569,0.220016
18570,0.08174996517278929
18571,1.0
18572,0.349908
18573,0.4131942220904657
18574,0.03829695113570684
18575,0.1746661408693705
18576,0.04842269222077669
18577,0.017205455908930287
18578,0.02894574978786277
18579,0.014213211377765914
18580,0.015104112220163847
18581,0.1021732004944692
18582,0.012874337008350372
18583,0.012289169203171437
18584,0.04817086654641097
18585,0.220016
18586,0.10791023335925076
18587,0.12924365884219483
18588,0.2090661852829662
18589,0.16283073985671967
18590,0.349908
18591,0.2662738519892309
18592,0.03839308163686028
18593,0.18317852754972053
18594,0.3285162424893974
18595,0.08961822638894928
18596,1.0
18597,1.0
18598,0.9195521061328754
18599,0.0305561586453807
18600,0.15372791201372565
18601,0.44409525246521864
18602,0.108358940988613
18603,0.02060431812159539
18604,0.07211741556129889
18605,0.014041342699951562
18606,0.09597415784639116
18607,0.1848080890547527
18608,0.15413467065788913
18609,0.015723202302648523
18610,0.8343791465527565
18611,0.006125881348667862
18612,0.02196137862151629
18613,0.219997
18614,0.17788690027538268
18615,0.12062625879164035
18616,0.1478675517326277
18617,0.349908
18618,0.350009
18619,0.03587548243046172
18620,0.16454765872274427
18621,0.13367229087719223
18622,0.220016
18623,1.0
18624,0.9923904932878514
18625,0.7137836651112367
18626,0.0007133762870164653
18627,0.12398798399066956
18628,0.03420396409286845
18629,0.349908
18630,0.10967513727374864
18631,0.33569364216964737
18632,0.06839969934632172
18633,0.01081254571939031
18634,0.219997
18635,0.18741670121810905
18636,0.219997
18637,0.219997
18638,0.9421742955146435
18639,0.7809428748522415
18640,0.349908
18641,0.219997
18642,0.219997
18643,0.06595949318278835
18644,0.219997
18645,0.10179652847695743
18646,0.11452392889771452
18647,0.18912413628823543
18648,0.20915123780746034
18649,0.0912384684607884
18650,0.13869843496742454
18651,0.037070825821643956
18652,0.9215407686309871
18653,1.0
18654,1.0
18655,0.219997
18656,0.04670626544027839
18657,0.14434088851314555
18658,0.3721566909902308
18659,0.0008958709336259686
18660,0.06446194785596351
18661,0.05514378178934252
18662,0.014591067254150181
18663,0.19363811815888368
18664,0.11618627998823247
18665,0.4725617289348371
18666,1.0
18667,0.09532899946212982
18668,0.219997
18669,0.219997
18670,0.219997
18671,0.11384215180880554
18672,0.3612025976260452
18673,0.2881389967678746
18674,0.013211338763873303
18675,0.12860647043261608
18676,0.14171337865118613
18677,0.15044016446156822
18678,0.0421330573333913
18679,0.03413346081774246
18680,0.3042386330548321
18681,0.349908
18682,0.219997
18683,0.172512960628429
18684,0.03586977348573616
18685,0.2002224603564524
18686,0.07893884625363111
18687,0.2489716891491415
18688,0.006028602189954515
18689,0.05014960977016523
18690,0.06018087432125277
18691,0.06510748151925277
18692,0.030790468694949297
18693,0.16050647965262588
18694,0.06741985174201341
18695,0.4430469975240685
18696,1.0
18697,0.349908
18698,0.219997
18699,0.219997
18700,0.219997
18701,0.219997
18702,1.0
18703,0.05919575207035759
18704,0.026356614070305977
18705,0.09260739744824188
18706,0.030684539020482692
18707,0.13801047865683255
18708,0.219997
18709,0.19872794859725285
18710,0.5034378791780811
18711,0.34891886655442605
18712,0.26343007846195504
18713,1.0
18714,0.21591408282951194
18715,0.02962156667025961
18716,0.20685205391985256
18717,0.3369976099781462
18718,0.07050612720946488
18719,0.09186021676479486
18720,0.7927913028213067
18721,0.18370743656595218
18722,0.05304000080271127
18723,0.09503899606370722
18724,0.06488267994878263
18725,0.349908
18726,0.5916241592625372
18727,0.609768181512098
18728,0.7558176078542728
18729,0.6244788133054856
18730,0.219997
18731,0.219997
18732,0.37329252015305003
18733,0.1633670964256569
18734,0.08090423307718735
18735,0.09227302747204677
18736,0.4625370473864063
18737,0.349908
18738,0.11047523701976307
18739,0.06249607415278295
18740,0.7795637243508897
18741,0.349908
18742,0.008762042972811804
18743,0.08238171552890043
18744,0.219997
18745,0.15476835704828779
18746,0.104501258531498
18747,0.01645753902300361
18748,0.020909086068054947
18749,0.022838025196108596
18750,0.048651203618692226
18751,0.10145722167663654
18752,0.1982345342658046
18753,0.219997
18754,0.219997
18755,0.6466107515600402
18756,1.0
18757,0.7868951097392769
18758,0.5237125161213841
18759,1.0
18760,0.17991151279268572
18761,0.026842823442811775
18762,0.0952000597571042
18763,0.035036517810224696
18764,0.219997
18765,0.219997
18766,0.06651996796916863
18767,0.05956547079760086
18768,0.219997
18769,0.20867157152716323
18770,0.027240385971773494
18771,0.0029776256618213068
18772,0.0834879524848522
18773,0.14519329865445657
18774,0.03042324321443743
18775,0.03733843884750002
18776,0.07732084514400443
18777,0.02817942497679121
18778,0.034433855328027944
18779,0.03452175122081178
18780,0.11330705512679692
18781,0.1436444128244327
18782,0.10699510212564647
18783,0.4301627204300917
18784,0.219997
18785,0.350009
18786,1.0
18787,1.0
18788,0.349908
18789,0.17048613769555407
18790,0.0938995393632602
18791,0.037938279903478776
18792,0.056834806530169736
18793,0.0988443917205615
18794,0.02047887344069005
18795,0.01380609068623462
18796,0.03831620462275576
18797,1.0
18798,0.03239532836880093
18799,0.02689796930738772
18800,0.03051933114443716
18801,0.09321978948548343
18802,0.1905140721441519
18803,0.045854190582782284
18804,0.09404392422941946
18805,0.051933457979798224
18806,0.04885183401881423
18807,0.05513195207009218
18808,0.05415643275012356
18809,0.17280657572967145
18810,0.2012630171368632
18811,1.0
18812,0.40624418938054285
18813,0.349908
18814,1.0
18815,0.7171661330249323
18816,0.8112826763833932
18817,0.2724400995278259
18818,0.011794734791572016
18819,0.03397360499222411
18820,0.01925655711051755
18821,0.003957985626240153
18822,0.11001006619991176
18823,0.08080584378003189
18824,0.024780636640381208
18825,0.04068165134743018
18826,0.14596963417179634
18827,0.5562072564399765
18828,0.14247945255523223
18829,0.49793736637738434
18830,0.022753187572224658
18831,0.11543881713232444
18832,0.19200204644157073
18833,0.11629554951800297
18834,0.19680899479597916
18835,0.0850864413903378
18836,0.020391158864840574
18837,0.06159336490453458
18838,0.219997
18839,1.0
18840,0.3547879619183896
18841,1.0
18842,0.349908
18843,0.5253692232984567
18844,0.219997
18845,0.219997
18846,0.06651371397553214
18847,0.020799550894366237
18848,0.026281220055722757
18849,0.015988884338534393
18850,0.09285736066544355
18851,0.219997
18852,0.052541897965378635
18853,0.26943025839930523
18854,0.032039550868823805
18855,0.029267606330477997
18856,0.014932115735064224
18857,0.31128420246372573
18858,0.04486105404674826
18859,0.020822200318620275
18860,0.017474580658676495
18861,0.219997
18862,0.3135313614307641
18863,0.07298595038790895
18864,0.0015692304255473704
18865,0.350009
18866,0.349908
18867,0.219997
18868,0.18249597794887912
18869,0.02293313995050412
18870,0.18258735452892136
18871,0.12402314324130516
18872,0.049124225662715584
18873,0.179914632578033
18874,0.15003995729240646
18875,0.053660423917418605
18876,0.012734444250010461
18877,0.220016
18878,0.16452739617109916
18879,0.07729465669246702
18880,0.20200979192720284
18881,0.05557192729058673
18882,0.1310014955716211
18883,0.0187981636312687
18884,0.10911120168641865
18885,0.219997
18886,0.5295746199310926
18887,0.8730126581065414
18888,0.1589608822192716
18889,0.013634739334311832
18890,0.053157264042973155
18891,0.03402843659295223
18892,0.09389426515205213
18893,0.13386563692999728
18894,0.015607796881487482
18895,0.04281243179841914
18896,0.014231934159414462
18897,0.02736758590565922
18898,0.015241869916895152
18899,0.028347243206234506
18900,0.17788303724335036
18901,0.13930150590670445
18902,0.708104928746193
18903,0.01618772828726483
18904,0.01558260142165081
18905,0.220016
18906,0.09146542102517052
18907,0.12597930058608037
18908,0.6463783080378412
18909,0.219997
18910,0.019674259564499873
18911,0.016355043506547436
18912,0.220016
18913,0.07783958586881345
18914,0.022361238601229304
18915,0.11709704464035027
18916,0.2194413488634329
18917,0.03662811675648997
18918,0.025236785768708317
18919,0.219997
18920,0.03982823044724243
18921,0.04183854099930685
18922,0.219997
18923,0.0975039067075074
18924,0.09995850596048801
18925,0.03248946904376026
18926,0.10103511889509834
18927,0.29147761958769247
18928,0.019539574695427882
18929,0.04204162126819418
18930,0.059793009823342166
18931,0.04520348430553884
18932,0.07707221300010159
18933,0.219997
18934,0.044481184212329654
18935,0.23458759757673756
18936,0.0986921112067305
18937,0.018471047474790715
18938,0.05078190077794355
18939,0.030001765515496184
18940,0.11903060081188113
18941,0.08171723479243367
18942,0.3256502186792871
18943,0.219997
18944,0.05977581046630356
18945,0.12028410742701875
18946,0.06890669043975778
18947,0.004921988038057177
18948,0.5596922391738329
18949,0.9532013609238309
18950,0.1798484708335548
18951,0.10157774913915586
18952,0.023675798195186358
18953,0.08498892393136719
18954,0.07420250877875231
18955,0.023005459538523277
18956,0.13854998290941697
18957,0.12026706659841314
18958,0.10363465237365349
18959,1.0
18960,0.05291680157400266
18961,0.024319721043311093
18962,0.03509746776533977
18963,0.04788139844514603
18964,0.02654937411598372
18965,0.1720077301380278
18966,0.349908
18967,0.054732912238435905
18968,0.219997
18969,0.13579129120877284
18970,0.03428445276789488
18971,0.17635784612079383
18972,0.05024054987226796
18973,0.055279586778216094
18974,0.1850091242277686
18975,0.11460866249255507
18976,0.04146054129574943
18977,0.0010073966565834638
18978,0.03004709949452866
18979,0.07631925884701826
18980,0.005539028494925517
18981,0.219997
18982,0.028361105627976127
18983,0.02397847510058714
18984,0.0686276786376015
18985,0.10600692852386125
18986,0.029359292956918866
18987,0.015645931276427317
18988,1.0
18989,0.06424646592326702
18990,0.1707105876948808
18991,0.05310158602872859
18992,0.05858099654895947
18993,0.0924217558337235
18994,0.05493911228213484
18995,0.03367851740096135
18996,0.026379665553258696
18997,0.48803528220931536
18998,0.03471908346517583
18999,0.009644148597183374
19000,0.005881348235752196
19001,0.008859445656040426
19002,0.025043718265644662
19003,0.016239834758948947
19004,0.035517767013446604
19005,0.15986574673299578
19006,0.03636148043398072
19007,0.016497843063492182
19008,0.1932051769382672
19009,0.07004050956274335
19010,0.008076079500455906
19011,0.034264494005673184
19012,0.32410007170244726
19013,0.0017322063996918447
19014,0.007728452054119408
19015,0.03855332778003978
19016,0.0028354440756160944
19017,0.08962140149956864
19018,0.01045676965309795
19019,0.04207430397422879
19020,0.006750969711783552
19021,0.219997
19022,0.08540020201627863
19023,0.0088589540037114
19024,0.020835909147143103
19025,0.021884318103355338
19026,0.022303678218423762
19027,0.09525619405348187
19028,0.219997
19029,0.06642470427714216
19030,0.028503342662360525
19031,0.06268098562015094
19032,0.09271101727010887
19033,0.07284997953270575
19034,0.220016
19035,0.23005221390402672
19036,0.220016
19037,0.0003128856425538262
19038,0.05520147155742487
19039,0.02008709962528547
19040,0.022360597618539688
19041,0.0004837388945192003
19042,0.01754229415869186
19043,0.042799896247745065
19044,0.014239405231230495
19045,0.022567243024247414
19046,0.02360954924798347
19047,0.014947330823458463
19048,0.0427581016098771
19049,0.10566844003939728
19050,0.11961427441840065
19051,0.219997
19052,0.007497571344317799
19053,0.0005499590765244676
19054,0.20572845639889342
19055,0.025139561811373154
19056,0.28198192972827874
19057,0.014050853146780399
19058,0.06664188345854279
19059,0.016508537519764475
19060,0.0002204787141743094
19061,0.039938011114032
19062,0.03591575328427345
19063,0.02919670480351853
19064,0.06699157979791893
19065,0.04123327186182195
19066,0.1580303653479445
19067,0.07329328194992642
19068,0.059775443965870194
19069,0.004682972087955504
19070,0.03196195897962928
19071,0.01320185636434131
19072,0.021663785348878493
19073,0.003483737042508982
19074,0.219997
19075,0.022390176225049237
19076,0.02312103474111162
19077,0.0437690583135749
19078,0.017201496395451793
19079,0.025610858589952896
19080,0.19079752170848638
19081,0.0683197207835347
19082,0.015240051032248474
19083,0.014951031741806715
19084,0.349908
19085,0.09440702480897693
19086,0.08886553141505167
19087,0.15554190645814706
19088,0.02015208600887678
19089,0.08765555036826721
19090,0.011388271463743754
19091,0.025838082994644882
19092,0.219997
19093,0.05642060874805766
19094,0.1774901674709142
19095,0.219997
19096,0.04870403045318344
19097,0.0028571829729127944
19098,0.1309147017140937
19099,0.011952308670302616
19100,0.031454966717521037
19101,0.017819041823947144
19102,0.010200077924309466
19103,0.009602419532415106
19104,0.07109135904408492
19105,0.018841968034413313
19106,0.01604249362663498
19107,0.1488685324662241
19108,0.11566155580759585
19109,0.219997
19110,0.024661665387072467
19111,0.006568665617479254
19112,0.0063645501535489375
19113,0.06787119286609401
19114,0.026135586823874894
19115,0.07882051014753572
19116,0.0009994011098025332
19117,0.1121302326166892
19118,0.019886885814589608
19119,0.219997
19120,0.219997
19121,0.12034246898998491
19122,0.027965220771922546
19123,0.01972530867654979
19124,0.02282146867005842
19125,0.0363376729884261
19126,0.06480468034502752
19127,0.12261668548735971
19128,0.051196633235661836
19129,0.017666331123204197
19130,0.05300734432986412
19131,0.0665500446956435
19132,0.07309795249442298
19133,0.013672001875356509
19134,0.219997
19135,0.1660407047523142
19136,0.06563776154282447
19137,0.219997
19138,0.350009
19139,0.349908
19140,0.08943839424791256
19141,0.219997
19142,0.20689811250641635
19143,0.220016
19144,0.09415602452616473
19145,0.046256516752767506
19146,0.05623314635514813
19147,0.02141223236323568
19148,0.1841264986024471
19149,0.05653093517785151
19150,0.8619415045034996
19151,0.220016
19152,0.01822134124593986
19153,0.219997
19154,0.05207606264927848
19155,0.12695420686460412
19156,0.03666172641528801
19157,0.02414333590997207
19158,0.029031989123096777
19159,0.207645411775946
19160,0.220016
19161,0.32029012668694123
19162,0.4767766830538872
19163,0.09820902947911193
19164,0.219997
19165,0.19756467795912475
19166,0.01622843087708963
19167,0.04731472455920701
19168,0.11522238613057394
19169,0.07559242801832795
19170,0.2111216783600097
19171,0.05043337132342929
19172,0.5634472107004277
19173,0.10372916730802362
19174,0.18872336922081281
19175,0.5580626760501277
19176,0.03212669991294454
19177,0.6256841845889257
19178,0.02899000474697288
19179,0.09688059663341374
19180,0.5495299319334402
19181,0.10443076997473032
19182,0.07568573962176617
19183,0.06286332935095926
19184,0.07506708204292693
19185,0.1923304346665228
19186,0.08370340855804384
19187,0.03320408427369097
19188,0.046817909111855696
19189,0.02996482332745133
19190,0.06060034468548707
19191,0.220016
19192,0.029547546089951394
19193,0.07510831832969184
19194,0.05128602984162605
19195,0.12268999389981197
19196,0.10773719520394286
19197,0.03108719615667821
19198,0.16343435212129315
19199,0.10877550693269766
19200,0.219997
19201,0.219997
19202,0.03451641246319406
19203,0.0804721601630917
19204,0.02548302203108742
19205,0.028872344035674846
19206,0.5586441149168373
19207,0.219997
19208,0.10594946383223633
19209,0.3601662271023911
19210,0.45571002786348985
19211,0.219997
19212,0.059373663408061696
19213,0.0269338431428449
19214,0.021086115711432717
19215,0.008179239901608775
19216,0.0094408364258552
19217,0.042954166070468
19218,0.013194431732976748
19219,0.061814185990989284
19220,0.219997
19221,0.17485179604579978
19222,0.219997
19223,0.36525294097192607
19224,0.009701927106387512
19225,0.220016
19226,0.14289395071304534
19227,0.014854908643907875
19228,0.042573964722906775
19229,0.042107340351576976
19230,0.03308805282077654
19231,0.349908
19232,0.01560327791221679
19233,0.03770795224355845
19234,0.01436359353437481
19235,0.10831509521281843
19236,0.038674931365965434
19237,0.220016
19238,0.350009
19239,0.12485629899349358
19240,0.12368022604919854
19241,0.027617332988805608
19242,0.019235325021531975
19243,0.11921765614301849
19244,0.11588341872214826
19245,0.021333132700411223
19246,0.2157844727376318
19247,0.20210517050008112
19248,0.16264244590974752
19249,0.10347146375764434
19250,0.10086437075293299
19251,0.03370277458287685
19252,0.11262921419284569
19253,0.03805839001716436
19254,0.047551524209881436
19255,0.219997
19256,0.12195070653806699
19257,0.220016
19258,0.021916208566312902
19259,0.07770478309459304
19260,0.032309182868930315
19261,0.030377841900906723
19262,0.013796999809277725
19263,0.051842272340628395
19264,0.04824192293183723
19265,0.011499643035870394
19266,0.08908978538765876
19267,0.219997
19268,0.350009
19269,0.08529707677990289
19270,0.054986612248862726
19271,2.646522569416205e-05
19272,0.06647088017512406
19273,0.10565917671038234
19274,0.03643726067027434
19275,0.10843512875960218
19276,0.0230828071249959
19277,0.172606110366729
19278,0.03542482178772858
19279,0.032136439347692836
19280,0.06808468465815018
19281,0.017270818911172353
19282,0.220016
19283,0.09751934173356479
19284,0.3182822037302047
19285,0.220016
19286,0.2292744583991091
19287,0.10847739104842218
19288,0.13774178249912025
19289,0.024770130789429738
19290,0.09550391391692474
19291,0.06169272354886089
19292,0.01893476523974348
19293,0.1798041471317298
19294,0.07213928023946421
19295,0.8883644431928299
19296,0.1936133007868628
19297,0.01439219593348753
19298,0.14959713986822032
19299,0.036669582361203816
19300,0.026429787660924457
19301,0.0261599460346667
19302,0.219997
19303,0.04033645509736534
19304,0.012091761492721426
19305,0.00797027275370953
19306,0.035121294238138825
19307,0.1439452000656396
19308,0.07150026628167135
19309,0.220016
19310,0.06498971520831036
19311,0.19890281667125434
19312,0.3256722734308457
19313,0.44863286339721986
19314,0.12362173928318014
19315,0.047838034604334466
19316,0.14432596393950078
19317,0.036225140690552986
19318,0.0806643997092566
19319,0.010895925069769311
19320,0.03587153245198227
19321,0.013278092616130065
19322,0.13728639386502514
19323,0.13899640761182486
19324,0.08882145168075545
19325,0.038468904423276835
19326,0.08109945820919853
19327,0.06421097012184022
19328,0.1145891878490381
19329,0.04082918927613622
19330,0.219997
19331,0.0472200723606612
19332,0.09243728523459686
19333,0.03968932551209617
19334,0.01666616627810071
19335,0.06385799776773828
19336,0.08646967885579795
19337,0.13043852300052178
19338,0.10686061610499864
19339,0.219997
19340,0.16463973555684078
19341,0.2630905093673317
19342,0.219997
19343,0.219997
19344,0.026700176005507094
19345,0.12937752483625686
19346,0.06395500966574906
19347,0.0633216742692195
19348,0.09532532859397401
19349,0.04371087687645825
19350,0.06177171917766388
19351,0.024323947000323955
19352,0.10342708929065293
19353,0.10137825711623885
19354,0.05773906563959305
19355,0.10083161955276075
19356,0.09785403308186305
19357,0.035102541996651894
19358,0.219997
19359,0.020950701136311145
19360,0.06080203786602566
19361,0.219997
19362,0.08332083841651906
19363,0.16263899436586501
19364,0.349908
19365,0.20363670567515146
19366,0.29674536266539825
19367,0.09668693103141585
19368,0.2198426598383612
19369,0.11325189522657056
19370,0.1935033493823725
19371,0.14252091043488058
19372,0.015333480441005638
19373,0.0029485169103883155
19374,0.349908
19375,0.11561802069240422
19376,0.11754235467487863
19377,0.030072315009030938
19378,0.03589359739910071
19379,0.028658939706159837
19380,0.019641366451688885
19381,0.11694462746146074
19382,0.349908
19383,0.12618985694209348
19384,0.08332272507942576
19385,0.219997
19386,1.0
19387,0.18680885637260464
19388,0.036469811828217374
19389,0.350009
19390,0.08017068485258563
19391,0.349908
19392,0.219997
19393,0.1735498649427152
19394,0.0386054157341023
19395,0.1838168090415858
19396,0.07038217381203415
19397,0.15823387790485527
19398,0.17142616735885519
19399,0.09012345420450404
19400,0.219997
19401,0.07643448820786461
19402,0.03925067344061816
19403,0.0667359626152726
19404,0.029781179345623948
19405,0.09234340636582963
19406,0.09884789006877708
19407,0.04603346890143704
19408,0.2023636990829683
19409,0.1717337280266953
19410,0.219997
19411,0.21232504144388323
19412,0.046778105489717545
19413,0.17692585088029827
19414,0.219997
19415,0.350009
19416,0.14599421587869235
19417,0.015842979548212555
19418,0.0718149692238432
19419,0.023185095842443784
19420,0.0038143072915138047
19421,0.039984790370951234
19422,0.5847464946808669
19423,0.020972905053903836
19424,0.06059759034900167
19425,0.5505968491735791
19426,0.220016
19427,0.035379013060759905
19428,0.005563578482349114
19429,0.060739031777751445
19430,0.08011035303970573
19431,0.33466902829413375
19432,0.350009
19433,0.10414288631903434
19434,0.09166897500020466
19435,0.349908
19436,0.219997
19437,0.219997
19438,0.32524192387356443
19439,0.37855754783818185
19440,0.1979684420902146
19441,0.03724360051419388
19442,0.07455491824026776
19443,0.10033543878635269
19444,0.3252509467990685
19445,1.0
19446,0.04693011202932446
19447,0.349908
19448,0.08227798115876575
19449,0.219997
19450,0.0739710170289493
19451,0.1586075535702788
19452,0.011685422409680101
19453,0.044249909970110496
19454,0.01163777494276342
19455,0.695568511524174
19456,0.220016
19457,0.17946103111106043
19458,0.349908
19459,0.19328872828991744
19460,0.3321300286522162
19461,0.5819939452611613
19462,0.5201204181241844
19463,0.026058814303973825
19464,0.219997
19465,0.25353841375905817
19466,0.16884397680449403
19467,1.0
19468,0.3994101132592021
19469,0.35143463654759394
19470,0.03703743454550152
19471,0.220016
19472,0.05487480526615167
19473,0.00814803571046261
19474,0.018770756893203774
19475,0.1297906952762434
19476,0.012289169203171437
19477,0.04554499631882057
19478,0.12495068752737713
19479,0.18003076656524197
19480,0.18195684243174778
19481,0.1754267275921122
19482,0.1408863531355611
19483,0.360688803056453
19484,0.350009
19485,0.03839308163686028
19486,0.15913723962740897
19487,0.350009
19488,0.028003831272496855
19489,0.11313589885023992
19490,1.0
19491,1.0
19492,0.7871162726560853
19493,0.009015689648317974
19494,0.024850483663962045
19495,0.19988852759154052
19496,0.44602417340205497
19497,0.1307015476021301
19498,0.02060431812159539
19499,0.01484804545352911
19500,0.0102018588539896
19501,0.016470132752842107
19502,0.04915796738909713
19503,0.1532116356088809
19504,0.12671103109888
19505,0.015723202302648523
19506,0.8324111213217106
19507,0.026147178463110814
19508,0.03179835336150355
19509,0.21298546575521
19510,0.09284086839180489
19511,0.08597682111796506
19512,0.14039075580260926
19513,0.4005220460241566
19514,0.350009
19515,0.035047086556776026
19516,0.09154784352843104
19517,0.16309183798021185
19518,0.1167646533853535
19519,1.0
19520,1.0
19521,0.7207123837818409
19522,0.1251450720096588
19523,0.018089934613082295
19524,0.00015037138443408559
19525,0.349908
19526,0.07728692151756458
19527,0.219997
19528,0.0311854073591689
19529,0.07523898784123778
19530,0.03805324609233344
19531,0.219997
19532,0.16249515230179645
19533,0.219997
19534,0.219997
19535,0.8631053539508814
19536,0.8075177691094647
19537,0.2997994048242122
19538,0.219997
19539,0.1980939987592452
19540,0.05970346839919295
19541,0.2038714697122807
19542,0.13816505985622168
19543,0.13906897620432948
19544,0.032682393963190046
19545,0.15418363860993264
19546,0.20910691015883626
19547,0.07068051447186331
19548,0.21184508336757493
19549,0.0213990250703743
19550,0.8645444387124174
19551,1.0
19552,1.0
19553,0.219997
19554,0.027760071729616236
19555,0.220016
19556,0.019247815820825066
19557,0.5151879963964671
19558,0.01916698671575769
19559,0.05021918494751141
19560,0.026225290603749323
19561,0.028089532493340855
19562,0.12017049047463477
19563,0.09385092503809013
19564,0.49977348192401716
19565,1.0
19566,0.1168958447495867
19567,0.1907216053765748
19568,0.11849349189294206
19569,0.219997
19570,0.14544896131547808
19571,0.41808364661129904
19572,0.29883469036158766
19573,0.1063899363042298
19574,0.09373682880275427
19575,0.18102220400947863
19576,0.17108085395151834
19577,0.0656316152178181
19578,0.03413346081774246
19579,0.2508841034663658
19580,0.349908
19581,0.219997
19582,0.17639955742720131
19583,0.1220345777356574
19584,0.09228376478150559
19585,0.349908
19586,0.0613538933061807
19587,3.219690580250991e-05
19588,0.04487030058718923
19589,0.057420499826721726
19590,0.057425336004120926
19591,0.07506687461716278
19592,0.0724762910962593
19593,0.4462232473093459
19594,1.0
19595,0.349908
19596,0.219997
19597,0.17266677371360045
19598,0.219997
19599,0.219997
19600,0.9556595654193216
19601,0.0894628763607551
19602,0.09050453479347945
19603,0.07146927892429622
19604,0.0629667233449445
19605,0.15623998071561948
19606,0.219997
19607,0.220016
19608,0.41221122039214086
19609,0.39080137270131604
19610,0.219997
19611,1.0
19612,0.219997
19613,0.024292778809518887
19614,0.219997
19615,0.32376401317003933
19616,0.02893748351953561
19617,0.06820739056963998
19618,0.349908
19619,0.11790440932351608
19620,0.049151416110307274
19621,0.05176989587584024
19622,0.035523427382474285
19623,0.349908
19624,0.464805079345351
19625,0.349908
19626,0.6310230538672058
19627,0.5494577070826369
19628,0.219997
19629,0.219997
19630,0.39504332848706963
19631,0.08497344414856478
19632,0.15375769465898373
19633,0.1126574687683836
19634,0.05290515963091156
19635,0.6674158255874474
19636,0.3336274072370079
19637,0.04937930910087352
19638,0.8119924651076798
19639,0.6998230615437504
19640,0.06005891847055318
19641,0.1543964281995069
19642,0.11516601976747082
19643,0.12377701731539038
19644,0.01645753902300361
19645,0.02232491451529823
19646,0.09537509489262155
19647,0.0887065870265538
19648,0.07974173808496017
19649,0.20285161824325193
19650,0.219997
19651,0.6474187582353619
19652,1.0
19653,0.761497892758653
19654,0.3823153055171552
19655,1.0
19656,0.13782845632417962
19657,0.14662076861397028
19658,0.10787200792602819
19659,0.20451955302541813
19660,0.2545750346259611
19661,0.0782816670367613
19662,0.03279993635426456
19663,0.1089635524209793
19664,0.17217048378111274
19665,0.04128067269717609
19666,0.0029776256618213068
19667,0.02000482146665088
19668,0.1197657747366582
19669,0.0029162397313501312
19670,0.021364646031054434
19671,0.05855520064200807
19672,0.024740058216259075
19673,0.023181425975850396
19674,0.04190221665426327
19675,0.07586024237648187
19676,0.1759986154828205
19677,0.11226538482517473
19678,0.349908
19679,0.219997
19680,0.350009
19681,1.0
19682,1.0
19683,0.349908
19684,0.12758060671609991
19685,0.07577864630101167
19686,0.03638121746992254
19687,0.10711415636210811
19688,0.09542171134773779
19689,0.017951415009676425
19690,0.01380609068623462
19691,1.0
19692,0.06275173693419296
19693,0.02689796930738772
19694,0.10735388634010624
19695,0.11299065849087193
19696,0.16441842188616324
19697,0.006711961313355805
19698,0.03170717254462313
19699,0.05376560117406874
19700,0.002675626920176638
19701,0.035671131678976294
19702,0.028471048711695687
19703,0.13894501775110626
19704,0.219997
19705,1.0
19706,0.47720875234406235
19707,0.3361243787958171
19708,1.0
19709,0.6243135138945037
19710,0.7615887603590631
19711,0.27779468740022367
19712,0.0680551681980882
19713,0.02524424057727116
19714,0.025244840388687243
19715,0.0719667886378659
19716,0.08747316087724993
19717,0.006940443980077598
19718,0.1460721481879105
19719,0.6764255642298883
19720,0.13554230235344997
19721,0.4112766873088275
19722,0.04007940619809052
19723,0.07608082881601769
19724,0.07122024809166838
19725,0.1804218336816277
19726,0.13369875204413784
19727,0.07633925847850172
19728,0.042511181902916334
19729,0.013966315131139655
19730,0.04372631990743058
19731,0.219997
19732,1.0
19733,0.49205352058008417
19734,1.0
19735,0.350009
19736,0.349908
19737,0.219997
19738,0.219997
19739,0.07961067147566768
19740,0.04067928159830958
19741,0.020799550894366237
19742,0.1013098024091006
19743,0.01701693145063016
19744,0.11313620392834917
19745,0.17161175021813244
19746,0.056678844750424964
19747,0.31391543537748756
19748,0.011215309204568032
19749,0.06771530511910025
19750,0.2704452758323786
19751,0.022663885031020316
19752,0.007803052435410629
19753,0.004417856983289593
19754,0.20489368237740135
19755,0.3477503345611277
19756,0.06310326575094967
19757,0.0015692304255473704
19758,0.29015245590353084
19759,0.349908
19760,0.1768778752104027
19761,0.15240017085953972
19762,0.10331606420218797
19763,0.13020489065618213
19764,0.17182839996186364
19765,0.13018281465252005
19766,0.17987946599050078
19767,0.12232131674528603
19768,0.06194559880756358
19769,0.017880589483035097
19770,0.220016
19771,0.02323302102715549
19772,0.1636422111572351
19773,0.054497645524540804
19774,0.18855628478037723
19775,0.09035893176351059
19776,0.1368652368199431
19777,0.011216976298149979
19778,0.04160105810877495
19779,0.219997
19780,0.5645948217762728
19781,0.8881100110280941
19782,0.219997
19783,0.01575888308745884
19784,0.07419718087841029
19785,0.027265254119399902
19786,0.021517806346969228
19787,0.12106619091615059
19788,0.13395921133588412
19789,0.0065360808736562625
19790,0.04281243179841914
19791,0.03145804665303845
19792,0.0244180064526408
19793,0.015241869916895152
19794,0.028347243206234506
19795,0.1722292663238709
19796,0.219997
19797,0.7723545524374685
19798,0.002400536241678034
19799,0.027089227201094124
19800,0.029333366345061056
19801,0.06196781619760486
19802,0.21511174233941727
19803,0.6377820857628966
19804,0.219997
19805,0.15402565432496565
19806,0.01372598147852719
19807,0.10477287843967012
19808,0.044136560866506254
19809,0.06375398411695286
19810,0.006062594349048437
19811,0.016901986162801794
19812,0.349908
19813,0.013213090015227523
19814,0.04380392682379402
19815,0.219997
19816,0.13433381461583635
19817,0.06784121350645574
19818,0.0061256579384566644
19819,0.04182060338477914
19820,0.06960399721315658
19821,0.3378985325284034
19822,0.04188820879171114
19823,0.00977105479778874
19824,0.06951873043024756
19825,0.06892969253563302
19826,0.06294463970258797
19827,0.219997
19828,0.10122643921970688
19829,0.2870558331955588
19830,0.13141302266349547
19831,0.049676802948103845
19832,0.06824796338554136
19833,0.024993197141248653
19834,0.08528823422557148
19835,0.349908
19836,0.219997
19837,0.029948139970149626
19838,0.15743634805740772
19839,0.10992429944956154
19840,0.018735962416415338
19841,0.014987838882592598
19842,0.5741105969889546
19843,1.0
19844,0.220016
19845,0.05504793318731979
19846,0.10963901346408218
19847,0.06438052982277602
19848,0.04273252403735315
19849,0.12050871649078276
19850,0.17098197365973128
19851,0.12631914509421385
19852,1.0
19853,0.02710242347173442
19854,0.03403526353723478
19855,0.006334480706104728
19856,0.05842354793221419
19857,0.044316120888757714
19858,0.020684779109585893
19859,0.034371312684979005
19860,0.13902094427204875
19861,0.349908
19862,0.13320241730823262
19863,0.2055662587989153
19864,0.045153582702630965
19865,0.0880751775806594
19866,0.019686815111045274
19867,0.032122888469861575
19868,0.2170670441713101
19869,0.04754976398413771
19870,0.04749475302450844
19871,0.1850091242277686
19872,0.101291542772436
19873,0.04585934776200534
19874,0.041255369582434406
19875,0.03663971564221368
19876,0.07222753424662644
19877,0.009086627701503891
19878,0.219997
19879,0.09787862677461717
19880,0.010322663469997979
19881,0.05273510461241725
19882,0.08264059431719847
19883,0.03791448163347562
19884,0.049263021406198655
19885,1.0
19886,0.1061450388140748
19887,0.16213981295494642
19888,0.14125199481750256
19889,0.05834882949469326
19890,0.038091483204725884
19891,0.056119635569112446
19892,0.06391261053957006
19893,0.012646876114838806
19894,0.349908
19895,0.009922425578058811
19896,0.008859445656040426
19897,0.025043718265644662
19898,0.019297437795944845
19899,0.04114056140333755
19900,0.1394097996423629
19901,0.03573127360520677
19902,0.016497843063492182
19903,0.19011738696358424
19904,0.06867325853537261
19905,0.02006113730827255
19906,0.008076079500455906
19907,0.05612184384903824
19908,0.350009
19909,0.0005707498936532529
19910,0.007728452054119408
19911,0.020886684589276745
19912,0.01943724495414404
19913,0.08512610377654783
19914,0.03742666244523037
19915,0.18441106116739728
19916,0.1298521702864469
19917,0.02179962997466156
19918,0.022303678218423762
19919,0.07768822668144297
19920,0.2876224366521239
19921,0.08256630427418452
19922,0.20765789133274215
19923,0.0779118427293341
19924,0.08052395718957563
19925,0.08326992718406497
19926,0.037987074677485556
19927,0.220016
19928,0.219997
19929,0.350009
19930,0.016140016269403434
19931,0.02030657200331157
19932,0.022311935736974594
19933,0.04408612865105189
19934,0.01286910042574505
19935,0.01754229415869186
19936,0.03154013426112762
19937,0.00038566004072075
19938,0.020796234548916312
19939,0.005382790498492928
19940,0.05341110125472827
19941,0.07567024088025809
19942,0.08403123210463809
19943,0.19022225731909806
19944,0.15332478840515923
19945,0.349908
19946,0.05468278761157288
19947,0.022237587192352925
19948,0.04332377947154053
19949,0.03133207428107968
19950,0.012783718164918294
19951,0.018589559150685123
19952,0.09849921268093749
19953,0.01091619548000864
19954,0.022434484107764028
19955,0.014447444846122854
19956,0.012238559564429995
19957,0.0676110144137251
19958,0.014828226346657088
19959,0.04455701141552179
19960,0.02522735525727256
19961,0.11097762611359975
19962,0.023093684281762103
19963,0.021946452636617344
19964,0.01010098282627478
19965,0.20178634284877783
19966,0.01626283733202814
19967,0.038131397906679715
19968,0.014990073727827326
19969,0.06187226873983429
19970,0.01795663032921498
19971,0.017312597154509588
19972,0.219997
19973,0.000729013086781146
19974,0.349908
19975,0.11701297339606476
19976,0.09357934621895862
19977,0.10358132064844178
19978,0.07357904833761764
19979,0.030070543798097316
19980,0.009534694641017426
19981,0.21286077123645086
19982,0.0008176710588336225
19983,0.1494134782682204
19984,0.219997
19985,0.03303115860535706
19986,0.06939982915445915
19987,0.04755239125155137
19988,0.05519524028879598
19989,0.036719095809851575
19990,0.020488044815996618
19991,0.010300406233509411
19992,0.026129524157500028
19993,3.564955568213523e-05
19994,0.01772679580708712
19995,0.05217081562480634
19996,0.020173530634480873
19997,0.0966949211111074
19998,0.11403081052944168
19999,0.219997
20000,0.010194756221133663
20001,0.002716160374969032
20002,0.005809981147591158
20003,0.024709054249598576
20004,0.06805639637617718
20005,0.04950673262258344
20006,0.031504269239705125
20007,0.06093656436782802
20008,0.062177636021943594
20009,0.019886885814589608
20010,0.03405253659515476
20011,0.219997
20012,0.219997
20013,0.014179038847648567
20014,0.19412339452283386
20015,0.027965220771922546
20016,0.052152175203103564
20017,0.006204478255403487
20018,0.0363376729884261
20019,0.006640595983201375
20020,0.09716375013327347
20021,0.0038970747107686665
20022,0.1851466355271199
20023,0.056846363121346256
20024,0.03873427040604032
20025,0.219997
20026,0.04070435377697874
20027,0.004468904604357088
20028,0.09432066278094155
20029,0.219997
20030,0.220016
20031,0.349908
20032,0.36248277015508185
20033,0.12847145555419642
20034,0.220016
20035,0.09415602452616473
20036,0.14584060150933376
20037,0.06896286303437095
20038,0.02141223236323568
20039,0.17363533688076868
20040,0.025327351620036003
20041,1.0
20042,0.10185378920674863
20043,0.06983888330675393
20044,0.219997
20045,0.05048022135375495
20046,0.020478141035855116
20047,0.10278736764566856
20048,0.03531233417622595
20049,0.055469499603113835
20050,0.2179107222773621
20051,0.21332163190009068
20052,0.6076222076261806
20053,0.4254259944535307
20054,0.0005696539478309464
20055,0.219997
20056,0.3432373503518572
20057,0.03196574026552033
20058,0.10303158759833266
20059,0.060833613055327425
20060,0.09250925598497632
20061,0.030128569056898334
20062,0.350009
20063,0.19920169702710797
20064,0.219997
20065,0.4331817325789218
20066,0.6722917389813843
20067,0.11887483761405115
20068,0.349908
20069,0.03742917201658812
20070,0.10750180663848277
20071,0.05532401825023287
20072,0.08847436143289752
20073,0.20528230073083645
20074,0.13478766494419822
20075,0.046817909111855696
20076,0.013768739005069024
20077,0.005589998269513193
20078,0.350009
20079,0.10336102386136749
20080,0.10909596906503465
20081,0.12924691117826545
20082,0.10629240469616551
20083,0.1028607632362119
20084,0.056167699014398276
20085,0.219997
20086,0.04018861115595863
20087,0.0840334816004358
20088,0.220016
20089,0.219997
20090,0.03451641246319406
20091,0.04974007952671091
20092,0.02548302203108742
20093,0.03721219049577088
20094,0.056089303243262265
20095,0.7364580080131571
20096,0.11855829863659265
20097,0.040812504916121185
20098,0.349908
20099,0.48792713809873234
20100,0.009159327099891545
20101,0.21205131000153385
20102,0.1568137833289706
20103,0.03380078821037932
20104,0.051706072977172855
20105,0.02691458930750038
20106,0.04927735957613153
20107,0.013194431732976748
20108,0.13503084523151238
20109,0.048704822304771356
20110,0.03347303383627038
20111,0.2588364098262292
20112,0.4027057719128895
20113,0.220016
20114,0.14690661355977375
20115,0.014854908643907875
20116,0.016314675477371615
20117,0.018396691250065607
20118,0.349908
20119,0.04755418981836701
20120,0.003212043511534018
20121,0.03505190191560757
20122,0.220016
20123,0.349908
20124,0.1387477088125195
20125,0.13480614518955641
20126,0.027617332988805608
20127,0.010969086086175237
20128,0.07689602019444221
20129,0.12355990010198371
20130,0.020631578527111154
20131,0.1638925411483418
20132,0.14030293939787009
20133,0.06664730465062284
20134,0.10606707362726046
20135,0.08869069940489885
20136,0.05942171276371821
20137,0.07022803902729106
20138,0.036457450152555755
20139,0.07327826460830494
20140,0.219997
20141,0.15162419126709223
20142,0.220016
20143,0.012724638242678422
20144,0.06639670752826592
20145,0.061229790814298836
20146,0.04175855948691634
20147,0.029936924388341814
20148,0.050115291560691014
20149,0.08022342945854523
20150,0.03618903043772339
20151,0.05617228036853237
20152,0.219997
20153,0.349908
20154,0.09533395289680108
20155,0.07378243399422285
20156,0.0013614979719271377
20157,0.10211123626356168
20158,0.09060196488630326
20159,0.029936147937411565
20160,0.04112036090049556
20161,0.219997
20162,0.06715550236751419
20163,0.032737725967860426
20164,0.04802807962218916
20165,0.016741065628876624
20166,0.16038630548784139
20167,0.09419684237552826
20168,0.2266533130943411
20169,0.22576960462374926
20170,0.220016
20171,0.09275962789135445
20172,0.12755168803529124
20173,0.0031995026188989203
20174,0.12392147084977014
20175,0.05778632920548708
20176,0.009912769298401942
20177,0.2141662979852549
20178,0.03671309431023368
20179,0.8716985860543852
20180,0.19876019185689817
20181,0.03374659017769218
20182,0.1493622354172744
20183,0.019368415419301222
20184,0.041049766787866655
20185,0.024876788833048537
20186,0.0241436088320285
20187,0.012914086200559024
20188,0.16525869625086945
20189,0.020711934055933988
20190,0.012356607056697395
20191,0.09826994441383685
20192,0.02882172874443994
20193,0.08913544771511688
20194,0.1037573896490324
20195,0.219997
20196,0.350009
20197,0.4133890161562458
20198,0.220016
20199,0.044993052163432405
20200,0.2030381973825938
20201,0.03938021929173535
20202,0.06000381289641569
20203,0.021155556035272742
20204,0.013278092616130065
20205,0.19889879831568008
20206,0.07032271605447418
20207,0.14059387785604494
20208,0.048218610978149105
20209,0.09934799624008245
20210,0.04328967990842659
20211,0.029235212509045892
20212,0.06353627203264203
20213,0.023846798823930322
20214,0.01405102726736468
20215,0.219997
20216,0.016096491870186767
20217,0.05427687493583206
20218,0.1291577956200085
20219,0.007205353472799002
20220,0.01666616627810071
20221,0.06284244124362068
20222,0.08992736931314327
20223,0.15083320274615078
20224,0.05355959370059361
20225,0.219997
20226,0.17699289638565474
20227,0.219997
20228,0.2302857397271496
20229,0.33974498349941434
20230,0.03321825628601674
20231,0.16629677006854607
20232,0.06402204028636115
20233,0.021833597628648446
20234,0.09349652533787367
20235,0.08120620784320327
20236,0.05909019937814631
20237,0.022981279573939258
20238,0.13648432146851935
20239,0.1066900648244941
20240,0.0332911426266916
20241,0.051373101228527306
20242,0.08597446456719399
20243,0.035016657553606424
20244,0.18417587318166395
20245,0.023228659467155837
20246,0.04628263685546662
20247,0.219997
20248,0.10620834293160737
20249,0.219997
20250,0.349908
20251,0.19146299684280013
20252,0.23734046463480124
20253,0.1250950665753403
20254,0.17203173384713477
20255,0.10309744344432548
20256,0.2012926289385964
20257,0.11277475136830807
20258,0.029570711099811763
20259,0.349908
20260,0.06729334685924385
20261,0.14977104437945446
20262,0.04164434645377937
20263,0.10649087750118727
20264,0.002366283442083222
20265,0.01992951267349922
20266,0.07564229959825258
20267,0.05629795392730182
20268,0.349908
20269,0.1493803421526846
20270,0.10664154127823926
20271,0.1772193950924955
20272,1.0
20273,0.15439669654525873
20274,0.0009236228371287352
20275,0.350009
20276,0.1119313581604886
20277,0.349908
20278,0.219997
20279,0.09637483222767332
20280,0.005665537825762566
20281,0.033432284829498185
20282,0.07275052434384134
20283,0.017423579480075963
20284,0.12053654544221741
20285,0.219997
20286,0.04603684387114454
20287,0.220016
20288,0.09609898137751306
20289,0.013476381225103206
20290,0.07814735504747557
20291,0.06753842727994017
20292,0.07507627559097574
20293,0.07185986318012022
20294,0.042808034394763314
20295,0.2124810996053031
20296,0.219997
20297,0.349908
20298,0.219997
20299,0.11132614726869143
20300,0.20642705595796615
20301,0.349908
20302,0.350009
20303,0.12345208857335181
20304,0.09797489399558879
20305,0.03551985956398953
20306,0.033213520731556034
20307,0.0388318667575485
20308,0.5452796363435901
20309,0.002859737566194327
20310,0.10653290771725885
20311,0.41778157097633434
20312,0.220016
20313,0.0011232559709835875
20314,0.021428337418179434
20315,0.027106581128398605
20316,0.05599646161936997
20317,0.07804179904082216
20318,0.28464092651910095
20319,0.350009
20320,0.12896671645183078
20321,0.08449049211729637
20322,0.349908
20323,0.206342927016244
20324,0.2096546447389244
20325,0.220016
20326,0.4671182980051867
20327,0.16018697893037917
20328,0.06299986560022754
20329,0.12217061912009805
20330,0.137009221152091
20331,0.349908
20332,1.0
20333,0.1307952916232553
20334,0.012440348005141275
20335,0.349908
20336,0.08899995170833488
20337,0.219997
20338,0.02682087695052712
20339,0.06468952211270447
20340,0.1344222408950318
20341,0.023817340609350618
20342,0.06364842494246492
20343,0.9069893295732281
20344,0.220016
20345,0.12575062530589248
20346,0.219997
20347,0.219997
20348,0.2756939733632376
20349,0.7125381712846248
20350,0.5744558613758739
20351,0.032379240479542826
20352,0.219997
20353,0.220016
20354,0.11594362229439822
20355,1.0
20356,0.5058050195628
20357,0.3570480692983947
20358,0.00943045127960985
20359,0.014980066234248529
20360,0.220016
20361,0.07272100410099938
20362,0.017477132673493087
20363,0.035731078162344866
20364,0.09954882067740381
20365,0.009653274504593108
20366,0.012935274833522699
20367,0.012289169203171437
20368,0.03313499091932557
20369,0.11222326541430619
20370,0.17330938597550438
20371,0.20340085270664418
20372,0.20150812024739415
20373,0.13539874761202336
20374,0.350009
20375,0.2569691758526426
20376,0.02551645055314468
20377,0.17210805102477003
20378,0.219997
20379,0.028003831272496855
20380,0.07451282894924492
20381,1.0
20382,1.0
20383,0.8837273180971474
20384,0.008582869499067535
20385,0.12894181310188554
20386,0.350009
20387,0.08691605956911301
20388,0.002989505787750345
20389,0.04804368343732855
20390,0.018492130409054848
20391,0.055844865522258605
20392,0.113122104813145
20393,0.09722411049736891
20394,0.013002299726900134
20395,0.7929960060238953
20396,0.02641577546472733
20397,0.0342157706428898
20398,0.219997
20399,0.08448322132300967
20400,0.09296531636795204
20401,0.10154388168452012
20402,0.4030711488920063
20403,0.350009
20404,0.041434484727318914
20405,0.19496164996189277
20406,0.17874641257672835
20407,0.140515033759719
20408,1.0
20409,0.9868083706357863
20410,0.8426268279865763
20411,0.007676626118772479
20412,0.13368404229038666
20413,0.0446889169641416
20414,0.5530197517144704
20415,0.058073029471454665
20416,0.31999088313451707
20417,0.05417737629705835
20418,0.12983398467248522
20419,0.04909142433858392
20420,0.219997
20421,0.1316016206294365
20422,0.219997
20423,0.219997
20424,0.86241101032078
20425,0.7864872093088542
20426,0.31376779525307663
20427,0.219997
20428,0.1297403990830871
20429,0.07337270795099599
20430,0.1977295173387134
20431,0.08688453919914568
20432,0.14749042659044528
20433,0.16264272820571296
20434,0.18411433957533138
20435,0.07564665895016359
20436,0.220016
20437,0.010813386405348093
20438,1.0
20439,1.0
20440,1.0
20441,0.219997
20442,0.004194191786418475
20443,0.2614426877400934
20444,0.019247815820825066
20445,0.5521920693139437
20446,0.034051723651680466
20447,0.018852666699777074
20448,0.01851165301470745
20449,0.0006092430189410202
20450,0.21169205573666672
20451,0.10174700320212696
20452,0.4794981907393664
20453,1.0
20454,0.14626427779713688
20455,0.18338408948482116
20456,0.219997
20457,0.25726643519927744
20458,0.12530779993838148
20459,0.3843132559657297
20460,0.33838303772997913
20461,0.025059890501557738
20462,0.11487119624885067
20463,0.10750345531227704
20464,0.10733949119765337
20465,0.15751414718128523
20466,0.027797182299372523
20467,0.26619867001907443
20468,0.349908
20469,0.219997
20470,0.1448667957993463
20471,0.0009158705159311711
20472,0.17711047334431415
20473,0.18331620307966015
20474,0.219997
20475,0.03333706520457726
20476,0.0417662905145573
20477,0.037875462669462436
20478,0.02784544505903923
20479,0.02964042085391592
20480,0.1061559437797933
20481,0.05881847298905923
20482,0.4164199635793043
20483,1.0
20484,0.6559161308009734
20485,0.349908
20486,0.1978788564554542
20487,0.219997
20488,0.219997
20489,1.0
20490,0.07702727545756638
20491,0.10357317003428274
20492,0.05375087216396528
20493,0.16520015584237918
20494,0.12360668312726436
20495,0.219997
20496,0.349908
20497,0.4251800265868358
20498,0.219997
20499,1.0
20500,0.20860875393843328
20501,0.024292778809518887
20502,0.219997
20503,0.220016
20504,0.026980201502863777
20505,0.08517651616715907
20506,0.349908
20507,0.07878331453305065
20508,0.03352499699431608
20509,0.09183462890295012
20510,0.058649231036655675
20511,0.219997
20512,0.45508246774456507
20513,0.349908
20514,0.5164863959508988
20515,0.349908
20516,0.219997
20517,0.219997
20518,0.350009
20519,0.220016
20520,0.1205612393100038
20521,0.0636970022269898
20522,0.48726067930937306
20523,0.219997
20524,0.05923992618501437
20525,0.7662775275485723
20526,0.349908
20527,0.008831128381516954
20528,0.1098494938706642
20529,0.219997
20530,0.15307525272955333
20531,0.0684463430012731
20532,0.016821630632918996
20533,0.047978706471605695
20534,0.14158484232107527
20535,0.1287056287593292
20536,0.17113128711224965
20537,0.219997
20538,0.6062015304457616
20539,1.0
20540,0.712321918360588
20541,0.36247923063039605
20542,1.0
20543,0.13160117868810794
20544,0.08432984711028738
20545,0.104157529737352
20546,0.20024254684592518
20547,0.219997
20548,0.051506935654519165
20549,0.021772548211703085
20550,0.15961131254738234
20551,0.21152718224220096
20552,0.023268166750881135
20553,0.0029776256618213068
20554,0.04664050075756742
20555,0.15333431543441367
20556,0.02417432649999893
20557,0.05450798582611742
20558,0.01994680802376756
20559,0.039943302693779235
20560,0.08135095917556584
20561,0.12017395963169648
20562,0.13849333661014587
20563,0.350009
20564,0.3427618823009486
20565,0.350009
20566,1.0
20567,1.0
20568,0.349908
20569,0.1706415117683594
20570,0.041696082787098174
20571,0.007247260534062232
20572,0.10552270833135524
20573,0.19891053212352383
20574,0.015666477831861886
20575,0.01380609068623462
20576,0.0248403035964115
20577,1.0
20578,0.03702966114235522
20579,0.055718219041355654
20580,0.13041022012701523
20581,0.06469305388465642
20582,0.13093791101447888
20583,0.007023670260837927
20584,0.04328891983823257
20585,0.017774362616231727
20586,0.04705526377564873
20587,0.007794030170623814
20588,0.013206444700536779
20589,0.06877405229707308
20590,0.1702456660907583
20591,0.1376091778064425
20592,1.0
20593,0.5128973437436036
20594,0.349908
20595,1.0
20596,0.669494253505485
20597,0.7510162975742448
20598,0.349908
20599,0.08722757733031354
20600,0.005002629036868526
20601,0.12292878824407676
20602,0.06696543360979597
20603,0.024780636640381208
20604,0.0052985553589469875
20605,0.06396035275910962
20606,0.6352985942215549
20607,0.0491129325859052
20608,0.3980009089438366
20609,0.012300086448507537
20610,0.14448860066536526
20611,0.219997
20612,0.1251322013216055
20613,0.21178863448029037
20614,0.039904340807761604
20615,0.013966315131139655
20616,0.021042001940144262
20617,0.219997
20618,1.0
20619,0.45363666648449524
20620,1.0
20621,0.349908
20622,0.43681843392780645
20623,0.219997
20624,0.219997
20625,0.06206546213127727
20626,0.020799550894366237
20627,0.060962188246246
20628,0.057378436555850336
20629,0.1386326840976752
20630,0.1382029479515444
20631,0.1194862092413386
20632,0.350009
20633,0.032039550868823805
20634,0.07151825622375446
20635,0.02557775028233528
20636,0.350009
20637,0.020114502600717992
20638,0.025394680541675686
20639,0.01438195149009519
20640,0.219997
20641,0.3517538372982111
20642,0.04691474014082987
20643,0.0015692304255473704
20644,0.220016
20645,0.349908
20646,0.08723950278978912
20647,0.15905749171405226
20648,0.06800339300298228
20649,0.11415934356982009
20650,0.18391301211321706
20651,0.07881924527391598
20652,0.17462661728776743
20653,0.11666740877759797
20654,0.03126094911835029
20655,0.03910256780980397
20656,0.012734444250010461
20657,0.19908881872165488
20658,0.0017380925858161314
20659,0.14823456604442742
20660,0.013073204864994126
20661,0.03862227654016068
20662,0.219997
20663,0.04440692329830203
20664,0.08640846509973647
20665,0.00796154714460354
20666,0.09565367862638477
20667,0.219997
20668,0.48735020055798334
20669,0.9789823286303367
20670,0.21815678971477895
20671,0.0030476229440628004
20672,0.0531182843136475
20673,0.024697483196102
20674,0.021517806346969228
20675,0.19596307097480867
20676,0.219997
20677,0.018183587974799385
20678,0.04281243179841914
20679,0.02085858948859772
20680,0.0010108440876389296
20681,0.004267405206783072
20682,0.028347243206234506
20683,0.13154110849885492
20684,0.18917820276451586
20685,0.6744717594074263
20686,0.015855490358392812
20687,0.010673567221606136
20688,0.220016
20689,0.05071397778003679
20690,0.219997
20691,0.6584060304167926
20692,0.219997
20693,0.019674259564499873
20694,0.15666966302949825
20695,0.018859206943893772
20696,0.023804336634637838
20697,0.1035503688442028
20698,0.07419710515512501
20699,0.03466398294756626
20700,0.027709579140844456
20701,0.016901986162801794
20702,0.2300755539972783
20703,0.00720119001606102
20704,0.023900069088065967
20705,0.008261013810860173
20706,0.17102490681983099
20707,0.13358407191326294
20708,0.05735030659219836
20709,0.02740476626388718
20710,0.02120390448468802
20711,0.12771412116311553
20712,0.349908
20713,0.024733227989095108
20714,0.005951152590577362
20715,0.023511990412842118
20716,0.08126125153183611
20717,0.047757757447601516
20718,0.024346543839871084
20719,0.26454109227419004
20720,0.09190861429833354
20721,0.220016
20722,0.05937352901129337
20723,0.044943893811526144
20724,0.019343253586562165
20725,0.06428630623162043
20726,0.12243323179838606
20727,0.07060001862404046
20728,0.219997
20729,0.024735561857313106
20730,0.219997
20731,0.051736867002604554
20732,0.11779022764131804
20733,0.12739048017776808
20734,0.011260024399841653
20735,0.5405668271332228
20736,1.0
20737,0.219997
20738,0.06539915641188306
20739,0.023675798195186358
20740,0.09139790486547113
20741,0.11237680891802346
20742,0.06093848188892298
20743,0.08574034104593412
20744,0.17351760639642663
20745,0.07020157654002557
20746,1.0
20747,0.02710242347173442
20748,0.056488916327101645
20749,0.10964338533016207
20750,0.12986496161466984
20751,0.02654937411598372
20752,0.11414970963517637
20753,0.15949990174983059
20754,0.37102944048720526
20755,0.09962691449653768
20756,0.14592968584697724
20757,0.033392035452730624
20758,0.08549147006908647
20759,0.01777855052128825
20760,0.02252273367499802
20761,0.14981225755053618
20762,0.07151510137281394
20763,0.012569071033216323
20764,0.08302335174968664
20765,0.0237103746424399
20766,0.01782182278198948
20767,0.05128482682676654
20768,0.003137740947511304
20769,0.026573077910210206
20770,0.219997
20771,0.053716748925655124
20772,0.11374405005511365
20773,0.022391627277698757
20774,0.016599698272408574
20775,0.07438616305325543
20776,0.028895809683882178
20777,0.05122001481827948
20778,0.07244603471243688
20779,1.0
20780,0.05600809783094671
20781,0.16334235171850936
20782,0.018228275672439596
20783,0.0511778805976533
20784,0.09654129405587383
20785,0.03609801866825685
20786,0.0307402202179972
20787,0.48057451685853825
20788,0.0187088961698943
20789,0.004323047431963992
20790,0.025043718265644662
20791,0.041510532352078265
20792,0.10765543190541257
20793,0.03493114476655265
20794,0.016497843063492182
20795,0.1685945872328928
20796,0.044352877840749476
20797,0.001347144808524762
20798,0.021991016732301878
20799,0.350009
20800,0.040839048443581716
20801,0.04682808411693388
20802,0.035678219477156436
20803,0.01943724495414404
20804,0.08823015894329438
20805,0.04482788348499705
20806,0.170645370683644
20807,0.13760179863130706
20808,0.027786480691372472
20809,0.022303678218423762
20810,0.010091958158795957
20811,0.06757023368350894
20812,0.23522307408380247
20813,0.1795541171250405
20814,0.12039521222530013
20815,0.09202263787340792
20816,0.09936855683172495
20817,0.089009294744696
20818,0.02503354060601818
20819,0.220016
20820,0.23870971574142547
20821,0.350009
20822,0.01239062779644902
20823,0.02177284008488474
20824,0.026516418705947897
20825,0.024100186324752866
20826,0.023901606861172164
20827,0.006081359694912705
20828,0.003940375293031128
20829,0.022567243024247414
20830,0.02360954924798347
20831,0.003983196635643298
20832,0.026018141397468192
20833,0.10061463104473073
20834,0.10110512051761901
20835,0.09593125076310571
20836,0.004791970322089125
20837,0.19018837749664524
20838,0.013010054404384264
20839,0.349908
20840,0.01786900866724486
20841,0.0139377020039614
20842,0.029072311320242683
20843,0.012019132215687088
20844,0.004394618923158801
20845,0.043964228320530034
20846,0.015081870755153182
20847,0.04222186144780033
20848,0.0707787175776272
20849,0.04072550436982329
20850,0.01577060888785785
20851,0.10718329438790537
20852,0.023093684281762103
20853,0.002671779131709098
20854,0.03570792039494598
20855,0.010149858196724933
20856,0.219997
20857,0.006328378552711982
20858,0.06840286034936925
20859,0.0002905410641995224
20860,0.04871088013405643
20861,0.009591603848953575
20862,0.219997
20863,0.015240051032248474
20864,0.014951031741806715
20865,0.4573869001042109
20866,0.048787789517040554
20867,0.09964340075475564
20868,0.06969995403541777
20869,0.025209857493918582
20870,0.005549492691384429
20871,0.219997
20872,0.024769185551502808
20873,0.13014999088631968
20874,0.219997
20875,0.01680939736839382
20876,0.005037570614775572
20877,0.03608829657825984
20878,0.058457716459426566
20879,0.036639011596005855
20880,0.031454966717521037
20881,0.017819041823947144
20882,0.00982886657469177
20883,0.05332880873559611
20884,0.03392564437109049
20885,0.15363287805222553
20886,0.08688730233810352
20887,0.09670885699052735
20888,0.011200039707886352
20889,0.219997
20890,0.007896863495067744
20891,0.0019973813081154332
20892,0.04019025954178823
20893,0.008677799982795172
20894,0.027671669987736073
20895,0.06855160515806726
20896,0.07403059289016457
20897,0.019706414935298844
20898,0.06880143638198782
20899,0.05482313626535673
20900,0.02252563594834478
20901,0.219997
20902,0.219997
20903,0.028861096624487968
20904,0.11006501236341108
20905,0.03055372913454746
20906,0.07685090226087267
20907,0.07887656045250145
20908,0.051196633235661836
20909,0.05535328335021097
20910,0.05300734432986412
20911,0.061897113310067586
20912,0.219997
20913,0.02088513544625432
20914,0.20330543161535974
20915,0.108851522943589
20916,0.11689494731513489
20917,0.004054639657678797
20918,0.220016
20919,0.350009
20920,0.219997
20921,0.08632938596926398
20922,0.349908
20923,0.18927162391600813
20924,0.220016
20925,0.09415602452616473
20926,0.03870243208873884
20927,0.02854409451335659
20928,0.02271896232321134
20929,0.03662369561075474
20930,0.002101097209198233
20931,0.17214667990809712
20932,0.0465584333634081
20933,0.9384612993698175
20934,0.12381751799570874
20935,0.20878756629619816
20936,0.08998332419268329
20937,0.020478141035855116
20938,0.03581110656788238
20939,0.0844591784229064
20940,0.009682935780595344
20941,0.07620407845382429
20942,0.07479776408754875
20943,0.13369888698765592
20944,0.350009
20945,0.350009
20946,0.06971152553613431
20947,0.05828284970794304
20948,0.1598013662999903
20949,0.350009
20950,0.07866532773554262
20951,0.0785384382927674
20952,0.048431579613834305
20953,0.010008703826024338
20954,0.6251274651585353
20955,0.18511202111632896
20956,0.10613823861808633
20957,0.4143774895671379
20958,0.11125872555811314
20959,0.7209757153880108
20960,0.07460100195543028
20961,0.5828113013627841
20962,0.11492909091313137
20963,0.07737928663230784
20964,0.013184198441132767
20965,0.1813877750812288
20966,0.13278354440959064
20967,0.219997
20968,0.1413533871245389
20969,0.11605609367071298
20970,0.06040639577161827
20971,0.3605941007254317
20972,0.10635004230882308
20973,0.11576921381668763
20974,0.14869692123521866
20975,0.0874194251327607
20976,0.08915864635075638
20977,0.10775417754631862
20978,0.03955640110497657
20979,0.219997
20980,0.02362408812125233
20981,0.10946378091681455
20982,0.220016
20983,0.16531669931626153
20984,0.07623042755223074
20985,0.03451641246319406
20986,0.06847960132633854
20987,0.033954893222616446
20988,0.033296221830432404
20989,0.350009
20990,0.12186259294290706
20991,0.06363496416295801
20992,0.0819753565313844
20993,0.350009
20994,0.12455822089677976
20995,0.14080564712270924
20996,0.02101819444282519
20997,0.0746644215494335
20998,0.022032642137352454
20999,0.0094408364258552
21000,0.09019890677930095
21001,0.0074989646200676755
21002,0.11317280233682762
21003,0.18325440145672806
21004,0.12402340436588373
21005,0.14417040142787396
21006,0.2604828354319854
21007,0.220016
21008,0.17021252518281843
21009,0.013083493405536998
21010,0.03150552219506224
21011,0.0558162738254792
21012,0.32864628890259884
21013,0.0025028323426542634
21014,0.03400969312473923
21015,0.11501086808852937
21016,0.011983058039319656
21017,0.0300685940453231
21018,0.10769376234969669
21019,0.4768711551967135
21020,0.1057636943065381
21021,0.04310901832705626
21022,0.03849439178533403
21023,0.008916874403790602
21024,0.09491973558690504
21025,0.219997
21026,0.016412103767568777
21027,0.01814886016622044
21028,0.21138070970172887
21029,0.1600985568952626
21030,0.11418654074292088
21031,0.12685892839832966
21032,0.0342557976142754
21033,0.017732822094830913
21034,0.08252926104526355
21035,0.04686722323163991
21036,0.027692428161706716
21037,0.03568216246049567
21038,0.21510860774345072
21039,0.08848247262014897
21040,0.2314074869057335
21041,0.021916208566312902
21042,0.03833032512004136
21043,0.03098350800361586
21044,0.012550366677098126
21045,0.010144429249411488
21046,0.031762732304183514
21047,0.06204038087064998
21048,0.08974295662668963
21049,0.06725521319604862
21050,0.219997
21051,0.350009
21052,0.08080109077050278
21053,0.11144574346824201
21054,0.0278934732032005
21055,0.09670999621174171
21056,0.0668895431348853
21057,0.04484454080304395
21058,0.056825126735489485
21059,0.047479657072644156
21060,0.219997
21061,0.09753918366857413
21062,0.038216235633029214
21063,0.0655461343287892
21064,0.01001904481027317
21065,0.220016
21066,0.10845881927754389
21067,0.2818943399652267
21068,0.2709770706111154
21069,0.350009
21070,0.05540615559311265
21071,0.07199926457350686
21072,0.045297595748853246
21073,0.11917184768317517
21074,0.09972776984636204
21075,0.023110444942782467
21076,0.1478198693996938
21077,0.08311360936015955
21078,0.6585640542379783
21079,0.17536716287759468
21080,0.03374659017769218
21081,0.12499209822302469
21082,0.048237245560617814
21083,0.033239185807969
21084,0.0029885156780523206
21085,0.022385904058287057
21086,0.012914086200559024
21087,0.018857951091653165
21088,0.11060666356600998
21089,0.028872033132099857
21090,0.020196139794313624
21091,0.1009366803159202
21092,0.05992067582638334
21093,0.14369894688494902
21094,0.08293427325034998
21095,0.1641761302323249
21096,0.2337816092265081
21097,0.4310138633849993
21098,0.11574364342877008
21099,0.014768871086229195
21100,0.1708885883131295
21101,0.016496233496812656
21102,0.04973356567091608
21103,0.028374536884630423
21104,0.013278092616130065
21105,0.1599962782084895
21106,0.1364017485635676
21107,0.1391501784124197
21108,0.04039932869315061
21109,0.06116460382027717
21110,0.033395184371631983
21111,0.012877535240526258
21112,0.003386377307207834
21113,0.023846798823930322
21114,0.02676901598377284
21115,0.220016
21116,0.013396288192204038
21117,0.05322254344174334
21118,0.12035924526677842
21119,0.010172429275135814
21120,0.06275596305056402
21121,0.06422905143458803
21122,0.11478642594190515
21123,0.08163110853875334
21124,0.17987785649942276
21125,0.168967301504359
21126,0.33184569878057524
21127,0.25438987144938036
21128,0.219997
21129,0.023293028062213894
21130,0.17043076582916006
21131,0.08575775142886555
21132,0.014969433529642048
21133,0.08019135511910014
21134,0.10943819345582571
21135,0.025734280271095335
21136,0.08661668739025691
21137,0.017518702597619402
21138,0.0785301550174178
21139,0.06777289779341454
21140,0.013329568004070801
21141,0.0737388849878275
21142,0.0496175333853141
21143,0.027901530167895216
21144,0.219997
21145,0.03398384607568255
21146,0.05499864789903791
21147,0.219997
21148,0.109073401594813
21149,0.18178633522936408
21150,0.6003433321993933
21151,0.10638308804202935
21152,0.21618371361418337
21153,0.13241926863332473
21154,0.13114323958639776
21155,0.12945473311273825
21156,0.15988598047112632
21157,0.1179043731176916
21158,0.001894595917100277
21159,0.219997
21160,0.04648499226277378
21161,0.1503587276061517
21162,0.01145722152279693
21163,0.1169384198536666
21164,0.028658939706159837
21165,0.02355878660559957
21166,0.012660487497978613
21167,0.06201748450761788
21168,0.05762923921916372
21169,0.349908
21170,0.1265340153065605
21171,0.06579826613454737
21172,0.21195349054547719
21173,1.0
21174,0.15472509228307482
21175,0.013267449123693015
21176,0.350009
21177,0.09751251264983236
21178,0.349908
21179,0.349908
21180,0.06263719746044384
21181,0.05678793895937699
21182,0.08948059801950589
21183,0.219997
21184,0.219997
21185,0.03579332903740439
21186,0.220016
21187,0.09698321612512285
21188,0.06242467241140253
21189,0.03255695618650001
21190,0.03219987885298928
21191,0.06131632911352638
21192,0.08892555115121478
21193,0.02062430406680955
21194,0.17288596507654735
21195,0.18902249579798935
21196,0.219997
21197,0.219997
21198,0.10956244267159188
21199,0.219997
21200,0.219997
21201,0.350009
21202,0.10713623928257533
21203,0.015842979548212555
21204,0.07363133795955801
21205,0.016013089864401173
21206,0.0142823319002197
21207,0.0409171597228794
21208,0.626955992181812
21209,0.028633667980474363
21210,0.15861742437956136
21211,0.350009
21212,0.220016
21213,0.019987279878029524
21214,0.04437016113354022
21215,0.039256892245053146
21216,0.11100438497727741
21217,0.3063940172222144
21218,0.350009
21219,0.016068748149991114
21220,0.0957425309968569
21221,0.09595458124392821
21222,0.33973428328704225
21223,0.219997
21224,0.219997
21225,0.219997
21226,0.40424120906653827
21227,0.14843279394820172
21228,0.007359402243722631
21229,0.06184298783933709
21230,0.0996590573658002
21231,0.349908
21232,0.9889370417308843
21233,0.1307952916232553
21234,0.0017007226710983325
21235,0.356263255433294
21236,0.020167846671183993
21237,0.10196675487005781
21238,0.219997
21239,0.05000393579568107
21240,0.133705795566818
21241,0.006036297011419947
21242,0.07994762280186837
21243,0.0074074334947038765
21244,0.7583750372324886
21245,0.220016
21246,0.15530061571115691
21247,0.349908
21248,0.219997
21249,0.3029662340788852
21250,0.7208099187655352
21251,0.5163524605456543
21252,0.0002676478636068033
21253,0.219997
21254,0.2788613320654697
21255,0.08226161423650714
21256,1.0
21257,0.5236618635482705
21258,0.41910550623692594
21259,0.00943045127960985
21260,0.05741104194002741
21261,0.220016
21262,0.03945926570950839
21263,0.05436068235925763
21264,0.05146845335034258
21265,0.09270741554269991
21266,0.023434838382935023
21267,0.012289169203171437
21268,0.03328996798797035
21269,0.15139162075625187
21270,0.0891357111184229
21271,0.20450980708552854
21272,0.219997
21273,0.08350659244290505
21274,0.350009
21275,0.220016
21276,0.007433258215711089
21277,0.1833097250373971
21278,0.3261883434900638
21279,0.028003831272496855
21280,0.1547427522016096
21281,1.0
21282,1.0
21283,1.0
21284,0.0305561586453807
21285,0.024850483663962045
21286,0.219997
21287,0.45297804253143287
21288,0.19174345636171491
21289,0.003009741389358699
21290,0.11447416806837521
21291,0.014041342699951562
21292,0.07267836065704104
21293,0.11244180858949676
21294,0.09440591977252322
21295,0.025079393832849628
21296,0.8319909194872114
21297,0.02641577546472733
21298,0.03238868106892686
21299,0.349908
21300,0.16010843564224073
21301,0.09707652177457196
21302,0.11609284421519199
21303,0.37586389903703155
21304,0.350009
21305,0.03566480017835059
21306,0.15451317613396556
21307,0.16606726326395935
21308,0.11522162740378482
21309,1.0
21310,1.0
21311,0.8146638309250004
21312,0.021218163334191006
21313,0.1399388256494357
21314,0.03690350807668369
21315,0.5971699551854497
21316,0.023094173258450038
21317,0.350009
21318,0.055362914890053884
21319,0.09537704329216219
21320,0.03721026872280084
21321,0.219997
21322,0.19756405168393643
21323,0.219997
21324,0.219997
21325,0.8454930761092994
21326,0.8433940589264823
21327,0.34456846049719736
21328,0.219997
21329,0.1723596942652507
21330,0.06492749984792928
21331,0.15447021711050266
21332,0.1435182639597891
21333,0.220016
21334,0.220016
21335,0.1152809780731191
21336,0.05380995584598947
21337,0.19759822925830575
21338,0.04188642860853813
21339,0.9013546173850221
21340,1.0
21341,1.0
21342,0.219997
21343,0.07885528783103195
21344,0.220016
21345,0.5004181787538317
21346,0.024632614468243674
21347,0.0035011881010082613
21348,0.12999651631892362
21349,0.09258939731007235
21350,0.5147661290201697
21351,1.0
21352,0.14087729534756682
21353,0.17034847429603145
21354,0.18696329536320458
21355,0.219997
21356,0.11017305827073412
21357,0.3510664484636804
21358,0.28254244963323066
21359,0.06810815922479987
21360,0.09791825272700151
21361,0.1252541995983296
21362,0.16405526374675367
21363,0.10163966550638481
21364,0.03413346081774246
21365,0.3368795546412693
21366,0.34441056537205567
21367,0.219997
21368,0.1832827440352145
21369,0.10843734860292677
21370,0.09644533512890849
21371,0.2339780113369425
21372,0.053874228967218885
21373,0.03794658699140332
21374,0.043767538640630856
21375,0.04571524422562159
21376,0.12356524399146583
21377,0.08517505284551279
21378,0.48616062762596984
21379,1.0
21380,0.5382437164972753
21381,0.349908
21382,0.20873509574686802
21383,0.219997
21384,0.219997
21385,1.0
21386,0.07617702614849807
21387,0.06935079604330995
21388,0.019029791706918573
21389,0.17514914970767057
21390,0.219997
21391,0.219997
21392,0.349908
21393,0.32234023292194264
21394,0.2566738054215488
21395,1.0
21396,0.292927067396407
21397,0.01700813661209129
21398,0.219997
21399,0.220016
21400,0.0008777054682950722
21401,0.0732851285450204
21402,1.0
21403,0.07314214995243694
21404,0.0455762166444922
21405,0.06148551083573768
21406,0.06119674797738549
21407,0.219997
21408,0.5703805757670058
21409,0.482147378258946
21410,0.6917533209822475
21411,0.349908
21412,0.219997
21413,0.219997
21414,0.219997
21415,0.037031672001530756
21416,0.22871800671899156
21417,0.06897376223855675
21418,0.10353171184663276
21419,0.5311638150239525
21420,0.28508650348509174
21421,0.014031836774164624
21422,0.7565008618499908
21423,0.349908
21424,0.008831128381516954
21425,0.05747808119308119
21426,0.20296912456975877
21427,0.13131945443690726
21428,0.01645753902300361
21429,0.020198217603792083
21430,0.024552454925815904
21431,0.07052226134524917
21432,0.07883052751749144
21433,0.19132242141192032
21434,0.219997
21435,0.5896713599985246
21436,1.0
21437,0.6964195631075496
21438,0.5527026631621521
21439,0.940918265516738
21440,0.219997
21441,0.005830065994805997
21442,0.0893870469170825
21443,0.04876769961275244
21444,0.1884549322685922
21445,0.2430778564475382
21446,0.07287527709858815
21447,0.01246610666294007
21448,0.13739348336273588
21449,0.219997
21450,0.0029776256618213068
21451,0.08962407786787718
21452,0.19574190436027242
21453,0.03042324321443743
21454,0.021364646031054434
21455,0.043853026384134824
21456,0.004829346619482777
21457,0.00333741122602526
21458,0.04369045535138307
21459,0.05807509274009673
21460,0.127188652737664
21461,0.08880055641183388
21462,0.350009
21463,0.219997
21464,0.350009
21465,1.0
21466,1.0
21467,0.45259974522486546
21468,0.17671634990657004
21469,0.04693307352531052
21470,0.04358441749898398
21471,0.04555912325959613
21472,0.21820403153091494
21473,0.01184902347703329
21474,0.01380609068623462
21475,0.015108404692010018
21476,1.0
21477,0.08397831023100216
21478,0.02689796930738772
21479,0.15106044475786576
21480,0.11757341905930332
21481,0.220016
21482,0.1220962236432105
21483,0.02278124571404238
21484,0.0028563556960808346
21485,0.030122151504442488
21486,0.000871363226865264
21487,0.03773876463755538
21488,0.10819612522393345
21489,0.219997
21490,1.0
21491,0.5446237822785138
21492,0.2891405839711408
21493,1.0
21494,0.5526563521774703
21495,0.6468085136215428
21496,0.29459735793306
21497,0.14593655107771678
21498,0.03136217925425453
21499,0.0429093914935616
21500,0.0835231174441242
21501,0.02472388680164885
21502,0.13889643622906908
21503,0.6929717667034839
21504,0.220016
21505,0.3557818777848997
21506,0.018687055969665807
21507,0.10634611357869536
21508,0.208917274840343
21509,0.19736231269173388
21510,0.21156838349223883
21511,0.008017449982731142
21512,0.04342165191696615
21513,0.018098353972665168
21514,0.0607763485962223
21515,0.219997
21516,1.0
21517,0.350009
21518,1.0
21519,0.349908
21520,0.349908
21521,0.34934126887600514
21522,0.219997
21523,0.06307725878062653
21524,0.02137557910736614
21525,0.054113843136325925
21526,0.06507667555018978
21527,0.219997
21528,0.21677412711827915
21529,0.05581896419839879
21530,0.28076545420185706
21531,0.032039550868823805
21532,0.07445371357460802
21533,0.014932115735064224
21534,0.350009
21535,0.012082845223908631
21536,0.005831789585339725
21537,0.01438195149009519
21538,0.15984088999974505
21539,0.29695944814204717
21540,0.031740500047266314
21541,0.0015692304255473704
21542,0.220016
21543,0.219997
21544,0.14140465394009025
21545,0.1609643365440394
21546,0.03367544016067608
21547,0.219997
21548,0.21619169720114512
21549,0.035159658632354734
21550,0.12482092324646551
21551,0.17411531149262519
21552,0.05619540680094787
21553,0.051877227318579695
21554,0.1088540246239769
21555,0.013808193011681106
21556,0.025792127594265753
21557,0.09304798322456184
21558,0.024885433429113087
21559,0.20231203517472515
21560,0.05767969920475419
21561,0.09527449127136585
21562,0.009607483773860675
21563,0.07327008032697843
21564,0.30667877806583216
21565,0.45552348416875627
21566,1.0
21567,0.219997
21568,0.040434452563493054
21569,0.05787163493437181
21570,0.12194202966639207
21571,0.018183587974799385
21572,0.04281243179841914
21573,0.019781783710363283
21574,0.03573406001355643
21575,0.1595058568310514
21576,0.10358243837279123
21577,0.7690681842037574
21578,0.02328698227124078
21579,0.027089227201094124
21580,0.220016
21581,0.08582623364160422
21582,0.219997
21583,0.5373562410699365
21584,0.219997
21585,0.00797026526025694
21586,0.1932196210929519
21587,0.06421844013219997
21588,0.03535668500054885
21589,0.12572518465542998
21590,0.07873108911151758
21591,0.04786269772229982
21592,0.015985114641282574
21593,0.027709579140844456
21594,0.016901986162801794
21595,0.315493342436695
21596,0.013400916724824602
21597,0.018248962521720733
21598,0.219997
21599,0.1297146928970922
21600,0.07231505205425785
21601,0.028911236068643337
21602,0.013919879429272211
21603,0.10725244120901437
21604,0.3477682944268216
21605,0.05937046123680056
21606,0.007191564056842759
21607,0.05942422903347076
21608,0.023322753498765968
21609,0.03502617253199934
21610,0.2600520752568377
21611,0.10851939425769984
21612,0.21930064097146465
21613,0.1825537766543443
21614,0.05607891244337063
21615,0.06773580086843872
21616,0.10668867909689615
21617,0.03670529674181246
21618,0.34368241809602995
21619,0.11463130176592218
21620,0.219997
21621,0.031552644121736334
21622,0.13686019027823074
21623,0.14199752310693212
21624,0.011260024399841653
21625,0.005581694399922825
21626,0.5412052522379313
21627,1.0
21628,0.220016
21629,0.1032127576018031
21630,0.023675798195186358
21631,0.11072213645412263
21632,0.09355961632040465
21633,0.014203127455558592
21634,0.11104130192913134
21635,0.16837865322219336
21636,0.07262064718310496
21637,1.0
21638,0.13213096369460509
21639,0.024319721043311093
21640,0.07563382602332347
21641,0.07744416518144043
21642,0.03965287714372047
21643,0.11659292418952173
21644,0.14151204118778524
21645,0.5139617409980368
21646,0.07655398584233333
21647,0.17994365572227475
21648,0.053077146277923946
21649,0.005404087202954901
21650,0.1585414046399772
21651,0.050049680228902146
21652,0.010116516554484619
21653,0.08513414489867017
21654,0.059818452586724205
21655,0.04444950693336484
21656,0.07062653149342539
21657,0.01735204963937986
21658,0.219997
21659,0.053716748925655124
21660,0.1086586694670479
21661,0.022391627277698757
21662,0.003635967482282949
21663,0.19390410596469554
21664,0.06637526735093179
21665,0.03972937269271514
21666,0.07722339713755895
21667,0.07353282255547312
21668,1.0
21669,0.05078903300357364
21670,0.220016
21671,0.07256943347500773
21672,0.08611304669978452
21673,0.05882104693175621
21674,0.11690246452706184
21675,0.021433267756993606
21676,0.038564170409918073
21677,0.349908
21678,0.000557082556587095
21679,0.009644148597183374
21680,0.025043718265644662
21681,0.007359574929142622
21682,0.03391189876186834
21683,0.220016
21684,0.011750176994414505
21685,0.016497843063492182
21686,0.18195592896815876
21687,0.014007709017885834
21688,0.03500836533269589
21689,0.05234832776076507
21690,0.350009
21691,0.04216278779995436
21692,0.035678219477156436
21693,0.0799499754052819
21694,0.028847259274096537
21695,0.219997
21696,0.08023532717169582
21697,0.04230845433522381
21698,0.022303678218423762
21699,0.010091958158795957
21700,0.08382513714101135
21701,0.219997
21702,0.09980784908866443
21703,0.17312706765776453
21704,0.13346554986361267
21705,0.02657014294664801
21706,0.07000090444978714
21707,0.00624804297207795
21708,0.220016
21709,0.219997
21710,0.23939247491430266
21711,0.006559263980844226
21712,0.011878691640477257
21713,0.02008709962528547
21714,0.03606146763069873
21715,0.0007717062749264032
21716,0.029888740980862
21717,0.042807582564067026
21718,0.026658896107703067
21719,0.010168951032840174
21720,0.03779946223945096
21721,0.11537176010572041
21722,0.06406797066516685
21723,0.15549608991968417
21724,0.01987745456330878
21725,0.015439769885806238
21726,0.12215846924724216
21727,0.350009
21728,0.014050853146780399
21729,0.01786900866724486
21730,0.15669639924141474
21731,0.0139377020039614
21732,0.05057161481446424
21733,0.034570086735782365
21734,0.012466100134175593
21735,0.051009372932392584
21736,0.012783718164918294
21737,0.02281930598178009
21738,0.04811640776303447
21739,0.006925839178691541
21740,0.021583046469866016
21741,0.0002601702028213935
21742,0.04851950894382958
21743,0.07174819439495694
21744,0.023093684281762103
21745,0.010486182139398071
21746,0.02414051273372207
21747,0.010149858196724933
21748,0.18498312500895048
21749,0.04281276633010783
21750,0.09561418719666502
21751,0.012662336039822114
21752,0.0394848233950958
21753,0.025610858589952896
21754,0.219997
21755,0.02326982102077711
21756,0.020665361943718624
21757,0.015240051032248474
21758,0.5227703418209739
21759,0.08705101991554068
21760,0.0951910065515225
21761,0.11180084675235206
21762,0.07070175685603056
21763,0.030695524658548606
21764,0.15068633312998542
21765,0.015506356420493013
21766,0.14030097875718153
21767,0.027244325520977
21768,0.219997
21769,0.02787649165235497
21770,0.036350171233559755
21771,0.05920536321966374
21772,0.10751868638825271
21773,0.0020833419054398714
21774,0.010300406233509411
21775,0.005454507079602999
21776,0.017819041823947144
21777,0.1002069831091587
21778,0.018692936666602263
21779,0.01604249362663498
21780,0.1548697855251034
21781,0.15085792771912251
21782,0.011200039707886352
21783,0.219997
21784,0.016569563415353927
21785,0.05910836250815816
21786,0.04328337522253361
21787,0.014137656424127017
21788,0.013888200951044807
21789,0.09290393724641911
21790,0.02426173505920853
21791,0.03192278596822511
21792,0.05271056570395551
21793,0.04480523645883728
21794,0.016433752211565043
21795,0.03218253001286125
21796,0.219997
21797,0.219997
21798,0.16322934894700125
21799,0.012124938948092663
21800,0.031068450242512584
21801,0.06586900303300929
21802,0.1099201686025248
21803,0.11920901231516148
21804,0.020579591347356804
21805,0.061897113310067586
21806,0.2138199100074791
21807,0.07309795249442298
21808,0.06721327215553694
21809,0.04101408213570506
21810,0.00813582982233576
21811,0.219997
21812,0.06268662034097623
21813,0.219997
21814,0.220016
21815,0.350009
21816,0.03564045599341387
21817,0.041754994575467996
21818,0.36669968245914175
21819,0.14714296187973813
21820,0.349908
21821,0.1577375656702302
21822,0.2946153827429928
21823,0.03870243208873884
21824,0.01249851800181927
21825,0.032158656403476496
21826,0.026416623522648352
21827,0.22539306199449888
21828,0.008693914711917331
21829,1.0
21830,0.14914410489644397
21831,0.1745467564898148
21832,0.011894774282935484
21833,0.06017098881144981
21834,0.07729039458460382
21835,0.17652512946078097
21836,0.42718355249702267
21837,0.350009
21838,0.08394649999367108
21839,0.18584997589217117
21840,0.219997
21841,0.13418067399711392
21842,0.10092540565353783
21843,0.05973436069878864
21844,0.10374686391216073
21845,0.17116972686800833
21846,0.05421112881178966
21847,0.508165137300759
21848,0.1850113512830718
21849,0.32462756657610015
21850,0.49911377166120596
21851,0.219997
21852,0.595281543565081
21853,0.12872727511409524
21854,0.349908
21855,0.08211617830657869
21856,0.053737955005255314
21857,0.03442957446009788
21858,0.10994489339677052
21859,0.2504314312317143
21860,0.12832105531059296
21861,0.03878930667069426
21862,0.16418936893205904
21863,0.133380736174212
21864,0.3967145711076069
21865,0.06740573335109394
21866,0.11043565892512182
21867,0.11794309590879319
21868,0.08237294260491282
21869,0.008806720192600022
21870,0.16642134960782012
21871,0.14285121949773077
21872,0.0011104372721687011
21873,0.022791505479991387
21874,0.220016
21875,0.17925784756147603
21876,0.219997
21877,0.03451641246319406
21878,0.02833565227350592
21879,0.07150200454656193
21880,0.028987576620378243
21881,0.349908
21882,0.04047551194883257
21883,0.01426521335039609
21884,0.17289123834572984
21885,0.34290549295577955
21886,0.350009
21887,0.1261172180630319
21888,0.044842434722171684
21889,0.02101819444282519
21890,0.028465669500869116
21891,0.022032642137352454
21892,0.0094408364258552
21893,0.09047235951501019
21894,0.13520609197244987
21895,0.029317198630312923
21896,0.11384756796414475
21897,0.22298085637675485
21898,0.3399203207004207
21899,0.017368420588764432
21900,0.350009
21901,0.0873388196837896
21902,0.014854908643907875
21903,0.0344893723455684
21904,0.021844975156946386
21905,0.04745402853333682
21906,0.31189894035345045
21907,0.021680744855762903
21908,0.05897349313262513
21909,0.016464217395315568
21910,0.219997
21911,0.023640983862933503
21912,0.14963685795067247
21913,0.554543794487938
21914,0.11659187914626012
21915,0.12904037280896685
21916,0.013854089633887071
21917,0.036847409625020325
21918,0.08033070920824788
21919,0.10385940596035192
21920,0.032998799176056616
21921,0.1971734011202426
21922,0.1429972655477434
21923,0.0823780170430366
21924,0.12107218958620974
21925,0.07211552391643881
21926,0.15929086402995657
21927,0.05579886569087227
21928,0.05770493958970411
21929,0.03625310780956208
21930,0.21185887083129717
21931,0.1691329545112226
21932,0.23393617349853843
21933,0.03919622016938933
21934,0.06250012478269744
21935,0.004277307249809846
21936,0.030811212224996592
21937,0.017521237102231465
21938,0.037480408670036755
21939,0.05277220169812569
21940,0.03423749152593179
21941,0.05771566226751116
21942,0.219997
21943,0.349908
21944,0.05189924654380583
21945,0.06741728285617285
21946,0.004058737642778675
21947,0.10370785884649487
21948,0.029894731058086238
21949,0.03737407502562123
21950,0.060509854409271716
21951,0.020585093292140446
21952,0.32744129518038795
21953,0.08918696864402995
21954,0.03355151357260991
21955,0.06409776636373615
21956,0.005031597403102025
21957,0.220016
21958,0.0916687663630826
21959,0.350009
21960,0.2493723371683625
21961,0.350009
21962,0.09101455906845117
21963,0.09732302068911498
21964,0.038047047932735646
21965,0.08379606327147317
21966,0.06353969320415934
21967,0.014771318887615043
21968,0.17999620128674793
21969,0.09959312018268625
21970,0.6950649500486409
21971,0.16014328585227766
21972,0.008516645264921782
21973,0.12308610244502607
21974,0.070588046366419
21975,0.050324455073758496
21976,0.02752655088738821
21977,0.023228687389415546
21978,0.05352676381597939
21979,0.032281373451454494
21980,0.0038447281081853604
21981,0.13884819229426099
21982,0.08552974276318358
21983,0.220016
21984,0.08387513975418069
21985,0.219997
21986,0.35837436617354357
21987,0.5077801247054903
21988,0.13866624822781295
21989,0.041171589840095044
21990,0.1574552087070049
21991,0.019341049764504178
21992,0.14107066127981943
21993,0.11382975036215445
21994,0.14819275062936624
21995,0.10556089278858813
21996,0.06612251735020531
21997,0.021249512813517966
21998,0.06903291010448898
21999,0.019725948939154903
22000,0.2192968273517036
22001,0.08233054882024213
22002,0.00024174708495263586
22003,0.02595190082390438
22004,0.04550254094183181
22005,0.046644060191229256
22006,0.16218447520015686
22007,0.12845554130257578
22008,0.19777201119711763
22009,0.17029421572812956
22010,0.2523998657494403
22011,0.220016
22012,0.349908
22013,0.04243618879822265
22014,0.11642681119857241
22015,0.01615778688088131
22016,0.0957604489985407
22017,0.059684628412894354
22018,0.05053784382779643
22019,0.06358232173377489
22020,0.039680579671037296
22021,0.044792366303367304
22022,0.01780392193192347
22023,0.08044058888888145
22024,0.07122318146434956
22025,0.01770672428194257
22026,0.041072111917888045
22027,0.035026099719821104
22028,0.03927168422174056
22029,0.219997
22030,0.050338822707809254
22031,0.219997
22032,0.12443188955043423
22033,0.19123565472043424
22034,0.6643060271331331
22035,0.18595407832337946
22036,0.20308821831232815
22037,0.11444311745365311
22038,0.15309599171094682
22039,0.10930186552941869
22040,0.13684223812030433
22041,0.12589176785664508
22042,0.029570711099811763
22043,0.219997
22044,0.1538285165130113
22045,0.15530107152995637
22046,0.07250252630906627
22047,0.07149569299079195
22048,0.035597849239435105
22049,0.05781870539867004
22050,0.02005028913031473
22051,0.219997
22052,0.07831546191504353
22053,0.11924816800886573
22054,0.1670543860979682
22055,1.0
22056,0.1275721566770446
22057,0.016348654120100368
22058,0.350009
22059,0.1382763701263057
22060,0.219997
22061,0.349908
22062,0.08768559106851338
22063,0.005665537825762566
22064,0.012424345324930341
22065,0.1257254140667071
22066,0.04452815829923395
22067,0.20893305374146148
22068,0.219997
22069,0.012269265796881023
22070,0.220016
22071,0.024319252131929373
22072,0.09317634556566903
22073,0.013338900726519803
22074,0.028657899347895817
22075,0.05070325243309514
22076,0.06539929250805045
22077,0.10525599928243597
22078,0.02203480076214095
22079,0.16875541764687524
22080,0.219997
22081,0.219997
22082,0.219997
22083,0.08321573738498175
22084,0.219997
22085,0.219997
22086,0.350009
22087,0.10557355671702509
22088,0.01591365377356196
22089,0.06928278455665672
22090,0.014792944735315812
22091,0.07125507519767973
22092,0.6690942626446331
22093,0.05056648545783672
22094,0.11993185324811226
22095,0.350009
22096,0.220016
22097,0.019987279878029524
22098,0.08135025716025776
22099,0.11335938527183752
22100,0.349908
22101,0.350009
22102,0.016068748149991114
22103,0.1384020150579356
22104,0.09600136461880382
22105,0.219997
22106,0.219997
22107,0.219997
22108,0.219997
22109,0.4427712399581522
22110,0.14240116553665316
22111,0.09649554539247583
22112,0.10838848477790525
22113,0.055972182449658646
22114,0.3342263579770055
22115,1.0
22116,0.1307952916232553
22117,0.03766001710839547
22118,0.5172156310494628
22119,0.020167846671183993
22120,0.11492136620147257
22121,0.349908
22122,0.07755571477815691
22123,0.12555092608781745
22124,0.036623156255573004
22125,0.09016076638088154
22126,0.0074074334947038765
22127,0.8335636286913716
22128,0.350009
22129,0.15790356508881812
22130,0.349908
22131,0.19897293188837767
22132,0.219997
22133,0.659748797100671
22134,0.449826877536909
22135,0.023144089308546563
22136,0.219997
22137,0.220016
22138,0.1783316208954087
22139,1.0
22140,0.349908
22141,0.3679213132300626
22142,0.00943045127960985
22143,0.062299944351998746
22144,0.12055730244919904
22145,0.07094233341140928
22146,0.03355159683949736
22147,0.0369017692929706
22148,0.09667325079102904
22149,0.009653274504593108
22150,0.019639624466097905
22151,0.012289169203171437
22152,0.03994476798059996
22153,0.220016
22154,0.1730814359229141
22155,0.16183917242471285
22156,0.219997
22157,0.14646745605979905
22158,0.350009
22159,0.220016
22160,0.17049706876804493
22161,0.23228296258352443
22162,0.028003831272496855
22163,0.09889244867606864
22164,1.0
22165,1.0
22166,1.0
22167,0.00888400982942704
22168,0.18163314088775037
22169,0.3600666843727167
22170,0.09103143878626498
22171,0.007261911779252163
22172,0.08620995500336456
22173,0.112217840236589
22174,0.07712527973602178
22175,0.09140569372211046
22176,0.015723202302648523
22177,0.8446662686765404
22178,0.02641577546472733
22179,0.021822895199676638
22180,0.3221900183120148
22181,0.219997
22182,0.07177901363725095
22183,0.095824760616276
22184,0.40640252771078705
22185,0.220016
22186,0.0072204088329291686
22187,0.13308009494986672
22188,0.12107101276682761
22189,0.13542646932615895
22190,1.0
22191,0.8413428308912287
22192,0.8934098227206129
22193,0.021218163334191006
22194,0.06548149083468259
22195,0.012468541762957367
22196,0.6176524769414717
22197,0.027457386940695116
22198,0.3053829109324727
22199,0.07518173397926073
22200,0.10057283410536645
22201,0.035928333995081316
22202,0.219997
22203,0.219997
22204,0.219997
22205,0.219997
22206,0.8065185759009058
22207,0.9152989966221378
22208,0.322600863013301
22209,0.219997
22210,0.08879434738526258
22211,0.06639118872690855
22212,0.20209726753628596
22213,0.15286893445561753
22214,0.12614997703453362
22215,0.03099938729846906
22216,0.19302454960300883
22217,0.16341541131236442
22218,0.08176678798159065
22219,0.13485390655036536
22220,0.8942090229552176
22221,1.0
22222,1.0
22223,0.219997
22224,0.05046015479208308
22225,0.2572249401829217
22226,0.024027302195151822
22227,0.41961393758967497
22228,0.010743567712824968
22229,0.04178101092458513
22230,0.13074949936897617
22231,0.07957027619550718
22232,0.4905987529716271
22233,1.0
22234,0.16031625277530492
22235,0.18341451122283942
22236,0.1851400975832656
22237,0.219997
22238,0.12521353188097484
22239,0.350009
22240,0.28167621310452884
22241,0.05736400638714481
22242,0.10384411459154448
22243,0.13203205054024275
22244,0.1286397752361048
22245,0.08739728646892461
22246,0.07575371262316134
22247,0.350009
22248,0.4418364398517818
22249,0.220016
22250,0.1273198845412875
22251,0.004931511814138021
22252,0.14403414677276508
22253,0.05333302041778982
22254,0.219997
22255,0.015388097631613529
22256,0.0283216494571654
22257,0.013303787692988421
22258,0.08353108666642022
22259,0.10300158821695463
22260,0.4931708666310875
22261,1.0
22262,0.349908
22263,0.349908
22264,0.219997
22265,0.219997
22266,0.28767214102478056
22267,1.0
22268,0.11917827152284491
22269,0.07632856053626734
22270,0.015661959223499805
22271,0.10538997678670388
22272,0.219997
22273,0.219997
22274,0.349908
22275,0.3372539038294228
22276,0.219997
22277,1.0
22278,0.12140960528938986
22279,0.009410045586687493
22280,0.219997
22281,0.19385369267479516
22282,0.026980201502863777
22283,0.11407927068084575
22284,0.349908
22285,0.08800532380881264
22286,0.032480330835045264
22287,0.05655896637472508
22288,0.11373398922903213
22289,0.219997
22290,0.6096811330357242
22291,0.349908
22292,0.7189637766937743
22293,0.349908
22294,0.219997
22295,0.219997
22296,0.39443019809419455
22297,0.015300465108480425
22298,0.013662623076587787
22299,0.220016
22300,0.09772473243008367
22301,0.12595342748959734
22302,0.6111956941905516
22303,0.259387842716936
22304,0.0627650958715868
22305,0.6581064707619237
22306,0.350009
22307,0.07782621202012188
22308,0.10658675962613202
22309,0.15913353105895647
22310,0.06466383293096595
22311,0.03243362338941496
22312,0.020435343573704644
22313,0.02931013224064514
22314,0.09183364739674285
22315,0.13899025308039473
22316,0.21371391024656847
22317,0.219997
22318,0.6540357377137571
22319,1.0
22320,0.832360737996251
22321,0.6678487651415906
22322,1.0
22323,0.21127625687918125
22324,0.08906057851272307
22325,0.11253005831821357
22326,0.17068248890689774
22327,0.32043557142007
22328,0.07526136156410063
22329,0.04622943665946949
22330,0.09565050762890014
22331,0.17092097034159356
22332,0.02724684840285135
22333,0.12125437840656629
22334,0.004220660005177656
22335,0.021364646031054434
22336,0.013516214782535676
22337,0.02817942497679121
22338,0.0975832307186942
22339,0.01994680802376756
22340,0.04279414962011142
22341,0.0539975338188394
22342,0.06392938281628205
22343,0.12646211798391283
22344,0.28588269899790725
22345,0.349908
22346,0.350009
22347,1.0
22348,1.0
22349,0.349908
22350,0.11335276547135587
22351,0.03542548783880828
22352,0.05216956936988999
22353,0.13152894027799222
22354,0.01662320363406717
22355,0.03276163196565162
22356,1.0
22357,0.08562196122506924
22358,0.02689796930738772
22359,0.04727198556252462
22360,0.1359078528134406
22361,0.14431088990192592
22362,0.045854190582782284
22363,0.03515557199260392
22364,0.060563707704721303
22365,0.022026030435590854
22366,0.023982958175607996
22367,0.05354118693911625
22368,0.14108314266717556
22369,0.20874329123889523
22370,1.0
22371,0.7170236678434292
22372,0.30409630095274093
22373,1.0
22374,0.349908
22375,0.6918119420242399
22376,0.2775851384048326
22377,0.03759490841283472
22378,0.060209410954898825
22379,0.026572617634792812
22380,0.0909070079124032
22381,0.07708512050052098
22382,0.052476082638844755
22383,0.1628172242741501
22384,0.7061434051098706
22385,0.0987991801559887
22386,0.4553487704577302
22387,0.009989957569422003
22388,0.1323026994567403
22389,0.219997
22390,0.09180593741463866
22391,0.22258257319539362
22392,0.025916790859988055
22393,0.00902667887928052
22394,0.07310712821126704
22395,0.219997
22396,1.0
22397,0.350009
22398,1.0
22399,0.349908
22400,0.349908
22401,0.219997
22402,0.219997
22403,0.03841517694109981
22404,0.02137557910736614
22405,0.042244936217934945
22406,0.05463692658910204
22407,0.034045592726577534
22408,0.18420151110599073
22409,0.219997
22410,0.021885004449032873
22411,0.349908
22412,0.032039550868823805
22413,0.07210894414123917
22414,0.295102976621188
22415,0.012264142931607791
22416,0.15921555778093896
22417,0.3300981654367352
22418,0.046805192720158505
22419,0.2821900922589419
22420,0.219997
22421,0.11252698471560384
22422,0.18391843778821718
22423,0.014048124084443817
22424,0.17059653401980449
22425,0.10377737948908883
22426,0.09924092396164749
22427,0.1416892701993368
22428,0.05619540680094787
22429,0.012734444250010461
22430,0.220016
22431,0.013808193011681106
22432,0.15586166544968202
22433,0.06924333110975055
22434,0.03014508071146931
22435,0.1544269289196761
22436,0.053597001874979545
22437,0.10254261746870047
22438,0.07928191220422565
22439,0.219997
22440,0.5464966983718134
22441,1.0
22442,0.18377083854719223
22443,0.007483919488687127
22444,0.026152689828526775
22445,0.042668670929677334
22446,0.02264170940743638
22447,0.06839147535216021
22448,0.06719458101037415
22449,0.016539517007138026
22450,0.04281243179841914
22451,0.019781783710363283
22452,0.0219714824811388
22453,0.02091013486173473
22454,0.015241869916895152
22455,0.18019979622537524
22456,0.15656695554352604
22457,0.8652335369583114
22458,0.013453516856495925
22459,0.027089227201094124
22460,0.220016
22461,0.090538958133316
22462,0.219997
22463,0.4158809413734224
22464,0.219997
22465,0.0023400468676076066
22466,0.220016
22467,0.005337677302543356
22468,0.025924564511002862
22469,0.023529849750672346
22470,0.07353321136209005
22471,0.13195938307043872
22472,0.06552618404456284
22473,0.0011177330735304422
22474,0.016901986162801794
22475,0.2685275601529089
22476,0.05006234321345276
22477,0.012694657029485525
22478,0.015114436546261299
22479,0.20415356951288371
22480,0.13277319553145722
22481,0.07115215267138683
22482,0.017118285977091776
22483,0.04390816746457424
22484,0.062383597173917324
22485,0.3220303630094416
22486,0.06212180126922341
22487,0.021805323885332527
22488,0.09678278723894505
22489,0.00622168178344389
22490,0.1443821353155195
22491,0.349908
22492,0.0636726415856397
22493,0.220016
22494,0.12839297788699183
22495,0.03585365588967749
22496,0.03634011196817775
22497,0.04933662681260755
22498,0.04280359688983141
22499,0.349908
22500,0.024735561857313106
22501,0.219997
22502,0.04126256751317929
22503,0.1112611072904597
22504,0.1496924710238445
22505,0.012677982366225637
22506,0.5538287452975418
22507,1.0
22508,0.24807280436700332
22509,0.10970499573490684
22510,0.011280393258609994
22511,0.11679036683262387
22512,0.03438632476465018
22513,0.05122322976508617
22514,0.1289168871340164
22515,0.219997
22516,0.14050246441392347
22517,1.0
22518,0.09638851389303248
22519,0.024319721043311093
22520,0.08012250994763791
22521,0.10588675836468908
22522,0.019147417140073987
22523,0.048096345455551
22524,0.11928607586361382
22525,0.349908
22526,0.04866518413618082
22527,0.219997
22528,0.033392035452730624
22529,0.12484911301724216
22530,0.18450877939795102
22531,0.0834278862348934
22532,0.04527110603776087
22533,0.09377764914046491
22534,0.07816157078950867
22535,0.026790377029153233
22536,0.03004709949452866
22537,0.12034080889469193
22538,0.016063752152260906
22539,0.12056424761110236
22540,0.037452055323942246
22541,0.06362062301589924
22542,0.022391627277698757
22543,0.04154780117853261
22544,0.15468271291362504
22545,0.05560202451206911
22546,0.06211904793104176
22547,0.06060064306526623
22548,0.020560224785078088
22549,1.0
22550,0.034639029885332816
22551,0.20922548658403992
22552,0.10528812945871538
22553,0.023093532788191675
22554,0.06758848984312556
22555,0.06323078127276899
22556,0.021433267756993606
22557,0.010410523434768462
22558,0.349908
22559,0.023383424134121818
22560,0.025043718265644662
22561,0.043053466185851215
22562,0.1713786745779149
22563,0.028512131132834455
22564,0.016497843063492182
22565,0.18658757058792474
22566,0.01932774927151381
22567,0.06863367605452379
22568,0.05234832776076507
22569,0.379316315947552
22570,0.0378033131609389
22571,0.028017467249908754
22572,0.03188915151247188
22573,0.01943724495414404
22574,0.12878543018729183
22575,0.007510856281832125
22576,0.006750969711783552
22577,0.219997
22578,0.11481914954769637
22579,0.03556022663513623
22580,0.010091958158795957
22581,0.11700554485320327
22582,0.219997
22583,0.07100044816824995
22584,0.12002320683909418
22585,0.20334305658974827
22586,0.026520740562938207
22587,0.02503354060601818
22588,0.220016
22589,0.28586361988440073
22590,0.220016
22591,0.01239062779644902
22592,0.021267737515507607
22593,0.030959289807592237
22594,0.02008709962528547
22595,0.018596820549284392
22596,0.02291544989843767
22597,0.01821789366495432
22598,0.04979248127626643
22599,0.026658896107703067
22600,0.01358723193930574
22601,0.022320659464086227
22602,0.014947330823458463
22603,0.03627524114430417
22604,0.08863868501024337
22605,0.11116175428243812
22606,0.21269864917759077
22607,0.08337773638240686
22608,0.20040302643646046
22609,0.014050853146780399
22610,0.0139377020039614
22611,0.027389857462093783
22612,0.02014868900173154
22613,0.026898894819871965
22614,0.0021417977832049067
22615,0.05170004428463856
22616,0.00639307006869808
22617,0.03880218364001643
22618,0.008978204606541099
22619,0.022434484107764028
22620,0.014447444846122854
22621,0.10233528937183461
22622,0.029073685837696244
22623,0.055579710562193206
22624,0.018091287917661174
22625,0.03401321365360659
22626,0.023093684281762103
22627,0.010486182139398071
22628,0.0041074251837249585
22629,0.010149858196724933
22630,0.1838166065975683
22631,0.05472924479953509
22632,0.012662336039822114
22633,0.0037613239924278365
22634,0.017435559474721824
22635,0.219997
22636,0.015240051032248474
22637,0.38598819032799125
22638,0.05518108753702921
22639,0.031020748195989507
22640,0.09701768457522898
22641,0.015735501390187548
22642,0.0837347330945189
22643,0.029101517947601255
22644,0.17456181183790645
22645,0.219997
22646,0.010444167593386258
22647,0.219997
22648,0.0010111369749471553
22649,0.039528405747389764
22650,0.1035691753633648
22651,0.010300406233509411
22652,0.018756727097467826
22653,0.017819041823947144
22654,0.10723955629429571
22655,0.0037962938035567737
22656,0.003839082827241762
22657,0.1375508449443602
22658,0.17214258216358697
22659,0.006523165504119798
22660,0.18858556722172798
22661,0.028521439906014783
22662,0.0463433219397113
22663,0.024520815028141754
22664,0.03345528128784264
22665,0.02810256164620396
22666,0.01063821699550176
22667,0.08174343343449054
22668,0.03148434743960344
22669,0.02310965103395897
22670,0.048261190674448146
22671,0.032774411129813025
22672,0.016433752211565043
22673,0.019886885814589608
22674,0.025823764809226723
22675,0.02162328095261993
22676,0.219997
22677,0.219997
22678,0.03373360858213158
22679,0.15515552975007166
22680,0.009532048218273463
22681,0.041953374048212366
22682,0.06499800952676396
22683,0.20890723698626823
22684,0.0536440827663247
22685,0.219997
22686,0.044320690294846685
22687,0.219997
22688,0.0011408929769942133
22689,0.1654608868648328
22690,0.013203464399676483
22691,0.220016
22692,0.350009
22693,0.0683293589620195
22694,0.219997
22695,0.319175666861607
22696,0.17171040905469326
22697,0.219997
22698,0.03870243208873884
22699,0.12087617822351807
22700,0.04800482659911167
22701,0.02461526488338293
22702,0.02141223236323568
22703,0.220016
22704,0.0465584333634081
22705,0.9980998539548939
22706,0.220016
22707,0.06983888330675393
22708,0.16274078899856523
22709,0.11195419559440013
22710,0.02941353010955092
22711,0.046931198732291624
22712,0.028476415820601758
22713,0.04339666400727061
22714,0.060539940240334975
22715,0.220016
22716,0.43875286214012094
22717,0.40467587145852907
22718,0.02655742635837433
22719,0.09820902947911193
22720,0.219997
22721,0.220016
22722,0.008433159571979614
22723,0.08400209918761593
22724,0.09699087811093593
22725,0.04521830204433494
22726,0.03812845424331862
22727,0.5102624295051352
22728,0.04786642471103698
22729,0.219997
22730,0.4467633704444771
22731,0.18488066313813234
22732,0.5134672154429126
22733,0.08050558358039121
22734,0.349908
22735,0.07131106546191306
22736,0.0472753106990658
22737,0.1497502484610649
22738,0.219997
22739,0.0861725005417934
22740,0.015169588435740016
22741,0.053052953281088236
22742,0.015273679124344554
22743,0.349908
22744,0.04193935908755964
22745,0.09036619710689558
22746,0.19907196462182272
22747,0.13102692137191566
22748,0.13032659995548382
22749,0.05658656371039732
22750,0.030548995765162953
22751,0.0557147249228125
22752,0.12609372586117562
22753,0.1857400498560796
22754,0.03750796332675872
22755,0.19317229098183156
22756,0.0682732854477412
22757,0.09885646046609453
22758,0.349908
22759,0.14132584111211002
22760,0.12844489093540631
22761,0.349908
22762,0.349908
22763,0.01595106659015596
22764,0.009159327099891545
22765,0.16660956806019425
22766,0.04546744516169041
22767,0.02101819444282519
22768,0.003294262743683567
22769,0.05081946421938011
22770,0.13798340029138925
22771,0.09110504123857248
22772,0.19427921921639615
22773,0.22909774332066243
22774,0.017368420588764432
22775,0.024782001480261696
22776,0.220016
22777,0.061936468717650864
22778,0.014854908643907875
22779,0.044882441102203297
22780,0.03015254208863417
22781,0.07375239316980485
22782,0.349908
22783,0.011701401013543614
22784,0.03685478641443244
22785,0.18728870572167977
22786,0.0714642060319246
22787,0.21969620689940167
22788,0.612996553193965
22789,0.20736606218147455
22790,0.062485097199746854
22791,0.027617332988805608
22792,0.052370252935263706
22793,0.06270386291448508
22794,0.12391887857493847
22795,0.0052267555237905374
22796,0.021226040441573613
22797,0.17502562513813713
22798,0.20661784602359304
22799,0.05104387177733989
22800,0.10990091433289033
22801,0.0762903716673121
22802,0.017732822094830913
22803,0.11028413567482744
22804,0.07386692525866613
22805,0.05497273148639796
22806,0.05167050076983214
22807,0.00727311422719828
22808,0.219997
22809,0.12667549874773126
22810,0.220016
22811,0.030543351143695927
22812,0.06783596492719543
22813,0.029225967708784002
22814,0.013384733578304003
22815,0.011297774810458822
22816,0.04132649734153443
22817,0.04515075392487988
22818,0.04199741575241306
22819,0.219997
22820,0.350009
22821,0.12814284781070145
22822,0.055069483310743655
22823,0.013564375141888409
22824,0.06640708236457833
22825,0.03736127485007224
22826,0.01846860538479702
22827,0.08561582223749477
22828,0.03323272349199412
22829,0.09315846341217127
22830,0.293984412593028
22831,0.05538833104911646
22832,0.06130133963234629
22833,0.08845923146427088
22834,0.0025875714905504374
22835,0.220016
22836,0.09508827242374428
22837,0.2527378706697706
22838,0.350009
22839,0.350009
22840,0.1179570849534289
22841,0.05785927512120603
22842,0.06232620598075742
22843,0.06646784873680162
22844,0.07136421605607363
22845,0.18331569805791778
22846,0.07451799680875844
22847,0.9100511017791377
22848,0.15246829486182872
22849,0.03374659017769218
22850,0.1379486132170367
22851,0.009791178971760933
22852,0.0682285585595862
22853,0.02752655088738821
22854,0.019089174302710628
22855,0.12303594755569501
22856,0.030990839364710157
22857,0.01883332680438638
22858,0.04531509381517188
22859,0.17454539843471964
22860,0.16520065620919766
22861,0.220016
22862,0.11005321644664004
22863,0.219997
22864,0.350009
22865,0.4936280372055091
22866,0.13848622620415676
22867,0.03304615927618439
22868,0.0995916317825662
22869,0.023978478564731825
22870,0.051105744596529175
22871,0.08655564725338928
22872,0.08440749268860949
22873,0.16607081608090324
22874,0.062112384289183954
22875,0.09084983426454792
22876,0.05091149941283487
22877,0.08186166751384315
22878,0.038167869131993624
22879,0.20425039237254267
22880,0.009749823544628715
22881,0.05345859746255277
22882,0.042491782424797675
22883,0.006574429013061136
22884,0.0780559135535989
22885,0.06092572021691077
22886,0.14296388571076182
22887,0.1802608248542441
22888,0.147999618439637
22889,0.14229278177104487
22890,0.301917371899162
22891,0.219997
22892,0.33178176953403526
22893,0.0038321539017357417
22894,0.17688440330621882
22895,0.0016363332831781476
22896,0.07947658160119571
22897,0.054640951023477644
22898,0.08321136262401062
22899,0.05691487086513523
22900,0.03286083829271462
22901,0.07104025110270955
22902,0.008288331318722253
22903,0.05149065375927005
22904,0.051491441699315514
22905,0.038970536453090523
22906,0.10596656431327879
22907,0.021288987770190674
22908,0.005801578341691536
22909,0.219997
22910,0.03462363715758923
22911,0.04938808963368893
22912,0.219997
22913,0.06645564758944231
22914,0.219997
22915,0.349908
22916,0.20441540928445562
22917,0.1951809412297822
22918,0.10966974838482514
22919,0.18929223171643159
22920,0.14431358502429043
22921,0.1266543183748085
22922,0.10990413301207802
22923,0.015333480441005638
22924,0.5244246095453289
22925,0.219997
22926,0.10832411152097571
22927,0.06656752521151313
22928,0.05578504204628308
22929,0.035597849239435105
22930,0.018399154933939003
22931,0.06073893395175801
22932,0.011712314388963058
22933,0.219997
22934,0.09127231668489223
22935,0.09577321256478576
22936,0.1919210005294361
22937,1.0
22938,0.20887447112455276
22939,0.03816334871383488
22940,0.350009
22941,0.219997
22942,0.219997
22943,0.219997
22944,0.04601745735377471
22945,0.013784738682342892
22946,0.04934702734636203
22947,0.08790696037431321
22948,0.17272355333216177
22949,0.219997
22950,0.0563817300267522
22951,0.11737280518836422
22952,0.05531333268596263
22953,0.0817672828192167
22954,0.024718288955247355
22955,0.051541599718868195
22956,0.0934190953976262
22957,0.015403268547886411
22958,0.2019340976847899
22959,0.219997
22960,0.349908
22961,0.219997
22962,0.028781539996821662
22963,0.1967597966249305
22964,0.219997
22965,0.350009
22966,0.14564410468839303
22967,0.02714076213037542
22968,0.08361480538234281
22969,0.7228486333021689
22970,0.02703499677970278
22971,0.191643034530599
22972,0.3929760835090688
22973,0.2118251046093003
22974,0.019987279878029524
22975,0.016774971182566455
22976,0.0011628873072313623
22977,0.09879904529841826
22978,0.11284373176613056
22979,0.32546487525822937
22980,0.34295556456349124
22981,0.016068748149991114
22982,0.16797288996213214
22983,0.12617829375239725
22984,0.219997
22985,0.219997
22986,0.219997
22987,0.219997
22988,0.38102903451762893
22989,0.1177840380953736
22990,0.14527214392794804
22991,0.13886928570927945
22992,0.006905675149887019
22993,0.219997
22994,1.0
22995,0.1307952916232553
22996,0.03169309374100252
22997,0.5520607914747843
22998,0.020167846671183993
22999,0.053719691498417856
23000,0.29363100154495475
23001,0.023822611292738244
23002,0.017033842519998482
23003,0.0928530860753246
23004,0.10565504802153607
23005,0.005437891228245248
23006,0.09334589149718278
23007,0.0074074334947038765
23008,0.9171121103816655
23009,0.220016
23010,0.14935737986006847
23011,0.349908
23012,0.219997
23013,0.219997
23014,0.6916445634453754
23015,0.5161419802102631
23016,0.219997
23017,0.20530310753195583
23018,0.220016
23019,1.0
23020,0.349908
23021,0.349908
23022,0.0677444192868477
23023,0.220016
23024,0.219997
23025,0.045508513219682356
23026,0.017661895535353182
23027,0.13155915818775737
23028,0.012935274833522699
23029,0.012289169203171437
23030,0.06814295771006129
23031,0.14721331294114565
23032,0.2163369205099656
23033,0.15906450446361475
23034,0.14767828591642537
23035,0.14763736416870923
23036,0.349908
23037,0.350009
23038,0.03839308163686028
23039,0.219997
23040,0.27184746293603707
23041,0.028003831272496855
23042,0.05270309031263778
23043,1.0
23044,1.0
23045,0.8714892398982578
23046,0.009015689648317974
23047,0.01686782347204039
23048,0.15231141017679253
23049,0.4727066086685174
23050,0.11274256878256042
23051,0.0041703169157118
23052,0.02907826674175938
23053,0.04921777899141086
23054,0.012007317870062756
23055,0.11521212928713807
23056,0.14288568644857078
23057,0.1259864253201896
23058,0.015723202302648523
23059,0.9498392408257309
23060,0.0019355735426712895
23061,0.009529888587439425
23062,0.31544695356105773
23063,0.219997
23064,0.03657171294287568
23065,0.10521813542295823
23066,0.40418498749660564
23067,0.220016
23068,0.04250466718216346
23069,0.12526778344264944
23070,0.15204260704060607
23071,0.16551629350999594
23072,1.0
23073,0.91785462105378
23074,0.8456087187140083
23075,0.01587797402808438
23076,0.05446517808066987
23077,0.03719281048963046
23078,0.66413458057106
23079,0.045349312992707884
23080,0.23680867287962537
23081,0.10515483755722924
23082,0.12937249564543388
23083,0.0179758899557906
23084,0.18982678609211454
23085,0.219997
23086,0.219997
23087,0.219997
23088,0.870598865527271
23089,0.9315829849840371
23090,0.349908
23091,0.21914042307674875
23092,0.08963153382393413
23093,0.06969058020612287
23094,0.1396018711348236
23095,0.13030652469235923
23096,0.220016
23097,0.1424455391754316
23098,0.219997
23099,0.09292049257673048
23100,0.2043000995101285
23101,0.07987232383095773
23102,0.8923072895885926
23103,1.0
23104,1.0
23105,0.219997
23106,0.08390943789588506
23107,0.22943586858514986
23108,0.5667846279256632
23109,0.030573730718712864
23110,0.052545818109609045
23111,0.219997
23112,0.04735070412812237
23113,0.5502700599957497
23114,1.0
23115,0.12228551150354838
23116,0.18798808456306682
23117,0.195376353634294
23118,0.219997
23119,0.11669135732383078
23120,0.350009
23121,0.2883857711176477
23122,0.05736400638714481
23123,0.07211527950490393
23124,0.12321190949505699
23125,0.09319811391666462
23126,0.12023620356639914
23127,0.1972520324397836
23128,0.29995047207733794
23129,0.349908
23130,0.17944264270240562
23131,0.16150107304538322
23132,0.006174393134925486
23133,0.07117617969983948
23134,0.059103109018461865
23135,0.19624941693875578
23136,0.03964170247016389
23137,0.03380384116728492
23138,0.04873666745367924
23139,0.024474986113246718
23140,0.03316499621747607
23141,0.07449455380726576
23142,0.0589184688456267
23143,0.350009
23144,1.0
23145,0.349908
23146,0.349908
23147,0.219997
23148,0.219997
23149,0.219997
23150,1.0
23151,0.10411238065290813
23152,0.050509636690776245
23153,0.043910364575142954
23154,0.11870823231533968
23155,0.219997
23156,0.219997
23157,0.349908
23158,0.3003734783089798
23159,0.20814550595372047
23160,1.0
23161,0.11197512365356506
23162,0.024292778809518887
23163,0.16942221561199955
23164,0.220016
23165,0.007540411444294591
23166,0.08362520914500911
23167,0.349908
23168,0.09361106930942088
23169,0.033103884351680206
23170,0.03405920223746152
23171,0.07166628369822596
23172,0.219997
23173,0.6292285840017441
23174,0.219997
23175,0.6687562261887616
23176,0.349908
23177,0.219997
23178,0.19957329668216775
23179,0.349908
23180,0.03821137601376494
23181,0.21794733176794337
23182,0.12399129567388632
23183,0.025231037588241575
23184,0.5604351541485489
23185,0.2403370814696323
23186,0.006182623107594094
23187,0.5659279064048548
23188,0.3458730049931952
23189,0.008831128381516954
23190,0.09296896930693581
23191,0.10075776623243342
23192,0.15969930860792453
23193,0.004659224348164174
23194,0.017719898515898277
23195,0.0008041551428350255
23196,0.03966848283225186
23197,0.05961591849728817
23198,0.1885958357704635
23199,0.219997
23200,0.2112329904136069
23201,0.7071980493775851
23202,1.0
23203,0.5797993048768281
23204,0.6135431606710339
23205,1.0
23206,0.219997
23207,0.044454486309509586
23208,0.03795072384844142
23209,0.10789891976496248
23210,0.220016
23211,0.343254895884744
23212,0.08437370204751748
23213,0.10983281913473511
23214,0.11710651003886373
23215,0.13652543399538314
23216,0.013350376752405984
23217,0.021476946138697845
23218,0.11391678426195458
23219,0.01471171980986892
23220,0.05013194239389409
23221,0.010447566945702124
23222,0.0975832307186942
23223,0.0022905953722648755
23224,0.027929404075502717
23225,0.08320213775909689
23226,0.07415116270667556
23227,0.1346615830667785
23228,0.3361177286674226
23229,0.3463457811359068
23230,0.350009
23231,1.0
23232,1.0
23233,0.349908
23234,0.220016
23235,0.04693307352531052
23236,0.08528805276734941
23237,0.1325223054348523
23238,0.02047887344069005
23239,0.011257804946018529
23240,1.0
23241,0.0597084299599757
23242,0.018897779278055284
23243,0.16053990024665513
23244,0.09213162988754266
23245,0.15757012981081878
23246,0.045854190582782284
23247,0.06676625990252331
23248,0.02628344607525657
23249,0.0021802900200553537
23250,0.019091327362822885
23251,0.010243452061969522
23252,0.06890508345551967
23253,0.1351941074608836
23254,0.219997
23255,1.0
23256,0.545914725294236
23257,0.349908
23258,1.0
23259,0.349908
23260,0.7610495405651284
23261,0.25109528362987493
23262,0.0013442160939206467
23263,0.032593785732653216
23264,0.027516605098657266
23265,0.14436899613694185
23266,0.05704297127354132
23267,0.04122210710420644
23268,0.06597553111142593
23269,0.6992288483149129
23270,0.220016
23271,0.349908
23272,0.05039717095805757
23273,0.17915600638743884
23274,0.219997
23275,0.19317512769439046
23276,0.220016
23277,0.017766369530250518
23278,0.001149284658400638
23279,0.04342165191696615
23280,0.013966315131139655
23281,0.047988609095749465
23282,0.219997
23283,1.0
23284,0.4315861980852096
23285,1.0
23286,0.349908
23287,0.349908
23288,0.219997
23289,0.2967779103786996
23290,0.02617191499722776
23291,0.02137557910736614
23292,0.030201005128272465
23293,0.020799550894366237
23294,0.034045592726577534
23295,0.11211621862845028
23296,0.20756420327271033
23297,0.09679433683969571
23298,0.219997
23299,0.012052982387518407
23300,0.08136645466198111
23301,0.014932115735064224
23302,0.350009
23303,0.01261144272650714
23304,0.16646198431462655
23305,0.349908
23306,0.08487356131978692
23307,0.220016
23308,0.219997
23309,0.13205621304955195
23310,0.12890397257038042
23311,0.03750343691066909
23312,0.17436643151680226
23313,0.12257170303984569
23314,0.02498944742875471
23315,0.15154049359055513
23316,0.10769029223653243
23317,0.03274571408870702
23318,0.0013663609610918977
23319,0.18638879557886484
23320,0.013808193011681106
23321,0.01278952967039985
23322,0.025333370580949935
23323,0.043730564259657295
23324,0.08344548825281586
23325,0.1462543420892304
23326,0.08288753134993217
23327,0.08547989911051039
23328,0.012388186677397382
23329,0.13464371034319025
23330,0.219997
23331,0.349908
23332,1.0
23333,0.2100890880733866
23334,0.09220382726105374
23335,0.02834834980666881
23336,0.10639197733446333
23337,0.10882462927721542
23338,0.018183587974799385
23339,0.04281243179841914
23340,0.0005978681298043711
23341,0.014296121225578362
23342,0.02736758590565922
23343,0.015241869916895152
23344,0.011587843759034183
23345,0.15052816754238288
23346,0.1641171695246572
23347,0.6911082902081395
23348,0.004225959343552271
23349,0.016322192863020786
23350,0.04221072340456965
23351,0.1001698340388438
23352,0.219997
23353,0.5640835634469193
23354,0.219997
23355,0.220016
23356,0.04283081830332854
23357,0.023529849750672346
23358,0.20013707701277378
23359,0.1495110175693979
23360,0.07764406023625037
23361,0.018087211686193688
23362,0.027709579140844456
23363,0.027415182460156503
23364,0.2653924782536443
23365,0.05006234321345276
23366,0.031185043576740828
23367,0.014803892749065163
23368,0.00934871276129638
23369,0.219997
23370,0.0938488314035382
23371,0.10302354237289159
23372,0.02371987397151097
23373,0.060658138797452535
23374,0.026680855291782893
23375,0.350009
23376,0.047761982704969265
23377,0.012681210746720434
23378,0.12275273973017063
23379,0.057264829750112746
23380,0.0695310793680123
23381,0.25380763728319966
23382,0.05810042796617522
23383,0.18003550475978253
23384,0.09858388463616778
23385,0.04141182529475987
23386,0.06635357834614598
23387,0.01025013150994344
23388,0.036091803059170695
23389,0.07873985564764382
23390,0.3821767715214728
23391,0.349908
23392,0.03793755652022759
23393,0.11499044727383828
23394,0.11439798641772332
23395,0.011260024399841653
23396,0.014987838882592598
23397,0.642048641872103
23398,1.0
23399,0.220016
23400,0.10542259860812445
23401,0.12733785937731285
23402,0.1545265143239101
23403,0.06425077797972181
23404,0.1833018865968807
23405,0.219997
23406,0.12718471582555888
23407,1.0
23408,0.0534370703729761
23409,0.01473746921225092
23410,0.06609998774905199
23411,0.03737679490889144
23412,0.06382663448511205
23413,0.026110105721376422
23414,0.15442300482027077
23415,0.4480243536296904
23416,0.11311842152411669
23417,0.219997
23418,0.017789725787135943
23419,0.07406691652518733
23420,0.18115081135432817
23421,0.05477468234231696
23422,0.04845451597401587
23423,0.07015229902972671
23424,0.06498462438788623
23425,0.005352252902687564
23426,0.03004709949452866
23427,0.07935310060737837
23428,0.03765878593743629
23429,0.219997
23430,0.009844408173187583
23431,0.0642565485360126
23432,0.022391627277698757
23433,0.05073918095956185
23434,0.1262540186736388
23435,0.06332556356649027
23436,0.009532468357335958
23437,0.008504826404782902
23438,1.0
23439,0.025117650593885096
23440,0.16022018000666463
23441,0.08555929767031557
23442,0.012836336185206375
23443,0.11489627218240991
23444,0.06574291812589664
23445,0.021433267756993606
23446,0.013515158188040596
23447,0.219997
23448,0.008784651657473054
23449,0.025043718265644662
23450,0.04533636194404673
23451,0.1868284721121052
23452,0.006831897373233964
23453,0.17155037955512298
23454,0.05114032914795752
23455,0.012846743706464348
23456,0.04934680084999077
23457,0.350009
23458,0.028017467249908754
23459,0.042052429252346445
23460,0.10184667042123924
23461,0.02984591924656208
23462,0.219997
23463,0.10352077711661778
23464,0.008344601327380583
23465,0.010091958158795957
23466,0.16583457897667064
23467,0.219997
23468,0.14583971273707144
23469,0.0721803475068229
23470,0.1442506952453336
23471,0.02040193130938342
23472,0.08037263487852417
23473,0.02503354060601818
23474,0.220016
23475,0.219997
23476,0.2608943983289766
23477,0.01239062779644902
23478,0.044808322584082995
23479,0.022162278905594475
23480,0.0010276111129221858
23481,0.02291544989843767
23482,0.06287186493617439
23483,0.027851806979581242
23484,0.008651135398895964
23485,0.014239405231230495
23486,0.016299162422423637
23487,0.042093365148745655
23488,0.029783333250778952
23489,0.16332575729443527
23490,0.0920721363237212
23491,0.20937923222755456
23492,0.015439769885806238
23493,0.220016
23494,0.219997
23495,0.01786900866724486
23496,0.0139377020039614
23497,0.05710984041042785
23498,0.030355320595881925
23499,0.020099754072253284
23500,0.04751539610739375
23501,0.02281930598178009
23502,0.030926629484467994
23503,0.017755790864410082
23504,0.022434484107764028
23505,0.014447444846122854
23506,0.012238559564429995
23507,0.15690425599996521
23508,0.010356777932314655
23509,0.04787474716589828
23510,0.013782721570370523
23511,0.019465869428782288
23512,0.010149858196724933
23513,0.219997
23514,0.019665744894837696
23515,0.10518389301446406
23516,0.012662336039822114
23517,0.014990073727827326
23518,0.0437690583135749
23519,0.20459576173552652
23520,0.008971712922629455
23521,0.015240051032248474
23522,0.542104199373601
23523,0.07199332428819252
23524,0.021840989868471383
23525,0.11359126135075386
23526,0.02015208600887678
23527,0.015735501390187548
23528,0.08612172159368228
23529,0.03148578545173223
23530,0.21989712295659078
23531,0.1556173691699055
23532,0.219997
23533,0.025685040098799964
23534,0.03586790341015761
23535,0.039528405747389764
23536,0.040425870999806476
23537,0.010300406233509411
23538,0.012479927641924925
23539,0.017819041823947144
23540,0.06829120957613737
23541,0.0060745028050988225
23542,0.007282042657717945
23543,0.13755540811349046
23544,0.06538428665941293
23545,0.24379811799668813
23546,0.021349752608191375
23547,0.009949163450576087
23548,0.006775058525519806
23549,0.016044480925763407
23550,0.023422612722259324
23551,0.10353930150619903
23552,0.028965002844210722
23553,0.0277052160922849
23554,0.0375868503454298
23555,0.06262127850732696
23556,0.016433752211565043
23557,0.019886885814589608
23558,0.045822419450444594
23559,0.08703666934605273
23560,0.219997
23561,0.219997
23562,0.005723229963590099
23563,0.14258849900071713
23564,0.027965220771922546
23565,0.08828147430003841
23566,0.18029250161456034
23567,0.06480468034502752
23568,0.057237499928491135
23569,0.05224511587866636
23570,0.05910337091168093
23571,0.027976090499218828
23572,0.219997
23573,0.07309795249442298
23574,0.10050104235186196
23575,0.044320690294846685
23576,0.219997
23577,0.031572239774471135
23578,0.07414740172243174
23579,0.220016
23580,0.2885994775541429
23581,0.10219076583067092
23582,0.20607691448161178
23583,0.08533616965841165
23584,0.3819719861592604
23585,0.1759785429047656
23586,0.219997
23587,0.08477181514503687
23588,0.11820367619826398
23589,0.032490337333952304
23590,0.02818479343248859
23591,0.12207928250315421
23592,0.03844692104380714
23593,1.0
23594,0.219997
23595,0.06373512449346988
23596,0.02340084111084426
23597,0.14877315655319776
23598,0.03696891713782837
23599,0.04433477126543912
23600,0.029923499139795525
23601,0.025356662968690845
23602,0.16644122172486978
23603,0.220016
23604,0.5984487472766922
23605,0.44596537570741257
23606,0.020764198456040567
23607,0.219997
23608,0.220016
23609,0.03196574026552033
23610,0.0621854280139193
23611,0.04410608788751682
23612,0.08705760597745306
23613,0.09800397484576016
23614,0.0542862537131614
23615,0.5359464426494004
23616,0.219997
23617,0.219997
23618,0.8390184850509926
23619,0.14677453642137273
23620,0.5928682684078661
23621,0.02899000474697288
23622,0.05903007091724136
23623,0.349908
23624,0.07991288078267485
23625,0.09263748508518131
23626,0.02817857137206912
23627,0.1474386006890045
23628,0.1848314923285792
23629,0.15888384248954232
23630,0.1413533871245389
23631,0.046817909111855696
23632,0.128215262659598
23633,0.219997
23634,0.10607505562706569
23635,0.06869661214843549
23636,0.08452481308763833
23637,0.14112469701581135
23638,0.1240529848295077
23639,0.038880077430035284
23640,0.03760024594810329
23641,0.075569022128098
23642,0.17939353910900394
23643,0.08138627528330826
23644,0.13259512866706513
23645,0.219997
23646,0.08802331926307719
23647,0.220016
23648,0.03451641246319406
23649,0.05559728686206844
23650,0.06203663153751619
23651,0.022675020508896093
23652,0.5854816813599162
23653,0.219997
23654,0.06576410031077289
23655,0.349908
23656,0.5929469903223432
23657,0.015971328936111216
23658,0.009159327099891545
23659,0.08241366155237859
23660,0.00069928014038089
23661,0.02101819444282519
23662,0.013194431732976748
23663,0.08977373215505904
23664,0.1785178357592605
23665,0.219997
23666,0.267294918398867
23667,0.024782001480261696
23668,0.350009
23669,0.03551245745846317
23670,0.06129851974386231
23671,0.046677923897451394
23672,0.37290969236903393
23673,0.00041114598225172995
23674,0.026204592701848828
23675,0.05982978127515734
23676,0.1054964916983063
23677,0.14582151201624083
23678,0.4583735320977094
23679,0.1520345244857384
23680,0.07439365459911018
23681,0.057977911608912434
23682,0.15560614369175851
23683,0.13582574792129085
23684,0.015648047606676103
23685,0.012228830733186868
23686,0.055740860004737006
23687,0.026463083125678875
23688,0.11963667039132204
23689,0.162566744841491
23690,0.07168949755146777
23691,0.1136114229280735
23692,0.09952195277675066
23693,0.017732822094830913
23694,0.07119435908022959
23695,0.06952678254954373
23696,0.027782363343520827
23697,0.009502529968023098
23698,0.00727311422719828
23699,0.20745177825091501
23700,0.07218000112336302
23701,0.23473256932991293
23702,0.07155938085144767
23703,0.061321044303422195
23704,0.04606723476657975
23705,0.019890009752075746
23706,0.009701213217617202
23707,0.03604729906964628
23708,0.03881690206939626
23709,0.02617365739328529
23710,0.0352907305941193
23711,0.02852447393402822
23712,0.219997
23713,0.350009
23714,0.08470038112147739
23715,0.011250710181610684
23716,0.04257863664855512
23717,0.12102453889270631
23718,0.0246174905163504
23719,0.12769621093731232
23720,0.01956128776031754
23721,0.05337482195388705
23722,0.349908
23723,0.03351103512224517
23724,0.02576957579119035
23725,0.08470525793692679
23726,0.01001904481027317
23727,0.220016
23728,0.14788406945769883
23729,0.26927478130451304
23730,0.220016
23731,0.350009
23732,0.08791822408925411
23733,0.1411349334585986
23734,0.05496806324879106
23735,0.13073066461443775
23736,0.05748957398647285
23737,0.12438334453095203
23738,0.05125176344514171
23739,0.7684109375139407
23740,0.16065338478215235
23741,0.09845283565969484
23742,0.03675521788975173
23743,0.031239565040208375
23744,0.007586210357844399
23745,0.018857951091653165
23746,0.08812197553263294
23747,0.028435690587856593
23748,0.041076134775304016
23749,0.022159639226091106
23750,0.03035210876122406
23751,0.09408335933466513
23752,0.13358177086838127
23753,0.12130784806913365
23754,0.17648433983406048
23755,0.20935787386842053
23756,0.350009
23757,0.5231234475372759
23758,0.12318769350553017
23759,0.06709916082328626
23760,0.08074164367872107
23761,0.02367029156294911
23762,0.044089483487149576
23763,0.03587153245198227
23764,0.013278092616130065
23765,0.07140591912967734
23766,0.04299793788297608
23767,0.15683938328438077
23768,0.07047150608614798
23769,0.11825710592761582
23770,0.02645332706321258
23771,0.05931470360548918
23772,0.05718361359677998
23773,0.001219664208405135
23774,0.18318659149291333
23775,0.029912612470461876
23776,0.058906757148746734
23777,0.025401438026457744
23778,0.025046818205541055
23779,0.06832199098546417
23780,0.059362269661756145
23781,0.11783213285140945
23782,0.18593801260048473
23783,0.16310602313008057
23784,0.1309920407355123
23785,0.349908
23786,0.3042915238887727
23787,0.219997
23788,0.004255004936522079
23789,0.20309169300179886
23790,0.018408291415115765
23791,0.10641572439216242
23792,0.07676030570637893
23793,0.09170918816244494
23794,0.06461444540075854
23795,0.02333069740772978
23796,0.0583825606495151
23797,0.07669581938155805
23798,0.019351992485853568
23799,0.08482575646605096
23800,0.10993943690934875
23801,0.038970536453090523
23802,0.09331548398226552
23803,0.03775679369481673
23804,0.016312371239448765
23805,0.0071303382870747485
23806,0.011331983375177424
23807,0.16250149802192587
23808,0.025135223447867665
23809,0.03588096235712261
23810,0.219997
23811,0.14460653308203064
23812,0.21404588191339644
23813,0.349908
23814,0.17657521503745766
23815,0.21119678522429533
23816,0.07782972778178732
23817,0.14401224589012854
23818,0.10412561850545454
23819,0.13433056030804882
23820,0.13189472436747388
23821,0.0013424318912199453
23822,0.029570711099811763
23823,0.219997
23824,0.1918616543721017
23825,0.06458205754200777
23826,0.03504965116940019
23827,0.04360538209997578
23828,0.028658939706159837
23829,0.02460835867125719
23830,0.028551182086045773
23831,0.050438621540792074
23832,0.04629982587492165
23833,0.349908
23834,0.12207672124788124
23835,0.0688500714477497
23836,0.219997
23837,1.0
23838,0.11892079565102126
23839,0.02510646983363527
23840,0.350009
23841,0.105267626542683
23842,0.219997
23843,0.349908
23844,0.07191989994543938
23845,0.033432284829498185
23846,0.07599819484219528
23847,0.04032242131080158
23848,0.2195667039618818
23849,0.18258856889643185
23850,0.024504035375086945
23851,0.18217373158596767
23852,0.06079955897262586
23853,0.07312783605910057
23854,0.013679256226817807
23855,0.02976178106993759
23856,0.04400155326551582
23857,0.10432122058725499
23858,0.025129625647857964
23859,0.16085205595617522
23860,0.219997
23861,0.349908
23862,0.219997
23863,0.0678072028477993
23864,0.17038484521320282
23865,0.219997
23866,0.350009
23867,0.15882320801866634
23868,0.01610077254364822
23869,0.052809312429915836
23870,0.053640120874105045
23871,0.014792944735315812
23872,0.06228099329619674
23873,0.6383512129131328
23874,0.04526061074049796
23875,0.13279209535587927
23876,0.350009
23877,0.17891598392440786
23878,0.06331556414574176
23879,0.09181132267050403
23880,0.09329396667493414
23881,0.2615705226084312
23882,0.349908
23883,0.016068748149991114
23884,0.16795546717319762
23885,0.13530284469386705
23886,0.219997
23887,0.34104113998432517
23888,0.17924663187479378
23889,0.219997
23890,0.3750684114618912
23891,0.1452089819324934
23892,0.00560741766943933
23893,0.10216915722622855
23894,0.219997
23895,0.03122005904536412
23896,0.219997
23897,1.0
23898,0.032490002906031636
23899,0.574076012919971
23900,0.012145871716913254
23901,0.08393620730057601
23902,0.349908
23903,0.015394931457925984
23904,0.049403531538067355
23905,0.09450373246095237
23906,0.023817340609350618
23907,0.07241296575754966
23908,0.009363560975258272
23909,1.0
23910,0.220016
23911,0.2107383402221824
23912,0.349908
23913,0.219997
23914,0.219997
23915,0.7433432008408066
23916,0.6046611872651075
23917,0.349908
23918,0.23128551962937044
23919,0.2029669242228608
23920,1.0
23921,0.349908
23922,0.3831048442116605
23923,0.00943045127960985
23924,0.03892584783385169
23925,0.13325848500422777
23926,0.09389026792010771
23927,0.016602986697309127
23928,0.012150768884993819
23929,0.05578595751649771
23930,0.012935274833522699
23931,0.012289169203171437
23932,0.09099532829225876
23933,0.1500450079829505
23934,0.17494545323265215
23935,0.219997
23936,0.16170480726314346
23937,0.12043546982014879
23938,0.3295078271466255
23939,0.350009
23940,0.015563654307008054
23941,0.16225690882954916
23942,0.349908
23943,0.028003831272496855
23944,0.07265368717242981
23945,1.0
23946,1.0
23947,0.9199887799802785
23948,0.005579724697147967
23949,0.15601808392879968
23950,0.4350390295613931
23951,0.08116988963974009
23952,0.005442336109036381
23953,0.05862278494383817
23954,0.012007317870062756
23955,0.08903666912426975
23956,0.04747188403211059
23957,0.07084751122057625
23958,0.015723202302648523
23959,0.8503165758489352
23960,0.005531537112762096
23961,0.04400382552151682
23962,0.219997
23963,0.219997
23964,0.0694706107508056
23965,0.12266670840997226
23966,0.3709023408100687
23967,0.350009
23968,0.04457926836028425
23969,0.1024631750643805
23970,0.19393343236276017
23971,0.12572174824027108
23972,1.0
23973,1.0
23974,0.7588415134872258
23975,0.011576049274145263
23976,0.220016
23977,0.028203740662392673
23978,0.5471630370776976
23979,0.05497888290363377
23980,0.2826325755240994
23981,0.030879020618039252
23982,0.06507589823666399
23983,0.03563123103432596
23984,0.219997
23985,0.219997
23986,0.219997
23987,0.219997
23988,0.8012596178928996
23989,1.0
23990,0.3573388538628111
23991,0.219997
23992,0.14650459910129118
23993,0.10856776408376238
23994,0.20664662886079688
23995,0.20817449207859717
23996,0.10166551906989568
23997,0.15084853637253354
23998,0.2152809606081655
23999,0.10794482701540666
24000,0.15972852926626524
24001,0.03777893245817101
24002,1.0
24003,1.0
24004,1.0
24005,0.219997
24006,0.07721957307400112
24007,0.220016
24008,0.4184747661953861
24009,0.025172595430192585
24010,0.014605355716815031
24011,0.01976614184732654
24012,0.11236722976066163
24013,0.19451221602351443
24014,0.10333246099916892
24015,0.4254023048922333
24016,1.0
24017,0.03428776308769917
24018,0.1260528271019803
24019,0.219997
24020,0.219997
24021,0.16241739194795018
24022,0.41944782699351885
24023,0.3321587741558797
24024,0.016576302908991314
24025,0.06470471756621014
24026,0.12247498491386771
24027,0.12898581617861282
24028,0.03901398498037236
24029,0.05128242335494706
24030,0.30930287466461776
24031,0.350009
24032,0.28735257724978785
24033,0.20844205432168939
24034,0.11204151362808053
24035,0.01523749221354132
24036,0.17012275618790182
24037,0.19874769707584355
24038,0.0417691348630042
24039,0.07192742191115083
24040,0.05248905601623923
24041,0.003629252514080618
24042,0.045419792988938334
24043,0.08118536245249972
24044,0.38587115905926195
24045,1.0
24046,0.349908
24047,0.3027144969958025
24048,0.15927483086494199
24049,0.219997
24050,0.2866548658047927
24051,1.0
24052,0.05808904789891647
24053,0.05587979803418393
24054,0.0991054362609401
24055,0.028791664623096454
24056,0.219997
24057,0.219997
24058,0.349908
24059,0.48285666534544697
24060,0.33453587800102635
24061,0.219997
24062,1.0
24063,0.188016574589874
24064,0.022129768029177634
24065,0.23380951941405564
24066,0.220016
24067,0.03998633318317204
24068,0.04454419226914178
24069,0.3757122293017586
24070,0.09237916678675531
24071,0.031389741516189194
24072,0.0838975365634719
24073,0.057560431784600824
24074,0.219997
24075,0.7462913910002021
24076,0.349908
24077,0.7732361588205097
24078,0.349908
24079,0.219997
24080,0.1673259384438617
24081,0.33336516061028526
24082,0.005347639014570261
24083,0.219997
24084,0.039891198236178246
24085,0.07835534718468147
24086,0.47462247860828055
24087,0.23761103206027312
24088,0.04629012758854801
24089,0.7152194696451057
24090,0.349908
24091,0.008831128381516954
24092,0.09753846651616419
24093,0.15931057689107195
24094,0.14703544231926666
24095,0.01645753902300361
24096,0.07364806376458624
24097,0.04594254251409351
24098,0.17935070812856826
24099,0.13899860935982325
24100,0.219997
24101,0.7680601372546377
24102,1.0
24103,0.7875192105290773
24104,0.4694872373532261
24105,1.0
24106,0.19047331238352408
24107,0.07040736776997192
24108,0.056542096500531706
24109,0.2104354861418586
24110,0.219997
24111,0.04931119044022106
24112,0.061017524734921585
24113,0.16423139227695632
24114,0.20190567388821676
24115,0.027240385971773494
24116,0.0029776256618213068
24117,0.03220843598716614
24118,0.05535832408527726
24119,0.062449889132365995
24120,0.02898083227473867
24121,0.061972127448008514
24122,0.02817942497679121
24123,0.01994680802376756
24124,0.04816118581425723
24125,0.13716204016280495
24126,0.07330823803488269
24127,0.1034783892560794
24128,0.2821691161995453
24129,0.219997
24130,0.350009
24131,1.0
24132,1.0
24133,0.349908
24134,0.220016
24135,0.09993604887497391
24136,0.1562889059699437
24137,0.02047887344069005
24138,0.019673384603511125
24139,1.0
24140,0.0811130510276125
24141,0.030451773449378213
24142,0.1840870167852685
24143,0.041588869848380054
24144,0.06452995339000234
24145,0.03960713906659921
24146,0.11024975460021044
24147,0.015160599008383933
24148,0.03544376194181349
24149,0.008420871192446791
24150,0.042778563743134795
24151,0.0009883662476602927
24152,0.07705873927180325
24153,0.17448903391035983
24154,0.19301834685526797
24155,1.0
24156,0.4845018004211974
24157,0.349908
24158,1.0
24159,0.803730825187036
24160,0.7773904989698806
24161,0.24135041126378484
24162,0.049699145370136665
24163,0.00573457508471404
24164,0.040311225852815234
24165,0.0165436107140063
24166,0.047219682211388614
24167,0.05172091479605229
24168,0.1313066974802221
24169,0.6896024468311017
24170,0.220016
24171,0.4896933559698391
24172,0.07095302713379274
24173,0.09767797997965655
24174,0.219997
24175,0.16661912299936774
24176,0.220016
24177,0.004918079803222711
24178,0.08279439012400056
24179,0.219997
24180,1.0
24181,0.43682084630789625
24182,1.0
24183,0.349908
24184,0.349908
24185,0.219997
24186,0.219997
24187,0.023876340391933374
24188,0.011958892141389666
24189,0.034045592726577534
24190,0.16862048565379686
24191,0.21078506300538238
24192,0.07790129969458758
24193,0.219997
24194,0.032039550868823805
24195,0.08452997816618855
24196,0.021150687354697963
24197,0.24118212822679172
24198,0.034892276318411006
24199,0.026736363433973682
24200,0.19547201476315565
24201,0.349908
24202,0.0370014506118074
24203,0.220016
24204,0.21986440636988286
24205,0.05494632237349469
24206,0.20518226082418553
24207,0.0111484315551704
24208,0.1438352899858139
24209,0.15065859465057227
24210,0.05012077709920016
24211,0.1543400396957126
24212,0.1675698500849172
24213,0.07679762266723127
24214,0.012734444250010461
24215,0.219997
24216,0.013808193011681106
24217,0.220016
24218,0.01374590689917181
24219,0.024929481438380568
24220,0.18051835709218955
24221,0.07196717149510552
24222,0.08779854355101531
24223,0.09808351290148054
24224,0.219997
24225,0.5973616174861279
24226,0.9800284094095476
24227,0.19129545324147323
24228,0.018621325298456837
24229,0.018694893622077387
24230,0.03514531279120793
24231,0.06886032936164103
24232,0.1313165726520623
24233,0.20846672419222267
24234,0.000558465421501505
24235,0.028384784492713085
24236,0.0192291305477693
24237,0.013095634714807033
24238,0.027850234672551034
24239,0.007986605167038044
24240,0.05114326928723816
24241,0.011114349274914637
24242,0.13503380542887983
24243,0.11359648801824875
24244,0.5538373580052224
24245,0.041860362750886414
24246,0.023119731717683903
24247,0.02734557812165239
24248,0.06592446768206925
24249,0.19190729533961826
24250,0.5634756138082053
24251,0.19713455326370116
24252,0.019674259564499873
24253,0.016355043506547436
24254,0.220016
24255,0.021083020611771662
24256,0.025051208690889438
24257,0.023529849750672346
24258,0.07364178713596982
24259,0.220016
24260,0.048491598585718255
24261,0.027709579140844456
24262,0.0034957087129927973
24263,0.27192190086091866
24264,0.05006234321345276
24265,0.016147476668212004
24266,0.013311357014512522
24267,0.219997
24268,0.0704405304701305
24269,0.08011681482827782
24270,0.02656551752144172
24271,0.05412593997384324
24272,0.06532678234255489
24273,0.350009
24274,0.042248349970204435
24275,0.07027683830050485
24276,0.03294715931072061
24277,0.05207387163850578
24278,0.0976505264250888
24279,0.2765461735573058
24280,0.08727876820941576
24281,0.26778701001305016
24282,0.09239966464769839
24283,0.04571031434317765
24284,0.012924010897962992
24285,0.013244507490883333
24286,0.03289091026682661
24287,0.349908
24288,0.219997
24289,0.037118617723620774
24290,0.11737038932160822
24291,0.08658224798028015
24292,0.014987838882592598
24293,0.5907419944472422
24294,1.0
24295,0.220016
24296,0.10879438781869019
24297,0.0020161806466250615
24298,0.14332427607434947
24299,0.0923750172433711
24300,0.053465282535319965
24301,0.18532401819143543
24302,0.13566711959299949
24303,0.12150003122522862
24304,1.0
24305,0.02710242347173442
24306,0.15742822382145436
24307,0.02321812399503758
24308,0.16194141823214275
24309,0.08874638489153226
24310,0.051396721217764084
24311,0.0361213635059625
24312,0.16171843484417442
24313,0.349908
24314,0.10600322379377768
24315,0.220016
24316,0.039006933367225556
24317,0.05407474910484873
24318,0.17917947736142412
24319,0.02847405663102687
24320,0.047473775814107326
24321,0.0762629073725891
24322,0.07085572642411633
24323,0.03360085477790849
24324,0.025235506421728317
24325,0.08913060657611466
24326,0.04960605704548094
24327,0.1692970110229016
24328,0.037399613442360806
24329,0.03605628369566015
24330,0.03902505056902414
24331,0.1570534839043729
24332,0.0980907289177127
24333,0.04733214544115404
24334,0.02038573711870767
24335,1.0
24336,0.014705467885023681
24337,0.2064555340011938
24338,0.10537563850048781
24339,0.06911342146809328
24340,0.09643165977074855
24341,0.07078761011087191
24342,0.008746373615026932
24343,0.219997
24344,0.045426514112884155
24345,0.025043718265644662
24346,0.057591575869079155
24347,0.2401529110110487
24348,0.007996187333643866
24349,0.016497843063492182
24350,0.220016
24351,0.03972554015395345
24352,0.010549892845759478
24353,0.36680101667386983
24354,0.06361410667894439
24355,0.028017467249908754
24356,0.007728452054119408
24357,0.035678219477156436
24358,0.014623292202373413
24359,0.08570666363594448
24360,0.041631951979563
24361,0.219997
24362,0.1412593381050435
24363,0.010091958158795957
24364,0.14096909092770893
24365,0.219997
24366,0.1619407916070789
24367,0.19579295959034512
24368,0.11529884542181114
24369,0.05039047898199628
24370,0.02503354060601818
24371,0.220016
24372,0.219997
24373,0.31112649655731595
24374,0.01239062779644902
24375,0.06700532491849094
24376,0.02182352476552836
24377,0.018596820549284392
24378,0.02291544989843767
24379,0.00440039584434839
24380,0.012608405284596388
24381,0.026658896107703067
24382,0.014239405231230495
24383,0.022567243024247414
24384,0.03738065706465044
24385,0.0015539484927886602
24386,0.012911057073788165
24387,0.11154604504580014
24388,0.06610534888651703
24389,0.219997
24390,0.007497571344317799
24391,0.049207323598176596
24392,0.013010054404384264
24393,0.31584165864994507
24394,0.012356079192208509
24395,0.07581721812167913
24396,0.0044019526113274554
24397,0.03658454214712444
24398,0.08045113608787469
24399,0.019510224802009174
24400,0.007825357558921785
24401,0.04808720696035039
24402,0.022434484107764028
24403,0.014447444846122854
24404,0.012238559564429995
24405,0.19424252165281916
24406,0.09836197010929146
24407,0.04826839716239798
24408,0.000922566813144557
24409,0.06267301116497923
24410,0.04582856034427104
24411,0.04060114245853469
24412,0.04980486388566848
24413,0.02072497752467527
24414,0.219997
24415,0.037520708246128597
24416,0.055765372634991116
24417,0.012662336039822114
24418,0.014990073727827326
24419,0.02689075353956937
24420,0.01795663032921498
24421,0.002923049895547625
24422,0.11672564159637971
24423,0.002463130429645692
24424,0.020665361943718624
24425,0.015240051032248474
24426,0.014951031741806715
24427,0.5765709409898399
24428,0.08205260602224809
24429,0.11297259757229884
24430,0.219997
24431,0.005675521983393095
24432,0.05668076164606378
24433,0.03666574157648155
24434,0.219997
24435,0.19651044271502313
24436,0.219997
24437,0.017965344705600912
24438,0.045703955697387416
24439,0.07567748159557697
24440,0.04344644749213049
24441,0.02710266334702558
24442,0.028069374229872948
24443,0.013146441924702466
24444,0.07698790840713858
24445,0.006464295320090527
24446,0.009707705043874219
24447,0.14023234756119235
24448,0.14690852544276653
24449,0.05360777433032624
24450,0.219997
24451,0.021349752608191375
24452,0.04328337522253361
24453,0.02323437950216246
24454,0.031509336708586015
24455,0.04997357226098434
24456,0.015892303670419827
24457,0.05539088412186241
24458,0.014727180399117981
24459,0.016433752211565043
24460,0.0387425413127825
24461,0.3153853961354851
24462,0.219997
24463,0.028861096624487968
24464,0.1753517690283412
24465,0.07212573131854055
24466,0.09754842190292992
24467,0.1051384433249223
24468,0.06480468034502752
24469,0.04482941519958702
24470,0.050450998416949396
24471,0.013672001875356509
24472,0.219997
24473,0.1334057573949182
24474,0.04409951332393735
24475,0.142181638547794
24476,0.220016
24477,0.00631050847306329
24478,0.02169324449666878
24479,0.220016
24480,0.010503947464676932
24481,0.2442371448336899
24482,0.04528209292580514
24483,0.219997
24484,0.04100610218323885
24485,0.03870243208873884
24486,0.219997
24487,0.04356741483988206
24488,0.07027623301145985
24489,0.015565870100567729
24490,0.14794655503696819
24491,0.018671057093033003
24492,0.9920839328014803
24493,0.220016
24494,0.06983888330675393
24495,0.219997
24496,0.10571631009779028
24497,0.054630166188378036
24498,0.005639603241537637
24499,0.023230657815168126
24500,0.030117241066498823
24501,0.20247117611954016
24502,0.350009
24503,0.3595366885447694
24504,0.37802400004031916
24505,0.06971152553613431
24506,0.16133876420492482
24507,0.219997
24508,0.219997
24509,0.013890938457933414
24510,0.021908460436276058
24511,0.10687340336170022
24512,0.062215704357005304
24513,0.13023441399463292
24514,0.219997
24515,0.1628143102102818
24516,0.5228735763123323
24517,0.15195823269246606
24518,0.350009
24519,0.546981464229383
24520,0.219997
24521,0.011813442474849178
24522,0.3963051514833119
24523,0.04666577256770961
24524,0.028076446027249305
24525,0.349908
24526,0.18174668266820304
24527,0.036781102684700896
24528,0.022669321402169616
24529,0.17614304867226915
24530,0.13536787934439118
24531,0.05408007347750161
24532,0.1273207786123567
24533,0.0489714697102209
24534,0.053052953281088236
24535,0.1481190646391935
24536,0.219997
24537,0.052577652836414704
24538,0.09363772529301301
24539,0.08898157145492723
24540,0.20140575107146866
24541,0.1288638146387798
24542,0.044562892202617
24543,0.00906817213408312
24544,0.075569022128098
24545,0.16724191410042571
24546,0.04200576981356554
24547,0.007357376187523761
24548,0.20004621585830148
24549,0.06370727301878608
24550,0.25075277092190756
24551,0.019329010681564396
24552,0.044302148671771686
24553,0.02473930716495364
24554,0.05581342299696385
24555,0.0355715101398712
24556,0.026495594170723655
24557,0.5966650419989556
24558,0.15203538707985906
24559,0.17468948489137243
24560,0.16545907163854653
24561,0.219997
24562,0.08041080114062467
24563,0.05694722119871733
24564,0.009181542400154417
24565,0.16999396284061236
24566,0.08272729550054587
24567,0.219997
24568,0.25173832709078825
24569,0.024782001480261696
24570,0.350009
24571,0.07041689467128391
24572,0.014854908643907875
24573,0.02778118165238505
24574,0.349908
24575,0.07973160938532094
24576,0.013247998984880308
24577,0.0005785595957756917
24578,0.05803505107221263
24579,0.0036617591184882024
24580,0.038674931365965434
24581,0.1735134599325284
24582,0.47824364193632474
24583,0.219997
24584,0.11038025718772296
24585,0.004413612192933096
24586,0.06308667339504821
24587,0.14125307402927373
24588,0.1364460955548395
24589,0.015648047606676103
24590,0.038594360475946415
24591,0.0030597398110577298
24592,0.1328330968828066
24593,0.17706397248195885
24594,0.1069746032194077
24595,0.08928086495020579
24596,0.10968389042240632
24597,0.017732822094830913
24598,0.07963749383830632
24599,0.08330531970714743
24600,0.014468400656088846
24601,0.04757262295982454
24602,0.219997
24603,0.11770974172788878
24604,0.350009
24605,0.040498496759222576
24606,0.03055873030747749
24607,0.03680687589036578
24608,0.031790952797956684
24609,0.016215507613025322
24610,0.02876165473144355
24611,0.07090397810168354
24612,0.07344521133271932
24613,0.05794203134085252
24614,0.04607463460673415
24615,0.3189884226230587
24616,0.350009
24617,0.041592356818639736
24618,0.07465491205776711
24619,0.04257863664855512
24620,0.07563460441590598
24621,0.08489610860524131
24622,0.10131927136583617
24623,0.022365632632726548
24624,0.01956128776031754
24625,0.10419892403265267
24626,0.3352735236729552
24627,0.05629265439774151
24628,0.022443283386642948
24629,0.0941700123417462
24630,0.01001904481027317
24631,0.220016
24632,0.11685261675540108
24633,0.350009
24634,0.350009
24635,0.350009
24636,0.12362156077454112
24637,0.08638113866903825
24638,0.04842879446624684
24639,0.10543252023840585
24640,0.05461492920099108
24641,0.16502591845345047
24642,0.13106921164028829
24643,0.8278319246019574
24644,0.08178953220869391
24645,0.0271503731683083
24646,0.15652870761419277
24647,0.015207829880399029
24648,0.04502374485256848
24649,0.0241436088320285
24650,0.012914086200559024
24651,0.018857951091653165
24652,0.06433687018767417
24653,0.0793406563765876
24654,0.049419677719617514
24655,0.048797432636623436
24656,0.027804794150125392
24657,0.03790757469093422
24658,0.10211179539828567
24659,0.17319067971043456
24660,0.12489031560945352
24661,0.11644066049453215
24662,0.1596863556554782
24663,0.350009
24664,0.5527482983526947
24665,0.15690078559100695
24666,0.0521155649716476
24667,0.14978627329811117
24668,0.03819845490787799
24669,0.07280605436166239
24670,0.048723365619037645
24671,0.046259163549267686
24672,0.06250457743184683
24673,0.1872630852550215
24674,0.05715503721118094
24675,0.16783991126190087
24676,0.048155031228866954
24677,0.051830049958253084
24678,0.04291340322427222
24679,0.01101415915336889
24680,0.17947506186007198
24681,0.014840161697676386
24682,0.12352133144975386
24683,0.012435162788911358
24684,0.02217977987367806
24685,0.026019016052619928
24686,0.06200931530282801
24687,0.09437867200381388
24688,0.19687893322024014
24689,0.13783007449567788
24690,0.19035518324869655
24691,0.35927983006920805
24692,0.29207432342864165
24693,0.349908
24694,0.004005256559304661
24695,0.1442886472460926
24696,0.0056471609711573854
24697,0.12606865544176762
24698,0.07878134564940605
24699,0.07298047050662637
24700,0.01467020907717498
24701,0.029511887568926507
24702,0.1182734182688244
24703,0.08119013120553917
24704,0.04894242671370455
24705,0.08183221498741748
24706,0.0852688726813029
24707,0.016691326220456968
24708,0.1573261255809666
24709,0.04670358997972351
24710,0.02210282060678058
24711,0.219997
24712,0.023228659467155837
24713,0.04936728457207145
24714,0.219997
24715,0.11990955887728967
24716,0.1866137427649148
24717,0.349908
24718,0.1814024226228664
24719,0.178287849182058
24720,0.07986373486132813
24721,0.220016
24722,0.11728603493518802
24723,0.09933484882053627
24724,0.11786240395477682
24725,0.007753560048333461
24726,0.015450864846302412
24727,0.05739051378116357
24728,0.349908
24729,0.10261202448325858
24730,0.11641503999301532
24731,0.047232922279626256
24732,0.05200446650149733
24733,0.028658939706159837
24734,0.035597849239435105
24735,0.051229381348416696
24736,0.047765279071159884
24737,0.349908
24738,0.14571894952598166
24739,0.032571959645967
24740,0.12316863322184206
24741,1.0
24742,0.17219594012481257
24743,0.052201896894970554
24744,0.350009
24745,0.11320917829700887
24746,0.32347430927125853
24747,0.349908
24748,0.12061693898852875
24749,0.14380099713844188
24750,0.02271702969663883
24751,0.17388576964480584
24752,0.1817617367006461
24753,0.03237293795085326
24754,0.19049484469781036
24755,0.043075629972529
24756,0.013476381225103206
24757,0.10860624325300973
24758,0.03766388814216665
24759,0.08207214529236782
24760,0.1643308397401324
24761,0.025129625647857964
24762,0.1809480019614008
24763,0.219997
24764,0.349908
24765,0.21353085674007208
24766,0.04502402068369569
24767,0.14282422263719996
24768,0.219997
24769,0.350009
24770,0.17628231633368563
24771,0.03859234245214347
24772,0.12697905350692135
24773,0.06426016579853652
24774,0.00322794088530843
24775,0.10519584421236264
24776,0.7506495188400508
24777,0.015786820946935336
24778,0.21979185305484963
24779,0.40886277729269654
24780,0.17328367296550998
24781,0.08739661851443553
24782,0.015316398016782065
24783,0.060989873122525004
24784,0.11703030237244781
24785,0.2969506983692193
24786,0.38693219049542715
24787,0.016068748149991114
24788,0.220016
24789,0.15449999731506892
24790,0.31557838309360986
24791,0.29345427991629325
24792,0.14465425889747502
24793,0.219997
24794,0.3896712464470821
24795,0.16095251720038609
24796,0.09258779866485115
24797,0.17361598781895793
24798,0.06665659283538093
24799,0.2518556772947298
24800,1.0
24801,0.1307952916232553
24802,0.07968413858855611
24803,0.4880467242423196
24804,0.08841421680578583
24805,0.058360111682398304
24806,0.219997
24807,0.0008721152745303551
24808,0.09690236201385631
24809,0.1258788473740701
24810,0.021482078878210412
24811,0.13029709213380927
24812,0.004576844864927322
24813,1.0
24814,0.350009
24815,0.16211519632198262
24816,0.349908
24817,0.219997
24818,0.3193492535014101
24819,0.6296598827811256
24820,0.349908
24821,0.02587488640889043
24822,0.2622303211378217
24823,0.220016
24824,0.13221284022613655
24825,1.0
24826,0.349908
24827,0.349908
24828,0.00943045127960985
24829,0.03280745510659143
24830,0.220016
24831,0.14166384077260633
24832,0.03144907617983303
24833,0.029750149805054086
24834,0.004560819022663468
24835,0.06067792531285711
24836,0.010416897742191508
24837,0.012289169203171437
24838,0.05136087144881802
24839,0.220016
24840,0.1279622984540131
24841,0.1806475879961783
24842,0.13531363703415356
24843,0.1671085537984406
24844,0.350009
24845,0.24270419513557814
24846,0.011165790092232356
24847,0.17738424463789793
24848,0.32753250971324194
24849,0.00722526392716637
24850,0.0780863168138418
24851,1.0
24852,1.0
24853,0.86704101172158
24854,0.0305561586453807
24855,0.024850483663962045
24856,0.15169694046167737
24857,0.45446170086922666
24858,0.12685099325217614
24859,0.036644951055168073
24860,0.09514128302394446
24861,0.09240423265438355
24862,0.08727043092623243
24863,0.015723202302648523
24864,0.8769309057563538
24865,0.02641577546472733
24866,0.08595401099759908
24867,0.15677118704509263
24868,0.14506390123547336
24869,0.05900939365262353
24870,0.13476292101250847
24871,0.36450590054421445
24872,0.350009
24873,0.014930271587762554
24874,0.10992571790371915
24875,0.14456655836186785
24876,0.11872567170435508
24877,1.0
24878,1.0
24879,0.7816209521408751
24880,0.220016
24881,0.03719281048963046
24882,0.012468541762957367
24883,0.6345307823410337
24884,0.06001552746361022
24885,0.2918770609774523
24886,0.03704539991889901
24887,0.1267826741203601
24888,0.01665269849107031
24889,0.219997
24890,0.21458375725984263
24891,0.2185006648305305
24892,0.219997
24893,0.7435226077487952
24894,1.0
24895,0.41533086959095955
24896,0.219997
24897,0.12782241858946375
24898,0.07464598661424156
24899,0.1923174621308535
24900,0.1992067667071398
24901,0.08084081269167012
24902,0.033657964245922455
24903,0.20399504323125608
24904,0.219997
24905,0.09515481393173748
24906,0.19315598324230157
24907,0.02969101615650431
24908,1.0
24909,1.0
24910,1.0
24911,0.219997
24912,0.0663962234592439
24913,0.2651927556321202
24914,0.5592568610259586
24915,0.0029539522733482496
24916,0.0028441533406810423
24917,0.015694943084940828
24918,0.015221432762215485
24919,0.12753948316121227
24920,0.10458240155054382
24921,0.11631048855912558
24922,0.4884152179019128
24923,1.0
24924,0.09509955023813242
24925,0.10891452569787115
24926,0.15971927173502293
24927,0.219997
24928,0.10706603491009584
24929,0.3752660799285122
24930,0.219997
24931,0.04121840891093077
24932,0.08801261058323705
24933,0.0743144871215356
24934,0.14629501198876005
24935,0.10673410739857152
24936,0.04119114414515641
24937,0.29093315873303754
24938,0.24654748898730308
24939,0.219997
24940,0.1786971687936903
24941,0.03586977348573616
24942,0.051461058470169074
24943,0.16861616247409256
24944,0.2659879097968902
24945,0.03964170247016389
24946,0.0900958226365261
24947,0.057963163953830395
24948,0.02552714976523694
24949,0.06406530232929203
24950,0.08339511146400568
24951,0.3537204187045556
24952,1.0
24953,0.3554039372909296
24954,0.219997
24955,0.20008688168213648
24956,0.219997
24957,0.219997
24958,1.0
24959,0.15363048015202227
24960,0.06421796048801831
24961,0.03292832283643295
24962,0.27257228480816703
24963,0.219997
24964,0.350009
24965,0.48095655088956635
24966,0.43961023608625555
24967,0.32007432567884336
24968,1.0
24969,0.19264791017421465
24970,0.03450817436793239
24971,0.220016
24972,0.24271976948127943
24973,0.04699670967740999
24974,0.02435995591786187
24975,0.349908
24976,0.11973986338714046
24977,0.06876487209532954
24978,0.09327491702820186
24979,0.09715636525765893
24980,0.219997
24981,0.5460181214119154
24982,0.349908
24983,0.8497273149663308
24984,0.349908
24985,0.219997
24986,0.20659154488286002
24987,0.38967342008638434
24988,0.047860520876191325
24989,0.219997
24990,0.07116047503346505
24991,0.08344075151783797
24992,0.3643446883860572
24993,0.2842823058725045
24994,0.05418372532455754
24995,0.5907127475158367
24996,0.32895277265655615
24997,0.007845060057369818
24998,0.10015678895853354
24999,0.21293410276507121
25000,0.0479431115997885
25001,0.01645753902300361
25002,0.017823736953854388
25003,0.01310238925336815
25004,0.0861526034597073
25005,0.1075989229605961
25006,0.1299714151202436
25007,0.16518209309845827
25008,0.1981627560879953
25009,0.7246108790678057
25010,1.0
25011,0.6962871926862028
25012,0.4164335778507805
25013,1.0
25014,0.16081214608544525
25015,0.0788279889846871
25016,0.07028122290981492
25017,0.20436826325862362
25018,0.219997
25019,0.0420691734460247
25020,0.0646892827705989
25021,0.006142411299433427
25022,0.219997
25023,0.035098444227404026
25024,0.027240385971773494
25025,0.06987962376596712
25026,0.09202749198845435
25027,0.021364646031054434
25028,0.005325487651946555
25029,0.002479659134251586
25030,0.029262782646409642
25031,0.02199833740692885
25032,0.054355590893236126
25033,0.10612069113037662
25034,0.06840450769883519
25035,0.09358069768744319
25036,0.4063438117713194
25037,0.30537402428941923
25038,0.350009
25039,1.0
25040,1.0
25041,0.5406066142392848
25042,0.220016
25043,0.02314872795701333
25044,0.021429358582419646
25045,0.09445005592232943
25046,0.219997
25047,0.02047887344069005
25048,0.013546094859866192
25049,1.0
25050,0.13840165887740394
25051,0.030414793571227942
25052,0.1070154604662662
25053,0.1536190843962359
25054,0.21199187663870714
25055,0.054346057002369136
25056,0.04476772005667246
25057,0.007110296057280478
25058,0.025941880350445395
25059,0.04346546464917376
25060,0.014144061531726973
25061,0.0815568238054806
25062,0.147688168670723
25063,0.1976972190426173
25064,1.0
25065,0.5726240391292027
25066,0.349908
25067,1.0
25068,0.7237763860007584
25069,0.7306916049555658
25070,0.3288099222848575
25071,0.0025079304261657522
25072,0.019766118158820494
25073,0.035568042754755703
25074,0.0681188364158762
25075,0.043252524648086065
25076,0.0949716414273451
25077,0.8489332396734887
25078,0.220016
25079,0.4495808541687202
25080,0.06227234573105814
25081,0.15814156729014844
25082,0.13016336962750458
25083,0.16426699979854617
25084,0.3260527679842019
25085,0.220016
25086,0.00552294660110203
25087,0.07938998138714268
25088,0.219997
25089,1.0
25090,0.350009
25091,1.0
25092,0.45418404206825996
25093,0.349908
25094,0.219997
25095,0.29034912869175905
25096,0.05367576394088196
25097,0.045019473436824026
25098,0.013417940505045124
25099,0.016267322095993436
25100,0.036073416770131185
25101,0.034045592726577534
25102,0.219997
25103,0.219997
25104,0.15318445526539368
25105,0.349908
25106,0.016919123281633
25107,0.1017094577422819
25108,0.0021176627375361617
25109,0.350009
25110,0.00835605038988639
25111,0.020822200318620275
25112,0.13775950050556185
25113,0.349908
25114,0.08124874199174277
25115,0.0015692304255473704
25116,0.2930118402302801
25117,0.219997
25118,0.08210068200709175
25119,0.16793755831523854
25120,0.03765993246630801
25121,0.16024623769765078
25122,0.19019116990313628
25123,0.05012077709920016
25124,0.18622355826503548
25125,0.10972620185838146
25126,0.08438373692507976
25127,0.0681860280446705
25128,0.012734444250010461
25129,0.2323297158501926
25130,0.013808193011681106
25131,0.14751388400053006
25132,0.059973979254678025
25133,0.04473546878045755
25134,0.219997
25135,0.03746940075865866
25136,0.03536229897294947
25137,0.011216976298149979
25138,0.1135304950551482
25139,0.219997
25140,0.5087371467792
25141,1.0
25142,0.21252212646290713
25143,0.018621325298456837
25144,0.012123665489413599
25145,0.0074468527212749255
25146,0.03514531279120793
25147,0.0936838657373502
25148,0.021517806346969228
25149,0.07097889743911698
25150,0.220016
25151,0.0070393833129695155
25152,0.011698266102304537
25153,0.019781783710363283
25154,0.02736758590565922
25155,0.01327724377820155
25156,0.028347243206234506
25157,0.21365905914659156
25158,0.1520540933848219
25159,0.7196744861823651
25160,0.02267740140939314
25161,0.0028138200830252584
25162,0.04573074853729003
25163,0.08921476656410855
25164,0.219997
25165,0.5663075418642705
25166,0.219997
25167,0.013427689313034298
25168,0.220016
25169,0.04395861691448757
25170,0.051299310866632204
25171,0.06754724514768183
25172,0.219997
25173,0.06305282221230131
25174,0.019918977498370398
25175,0.027709579140844456
25176,0.016901986162801794
25177,0.23961368557724116
25178,0.05006234321345276
25179,0.02547356533015235
25180,0.008427706912408801
25181,0.219997
25182,0.18215788331605937
25183,0.11646745815610224
25184,0.038183559082681284
25185,0.037827946680159784
25186,0.029719440284785077
25187,0.350009
25188,0.06125763276167633
25189,0.019738746581167546
25190,0.023188941864390994
25191,0.06470487237722365
25192,0.0747910594633016
25193,0.2660980797260876
25194,0.06071349622970421
25195,0.2349534488082691
25196,0.14505154933338094
25197,0.059609063762234724
25198,0.08611490001451508
25199,0.08070869708298532
25200,0.031801586356555035
25201,0.349908
25202,0.024735561857313106
25203,0.219997
25204,0.040701189937315925
25205,0.08193757769938814
25206,0.13192411788788472
25207,0.014987838882592598
25208,0.578212060426414
25209,1.0
25210,0.18096980765337778
25211,0.07937953415057505
25212,0.1537924277631029
25213,0.0794699733720367
25214,0.06996571441369476
25215,0.220016
25216,0.16836773276781178
25217,0.10922673331237168
25218,1.0
25219,0.02710242347173442
25220,0.11721936184916154
25221,0.00039181803506646324
25222,0.11274441980815283
25223,0.04839965363284542
25224,0.01969471855626885
25225,0.03409951162560402
25226,0.15318391600904466
25227,0.43531134679715094
25228,0.0985484678224509
25229,0.220016
25230,0.0035014996728014646
25231,0.1983991345120928
25232,0.010304125872167813
25233,0.1801267913406365
25234,0.04626072764084741
25235,0.025136359121249112
25236,0.06143391030115359
25237,0.1034344990122775
25238,0.041255369582434406
25239,0.018391123461840155
25240,0.1272577672672947
25241,0.05263724710856421
25242,0.219997
25243,0.04892382836835552
25244,0.020066768332090937
25245,0.04062385496239838
25246,0.002539503511864968
25247,0.16451571423911057
25248,0.08613965891604466
25249,0.03316076839033945
25250,0.04353903550151438
25251,1.0
25252,0.023424524467736737
25253,0.19328260581957044
25254,0.10755032687036926
25255,0.0036224160564586076
25256,0.07192403489097703
25257,0.056489830942031874
25258,0.021433267756993606
25259,0.013761122377671626
25260,0.349908
25261,0.07749640752289169
25262,0.009644148597183374
25263,0.05935728633375371
25264,0.219997
25265,0.002389833237358409
25266,0.016497843063492182
25267,0.08478903176913677
25268,0.048570124669906053
25269,0.03218774849098479
25270,0.08268935116602547
25271,0.350009
25272,0.040839048443581716
25273,0.028017467249908754
25274,0.007728452054119408
25275,0.01335396250180608
25276,0.004923623104556701
25277,0.12434171260274544
25278,0.01045676965309795
25279,0.045595917000043736
25280,0.33277471793876956
25281,0.08999004019182104
25282,0.0020838179795786573
25283,0.02179962997466156
25284,0.12792837266870546
25285,0.219997
25286,0.1848875107005512
25287,0.14617650749937275
25288,0.12966834288065243
25289,0.07399225352145365
25290,0.04462337277278394
25291,0.03136225648400672
25292,0.10835173938923634
25293,0.26241017897891283
25294,0.24839703512611777
25295,0.01239062779644902
25296,0.07083152984582226
25297,0.05174674911701624
25298,0.013336783066210361
25299,0.009135901603439854
25300,0.01754229415869186
25301,0.013628486466231946
25302,0.03408779924345213
25303,0.026658896107703067
25304,0.014239405231230495
25305,0.022567243024247414
25306,0.008598986200336502
25307,0.014947330823458463
25308,0.01168670375120576
25309,0.013621999786174765
25310,0.0736118501445648
25311,0.1696018037082913
25312,0.007497571344317799
25313,0.015439769885806238
25314,0.15291048282516576
25315,0.350009
25316,0.06613668082634329
25317,0.004749629949390331
25318,0.021892321057019347
25319,0.040937260296543126
25320,0.012783718164918294
25321,0.0047931789778491935
25322,0.019510224802009174
25323,0.021583046469866016
25324,0.014447444846122854
25325,0.219997
25326,0.07912696174429061
25327,0.0858406587208595
25328,0.01921882351718023
25329,0.01880945984544907
25330,0.011245178430161838
25331,0.010907773038238018
25332,0.019006720629372576
25333,0.0141071875315194
25334,0.219997
25335,0.02583032504359881
25336,0.08677961794863956
25337,0.012662336039822114
25338,0.014990073727827326
25339,0.09375385303629913
25340,0.017201496395451793
25341,0.025610858589952896
25342,0.08140938988000358
25343,0.014951031741806715
25344,0.5772377109044883
25345,0.09516781563513713
25346,0.0862165085125765
25347,0.20659296576726954
25348,0.09816449168940047
25349,0.011845739833403039
25350,0.016211316423555323
25351,0.003340293113186818
25352,0.2052549886420186
25353,0.02897959628045543
25354,0.1607248971432075
25355,0.219997
25356,0.02311997409061241
25357,0.09964305352097617
25358,0.0009990662734884628
25359,0.08755861968899822
25360,0.02145556858720255
25361,0.0005054227156873419
25362,0.06403512579734913
25363,0.013991380085791854
25364,0.002625273521235976
25365,0.01249338391050744
25366,0.1367520754909313
25367,0.08231187619725608
25368,0.042748899319939034
25369,0.219997
25370,0.043600555225970936
25371,0.03660159448505179
25372,0.006568665617479254
25373,0.01211099549892604
25374,0.05795189969050997
25375,0.07674671049114219
25376,0.031601010125806676
25377,0.022042425180425623
25378,0.043578244593058736
25379,0.05694919023579748
25380,0.016433752211565043
25381,3.582616957196232e-05
25382,0.005056954413033815
25383,0.3308065970139175
25384,0.349908
25385,0.03448290508578048
25386,0.220016
25387,0.027965220771922546
25388,0.21840781726501574
25389,0.018012069712094677
25390,0.0773515991512428
25391,0.01748467151061748
25392,0.05535328335021097
25393,0.05300734432986412
25394,0.10345384010423131
25395,0.02126702525655626
25396,0.07309795249442298
25397,0.06500269151718724
25398,0.044320690294846685
25399,0.219997
25400,0.1214773687770933
25401,0.10926126765820461
25402,0.06563776154282447
25403,0.219997
25404,0.220016
25405,0.13685867209990463
25406,0.0748990670645403
25407,0.25141389412846155
25408,0.08600646099664483
25409,0.350009
25410,0.16202747383401744
25411,0.30444136530371274
25412,0.09415602452616473
25413,0.04100610218323885
25414,0.03870243208873884
25415,0.055502551802884284
25416,0.017786708767123724
25417,0.28458781515944226
25418,0.8532873359263827
25419,0.219997
25420,0.06983888330675393
25421,0.19667889318730675
25422,0.07129238976058286
25423,0.023679132921782475
25424,0.08350929659451452
25425,0.06035856007031835
25426,0.04985398928567954
25427,0.061411995436325174
25428,0.220016
25429,0.350009
25430,0.6106724211921556
25431,0.4135667550271379
25432,0.06971152553613431
25433,0.09820902947911193
25434,0.219997
25435,0.1959215741545112
25436,0.013890938457933414
25437,0.109559697510172
25438,0.09811314944868602
25439,0.1338952759937977
25440,0.08049569081730483
25441,0.030104954649186624
25442,0.350009
25443,0.06374111632089484
25444,0.2549479115812848
25445,0.5704623318260414
25446,0.19366475642829578
25447,0.03212669991294454
25448,0.41434968429219077
25449,0.1060485057287527
25450,0.349908
25451,0.12959214922655796
25452,0.08629207263932519
25453,0.04191821156724498
25454,0.027533354458770067
25455,0.037078986829246215
25456,0.1726253616207126
25457,0.13580214140482108
25458,0.053052953281088236
25459,0.0768668514440112
25460,0.301661007242203
25461,0.06515169582382577
25462,0.09786004493760117
25463,0.07885892347520619
25464,0.14039500593288445
25465,0.1209386318252556
25466,0.04699999593558122
25467,0.075569022128098
25468,0.05802868962519935
25469,0.08527522829712485
25470,0.18516488097036965
25471,0.219997
25472,0.07386691167824
25473,0.021379447194825367
25474,0.026495594170723655
25475,0.5637333989963347
25476,0.219997
25477,0.052912002972609624
25478,0.31965462620406826
25479,0.349908
25480,0.20509204517621837
25481,0.1603518640418329
25482,0.03004678537974828
25483,0.036539327557765025
25484,0.04738562348093467
25485,0.09036347459928468
25486,0.219997
25487,0.220016
25488,0.5075824235352722
25489,0.024782001480261696
25490,0.350009
25491,0.07142085660834245
25492,0.028520148894621938
25493,0.0015038443688487832
25494,0.07445955188763616
25495,0.2937779931807977
25496,0.00047210103834471217
25497,0.04175591643355203
25498,0.017490528070149697
25499,0.10840087646036803
25500,0.024294975629418507
25501,0.038911181162867896
25502,0.21946448263408036
25503,0.349908
25504,0.219997
25505,0.17526961476498895
25506,0.027617332988805608
25507,0.0299692207179907
25508,0.0998421764477257
25509,0.14390224925771278
25510,0.037122020373591816
25511,0.19063170109579092
25512,0.10877138986513726
25513,0.08913578432537367
25514,0.220016
25515,0.07557729367559136
25516,0.07120330549503787
25517,0.08286516883898619
25518,0.035264327191926945
25519,0.0540265226560473
25520,0.00727311422719828
25521,0.219997
25522,0.12677926306626705
25523,0.350009
25524,0.021916208566312902
25525,0.045057527570428704
25526,0.03785433671888422
25527,0.05549482414614744
25528,0.0080728751023861
25529,0.048602155104038765
25530,0.08211051433431506
25531,0.04201727625946923
25532,0.025236532986132595
25533,0.30551029120671996
25534,0.45725567328728794
25535,0.019394976950623487
25536,0.050503600457152596
25537,0.0738834751768243
25538,0.13942434456406635
25539,0.030910660312062944
25540,0.11244460291430346
25541,0.022365632632726548
25542,0.007218440271581874
25543,0.32034681305083895
25544,0.031049261830532946
25545,0.00855159859696435
25546,0.04137766746179202
25547,0.01001904481027317
25548,0.220016
25549,0.11475328703729067
25550,0.350009
25551,0.350009
25552,0.350009
25553,0.08345011616118106
25554,0.03409760020256208
25555,0.030666590697847492
25556,0.12185457709255074
25557,0.06329738491087115
25558,0.219997
25559,0.12359513844445207
25560,0.788565577962318
25561,0.09070623620524088
25562,0.16908830713575485
25563,0.08612360312278469
25564,0.04453266742983444
25565,0.02752655088738821
25566,0.06966028278969624
25567,0.028872033132099857
25568,0.043832326937953234
25569,0.11162095390548665
25570,0.1508698121107423
25571,0.13630071674849997
25572,0.14834340396060378
25573,0.14090256828219502
25574,0.350009
25575,0.6527839012518423
25576,0.11982120903499892
25577,0.06009725465343448
25578,0.15025412671587418
25579,0.024293302878709795
25580,0.020567351075972667
25581,0.1133030966526729
25582,0.09025601803076562
25583,0.17708118613574508
25584,0.09004949691943752
25585,0.18853879681887223
25586,0.07706659043982408
25587,0.06659028703408566
25588,0.06171349369943127
25589,0.220016
25590,0.016096491870186767
25591,0.029510318042319825
25592,0.1428264852622216
25593,0.011473952578272686
25594,0.01666616627810071
25595,0.03617341645474659
25596,0.04486129966981814
25597,0.08124883704639893
25598,0.17811194294491464
25599,0.15937979243971
25600,0.18706573885342423
25601,0.350009
25602,0.24703001159059718
25603,0.349908
25604,0.0013074928660654001
25605,0.17897592816204377
25606,0.08264738764707555
25607,0.09407486520783138
25608,0.04995374458663582
25609,0.08717974441137473
25610,0.053600464514548495
25611,0.08357740225270092
25612,0.06788218571803548
25613,0.038970536453090523
25614,0.10531124639493558
25615,0.028005647851763203
25616,0.219997
25617,0.021726379767549753
25618,0.054159569727924524
25619,0.219997
25620,0.11542474938150546
25621,0.23968456660234447
25622,0.5578423368910629
25623,0.219997
25624,0.26479391710286077
25625,0.1115478412396913
25626,0.07518573019347569
25627,0.11456867553402006
25628,0.12863400672842168
25629,0.10013650334055293
25630,0.08612200987580618
25631,0.219997
25632,0.12613534255323278
25633,0.11852812303432687
25634,0.10938246866451856
25635,0.09794284825094912
25636,0.035597849239435105
25637,0.029677685122059004
25638,0.05755096685286178
25639,0.349908
25640,0.11835363281280153
25641,0.053632202538977804
25642,0.15088484119331855
25643,1.0
25644,0.16638782578622743
25645,0.02701324913644942
25646,0.350009
25647,0.12841413584660527
25648,0.2969272533729876
25649,0.349908
25650,0.1308690223489329
25651,0.04334577076457303
25652,0.06407679777022825
25653,0.2027715221535164
25654,0.219997
25655,0.06964852513228303
25656,0.220016
25657,0.01599508764263357
25658,0.05736987590202469
25659,0.02109201680747937
25660,0.019018555858038754
25661,0.13882898483715467
25662,0.19961578139288794
25663,0.010311420080024798
25664,0.1692268176556871
25665,0.219997
25666,0.349908
25667,0.17144625601770905
25668,0.03506145559382365
25669,0.18222446482288512
25670,0.219997
25671,0.350009
25672,0.0816280352482013
25673,0.05613213937365886
25674,0.026407458058081337
25675,0.220016
25676,0.7999436085733057
25677,0.03769614795823441
25678,0.219997
25679,0.365982561646988
25680,0.219997
25681,0.02842347760199947
25682,0.021428337418179434
25683,0.061105328411099585
25684,0.13162121084624742
25685,0.350009
25686,0.350009
25687,0.016068748149991114
25688,0.220016
25689,0.12659934596018282
25690,0.27588194235410335
25691,0.219997
25692,0.14386973305551162
25693,0.219997
25694,0.3665136032746001
25695,0.1290531841270642
25696,0.12306416109793664
25697,0.09317169894138999
25698,0.1318993893622774
25699,0.349908
25700,1.0
25701,0.08853748737783523
25702,0.6936601351782502
25703,0.059561591778191925
25704,0.2667311419182586
25705,0.07835580615665559
25706,0.12842002067715078
25707,0.023817340609350618
25708,0.11032020949034801
25709,0.011062042053226173
25710,1.0
25711,0.220016
25712,0.16165494557868954
25713,0.349908
25714,0.219997
25715,0.32842983105894347
25716,0.5174253812468
25717,0.5362253361577989
25718,0.03504859127144297
25719,0.3379626530909204
25720,0.22119063337288514
25721,0.1863282046905371
25722,1.0
25723,0.5864109770443452
25724,0.5547875118483181
25725,0.00943045127960985
25726,0.03057760062589104
25727,0.1317680069502704
25728,0.0417438962798956
25729,0.03144907617983303
25730,0.05680532384383378
25731,0.016993001878378478
25732,0.023950694823774463
25733,0.07222250260965964
25734,0.009653274504593108
25735,0.012935274833522699
25736,0.012289169203171437
25737,0.10915803352431368
25738,0.220016
25739,0.219997
25740,0.17111275666850365
25741,0.219997
25742,0.220016
25743,0.350009
25744,0.220016
25745,0.06897709360892217
25746,0.1525660912140851
25747,0.349908
25748,0.018353175370604553
25749,0.12220767938419488
25750,1.0
25751,1.0
25752,0.9489255932552364
25753,0.02326757025640704
25754,0.0001410539405982419
25755,0.2090768360806575
25756,0.4924839860876874
25757,0.11356480310292491
25758,0.0037552817619659925
25759,0.07539459632224939
25760,0.04921777899141086
25761,0.012007317870062756
25762,0.027702669913800507
25763,0.058236916325748
25764,0.07563901062718725
25765,0.10429429031662237
25766,0.014536810167989706
25767,0.9330515302117851
25768,0.02641577546472733
25769,0.046738850401944386
25770,0.1275961433098821
25771,0.1449817995493732
25772,0.0632482418707899
25773,0.07542809993773526
25774,0.349908
25775,0.350009
25776,0.1366599876977989
25777,0.10939553517736152
25778,0.15989551053569473
25779,1.0
25780,1.0
25781,0.9175112768423156
25782,0.021218163334191006
25783,0.03809392827884125
25784,0.03719281048963046
25785,0.027673091227827767
25786,0.7878947232623603
25787,0.05697977981989787
25788,0.3027394107293987
25789,0.048521762747610685
25790,0.16365114658795457
25791,0.219997
25792,0.17803389925159926
25793,0.219997
25794,0.219997
25795,0.8223971925037759
25796,0.8643003075057719
25797,0.3341938319622295
25798,0.1805582549670774
25799,0.08725382010641874
25800,0.06973622882660323
25801,0.21531185400065364
25802,0.1474485420619087
25803,0.04726124715660952
25804,0.17362550501446447
25805,0.1563772926934139
25806,0.1411586645340722
25807,0.19200314038756494
25808,0.028765616105040366
25809,1.0
25810,1.0
25811,1.0
25812,0.219997
25813,0.03366171548274501
25814,0.350009
25815,0.028320813658808047
25816,0.643113355563556
25817,0.012801268614168393
25818,0.018036988362378614
25819,0.021197456362326107
25820,0.05901968326791599
25821,0.13427558147889065
25822,0.10034009834992658
25823,0.571651366458723
25824,1.0
25825,0.07356679492686563
25826,0.15425977598048674
25827,0.13920174836149884
25828,0.219997
25829,0.10435076166099445
25830,0.4077448257666665
25831,0.3468751097251635
25832,0.12666902762568302
25833,0.11904810647134553
25834,0.1622803634793109
25835,0.15642021152676505
25836,0.0614726293058388
25837,0.03413346081774246
25838,0.2756734577920239
25839,0.2777020858507761
25840,0.219997
25841,0.17401706295849823
25842,0.03586977348573616
25843,0.15016190962492257
25844,0.07968195602922712
25845,0.220016
25846,0.03535949727880911
25847,0.057636677658923705
25848,0.04737777470288595
25849,0.023220201723133625
25850,0.07625903741146478
25851,0.1555432437943081
25852,0.3677302637792547
25853,1.0
25854,0.349908
25855,0.219997
25856,0.196762133059571
25857,0.219997
25858,0.18593668802636945
25859,1.0
25860,0.220016
25861,0.01152536626955005
25862,0.04172710152870341
25863,0.219997
25864,0.219997
25865,0.3088902251136373
25866,0.45866416244453906
25867,0.349908
25868,0.349908
25869,1.0
25870,0.10510864005289212
25871,0.035956406221406466
25872,0.220016
25873,0.26372793240367315
25874,0.026980201502863777
25875,0.10972494340297509
25876,0.349908
25877,0.006293267004896007
25878,0.10506011021372606
25879,0.020599985930972026
25880,0.060913982685259174
25881,0.11967554755077077
25882,0.19699523505639555
25883,0.5379106867948005
25884,0.349908
25885,0.8356937982989172
25886,0.349908
25887,0.219997
25888,0.219997
25889,0.350009
25890,0.021278610295892522
25891,0.027884627852966876
25892,0.1292881706890988
25893,0.09610346102469493
25894,0.04659496296660899
25895,0.4288981098846784
25896,0.220016
25897,0.024853436545789948
25898,0.6240927133872695
25899,0.349908
25900,0.007845060057369818
25901,0.10131284409491279
25902,0.219997
25903,0.11585473074803643
25904,0.00447965613198959
25905,0.017823736953854388
25906,0.03516005342976098
25907,0.14765716575269408
25908,0.15818275667380252
25909,0.11325038236523964
25910,0.14739855637667687
25911,0.7945585562259205
25912,1.0
25913,0.5368329116423946
25914,0.4683131818299269
25915,0.8493161044382135
25916,0.20567579443660788
25917,0.026842823442811775
25918,0.037107640849824174
25919,0.09932783347212251
25920,0.219997
25921,0.27762624306409356
25922,0.02238228840498347
25923,0.022027725544360516
25924,0.14108750208764212
25925,0.15571503414548674
25926,0.027240385971773494
25927,0.0029776256618213068
25928,0.08420974557427843
25929,0.14642555557458659
25930,0.05231347444842342
25931,0.0484069599852628
25932,0.02817942497679121
25933,0.029262782646409642
25934,0.025432523501826256
25935,0.056707034010611286
25936,0.19871791251873538
25937,0.10592355899560046
25938,0.09111176206004941
25939,0.32063259018798157
25940,0.219997
25941,0.350009
25942,1.0
25943,1.0
25944,0.349908
25945,0.220016
25946,0.05997303427886564
25947,0.001299460084217543
25948,0.0630310917129592
25949,0.20972062938207103
25950,0.02047887344069005
25951,0.04595216091740416
25952,1.0
25953,0.09513475164561239
25954,0.02689796930738772
25955,0.220016
25956,0.07266216499499777
25957,0.2219759339735398
25958,0.10970308584363775
25959,0.08847823560037449
25960,0.009071354397508231
25961,0.04983163394212407
25962,0.14043168016773044
25963,0.219997
25964,1.0
25965,0.5261299185240129
25966,0.33614331197428854
25967,1.0
25968,0.7017216427560635
25969,0.7121228332811435
25970,0.219997
25971,0.026882570556733626
25972,0.08141161082010231
25973,0.0013443940207331752
25974,0.07512149792804092
25975,0.09256856429402151
25976,0.021239829754685857
25977,0.07731679595915043
25978,0.9491183389757215
25979,0.220016
25980,0.42691550278328766
25981,0.044030148398830134
25982,0.14986324879510712
25983,0.15025542133301575
25984,0.21500435182929484
25985,0.219997
25986,0.07732217080292238
25987,0.03436604632354821
25988,0.002353416196494593
25989,0.057519887499531686
25990,0.219997
25991,1.0
25992,0.350009
25993,1.0
25994,0.4787573201391615
25995,0.349908
25996,0.219997
25997,0.31358806461581884
25998,0.012629359902857823
25999,0.018128296890141237
26000,0.089906221164
26001,0.18402603898484363
26002,0.19723638216598413
26003,0.06985809308158127
26004,0.349908
26005,0.04411454233612671
26006,0.044614550922275516
26007,0.014932115735064224
26008,0.350009
26009,0.0029553340824294587
26010,0.21603512404387482
26011,0.349908
26012,0.05240786806272324
26013,0.0015692304255473704
26014,0.33779580581070573
26015,0.219997
26016,0.19121065375839824
26017,0.219997
26018,0.1396182536808555
26019,0.10514809332461544
26020,0.02548927848742381
26021,0.17098651050714528
26022,0.2099942179580236
26023,0.04555534090721112
26024,0.012734444250010461
26025,0.24272125605955214
26026,0.013808193011681106
26027,0.00042137537198516406
26028,0.17601214674083154
26029,0.01374590689917181
26030,0.04895186292264187
26031,0.16384167625722937
26032,0.07374685396865131
26033,0.0793129606394301
26034,0.011216976298149979
26035,0.1425363878960237
26036,0.219997
26037,0.49208864840413097
26038,1.0
26039,0.16439445646278425
26040,0.026152689828526775
26041,0.02191099618651584
26042,0.01569820314289121
26043,0.11742407969772532
26044,0.00228344196968276
26045,0.07401856598284329
26046,0.220016
26047,0.007324450345852306
26048,0.03636473508661382
26049,0.019781783710363283
26050,0.002604223071623976
26051,0.020005031999597342
26052,0.028347243206234506
26053,0.1594784846103898
26054,0.13006743911371463
26055,0.6357796799574427
26056,0.012101804362122593
26057,0.009725104147797583
26058,0.0598396025406206
26059,0.10633358835256787
26060,0.219997
26061,0.5794879678725814
26062,0.219997
26063,0.019674259564499873
26064,0.006254451818683241
26065,0.220016
26066,0.03740419811953469
26067,0.06752161031124597
26068,0.0626531524962161
26069,0.219997
26070,0.03607236205313706
26071,0.018087211686193688
26072,0.027709579140844456
26073,0.016901986162801794
26074,0.219997
26075,0.05006234321345276
26076,0.031185043576740828
26077,0.023900069088065967
26078,0.04345195799062711
26079,0.219997
26080,0.16763675915159476
26081,0.07764054710458178
26082,0.015744778678141308
26083,0.04622815428470007
26084,0.09027018218917346
26085,0.5206722111630743
26086,0.05276121288227987
26087,0.040085361293153605
26088,0.04962452935261951
26089,0.08349847719005214
26090,0.219997
26091,0.08578503047431066
26092,0.2648457793561407
26093,0.1131338751329923
26094,0.06528417845732097
26095,0.027002441543260484
26096,0.04462353912645874
26097,0.07090138365026674
26098,0.019978696484051105
26099,0.219997
26100,0.11463130176592218
26101,0.024735561857313106
26102,0.349908
26103,0.04338336859921081
26104,0.09008712772158267
26105,0.09207424150750881
26106,0.014987838882592598
26107,0.349908
26108,0.8904032177349358
26109,0.12877525766459738
26110,0.12638328145445965
26111,0.0006414950937914606
26112,0.16012284845667746
26113,0.03458209516700573
26114,0.017267923159968588
26115,0.220016
26116,0.219997
26117,0.12108568147725535
26118,1.0
26119,0.14414642366360014
26120,0.024319721043311093
26121,0.07261976768754806
26122,0.11138804715428074
26123,0.013765926711308149
26124,0.025451383047060894
26125,0.15375336185383812
26126,0.349908
26127,0.12457939578243984
26128,0.220016
26129,0.033392035452730624
26130,0.00024175679034177549
26131,0.2184338900460682
26132,0.01515692349630595
26133,0.1834889914862632
26134,0.04262939954685902
26135,0.007792164676519448
26136,0.016486955854623758
26137,0.023366932396995988
26138,0.11168530291701359
26139,0.041255369582434406
26140,0.10054817294360048
26141,0.219997
26142,0.00886390582881648
26143,0.08509697966102225
26144,0.022391627277698757
26145,0.05223654495762967
26146,0.12645495817811403
26147,0.16207828061823087
26148,0.03316076839033945
26149,0.00420284273208171
26150,1.0
26151,0.04101354742513924
26152,0.219997
26153,0.05147949568298481
26154,0.058091652816834254
26155,0.039652218463656845
26156,0.07924742893212175
26157,0.012103742569513772
26158,0.06343606847446659
26159,0.3222039511486388
26160,0.05068285322117988
26161,0.0181549646533757
26162,0.0148978908988186
26163,0.008859445656040426
26164,0.007676721551674918
26165,0.03125042926554064
26166,0.03884799338260738
26167,0.21310800826421628
26168,0.028512131132834455
26169,0.016497843063492182
26170,0.13982686924147122
26171,0.005067623268939868
26172,0.009835812394295675
26173,0.024868892259855425
26174,0.4775745635793306
26175,0.019244976048042307
26176,0.01335396250180608
26177,0.06290475207222784
26178,0.11190510097675929
26179,0.01045676965309795
26180,0.03712440250388708
26181,0.219997
26182,0.1240871934241101
26183,0.02100289942350183
26184,0.018633201334488515
26185,0.10249751547502776
26186,0.219997
26187,0.11411355880508237
26188,0.13387889966145441
26189,0.1600528524711476
26190,0.06473645418471814
26191,0.021290866624664433
26192,0.023246116873310733
26193,0.11184757880695985
26194,0.219997
26195,0.24246039049502618
26196,0.010556447464745345
26197,0.07263067120267708
26198,0.04314407185822092
26199,0.006453753072679165
26200,0.005234926136546049
26201,0.01754229415869186
26202,0.01291781453509975
26203,0.01463757639316661
26204,0.014239405231230495
26205,0.02360954924798347
26206,0.014947330823458463
26207,0.030965817496003974
26208,0.08901203448553921
26209,0.07580775478374494
26210,0.219997
26211,0.08056912944272332
26212,0.013010054404384264
26213,0.349908
26214,0.03414390083481545
26215,0.016877198851907207
26216,0.046019924418883744
26217,0.009752416217434789
26218,0.016182025690586355
26219,0.012783718164918294
26220,0.0261991967724831
26221,0.029554545837765348
26222,0.019510224802009174
26223,0.021583046469866016
26224,0.05321392303486306
26225,0.014447444846122854
26226,0.012238559564429995
26227,0.1555219555210733
26228,0.08584279432805968
26229,0.09770814057910183
26230,0.0057020752848685775
26231,0.07360150287716619
26232,0.023093684281762103
26233,0.010486182139398071
26234,0.032472026656962624
26235,0.010149858196724933
26236,0.219997
26237,0.01902465616055019
26238,0.07998234858985737
26239,0.0031601834877818978
26240,0.014990073727827326
26241,0.002880053894848945
26242,0.017201496395451793
26243,0.031711325798529456
26244,0.18149701372825244
26245,0.02326982102077711
26246,0.0060766385751625275
26247,0.023217376847589784
26248,0.349908
26249,0.09612453394513175
26250,0.14734464441026865
26251,0.1387387862683186
26252,0.005675521983393095
26253,0.10349213473271711
26254,0.03093427021252155
26255,0.219997
26256,0.05052624372901626
26257,0.2029888241481595
26258,0.219997
26259,0.02787649165235497
26260,0.018851766519774823
26261,0.04344644749213049
26262,0.036719095809851575
26263,0.010300406233509411
26264,0.0029913443765448556
26265,0.0025243570410909758
26266,0.029191988314345944
26267,0.06907097894013409
26268,0.008801715986348095
26269,0.17538842165933635
26270,0.11621695605978768
26271,0.047598606827571006
26272,0.219997
26273,0.0036453412212112887
26274,0.025602890343226308
26275,0.006568665617479254
26276,0.0275308223202901
26277,0.030315728146264716
26278,0.07881027722946911
26279,0.031601010125806676
26280,0.07974619802932549
26281,0.08566132605357696
26282,0.016433752211565043
26283,0.0058282067504384985
26284,0.06473472908539536
26285,0.04251613956136152
26286,0.349908
26287,0.219997
26288,0.014179038847648567
26289,0.13382709165662188
26290,0.021178775955028973
26291,0.044310286548963046
26292,0.15913186567716298
26293,0.0490802001314659
26294,0.06480468034502752
26295,0.05535328335021097
26296,0.07423898192854814
26297,0.015028007207436215
26298,0.1555861733544622
26299,0.009500974078201581
26300,0.08685061307273703
26301,0.03848985852005598
26302,0.219997
26303,0.060188910008369706
26304,0.06475565049596643
26305,0.15743321240116198
26306,0.350009
26307,0.033291229774996114
26308,0.008622310415853325
26309,0.05027418983461199
26310,0.220016
26311,0.09824818587056258
26312,0.219997
26313,0.026402204290519305
26314,0.219997
26315,0.09415602452616473
26316,0.04100610218323885
26317,0.038576131471659496
26318,0.009378173614084594
26319,0.0451049874551292
26320,0.02141223236323568
26321,0.2101591600549005
26322,0.0465584333634081
26323,1.0
26324,0.20032124375200494
26325,0.06006264961038293
26326,0.06983888330675393
26327,0.219997
26328,0.10063305156097573
26329,0.030543197956965664
26330,0.036641671569751656
26331,0.12442378505379056
26332,0.04760454098115572
26333,0.07958184664573736
26334,0.31812610418478876
26335,0.6001030502389203
26336,0.38807150913269944
26337,0.08631599099506347
26338,0.2074658165312341
26339,0.16739685941642238
26340,0.12125485818653499
26341,0.11113736537288117
26342,0.08580083934692068
26343,0.07200272336503213
26344,0.3864364472982428
26345,0.1315718360215384
26346,0.219997
26347,0.5309346413173389
26348,0.17291008555654594
26349,0.03212669991294454
26350,0.5236038534863058
26351,0.016680230157935842
26352,0.13321743998600605
26353,0.349908
26354,0.1007905286474057
26355,0.12415205440652273
26356,0.03623914878816667
26357,0.20398059594225826
26358,0.061843426220839215
26359,0.17380382971970595
26360,0.18019194980635642
26361,0.046817909111855696
26362,0.018883921791416687
26363,0.047573689319480035
26364,0.27279374569553466
26365,0.12316479871225759
26366,0.06519669380946061
26367,0.20242766470889206
26368,0.1687959038525294
26369,0.17556840744560553
26370,0.075569022128098
26371,0.0058349698015876025
26372,0.05633341890913117
26373,0.08777118987791696
26374,0.10428808883179551
26375,0.047905924500755204
26376,0.07159071493733822
26377,0.031979518004984483
26378,0.004968569033062045
26379,0.002341788182077525
26380,0.021379447194825367
26381,0.6124675308928204
26382,0.10994347124573214
26383,0.0013799274897501406
26384,0.219997
26385,0.349908
26386,0.219997
26387,0.06358338495493678
26388,0.06002046171859919
26389,0.032676566296254754
26390,0.06364157953967392
26391,0.008781313739744192
26392,0.015492270683775367
26393,0.09036347459928468
26394,0.16951135589136776
26395,0.2714964646465198
26396,0.44352382115949185
26397,0.024782001480261696
26398,0.220016
26399,0.03626068472616832
26400,0.014854908643907875
26401,0.08450041520707076
26402,0.05213152889461553
26403,0.220016
26404,0.042757809178805
26405,0.03195240009031794
26406,0.10840087646036803
26407,0.03877159206955684
26408,0.00966466947203412
26409,0.0509787836719506
26410,0.5257137869953504
26411,0.15999470492435267
26412,0.16130799950458136
26413,0.018307105389513113
26414,0.1449330924419589
26415,0.14936637780563347
26416,0.008379594759795952
26417,0.021790959183040682
26418,0.11255218554841719
26419,0.12742285346689008
26420,0.11048374678516978
26421,0.07683422018607358
26422,0.11961297407598549
26423,0.017732822094830913
26424,0.0687935786021185
26425,0.06343821632482191
26426,0.03730531044691152
26427,0.01341240945509846
26428,0.20570963372138243
26429,0.11224494444821904
26430,0.350009
26431,0.01945249369833843
26432,0.04400352567904333
26433,0.021399928795383463
26434,0.07149745346983513
26435,0.010889999749423842
26436,0.02741381917708358
26437,0.076578693000475
26438,0.010999329872247148
26439,0.03428727697602209
26440,0.05049948905781142
26441,0.219997
26442,0.4532416019710906
26443,0.0451966967752013
26444,0.036120830264985936
26445,0.07818639208657333
26446,0.10027883947706379
26447,0.105498755614462
26448,0.023442264921556728
26449,0.02533111223212779
26450,0.006663960986411074
26451,0.0402984159229611
26452,0.2993386996504623
26453,0.056452277041550966
26454,0.04149535676275296
26455,0.01001904481027317
26456,0.220016
26457,0.10664315722527275
26458,0.350009
26459,0.350009
26460,0.350009
26461,0.0947760789888295
26462,0.054908595471525844
26463,0.03570056383909492
26464,0.12767226572034185
26465,0.017396089975432707
26466,0.00013349497616324
26467,0.2070670756518583
26468,0.039168001188125516
26469,0.9249144496729849
26470,0.18502585971707775
26471,0.050173544017893784
26472,0.18531980440599125
26473,0.1144873557406519
26474,0.08787234495722175
26475,0.01244603639027904
26476,0.02740475431728302
26477,0.018857951091653165
26478,0.04516605859698904
26479,0.031405866593920535
26480,0.010609076748306995
26481,0.054521419788948394
26482,0.16981008893021943
26483,0.15087124722940898
26484,0.19610906279805815
26485,0.11952047221648135
26486,0.21295910420290512
26487,0.350009
26488,0.5804479468429136
26489,0.13558346697008533
26490,0.0816286672804007
26491,0.09282004963296728
26492,0.04011970539064174
26493,0.06944227091897902
26494,0.10086384351106471
26495,0.1622011229980834
26496,0.11100078962460957
26497,0.17896094334401186
26498,0.0867545387371618
26499,0.0799597010878149
26500,0.01763825559185039
26501,0.02676901598377284
26502,0.25235768894565463
26503,0.013522484783413823
26504,0.004942014650547953
26505,0.04150237690878427
26506,0.028190795145263257
26507,0.015426155409649941
26508,0.007623064800874401
26509,0.016000421005560872
26510,0.055642970204394404
26511,0.1464438547411528
26512,0.1381777268471148
26513,0.1363678736651514
26514,0.14651372925149303
26515,0.3535843247175759
26516,0.2704402269038531
26517,0.33962213010946213
26518,0.02571713128254143
26519,0.1729555312157566
26520,0.053476094115150224
26521,0.04853313042740249
26522,0.11336445979116518
26523,0.04101145195903132
26524,0.06453234301475888
26525,0.011229492805233722
26526,0.03817967759784924
26527,0.06647488110152348
26528,0.038970536453090523
26529,0.03805737570713278
26530,0.018816020260054186
26531,0.1465814028879716
26532,0.08421384110088655
26533,0.219997
26534,0.11383155379257481
26535,0.24973524450563628
26536,0.6108014157474287
26537,0.219997
26538,0.219997
26539,0.09112681081609551
26540,0.10031910865711231
26541,0.07619504630652267
26542,0.09492831319915764
26543,0.11568921440254241
26544,0.016422280253312643
26545,0.05963084972876919
26546,0.5647818437938263
26547,0.1431309468369748
26548,0.08477668352965181
26549,0.06294859450181317
26550,0.09100787456853597
26551,0.028658939706159837
26552,0.035597849239435105
26553,0.029677685122059004
26554,0.02315148815420887
26555,0.07546720832049732
26556,0.349908
26557,0.1366185051964535
26558,0.04058719890884768
26559,0.16117564613423713
26560,1.0
26561,0.19583038568982303
26562,0.042501299845609096
26563,0.350009
26564,0.09446670584451732
26565,0.349908
26566,0.349908
26567,0.08829508286980597
26568,0.01960221246933934
26569,0.07283693767418101
26570,0.11040278207846478
26571,0.1504409534606761
26572,0.219997
26573,0.08672022633691015
26574,0.11996642207803938
26575,0.07987149352214303
26576,0.09328922853747837
26577,0.02004387190033361
26578,0.025360957043305054
26579,0.09088275282621343
26580,0.13262969080339124
26581,0.009131214451990416
26582,0.219997
26583,0.219997
26584,0.349908
26585,0.1874860866705865
26586,0.0439173052111372
26587,0.19435257694745844
26588,0.219997
26589,0.350009
26590,0.03171699697701416
26591,0.13089237338389864
26592,0.13324617934337685
26593,0.14925242438149602
26594,0.8513228198101078
26595,0.219997
26596,0.36888238633654186
26597,0.21083839173645055
26598,0.019987279878029524
26599,0.05895834262170542
26600,0.021428337418179434
26601,0.0823506144518111
26602,0.17688553333857404
26603,0.35013576537879565
26604,0.350009
26605,0.016068748149991114
26606,0.17520379676240072
26607,0.19221930278757393
26608,0.219997
26609,0.220016
26610,0.219997
26611,0.219997
26612,0.4497936038539078
26613,0.15698894495327573
26614,0.1406549352833307
26615,0.12195747878470879
26616,0.12231283827182247
26617,0.219997
26618,1.0
26619,0.0464885200400525
26620,0.4728474892962226
26621,0.081558937502439
26622,0.349908
26623,0.07447280448921913
26624,0.13725631516500617
26625,0.006524738932114941
26626,0.06226219244636999
26627,0.008177838257759643
26628,1.0
26629,0.220016
26630,0.1634388262069742
26631,0.349908
26632,0.219997
26633,0.219997
26634,0.6410452361956753
26635,0.4533448984285353
26636,0.005102887463381486
26637,0.219997
26638,0.23771552507328972
26639,0.11743837704911606
26640,1.0
26641,0.5509842015124825
26642,0.4717560045980372
26643,0.010931855369665322
26644,0.15747086267494262
26645,0.050975923672717686
26646,0.03599834137587799
26647,0.008489608175363301
26648,0.08502402905464729
26649,0.008953158790904785
26650,0.054231662481951486
26651,0.009653274504593108
26652,0.01470915284569115
26653,0.012289169203171437
26654,0.0876472905148681
26655,0.1260614570523569
26656,0.11906322936091322
26657,0.20561432626349438
26658,0.20498668191576075
26659,0.220016
26660,0.220016
26661,0.24131601769630456
26662,0.07465951088035792
26663,0.08378220632409246
26664,0.349908
26665,0.006287419467736486
26666,0.058813875649242696
26667,1.0
26668,1.0
26669,1.0
26670,0.009015689648317974
26671,0.030693900815915713
26672,0.024850483663962045
26673,0.10295277778308025
26674,0.4395137573278386
26675,0.16391086098622165
26676,0.06783886063438686
26677,0.03227860867168213
26678,0.09489586001482869
26679,0.09987109945727446
26680,0.08991735596387618
26681,0.07146747072784723
26682,1.0
26683,0.0314156997290699
26684,0.05005057132716936
26685,0.219997
26686,0.11258952093046952
26687,0.06846222311266835
26688,0.09861965549051697
26689,0.349908
26690,0.350009
26691,0.0970814948322887
26692,0.220016
26693,0.19907060961069764
26694,0.16069818746039818
26695,1.0
26696,1.0
26697,0.8584524099689966
26698,0.220016
26699,0.03719281048963046
26700,0.5808540031637741
26701,0.10503172467490555
26702,0.219997
26703,0.043976068276205385
26704,0.12252209692929622
26705,0.01752207239914745
26706,0.219997
26707,0.20368110329207612
26708,0.219997
26709,0.219997
26710,0.7132881622440223
26711,0.7325977600078182
26712,0.27337254247992937
26713,0.19480581943528086
26714,0.13654175975333038
26715,0.06609730890866808
26716,0.1665225941273031
26717,0.04824037418236205
26718,0.06082784845896496
26719,0.13490242632472368
26720,0.1470718003200028
26721,0.08608721082355235
26722,0.09902627501509798
26723,0.01784769962406601
26724,1.0
26725,1.0
26726,1.0
26727,0.18025317586843873
26728,0.09075308101202574
26729,0.220016
26730,0.049111293003994444
26731,0.4133649439394089
26732,0.0024879740323194466
26733,0.012801268614168393
26734,0.027063119787426513
26735,0.0281151143224725
26736,0.03838885588104056
26737,0.13058786592419594
26738,0.09939629340353022
26739,0.4105318947850704
26740,1.0
26741,0.0533785692403258
26742,0.219997
26743,0.10393901920661844
26744,0.219997
26745,0.1410099840183794
26746,0.350009
26747,0.349908
26748,0.1280841006402059
26749,0.11274489786030598
26750,0.18562083083306158
26751,0.18573986425195554
26752,0.08890847044208934
26753,0.03413346081774246
26754,0.350009
26755,0.26976007016631603
26756,0.2970729931101535
26757,0.0779144091664242
26758,0.03586977348573616
26759,0.043754021921792965
26760,0.01523749221354132
26761,0.1700886134181192
26762,0.27137455290215173
26763,0.03260987207338167
26764,0.05826809956074478
26765,0.03372112760453933
26766,0.01785385332406388
26767,0.019947153888434693
26768,0.09764614633991599
26769,0.1287529438889569
26770,0.3888861886167432
26771,1.0
26772,0.349908
26773,0.219997
26774,0.15839992608738346
26775,0.219997
26776,0.19086645698882648
26777,1.0
26778,0.07742615939388638
26779,0.08888423880396525
26780,0.04172710152870341
26781,0.219106151412238
26782,0.219997
26783,0.219997
26784,0.4716105789309147
26785,0.350009
26786,0.219997
26787,1.0
26788,0.15081857387079636
26789,0.017247770456941886
26790,0.3136758230508294
26791,0.32430999981609104
26792,0.0056400637459613516
26793,0.349908
26794,0.11532797679640071
26795,0.019032637792294853
26796,0.09076425611712835
26797,0.06735598177344546
26798,0.16005212172561825
26799,0.5761225798938496
26800,0.349908
26801,0.8227824729306
26802,0.349908
26803,0.219997
26804,0.219997
26805,0.38609146348279455
26806,0.021278610295892522
26807,0.0363584397282369
26808,0.18862767822852086
26809,0.08107277939905687
26810,0.0683871733875914
26811,0.6088515857584215
26812,0.219997
26813,0.04347048635515822
26814,0.8177152153039465
26815,0.350009
26816,0.02896664867348243
26817,0.219997
26818,0.13468040822499497
26819,0.04051072316656746
26820,0.01645753902300361
26821,0.03341178073777058
26822,0.05725017747745316
26823,0.1462326799656384
26824,0.17149385933906022
26825,0.20368755388203114
26826,0.6291911115894523
26827,1.0
26828,0.5953679358949919
26829,0.3909828140372505
26830,0.8907396172862332
26831,0.18754358793095827
26832,0.08143068958246279
26833,0.09908528398613516
26834,0.219997
26835,0.219997
26836,0.06603929746314899
26837,0.037292275184181704
26838,0.11847255026072288
26839,0.12814705461089534
26840,0.07859410069280742
26841,0.0029776256618213068
26842,0.08741963624187438
26843,0.05598960307814024
26844,0.02051914894976825
26845,0.005490555929249117
26846,0.02817942497679121
26847,0.04343895037853397
26848,0.04126572865265533
26849,0.17124822869825432
26850,0.05643405999368974
26851,0.13665939836172578
26852,0.350009
26853,0.219997
26854,0.350009
26855,1.0
26856,1.0
26857,0.349908
26858,0.220016
26859,0.1002324066311874
26860,0.1840870428913469
26861,0.0013375660685034161
26862,1.0
26863,0.02858791116985579
26864,0.02689796930738772
26865,0.09281002114349425
26866,0.18258703112438787
26867,0.1826658735778362
26868,0.020608071304078004
26869,0.14229601610892614
26870,0.03438735460967949
26871,0.07211516663768192
26872,0.054486918196546004
26873,0.12761439709410052
26874,0.219997
26875,1.0
26876,0.4951434932390716
26877,0.2840334899839416
26878,1.0
26879,0.349908
26880,0.7203175939983474
26881,0.219997
26882,0.04932633781543779
26883,0.05022575260047922
26884,0.0023856266474254597
26885,0.02728289289273491
26886,0.012478797353009934
26887,0.04866041039085987
26888,0.12396353543125203
26889,0.8487897960753003
26890,0.11424550995764902
26891,0.5010203388321707
26892,0.03192692969232884
26893,0.15878716620328637
26894,0.219997
26895,0.1732548788652526
26896,0.32562560438466587
26897,0.220016
26898,0.006286659264265556
26899,0.016651151365887757
26900,0.219997
26901,1.0
26902,0.350009
26903,1.0
26904,0.4179868676120063
26905,0.349908
26906,0.219997
26907,0.349908
26908,0.07556871080496044
26909,0.028908016076961016
26910,0.016267322095993436
26911,0.04612140443606178
26912,0.009337350973735187
26913,0.1658807924222628
26914,0.219997
26915,0.057408636296898616
26916,0.219997
26917,0.018892500390334133
26918,0.1313249064879822
26919,0.350009
26920,0.027625834280984262
26921,0.11387238815696969
26922,0.20528754571787594
26923,0.219997
26924,0.06688500280854011
26925,0.24068291401397873
26926,0.219997
26927,0.219997
26928,0.219997
26929,0.0159033193127106
26930,0.14643369272190304
26931,0.153752981791616
26932,0.03554206019122967
26933,0.19133283338325652
26934,0.19127882744422223
26935,0.022539614010021098
26936,0.03241089403813212
26937,0.020204835894036308
26938,0.22540667374545023
26939,0.013808193011681106
26940,0.01278952967039985
26941,0.220016
26942,0.059973979254678025
26943,0.052889878854209656
26944,0.17180348616732324
26945,0.084202222419446
26946,0.06404851343180239
26947,0.09120363884971021
26948,0.219997
26949,0.5182986284152652
26950,1.0
26951,0.219997
26952,0.018621325298456837
26953,0.026152689828526775
26954,0.03949442785213795
26955,0.03970185528839498
26956,0.09370132207379248
26957,0.039321076865607554
26958,0.16503930349366921
26959,0.009807363457392361
26960,0.04281243179841914
26961,0.019781783710363283
26962,0.052519961705920264
26963,0.03224958470350291
26964,0.009825076963525933
26965,0.017030339537874657
26966,0.1650293177235469
26967,0.14560597304592846
26968,0.7120406437519399
26969,0.02328698227124078
26970,0.05031281549118188
26971,0.04347199354529794
26972,0.11523642545023911
26973,0.219997
26974,0.7471085497978759
26975,0.219997
26976,0.019834641497633292
26977,0.23567459720506492
26978,0.023269432038308693
26979,0.023529849750672346
26980,0.12895304757564072
26981,0.205314371390023
26982,0.09986478592778424
26983,0.015985114641282574
26984,0.027709579140844456
26985,0.016901986162801794
26986,0.219997
26987,0.0468309225531642
26988,0.032599933496860425
26989,0.219997
26990,0.11914884144603355
26991,0.08015185345375828
26992,0.03795461194532994
26993,0.03505598432560163
26994,0.05733735311939053
26995,0.41780941667679267
26996,0.013192760161586678
26997,0.027153060792507344
26998,0.016425213724293636
26999,0.06573142800971217
27000,0.0675183612053723
27001,0.349908
27002,0.08792402123846377
27003,0.220016
27004,0.10702633030817622
27005,0.005692229919945599
27006,0.004285452266978604
27007,0.09981022200425176
27008,0.08166245922811236
27009,0.03670529674181246
27010,0.39105103538209207
27011,0.11463130176592218
27012,0.024735561857313106
27013,0.349908
27014,0.02648210932563285
27015,0.08834614782255755
27016,0.12997937517034994
27017,0.014987838882592598
27018,0.349908
27019,0.915141688716333
27020,0.219997
27021,0.12181793177105832
27022,0.00014393425687449593
27023,0.12884304992850387
27024,0.09745785280346399
27025,0.07476217021850223
27026,0.06203947142714644
27027,0.219997
27028,0.09397171300230137
27029,1.0
27030,0.16534588706670977
27031,0.024319721043311093
27032,0.07447161105036963
27033,0.08661831797111368
27034,0.040325579130357024
27035,0.03565116333402234
27036,0.11787290428836109
27037,0.349908
27038,0.051211908843306314
27039,0.220016
27040,0.03507625082638085
27041,0.219997
27042,0.030330199661057784
27043,0.08645664222186257
27044,0.05580522103079798
27045,0.037727242603101584
27046,0.04049062516071927
27047,0.07492684858897747
27048,0.02402851195296148
27049,0.1445818679708804
27050,0.219997
27051,0.053716748925655124
27052,0.08227069689239756
27053,0.028825152460319404
27054,0.12445081229539058
27055,0.08800206433075405
27056,0.028147144075528076
27057,0.031481325549316944
27058,1.0
27059,0.058374064449964895
27060,0.219997
27061,0.08322293226291841
27062,0.05509520269209979
27063,0.05781829636203695
27064,0.06618243012222894
27065,0.026293327494290093
27066,0.010402506979482102
27067,0.219997
27068,0.05166057647361067
27069,0.0031897485250497303
27070,0.01602080958566539
27071,0.013219416516356112
27072,0.12769752845342616
27073,0.028512131132834455
27074,0.15970840525618213
27075,0.0762342686094943
27076,0.03500836533269589
27077,0.07357384215409195
27078,0.5066255525940311
27079,0.02897242720147802
27080,0.032111833923764106
27081,0.01335396250180608
27082,0.01943724495414404
27083,0.10181771031447376
27084,0.06213931276599989
27085,0.219997
27086,0.09082887832654431
27087,0.02100289942350183
27088,0.022435924538206337
27089,0.019241718542507488
27090,0.1272358685894259
27091,0.220016
27092,0.20496301328768277
27093,0.04668548889480996
27094,0.14519945859783728
27095,0.04679489714886778
27096,0.040431771103339426
27097,0.11527045514765585
27098,0.349908
27099,0.23652366849015558
27100,0.08131101267834703
27101,0.04758029679188508
27102,0.018596820549284392
27103,0.003788016014688054
27104,0.00020953957615798172
27105,0.03712013439790844
27106,0.012647638022468608
27107,0.026658896107703067
27108,0.014239405231230495
27109,0.022567243024247414
27110,0.012899229718063674
27111,0.03627524114430417
27112,0.09958899180419634
27113,0.07064277950299302
27114,0.1594874664359348
27115,0.015439769885806238
27116,0.16219916450599936
27117,0.013010054404384264
27118,0.349908
27119,0.02453949221270518
27120,0.01786900866724486
27121,0.031242602691695442
27122,0.019548625138358023
27123,0.017959728664801604
27124,0.016182025690586355
27125,0.045426591425014436
27126,0.019510224802009174
27127,0.021946811042154898
27128,0.014447444846122854
27129,0.003013555009336418
27130,0.219997
27131,0.05587106889268431
27132,0.06160535662218194
27133,0.016554956765169677
27134,0.11713354848156379
27135,0.023093684281762103
27136,0.037042101205142994
27137,0.005339452668856368
27138,0.219997
27139,0.026009134656875932
27140,0.06858387817014523
27141,0.011094838893401335
27142,0.00877015889313776
27143,0.07963244683407372
27144,0.015870825135835393
27145,0.20445211937683394
27146,0.03505869531984632
27147,0.07862004052164338
27148,0.015240051032248474
27149,0.005813844367901229
27150,0.349908
27151,0.06312590613427012
27152,0.08572356093897665
27153,0.13592877882303822
27154,0.02015208600887678
27155,0.005675521983393095
27156,0.015735501390187548
27157,0.09160853301221686
27158,0.01633241388251544
27159,0.013174682241070861
27160,0.219997
27161,0.039874727880740674
27162,0.17621319585326783
27163,0.010444167593386258
27164,0.219997
27165,0.012800790277047619
27166,0.029152405113818735
27167,0.07181083173931117
27168,0.050629720050027964
27169,0.0024050211182473497
27170,0.010300406233509411
27171,0.0073367865418388755
27172,0.026610992958910427
27173,0.07974284567565343
27174,0.01592727822898145
27175,0.01246425148841449
27176,0.219997
27177,0.035913293534207275
27178,0.219997
27179,0.05348238669477597
27180,0.038609851225671496
27181,0.007606574228914769
27182,0.006568665617479254
27183,0.008715274391221557
27184,0.026089974348451294
27185,0.0728869149129233
27186,0.03775510853070077
27187,0.016433752211565043
27188,0.0032623868501849445
27189,0.025823764809226723
27190,0.07188865323767896
27191,0.219997
27192,0.349908
27193,0.014179038847648567
27194,0.15268989159837587
27195,0.027965220771922546
27196,0.03055372913454746
27197,0.0798265309999716
27198,0.18435906107809175
27199,0.12920030687164807
27200,0.07887656045250145
27201,0.10801305526364953
27202,0.061897113310067586
27203,0.04097210162250155
27204,0.038091969473501144
27205,0.01835584744663534
27206,0.016737112664193265
27207,0.1869110883508465
27208,0.06268662034097623
27209,0.04596458917683324
27210,0.025113499220260675
27211,0.219997
27212,0.350009
27213,0.01498289965925513
27214,0.36470319117841166
27215,0.04077169932425114
27216,0.20796439043627585
27217,0.16814867212911036
27218,0.1473745838294914
27219,0.04100610218323885
27220,0.219997
27221,0.0018670951152852057
27222,0.038030308365968574
27223,0.219997
27224,0.04217670806617404
27225,1.0
27226,0.12433938038988473
27227,0.06983888330675393
27228,0.219997
27229,0.013905133088698627
27230,0.07950153931351582
27231,0.010886909322930993
27232,0.05157210936250647
27233,0.061411995436325174
27234,0.04508840938884441
27235,0.219997
27236,0.6505571154018179
27237,0.45825336719499726
27238,0.09820902947911193
27239,0.041576235969707984
27240,0.219997
27241,0.01958808770591373
27242,0.12356986794867605
27243,0.11737858968484748
27244,0.11520775690899321
27245,0.09180796740663065
27246,0.43810049695505565
27247,0.220016
27248,0.2176162307461328
27249,0.6933341393423987
27250,0.15845662352613624
27251,0.46844561321266365
27252,0.11408379151132689
27253,0.349908
27254,0.16293521639654487
27255,0.055502599121329876
27256,0.04268516018035043
27257,0.12028913549784918
27258,0.1996242278948682
27259,0.10424419315224531
27260,0.17369336653153886
27261,0.046817909111855696
27262,0.13646797600584623
27263,0.350009
27264,0.037814574427020436
27265,0.10784952887258945
27266,0.12571789251023904
27267,0.219997
27268,0.17158567265600086
27269,0.017687948479988055
27270,0.075569022128098
27271,0.05121562591195906
27272,0.15466996479532452
27273,0.2137692782954745
27274,0.08802331926307719
27275,0.219997
27276,0.06847960132633854
27277,0.0835383611489927
27278,0.06409177584192706
27279,0.06597519651523823
27280,0.021379447194825367
27281,0.685887306299809
27282,0.05946994570529694
27283,0.10630356417902774
27284,0.219997
27285,0.3117301596119952
27286,0.009159327099891545
27287,0.219997
27288,0.09951877276927945
27289,0.03004678537974828
27290,0.032676566296254754
27291,0.08244060681673654
27292,0.05394120918317728
27293,0.04814983352007775
27294,0.06959863533239882
27295,0.219997
27296,0.6886190031766093
27297,0.014328057347858088
27298,0.350009
27299,0.08641290239396711
27300,0.014854908643907875
27301,0.03891411235600237
27302,0.0033188145375837126
27303,0.04595062951292021
27304,0.36932633076656274
27305,0.03534805627571213
27306,0.05555813054390837
27307,0.10840087646036803
27308,0.05825069493823236
27309,0.07295271149347744
27310,0.12901140364081767
27311,0.5576853318209687
27312,0.11116702294540236
27313,0.13572422996073866
27314,0.044231306289138114
27315,0.0022301588872985726
27316,0.1564306245067409
27317,0.15268115310968652
27318,0.015648047606676103
27319,0.04462528636129436
27320,0.1926207969034261
27321,0.14635161361383303
27322,0.10977605547667499
27323,0.06719702269838494
27324,0.12427418322823205
27325,0.07367097192685708
27326,0.042314745689431436
27327,0.04601826324549899
27328,0.0035086098235645527
27329,0.21873132759390745
27330,0.17163350085378876
27331,0.350009
27332,0.0642199777360388
27333,0.03604493526513116
27334,0.032681682097754114
27335,0.07354890654267474
27336,0.0270898905457995
27337,0.011776893233144332
27338,0.053014974620170845
27339,0.0013410988617501413
27340,0.059816425890003036
27341,0.219997
27342,0.349908
27343,0.10588263217257386
27344,0.12149863112538972
27345,0.04450234865636972
27346,0.11048883074630705
27347,0.0033548664039444
27348,0.023442264921556728
27349,0.05093092004158013
27350,0.005737592753105131
27351,0.0402984159229611
27352,0.219997
27353,0.031532754871382504
27354,0.03851907482026222
27355,0.01001904481027317
27356,0.220016
27357,0.11035147028165039
27358,0.350009
27359,0.350009
27360,0.220016
27361,0.1087262431600579
27362,0.07700776279261956
27363,0.030131960919423894
27364,0.09479120974895792
27365,0.061347052662872006
27366,0.020860131905511742
27367,0.219997
27368,0.08930769562770646
27369,0.755514960278879
27370,0.20804124862587034
27371,0.07161770264629341
27372,0.022378340621929397
27373,0.18312113294210908
27374,0.11532669932094752
27375,0.06771722566527716
27376,0.02752655088738821
27377,0.012914086200559024
27378,0.029823341091475535
27379,0.04942058286571289
27380,0.03381926531901761
27381,0.05757025249032824
27382,0.12398916238278236
27383,0.11203756745322692
27384,0.1517602681196862
27385,0.09267283965859148
27386,0.174181752261504
27387,0.3308269370324615
27388,0.4474556344305527
27389,0.13296262943147535
27390,0.06890155928050389
27391,0.07501831349373866
27392,0.010168342371931373
27393,0.044090286275686064
27394,0.013278092616130065
27395,0.12300696889997763
27396,0.10451148862897698
27397,0.11326978831564537
27398,0.07916311326729993
27399,0.12383304726857884
27400,0.052578463316202646
27401,0.09847330657087178
27402,0.018766480254853585
27403,0.01635429449933809
27404,0.02676901598377284
27405,0.219997
27406,0.014843334206831925
27407,0.045882686810374905
27408,0.08629315763375041
27409,0.015426155409649941
27410,0.01666616627810071
27411,0.016868171603732773
27412,0.049557981289256786
27413,0.1341010516237826
27414,0.12932433563060478
27415,0.1647293558158603
27416,0.13253558901584528
27417,0.38142973705916966
27418,0.220016
27419,0.349908
27420,0.006119994562556001
27421,0.219997
27422,0.04863773509576161
27423,0.06509824735368695
27424,0.11202037514160074
27425,0.005611307214450442
27426,0.05390552319148111
27427,0.0720224179866957
27428,0.01780392193192347
27429,0.07744341690652705
27430,0.06855949574959867
27431,0.02296149224599601
27432,0.06834718433749494
27433,0.02853176491048843
27434,0.027901530167895216
27435,0.219997
27436,0.048047992077074796
27437,0.219997
27438,0.07575924306600702
27439,0.219997
27440,0.6482014905870204
27441,0.219997
27442,0.219997
27443,0.09445189362512418
27444,0.13514843669251675
27445,0.05668614642896494
27446,0.1472268655089435
27447,0.07039136550859419
27448,0.349908
27449,0.190424832969326
27450,0.06472693140434861
27451,0.05835037214641493
27452,0.05488094812980587
27453,0.035597849239435105
27454,0.07744109631123061
27455,0.004745259557507265
27456,0.06341915425338351
27457,0.349908
27458,0.10561490645051774
27459,0.05741748551480979
27460,0.20426373600666695
27461,1.0
27462,0.15725741920789352
27463,0.045615276912031225
27464,0.350009
27465,0.18037640227618162
27466,0.219997
27467,0.349908
27468,0.1421263019435817
27469,0.018191211061028376
27470,0.05346782463627506
27471,0.14474921887519454
27472,0.16333930513179745
27473,0.219997
27474,0.16323581561606473
27475,0.219997
27476,0.10227050660612061
27477,0.020993453784230925
27478,0.1352275217443709
27479,0.017316145862063696
27480,0.115227505450502
27481,0.09403565451176313
27482,0.015649626980898206
27483,0.219997
27484,0.219997
27485,0.349908
27486,0.21485813713585444
27487,0.026520486709905734
27488,0.2105059846638882
27489,0.219997
27490,0.350009
27491,0.06117787717463865
27492,0.015842979548212555
27493,0.15981016581852206
27494,0.09764729011199837
27495,0.1314006551994243
27496,0.8428351977267391
27497,0.03952764531591764
27498,0.08631299895864043
27499,0.37312451602974794
27500,0.16317781519131058
27501,0.08585551304590772
27502,0.1503578075199774
27503,0.350009
27504,0.350009
27505,0.11907308003474255
27506,0.14467680708438005
27507,0.219997
27508,0.19377985023612496
27509,0.17899188159348817
27510,0.219997
27511,0.38025422359911104
27512,0.1492686569045702
27513,0.00624462467913203
27514,0.029720769206513543
27515,0.028208022054450554
27516,0.11399518539305699
27517,0.09422175853348133
27518,0.219997
27519,1.0
27520,0.04430683230537975
27521,0.3870027308315716
27522,0.005635158914897306
27523,0.048742019560796504
27524,0.352490835293566
27525,0.11853363453256528
27526,0.12962973524930657
27527,0.0036475097246484144
27528,0.06719405713101825
27529,0.9963415269914964
27530,0.350009
27531,0.13904699838905615
27532,0.349908
27533,0.2112453291474616
27534,0.349908
27535,0.6579986810147593
27536,0.42331615942727857
27537,0.047307489950433594
27538,0.349908
27539,0.2618703482485331
27540,0.220016
27541,1.0
27542,0.45681404113069124
27543,0.39832234277306466
27544,0.013825048461383603
27545,0.2293145027438995
27546,0.08761193829905428
27547,0.012769696512371965
27548,0.023336079437895577
27549,0.06658871525651404
27550,0.009653274504593108
27551,0.00508000996521442
27552,0.10069571530705541
27553,0.10284281168243001
27554,0.1511262168637209
27555,0.18196376127044825
27556,0.219997
27557,0.220016
27558,0.220016
27559,0.220016
27560,0.04570377818653153
27561,0.11409076560074227
27562,0.349908
27563,0.04164774187114908
27564,1.0
27565,1.0
27566,1.0
27567,0.009015689648317974
27568,0.0305561586453807
27569,0.060274338816190466
27570,0.220016
27571,0.5389028139592772
27572,0.11964776179745383
27573,0.06410204809854067
27574,0.04921777899141086
27575,0.06644779027921974
27576,0.10257901610540335
27577,0.06208481640383785
27578,0.014850197511767969
27579,1.0
27580,0.00885966297497217
27581,0.0677546067329056
27582,0.16879883914151908
27583,0.1715739321620342
27584,0.10474787557156887
27585,0.0801185681192048
27586,0.349908
27587,0.350009
27588,0.0849754649799359
27589,0.220016
27590,0.13793303490678072
27591,0.08300708836761182
27592,1.0
27593,1.0
27594,0.9012946745972181
27595,0.021218163334191006
27596,0.220016
27597,0.027259033014509396
27598,0.012468541762957367
27599,0.6762077356174577
27600,0.13763708926394028
27601,0.30652931662854666
27602,0.057691810361661204
27603,0.17456248385384182
27604,0.06431226561296773
27605,0.219997
27606,0.12801014820662027
27607,0.219997
27608,0.219997
27609,0.7818619007227313
27610,0.5309262861053788
27611,0.22423837041972514
27612,0.219997
27613,0.17538737155100104
27614,0.07471035638279028
27615,0.1911500717387744
27616,0.09852534515631103
27617,0.034888173964436706
27618,0.014336194564156962
27619,0.20843836716553418
27620,0.219997
27621,0.10221436628178368
27622,0.193471476214684
27623,1.0
27624,1.0
27625,1.0
27626,0.219997
27627,0.06411220982687219
27628,0.26116063485669144
27629,0.0018344602273351013
27630,0.5368682934549805
27631,0.034051723651680466
27632,0.012801268614168393
27633,0.005008894689373257
27634,0.054768604247779316
27635,0.04778449512948243
27636,0.06908225021341416
27637,0.12476986013795668
27638,0.4158395270542617
27639,1.0
27640,0.03543309486781525
27641,0.10982669662904314
27642,0.11053204432287668
27643,0.219997
27644,0.12499864774415016
27645,0.350009
27646,0.30277549152387667
27647,0.06468458725370926
27648,0.09845750005671289
27649,0.19307725266214068
27650,0.13275880681084373
27651,0.09096865583586396
27652,0.0749760593584777
27653,0.350009
27654,0.349908
27655,0.2584848108516052
27656,0.12274066446020697
27657,0.02840322904927985
27658,0.11514024385513913
27659,0.01523749221354132
27660,0.1918536018537311
27661,0.2442884260346338
27662,0.04945290592042959
27663,0.1108341876336761
27664,0.06335903944909249
27665,0.09528974302604855
27666,0.350009
27667,1.0
27668,0.3364020159085044
27669,0.219997
27670,0.1937237031535586
27671,0.219997
27672,0.2178303401863649
27673,1.0
27674,0.11230963927215197
27675,0.05978364355641789
27676,0.046304402577655515
27677,0.219997
27678,0.2083154155054404
27679,0.19261680027857525
27680,0.4695308484309636
27681,0.3009192134733299
27682,0.219997
27683,1.0
27684,0.10371504345997909
27685,0.024292778809518887
27686,0.21633525547787116
27687,0.26796568122313763
27688,0.02258707430066662
27689,0.013016040953849301
27690,0.219997
27691,0.04885886283816012
27692,0.028857566109166358
27693,0.11144516448436474
27694,0.040597845087592274
27695,0.219997
27696,0.48353084127233414
27697,0.219997
27698,0.349908
27699,0.349908
27700,0.219997
27701,0.219997
27702,0.4128965758991497
27703,0.04334425850693944
27704,0.219997
27705,0.11440097998215679
27706,0.04425207905246905
27707,0.8319314579283776
27708,0.31488205291589827
27709,0.03817407230048793
27710,0.7830756951800111
27711,0.4738139373548518
27712,0.008831128381516954
27713,0.220016
27714,0.219997
27715,0.19488889032077297
27716,0.04191473585050035
27717,0.01645753902300361
27718,0.014173258510033947
27719,0.01310238925336815
27720,0.028730894827270533
27721,0.040961197971642216
27722,0.17130891076422378
27723,0.10714474245932379
27724,0.18894849381221063
27725,0.6626344390735194
27726,1.0
27727,0.6295741439681551
27728,0.4144820589253738
27729,1.0
27730,0.2167926000962691
27731,0.07470594137093696
27732,0.07831636676992237
27733,0.2819772953540868
27734,0.219997
27735,0.0731786004796677
27736,0.0375162520055647
27737,0.1502185146829126
27738,0.16394445130042412
27739,0.03417237124977841
27740,0.044385198977421075
27741,0.0971046312964328
27742,0.022565527666262408
27743,0.021364646031054434
27744,0.043359502955951194
27745,0.02817942497679121
27746,0.010528835863707056
27747,0.04762427739592942
27748,0.10799292231460124
27749,0.08755257111180766
27750,0.10786244473734045
27751,0.350009
27752,0.2192245139278984
27753,0.350009
27754,1.0
27755,1.0
27756,0.349908
27757,0.220016
27758,0.03620556528002122
27759,0.05450401885456116
27760,0.19613811525958785
27761,0.05727984217992002
27762,0.040878951013302314
27763,1.0
27764,0.07056160836202127
27765,0.02689796930738772
27766,0.09273803452368327
27767,0.1856901121211437
27768,0.219997
27769,0.011011760753234663
27770,0.10183822864612813
27771,0.04010112399057309
27772,0.08919324519241512
27773,0.004071988801465573
27774,0.04698572086017508
27775,0.1401414415757581
27776,0.15921701136940003
27777,1.0
27778,0.605784009026809
27779,0.33373862418303907
27780,1.0
27781,0.5910533590288249
27782,0.7257660676643405
27783,0.219997
27784,0.017164643960867438
27785,0.06661860647773253
27786,0.011632160948451143
27787,0.03372922226739892
27788,0.08328455975170175
27789,0.024780636640381208
27790,0.052884269645634634
27791,0.11495512136903197
27792,0.7820728251126253
27793,0.1378356114516675
27794,0.41075323066142344
27795,0.220016
27796,0.18660180454023506
27797,0.1558504745182067
27798,0.2127923871193734
27799,0.219997
27800,0.16120931811735734
27801,0.001149284658400638
27802,0.07830507555233523
27803,0.219997
27804,1.0
27805,0.36183885683647804
27806,1.0
27807,0.349908
27808,0.349908
27809,0.21168637147587005
27810,0.349908
27811,0.09066109964243413
27812,0.02137557910736614
27813,0.007883376732740002
27814,0.07560851402966183
27815,0.01360298913392151
27816,0.09911940594920467
27817,0.219997
27818,0.11207664024563992
27819,0.349908
27820,0.025802881656910207
27821,0.062280752169081556
27822,0.350009
27823,0.032360874592161706
27824,0.1902224233104329
27825,0.29225447581836894
27826,0.0859718729974297
27827,0.0015692304255473704
27828,0.2835104315364769
27829,0.219997
27830,0.19591334390502507
27831,0.220016
27832,6.311699506677247e-05
27833,0.16307842295933336
27834,0.08511036563596026
27835,0.04381736912071636
27836,0.219997
27837,0.11835986747871444
27838,0.004059480264191339
27839,0.03241089403813212
27840,0.008901838474212545
27841,0.2253821472229995
27842,0.013808193011681106
27843,0.219997
27844,0.010167500928176051
27845,0.12039796565572274
27846,0.04495472567795113
27847,0.04213507183390476
27848,0.0010804067702261182
27849,0.129674279670639
27850,0.219997
27851,0.565899160504757
27852,1.0
27853,0.219997
27854,0.03514531279120793
27855,0.06465792728718059
27856,0.09255484949639234
27857,0.2166978300109653
27858,0.018183587974799385
27859,0.04281243179841914
27860,0.011584798279974957
27861,0.04637450220536902
27862,0.02736758590565922
27863,0.010886974484247977
27864,0.025310256938662852
27865,0.13924890951803962
27866,0.11212402636225205
27867,0.6317456621468707
27868,0.0003609375451904635
27869,0.007277015998310121
27870,0.220016
27871,0.07318478846662861
27872,0.21328383220042865
27873,0.6198765807879413
27874,0.219997
27875,0.022866925906655688
27876,0.033619593154265465
27877,0.2736833836071956
27878,0.0192758802217044
27879,0.03920629468448723
27880,0.15768955229605747
27881,0.2151013842586653
27882,0.05161844902036158
27883,0.004352476844066072
27884,0.027709579140844456
27885,0.016901986162801794
27886,0.219997
27887,0.04234776411089337
27888,0.040480995501654016
27889,0.2197140624119971
27890,0.1590633228563562
27891,0.05514089121500239
27892,0.010452795665302099
27893,0.004024513613945103
27894,0.06507091477693822
27895,0.43875295240996126
27896,0.05783477506255889
27897,0.05937160544121612
27898,0.0844155365962512
27899,0.05525364119235076
27900,0.07027858536261404
27901,0.219997
27902,0.12533572074883043
27903,0.220016
27904,0.08310551349890909
27905,0.03161632840152755
27906,0.019343253586562165
27907,0.07353635473856372
27908,0.11926970184904107
27909,0.01662719373167217
27910,0.5146385315745748
27911,0.11463130176592218
27912,0.024735561857313106
27913,0.349908
27914,0.027698148531889823
27915,0.10592168102105097
27916,0.13423943276110473
27917,0.014987838882592598
27918,0.349908
27919,0.976786300350718
27920,0.1564983575070104
27921,0.10742737634681403
27922,0.023675798195186358
27923,0.15214351485048472
27924,0.0009837005606221705
27925,0.11566953201723472
27926,0.220016
27927,0.219997
27928,0.09940862555978858
27929,1.0
27930,0.023811235984494365
27931,0.20629166957687284
27932,0.13108083575367455
27933,0.07909746235540076
27934,0.05653180723250582
27935,0.038734825294718854
27936,0.08108286795840396
27937,0.34135864502275176
27938,0.10278498342457364
27939,0.2339756248466238
27940,0.022293530088139106
27941,0.013546174930300137
27942,0.13050690362798256
27943,0.02200563368054409
27944,0.011869064068959339
27945,0.10119519160392344
27946,0.08384147030508612
27947,0.03798193960972967
27948,0.07539485320528785
27949,0.08533289387994444
27950,0.036105506323516015
27951,0.03004709949452866
27952,0.14615845199024835
27953,0.219997
27954,0.01192284438409276
27955,0.027152215575178638
27956,0.022483412979363
27957,0.010859186429910343
27958,0.11502506812395902
27959,0.13166952493586465
27960,0.06290414560216347
27961,1.0
27962,0.08538246225156153
27963,0.219997
27964,0.11066567421205449
27965,0.1391414284671389
27966,0.03869084117998193
27967,0.025066948295557872
27968,0.04728375291769963
27969,0.014984336526852481
27970,0.219997
27971,0.08380266433103392
27972,0.009644148597183374
27973,0.019297437795944845
27974,0.035827156860270784
27975,0.219997
27976,0.040278966682130546
27977,0.006099706850402044
27978,0.15705944961181367
27979,0.06721083059311295
27980,0.04081669542457912
27981,0.04499946789483104
27982,0.673932645512718
27983,0.040839048443581716
27984,0.028017467249908754
27985,0.007728452054119408
27986,0.017809465092167624
27987,0.07330470106767138
27988,0.018745810824837478
27989,0.2426083314278249
27990,0.12387949545572488
27991,0.02100289942350183
27992,0.022303678218423762
27993,0.007699457582162717
27994,0.1095203237844088
27995,0.349908
27996,0.1470672782655292
27997,0.18232842536589194
27998,0.13473027408966184
27999,0.10824775382724364
28000,0.03369592148678121
28001,0.07413983479550032
28002,0.220016
28003,0.219997
28004,0.349908
28005,0.028860157100516315
28006,0.023416612412946455
28007,0.018596820549284392
28008,0.009592405168495173
28009,0.045945845454594125
28010,0.044595114851290765
28011,0.022567243024247414
28012,0.02256537127824368
28013,0.03627524114430417
28014,0.03042927170916627
28015,0.060327592191074725
28016,0.16015432982915304
28017,0.015439769885806238
28018,0.1760610920932257
28019,0.013010054404384264
28020,0.4793350589943788
28021,0.014050853146780399
28022,0.00289108662458244
28023,0.03707821359717177
28024,0.025172326057136596
28025,0.0073363957137198045
28026,0.04928959884660793
28027,0.02979912313311628
28028,0.019510224802009174
28029,0.007825357558921785
28030,0.022434484107764028
28031,0.014447444846122854
28032,0.012238559564429995
28033,0.219997
28034,0.06233936102020992
28035,0.056590887320321595
28036,0.09813175216145884
28037,0.03847742514345187
28038,0.01664656552005985
28039,0.0036379877928107117
28040,0.219997
28041,0.08043989546244665
28042,0.04441918656000676
28043,0.00998013555002878
28044,0.014990073727827326
28045,0.0437690583135749
28046,0.017201496395451793
28047,0.15060466441602247
28048,0.00014860011434018308
28049,0.07862004052164338
28050,0.029663724334510807
28051,0.030764503118134605
28052,0.5247975220181377
28053,0.0644846397996547
28054,0.166823756385145
28055,0.06838102943713331
28056,0.08598547754749372
28057,0.026789640522381388
28058,0.007687769422322639
28059,0.219997
28060,0.032602117571354235
28061,0.1485750223676646
28062,0.349908
28063,0.03707107417078798
28064,0.06932868686434966
28065,0.05111879170453022
28066,0.016315956423730196
28067,0.01658336393653669
28068,7.792170187346907e-05
28069,0.07263211940697456
28070,0.02668868839251303
28071,0.004513556320866243
28072,0.2016819698267415
28073,0.09574385114775329
28074,0.016568293264264504
28075,0.3363246379226765
28076,0.06152571765250778
28077,0.02993247166200984
28078,0.04328337522253361
28079,0.021128276140812204
28080,0.022900428090320623
28081,0.09401956479378883
28082,0.008330414522074779
28083,0.005599275605842304
28084,0.06096581288109497
28085,0.019065096697490857
28086,0.016433752211565043
28087,0.08184381187811147
28088,0.349908
28089,0.219997
28090,0.014179038847648567
28091,0.06370127123752978
28092,0.135561552745196
28093,0.023612411727967318
28094,0.048608066768438776
28095,0.010049300525635317
28096,0.0363376729884261
28097,0.04386778519386939
28098,0.10974761887319136
28099,0.01748467151061748
28100,0.1599506694794784
28101,0.028263332258330554
28102,0.061897113310067586
28103,0.0620005835404366
28104,0.12324357732016099
28105,0.005642183504599505
28106,0.04101408213570506
28107,0.044320690294846685
28108,0.220016
28109,0.028172162425535323
28110,0.20698877097367982
28111,0.22301061540687991
28112,0.350009
28113,0.03320743215694255
28114,0.039664745982808225
28115,0.0618152219647198
28116,0.2870340250278483
28117,0.16779438748625608
28118,0.23982013734185045
28119,0.219997
28120,0.220016
28121,0.027739236752845977
28122,0.18527915989827443
28123,0.02379483819065965
28124,0.0489480226283037
28125,0.009920539881742118
28126,0.220016
28127,0.04708540405420435
28128,0.9871316991748925
28129,0.220016
28130,0.024450861877282487
28131,0.06983888330675393
28132,0.058371968431393126
28133,0.02623071667982036
28134,0.020478141035855116
28135,0.043259628798857475
28136,0.09725681935307323
28137,0.04779419461865274
28138,0.0034968840409503495
28139,0.023230657815168126
28140,0.16657351608379717
28141,0.220016
28142,0.5540239261371853
28143,0.5337086674251525
28144,0.007129434550953563
28145,0.09820902947911193
28146,0.04144726472452063
28147,0.1525291601391188
28148,0.219997
28149,0.12704813265595
28150,0.11939783332023865
28151,0.11245329255414309
28152,0.14164790696893295
28153,0.05421112881178966
28154,0.5189871623488479
28155,0.219997
28156,0.219997
28157,0.5802397136397182
28158,0.02665899738706345
28159,0.03212669991294454
28160,0.5435745021394729
28161,0.042260980852164086
28162,0.1302937943741881
28163,0.9242965832264712
28164,0.21503707409783113
28165,0.07626619355487957
28166,0.06354436711596051
28167,0.11104114747604107
28168,0.12101587995852728
28169,0.1258372504237401
28170,0.1687396520528978
28171,0.05632152417863513
28172,0.03904867270777681
28173,0.19797743792045402
28174,0.220016
28175,0.026222404439459064
28176,0.07962452372844318
28177,0.07971442476932841
28178,0.20299531905898982
28179,0.20857394821658748
28180,0.038802593434559975
28181,0.056533552198225465
28182,0.0020018916168926277
28183,2.098744083533379e-05
28184,0.04018861115595863
28185,0.09166690185873888
28186,0.18455230262441577
28187,0.012922239294344157
28188,0.3114185087142656
28189,0.03451641246319406
28190,0.001072659860962638
28191,0.04409519486996991
28192,0.018081249185293347
28193,0.03983537604934293
28194,0.022446866952239908
28195,0.7397501130390822
28196,0.220016
28197,0.1396419184504538
28198,0.219997
28199,0.349908
28200,0.1924593035676653
28201,0.12893277584601467
28202,0.022032642137352454
28203,0.09911950700001865
28204,0.016615308898468642
28205,0.04592019564337583
28206,0.09036347459928468
28207,0.15172572461056627
28208,0.219997
28209,0.45669825738631675
28210,0.350009
28211,0.09319983614415385
28212,0.014854908643907875
28213,0.07168122532932676
28214,0.03150552219506224
28215,0.015704959608581967
28216,0.4531405099203542
28217,0.006012695746774032
28218,0.0914588160194637
28219,0.017490528070149697
28220,0.0804351114259919
28221,0.1721086380036972
28222,0.038674931365965434
28223,0.219997
28224,0.43844858469793946
28225,0.09068306941946647
28226,0.23166111808330705
28227,0.060452883290986886
28228,0.025481097622703196
28229,0.18321769936200435
28230,0.1407918781724814
28231,0.03621648097413432
28232,0.219997
28233,0.219997
28234,0.19786837266959964
28235,0.07621850351407777
28236,0.09065549510975235
28237,0.017558104916321617
28238,0.037081417568292106
28239,0.01561821158154837
28240,0.219997
28241,0.11469211207682353
28242,0.350009
28243,0.038996558856958324
28244,0.08535549292338981
28245,0.04940337609394731
28246,0.03928429492197136
28247,0.022325345374887142
28248,0.043073268852396394
28249,0.06183411813848597
28250,0.05844660754436984
28251,0.010448234911843973
28252,0.219997
28253,0.49729827093276435
28254,0.155356151753061
28255,0.09725561284261369
28256,0.04153159373484633
28257,0.09863251829530355
28258,0.05909764188956992
28259,0.001044720451095992
28260,0.03999212268071774
28261,0.022365632632726548
28262,0.02331379188718702
28263,0.0293090983746603
28264,0.219997
28265,0.015594109588979043
28266,0.01896939934926433
28267,0.029479385764275175
28268,0.01001904481027317
28269,0.220016
28270,0.12438424546538665
28271,0.350009
28272,0.350009
28273,0.350009
28274,0.07234002724569696
28275,0.06318690336730123
28276,0.01667131978540455
28277,0.10790727679969826
28278,0.04134921581435068
28279,0.219997
28280,0.14131446569080378
28281,1.0
28282,0.11711155261185047
28283,0.047002669434303125
28284,0.019126120292407
28285,0.12626135205685302
28286,0.15794958234398923
28287,0.05800465430969726
28288,0.02752655088738821
28289,0.012914086200559024
28290,0.018857951091653165
28291,0.06350574702700167
28292,0.027052025611691496
28293,0.00497701649689781
28294,0.15126276302156066
28295,0.07680579597381586
28296,0.220016
28297,0.09567665718617724
28298,0.219997
28299,0.3113719979056516
28300,0.6729600256398036
28301,0.08823251910026914
28302,0.03852038025508443
28303,0.14273051194748324
28304,0.03984684319257651
28305,0.17693157453808825
28306,0.10091123559920523
28307,0.1774923731434385
28308,0.03910597490738998
28309,0.09166998976094293
28310,0.04634771720925797
28311,0.09031549302601326
28312,0.03159364396934484
28313,0.023846798823930322
28314,0.02676901598377284
28315,0.21065394769889598
28316,0.0004587247482174467
28317,0.011601967280174718
28318,0.14041782713581838
28319,0.05173544275585379
28320,0.035731017667178004
28321,0.07329716147362278
28322,0.13358584914547236
28323,0.12151256872410646
28324,0.16236714840803915
28325,0.12519645903958163
28326,0.350009
28327,0.26585935000076294
28328,0.349908
28329,0.02180392719018283
28330,0.17517734721173578
28331,0.05748558069161991
28332,0.026499438559538055
28333,0.13078856806289949
28334,0.04101145195903132
28335,0.03042719150209113
28336,0.15346871775440846
28337,0.1814979589398005
28338,0.08465779969417896
28339,0.09253251580679381
28340,0.02388211965643413
28341,0.05891576500278282
28342,0.009482596185947137
28343,0.21559397715259238
28344,0.023223317795685927
28345,0.04067707852646882
28346,0.219997
28347,0.09228036361580486
28348,0.2576991868427499
28349,0.5961312385445624
28350,0.219997
28351,0.219997
28352,0.08846611102344662
28353,0.2004048210800363
28354,0.1408284777778126
28355,0.0941198320323596
28356,0.1219982002131002
28357,0.03692677239310651
28358,0.03310983757858523
28359,0.5275384900926137
28360,0.180375461040092
28361,0.06494626729492765
28362,0.04685187269509869
28363,0.06313979632030471
28364,0.028658939706159837
28365,0.015242289005502764
28366,0.0403358380251895
28367,0.03886545741948749
28368,0.0527875275133876
28369,0.7062627233029392
28370,0.06277674696378983
28371,0.07979247732455168
28372,0.17834858500144946
28373,1.0
28374,0.1307964506803312
28375,0.03542777235505906
28376,0.350009
28377,0.18602218931601985
28378,0.21675330866019166
28379,0.349908
28380,0.13269844327533878
28381,0.14065918033414995
28382,0.033996508652360334
28383,0.1955065206519599
28384,0.20963375931807382
28385,0.219997
28386,0.10865112663296386
28387,0.18128231509484563
28388,0.11604900698292646
28389,0.09493226224687822
28390,0.02004387190033361
28391,0.019250465349254082
28392,0.006046298023153733
28393,0.05734417107981932
28394,0.13835570182492793
28395,0.026002743347302133
28396,0.14125000191831613
28397,0.219997
28398,0.5634508113894122
28399,0.219997
28400,0.015358596367062154
28401,0.14869035426935714
28402,0.219997
28403,0.350009
28404,0.025674137889361008
28405,0.11515164884940357
28406,0.07087906834638838
28407,0.08194206269121569
28408,0.757479037009718
28409,0.022297680229105044
28410,0.15294674239055242
28411,0.38336703111120457
28412,0.2548633634175132
28413,0.014263417745858223
28414,0.07693726886714909
28415,0.061560801411392606
28416,0.350009
28417,0.350009
28418,0.016068748149991114
28419,0.17162538990644122
28420,0.13713214885693178
28421,0.219997
28422,0.219997
28423,0.17407474947821788
28424,0.17435169469332862
28425,0.5051966645165149
28426,0.16339394017586256
28427,0.023498123408937872
28428,0.08196484083287983
28429,0.17107846480353325
28430,0.1275239773553145
28431,0.219997
28432,1.0
28433,0.04831310505617797
28434,0.5071317113927537
28435,0.021798531047076842
28436,0.11118103956002179
28437,0.349908
28438,0.01999954988645821
28439,0.10860643254705261
28440,0.10985816524079667
28441,0.027310065385328926
28442,0.05553918483659432
28443,0.0074074334947038765
28444,0.9439854469579614
28445,0.220016
28446,0.1416060207286528
28447,0.349908
28448,0.10748270310160213
28449,0.31076301167899983
28450,0.6128103459307609
28451,0.4504394570331325
28452,0.349908
28453,0.27171725192612317
28454,0.16363567337248233
28455,1.0
28456,0.5041100249677737
28457,0.49226072178443275
28458,0.00943045127960985
28459,0.018932433159728708
28460,0.25034723297234
28461,0.15481324556648043
28462,0.025135423935187494
28463,0.05797736089079772
28464,0.029076864720544854
28465,0.07004985289167583
28466,0.009653274504593108
28467,0.012935274833522699
28468,0.015698850160432636
28469,0.05743896862252827
28470,0.220016
28471,0.16980110443415047
28472,0.17414352641993752
28473,0.20146962093340734
28474,0.18300944154630278
28475,0.349908
28476,0.22836802339245718
28477,0.07399014541320409
28478,0.1767478157211855
28479,0.349908
28480,0.01147119198407913
28481,0.03900858116562796
28482,1.0
28483,1.0
28484,1.0
28485,0.009015689648317974
28486,0.016735519885687552
28487,0.0745248959912308
28488,0.20943044791570864
28489,0.5622176436544912
28490,0.17700182167390707
28491,0.02060431812159539
28492,0.06288544961845739
28493,0.04921777899141086
28494,0.012007317870062756
28495,0.011794374141273361
28496,0.0677053206200764
28497,0.08759950765812133
28498,0.07911690790688691
28499,0.015723202302648523
28500,0.8786561455608151
28501,0.0017621104560643466
28502,0.060289048808532336
28503,0.1590576621211093
28504,0.15014331759200122
28505,0.06947697070214627
28506,0.11112683455396087
28507,0.349908
28508,0.220016
28509,0.02148449618154419
28510,0.220016
28511,0.13972998410182388
28512,0.1679439784079702
28513,1.0
28514,1.0
28515,0.9911699633981169
28516,0.021218163334191006
28517,0.049408848801865995
28518,0.02698783891530329
28519,0.7721028775262153
28520,0.13513775756771695
28521,0.349908
28522,0.05891138715019999
28523,0.13806764526247076
28524,0.04489081190168061
28525,0.219997
28526,0.19467408352854706
28527,0.219997
28528,0.219997
28529,0.8224970964810117
28530,0.7047203285681278
28531,0.23488737794371245
28532,0.219997
28533,0.219997
28534,0.10329991510967935
28535,0.219997
28536,0.159655350045687
28537,0.0942260250298411
28538,0.1363133103937009
28539,0.219997
28540,0.108954847089235
28541,0.14328648059846683
28542,0.02737358673070669
28543,1.0
28544,1.0
28545,1.0
28546,0.21519462308742268
28547,0.07145044825201634
28548,0.220016
28549,0.019247815820825066
28550,0.6390965185179597
28551,0.034051723651680466
28552,0.0033895475565643442
28553,0.03874481781847033
28554,0.051273527248434723
28555,0.04976073868279671
28556,0.05942895148158119
28557,0.11726153144658448
28558,0.5525604726267271
28559,1.0
28560,0.08594520053945043
28561,0.10422630349575543
28562,0.219997
28563,0.219997
28564,0.07908636084265827
28565,0.3771008085473115
28566,0.2631655798318706
28567,0.027580592178856257
28568,0.15832019227813443
28569,0.12639309116576464
28570,0.14852209578945558
28571,0.06183107791580612
28572,0.2870215403511903
28573,0.350009
28574,0.220016
28575,0.11851311381239853
28576,0.005325462010777029
28577,0.09558233371243306
28578,0.01523749221354132
28579,0.12197909790290935
28580,0.23629281593827978
28581,0.08530213891490541
28582,0.09593780826055423
28583,0.09622818144604484
28584,0.10696786983007715
28585,0.350009
28586,1.0
28587,0.349908
28588,0.349908
28589,0.16958630012398543
28590,0.219997
28591,0.219997
28592,1.0
28593,0.08807136456322508
28594,0.09328275826728899
28595,0.07476639999792566
28596,0.048233063162195416
28597,0.30447254007879404
28598,0.144492917855385
28599,0.33176580215508833
28600,0.349908
28601,0.3384442374351107
28602,0.24064768344976387
28603,1.0
28604,0.13352465654261736
28605,0.0023826807530324978
28606,0.20908737074977654
28607,0.2631491597570896
28608,0.019628259036047632
28609,0.05999350693875222
28610,0.349908
28611,0.05025274521286086
28612,0.028340920365379545
28613,0.1158249219924365
28614,0.05733706656028602
28615,0.219997
28616,0.43451642265774043
28617,0.349908
28618,0.349908
28619,0.349908
28620,0.219997
28621,0.18715022048028965
28622,0.349908
28623,0.05586125465679925
28624,0.219997
28625,0.1120078421257245
28626,0.03005687795308481
28627,0.9301723528700219
28628,0.3164754905020434
28629,0.13072132300981137
28630,0.7542109144084884
28631,0.48835597772720135
28632,0.007845060057369818
28633,0.07619822094373285
28634,0.219997
28635,0.12517593111540867
28636,0.04026242612071181
28637,0.01645753902300361
28638,0.0348712544232311
28639,0.011759615596401549
28640,0.07218021698116746
28641,0.08788793143577232
28642,0.09794308060192115
28643,0.1841417668672219
28644,0.7318225052064761
28645,1.0
28646,0.7479216398334831
28647,0.4164166883796051
28648,0.8709201441107698
28649,0.1863747064649269
28650,0.08221890174275565
28651,0.10376783387175842
28652,0.21239501447657266
28653,0.349908
28654,0.08540281246208396
28655,0.220016
28656,0.14723420153353367
28657,0.219997
28658,0.027240385971773494
28659,0.16306427515707367
28660,0.03154975105307784
28661,0.021364646031054434
28662,0.06776884292432171
28663,0.02817942497679121
28664,0.005815614030393305
28665,0.025317699366675446
28666,0.10047496148444135
28667,0.08178945272906778
28668,0.1239152915693303
28669,0.350009
28670,0.17246947566945842
28671,0.350009
28672,1.0
28673,1.0
28674,0.2749831955620107
28675,0.220016
28676,0.13189631608794786
28677,0.19855998776662115
28678,0.07560534736338433
28679,0.01380609068623462
28680,0.08350058055967513
28681,1.0
28682,0.06368045735452249
28683,0.01706920522444455
28684,0.220016
28685,0.11792031332685088
28686,0.24762501205170395
28687,0.05410329021674249
28688,0.13002211588942778
28689,0.00797379707121226
28690,0.04015257602755825
28691,0.037617813434435675
28692,0.15296774004792832
28693,0.09116226143838603
28694,1.0
28695,0.6028135814834185
28696,0.349908
28697,1.0
28698,0.6425228367223599
28699,0.8702293873851487
28700,0.219997
28701,0.0692784238435301
28702,0.04099498353490243
28703,0.10525816461347147
28704,0.04671077887522272
28705,0.02246791336694444
28706,0.220016
28707,0.684123050304673
28708,0.1007631185464404
28709,0.35319202391671695
28710,0.220016
28711,0.11802068805597724
28712,0.2114927835938478
28713,0.18949123433806797
28714,0.219997
28715,0.06415327440514942
28716,0.015421588939551477
28717,0.04055556839219816
28718,0.219997
28719,1.0
28720,0.4019254185803161
28721,1.0
28722,0.4864127169098648
28723,0.349908
28724,0.219997
28725,0.3372285832139474
28726,0.03373232226977363
28727,0.016267322095993436
28728,0.04982089487524491
28729,0.008211132004838372
28730,0.17153745534870693
28731,0.18603892198241936
28732,0.11456803570573931
28733,0.47857801489624646
28734,0.03549758376345968
28735,0.0762687185157005
28736,0.38881207616869506
28737,0.023422850703744343
28738,0.020822200318620275
28739,0.01438195149009519
28740,0.13964667454941865
28741,0.349908
28742,0.053653253711465766
28743,0.0015692304255473704
28744,0.2649641538755351
28745,0.2568720260818833
28746,0.17787561505059304
28747,0.18852239023941786
28748,0.220016
28749,0.1838212920329915
28750,0.04158062534046566
28751,0.219997
28752,0.220016
28753,0.05619540680094787
28754,0.03241089403813212
28755,0.0013138588630850986
28756,0.12728830779093386
28757,0.219997
28758,0.014193746139947049
28759,0.11832119293086163
28760,0.06625871479957135
28761,0.09135098712935921
28762,0.058207793100421255
28763,0.219997
28764,0.4513677834624031
28765,1.0
28766,0.219997
28767,0.01691799507797535
28768,0.03514531279120793
28769,0.055732483754911924
28770,0.0013260524820138178
28771,0.14715253925517618
28772,0.19046279870046723
28773,0.018183587974799385
28774,0.009675426285572608
28775,0.020280288409743868
28776,0.0489571260035698
28777,0.02266437080260916
28778,0.015241869916895152
28779,0.04643559768876297
28780,0.15250626958474983
28781,0.18588999441690612
28782,0.6591716125480199
28783,0.02328698227124078
28784,0.10776274334194245
28785,0.05723346725963403
28786,0.219997
28787,0.6705728275997925
28788,0.20943621502714826
28789,0.019873269839171825
28790,0.23737362995084216
28791,0.021083020611771662
28792,0.06530883113368778
28793,0.023529849750672346
28794,0.16417429031364392
28795,0.220016
28796,0.11707467707403406
28797,0.018087211686193688
28798,0.027709579140844456
28799,0.0015405855272174703
28800,0.219997
28801,0.05633887568269697
28802,0.0029550616978540616
28803,0.04656301482064579
28804,0.219997
28805,0.14066343795660347
28806,0.04428374910778807
28807,0.0266168964181181
28808,0.009759206377327974
28809,0.10120907886418712
28810,0.5805967715878978
28811,0.05190362962995108
28812,0.026517546609123633
28813,0.04916695361193377
28814,0.034557327206294265
28815,0.11445154991413806
28816,0.3192653667209658
28817,0.12300509630139722
28818,0.219997
28819,0.16355683510348248
28820,0.07587150592465593
28821,0.019343253586562165
28822,0.06150311739447728
28823,0.07172857933364264
28824,0.08618579724295773
28825,0.350009
28826,0.11463130176592218
28827,0.024735561857313106
28828,0.349908
28829,0.0035908198045616
28830,0.07583247773026949
28831,0.12931017254661198
28832,0.012573455947562534
28833,0.5263385710322349
28834,0.9997575650272371
28835,0.16987851833884202
28836,0.12508433752381057
28837,0.02836058432549567
28838,0.12112786396399595
28839,0.09215950498028457
28840,0.10065780285494691
28841,0.16352411313497742
28842,0.19274328220316625
28843,0.09812860871779402
28844,1.0
28845,0.2113751902743312
28846,0.006825167528135333
28847,0.05226014723345272
28848,0.03657143036354465
28849,0.016874296540602976
28850,0.03481335095357766
28851,0.08035777846559243
28852,0.426170412039624
28853,0.09374565906475313
28854,0.27697436957462956
28855,0.037461875406695655
28856,0.01788279574206514
28857,0.1632317906241155
28858,0.0033788733341036103
28859,0.007715331534537534
28860,0.16873021991576484
28861,0.03378781316217775
28862,0.07857481563659496
28863,0.1850091242277686
28864,0.08391565497004602
28865,0.1040495580767762
28866,0.01196458173993903
28867,0.018850707065713637
28868,0.11835005212743525
28869,0.009542012048983495
28870,0.219997
28871,0.009392639711480105
28872,0.05522766734086845
28873,0.0020004199842270586
28874,0.10233504469029449
28875,0.11643966119225305
28876,0.016704322587978045
28877,0.019233105035954347
28878,1.0
28879,0.09746639002229648
28880,0.1639054677338036
28881,0.060675378260450476
28882,0.056570068762770924
28883,0.051084026848419964
28884,0.04160388385169009
28885,0.021433267756993606
28886,0.018578332545126558
28887,0.28388711881398054
28888,0.07341530946203494
28889,0.025043718265644662
28890,0.09516889066532908
28891,0.15368282557998555
28892,0.023215647036852173
28893,0.016497843063492182
28894,0.19293055854090402
28895,0.042079091697433624
28896,0.015320916378303354
28897,0.09143980357163951
28898,0.4363011035936464
28899,0.029211727501377273
28900,0.0022669029926592186
28901,0.01335396250180608
28902,0.035678219477156436
28903,0.07509434902180755
28904,0.012128748535753043
28905,0.220016
28906,0.1679404224366197
28907,0.006998654395194168
28908,0.021101195432603654
28909,0.15934451188533716
28910,0.2178992342923655
28911,0.12668056514283915
28912,0.1123419307323904
28913,0.09550909967096581
28914,0.10723633781200509
28915,0.05637997033350586
28916,0.12363131045739918
28917,0.219997
28918,0.219997
28919,0.010556447464745345
28920,0.01928389798907191
28921,0.049238484132209694
28922,0.018596820549284392
28923,0.01754229415869186
28924,0.0995565814243961
28925,0.021018364798920282
28926,0.017568962899163137
28927,0.05013262325473958
28928,0.0549856025734511
28929,0.0903424036149312
28930,0.219997
28931,0.007497571344317799
28932,0.18077104216211146
28933,0.349908
28934,0.0139377020039614
28935,0.02474431155714507
28936,0.016508537519764475
28937,0.04514643764261463
28938,0.012783718164918294
28939,0.04350610404580544
28940,0.0655244889983971
28941,0.02158802235622022
28942,0.021426573234360355
28943,0.014447444846122854
28944,0.219997
28945,0.01329012681483956
28946,0.048867820932693665
28947,0.03460727362306575
28948,0.021357955977090236
28949,0.07292295256225872
28950,0.0245316550580217
28951,0.00885337154168713
28952,0.033748414026124
28953,0.0013544821336194145
28954,0.1851562121267002
28955,0.06095694645854544
28956,0.05732769595263081
28957,0.025014446329172598
28958,0.025610858589952896
28959,0.14980763341733458
28960,0.02326982102077711
28961,0.07862004052164338
28962,0.014951031741806715
28963,0.6643458698178413
28964,0.09108552878183572
28965,0.1620471887098639
28966,0.220016
28967,0.00019848277065186688
28968,0.005675521983393095
28969,0.043464340138114656
28970,0.022915458427033682
28971,0.016211316423555323
28972,0.18256568283709385
28973,0.219997
28974,0.219997
28975,0.015622204823379443
28976,0.06182285088409836
28977,0.07295330698251391
28978,0.07070510299363
28979,0.036719095809851575
28980,0.031454966717521037
28981,0.026553078077072436
28982,0.03887652451355661
28983,0.02795128360330224
28984,0.16128688555943949
28985,0.15933615118212105
28986,0.06768918195827892
28987,0.219997
28988,0.04721020777808058
28989,0.0035600755881767697
28990,0.006568665617479254
28991,0.0406481087464656
28992,0.09129540259374545
28993,0.028567552812862957
28994,0.016433752211565043
28995,0.025823764809226723
28996,0.06092367372662845
28997,0.349908
28998,0.34249832530350754
28999,0.0845718960377076
29000,0.1571985820600372
29001,0.02966870573943168
29002,0.03407850312155854
29003,0.052152175203103564
29004,0.06480468034502752
29005,0.09420992954204896
29006,0.051196633235661836
29007,0.05535328335021097
29008,0.059579682094118507
29009,0.014169813271550376
29010,0.031124884731787976
29011,0.1333825065692319
29012,0.022200878464719527
29013,0.013681362983805413
29014,0.02042948935126068
29015,0.28085744789062544
29016,0.006576944893408966
29017,0.11905001131090644
29018,0.3048628397044854
29019,0.350009
29020,0.02941554813544548
29021,0.2418479864615436
29022,0.219997
29023,0.350009
29024,0.1406629197462103
29025,0.220016
29026,0.09415602452616473
29027,0.219997
29028,0.02271896232321134
29029,0.009378173614084594
29030,0.01212086872609053
29031,0.027695983199909367
29032,0.08995140893827228
29033,0.0465584333634081
29034,0.8683805119688667
29035,0.220016
29036,0.06963334649635074
29037,0.09423540153569061
29038,0.349908
29039,0.05014468601542351
29040,0.020478141035855116
29041,0.07706170428931013
29042,0.029338509083591292
29043,0.07353491842263972
29044,0.220016
29045,0.4500441871263293
29046,0.3947086108554656
29047,0.06971152553613431
29048,0.04144726472452063
29049,0.219997
29050,0.3369481744836669
29051,0.025524065123531642
29052,0.08363625821969599
29053,0.0760569132290936
29054,0.11757901138584642
29055,0.051960060574318304
29056,0.5420544089931993
29057,0.2106329511752279
29058,0.349908
29059,0.49853055550492736
29060,0.219997
29061,0.03212669991294454
29062,0.48733136044282777
29063,0.12804369826972875
29064,0.349908
29065,0.1521322891017021
29066,0.13876763477786214
29067,0.03585553178426992
29068,0.10709876051760221
29069,0.06407933917565733
29070,0.10552422712844742
29071,0.24863513481583316
29072,0.011827772829801209
29073,0.12530764820325038
29074,0.10991272699467466
29075,0.220016
29076,0.04211594323923519
29077,0.07418216823717123
29078,0.061872349677591344
29079,0.15851497779096002
29080,0.14817998993961304
29081,0.02161918038260597
29082,0.05576136630178477
29083,0.03945000588920182
29084,0.219997
29085,0.1004172044198565
29086,0.49145875770404374
29087,0.06847960132633854
29088,0.0733773504995473
29089,0.0064716127791401585
29090,0.013062407011561285
29091,0.021379447194825367
29092,0.5286038323884253
29093,0.219997
29094,0.0794370132731096
29095,0.3978929390419534
29096,0.46344216079493655
29097,0.15324507658349637
29098,0.07331260631225607
29099,0.02101819444282519
29100,0.03004678537974828
29101,0.0094408364258552
29102,0.09950686507681981
29103,0.037966390363124845
29104,0.17385642276215987
29105,0.09036347459928468
29106,0.12350163291993883
29107,0.219997
29108,0.349908
29109,0.350009
29110,0.09761045601512668
29111,0.036301876914095886
29112,0.024304496940022402
29113,0.37046126829565584
29114,0.0011523639931161447
29115,0.06520840815273951
29116,0.026415373763711943
29117,0.06322968139850556
29118,0.219997
29119,0.46866388047023205
29120,0.011045879753324274
29121,0.09010721679280509
29122,0.20166139027963687
29123,0.02197483981894393
29124,0.04007967010084717
29125,0.08601938501916544
29126,0.11627377686427236
29127,0.004302255473561601
29128,0.11447804574637843
29129,0.19367503318807633
29130,0.10181403321480074
29131,0.059709110190055065
29132,0.08207377487715808
29133,0.05456157489299614
29134,0.07392461024690096
29135,0.029795541266421262
29136,0.219997
29137,0.0849535480167993
29138,0.22974351746195548
29139,0.02044090258406666
29140,0.053100114161312835
29141,0.05322261283674904
29142,0.059928444979644606
29143,0.01596090346931044
29144,0.0614135424589932
29145,0.06801078617725748
29146,0.048512091879386814
29147,0.04603823997672116
29148,0.349908
29149,0.349908
29150,0.047175164833852
29151,0.1117609891246152
29152,0.008844820312295809
29153,0.09902684070672413
29154,0.07379868898410238
29155,0.02189881484617259
29156,0.08281654990698893
29157,0.022365632632726548
29158,0.005246970589546094
29159,0.219997
29160,0.03633347796995357
29161,0.02364042563163766
29162,0.07657481061263934
29163,0.01001904481027317
29164,0.220016
29165,0.1612979989625471
29166,0.350009
29167,0.350009
29168,0.350009
29169,0.10636237032892602
29170,0.04391927854041025
29171,0.02560083133132115
29172,0.09079140335180773
29173,0.0398476278185255
29174,0.3092268595499805
29175,0.10485444483220888
29176,0.8606109102771828
29177,0.15630975497457775
29178,0.01952442595199311
29179,0.11808944824184613
29180,0.12295068507155307
29181,0.13547386050122398
29182,0.02752655088738821
29183,0.012914086200559024
29184,0.036665262840454044
29185,0.05874590603735931
29186,0.0198412646576737
29187,0.022393072044538255
29188,0.04006271455419317
29189,0.1562687281272433
29190,0.0682688968951467
29191,0.220016
29192,0.10547272167658166
29193,0.17984476465399798
29194,0.350009
29195,0.5472543230715414
29196,0.09398744557629117
29197,0.03996733877867769
29198,0.14388778032979965
29199,0.08051927424210235
29200,0.034031412105816145
29201,0.14001049796282786
29202,0.15457865476463264
29203,0.2054230069866598
29204,0.041395112980738204
29205,0.09819189373619232
29206,0.003641295334005257
29207,0.09074575715506816
29208,0.035973765176140635
29209,0.02676901598377284
29210,0.15838505148509488
29211,0.016096491870186767
29212,0.0010330802123464026
29213,0.18584763249013983
29214,0.06942813990895795
29215,0.01666616627810071
29216,0.0013974484733604803
29217,0.07632067446022399
29218,0.11899926914274808
29219,0.18435389909799083
29220,0.1218168051183941
29221,0.14387716884189444
29222,0.350009
29223,0.349908
29224,0.349908
29225,0.02180392719018283
29226,0.15514009465074566
29227,0.0986035743751015
29228,0.043787367929289285
29229,0.13623163458427776
29230,0.04101145195903132
29231,0.058964331145681365
29232,0.13932226318118493
29233,0.13764051460169485
29234,0.11607550548521224
29235,0.009039063307361038
29236,0.05640145369964938
29237,0.005229244572936956
29238,0.10150461810081968
29239,0.219997
29240,0.060744319205072235
29241,0.219997
29242,0.08475785863419948
29243,0.17241382915410647
29244,0.7560225487459504
29245,0.219997
29246,0.219997
29247,0.08139582993911905
29248,0.15842962337095734
29249,0.15471313264541578
29250,0.15940711214773445
29251,0.034826094103436456
29252,0.002614894702023406
29253,0.01082715172896641
29254,0.5706151044026766
29255,0.1496542352196475
29256,0.05064062408815394
29257,0.04337705692295992
29258,0.09600430608517037
29259,0.028658939706159837
29260,0.06436367147944792
29261,0.024313963802186967
29262,0.08238386545304346
29263,0.349908
29264,0.13933472747590697
29265,0.09049286337424428
29266,0.156829169563255
29267,1.0
29268,0.1682489155766501
29269,0.05420881127123586
29270,0.350009
29271,0.12830937543739337
29272,0.220016
29273,0.349908
29274,0.13869821412042854
29275,0.07166150820355728
29276,0.1377932446888558
29277,0.219997
29278,0.219997
29279,0.2191326079018389
29280,0.12259621350361691
29281,0.220016
29282,0.0784073490377278
29283,0.07589306737002209
29284,0.02004387190033361
29285,0.017921134588925754
29286,0.01460079829268991
29287,0.09509734985804272
29288,0.12873004353628276
29289,0.025129625647857964
29290,0.1812775574456272
29291,0.219997
29292,0.349908
29293,0.14142666004734414
29294,0.0060456084817078395
29295,0.18193170300804137
29296,0.219997
29297,0.350009
29298,0.07495453288245114
29299,0.06717578443045391
29300,0.008563804019457881
29301,0.1416187469327377
29302,0.744341568158161
29303,0.04851570006035169
29304,0.19859688245599605
29305,0.3979093797030202
29306,0.220016
29307,0.03512319841789233
29308,0.07276963240394607
29309,0.055229492128855265
29310,0.350009
29311,0.350009
29312,0.016068748149991114
29313,0.16521350877035776
29314,0.1646767673868657
29315,0.219997
29316,0.219997
29317,0.19038257629937969
29318,0.21087939891815977
29319,0.43933091362017684
29320,0.11179014495070393
29321,0.020837629422534497
29322,0.14973970094653408
29323,0.16908950808230588
29324,0.06718331601175193
29325,0.219997
29326,1.0
29327,0.05045627582776924
29328,0.5176634932515176
29329,0.020167846671183993
29330,0.10487133124875445
29331,0.349908
29332,0.01999954988645821
29333,0.06352124608333969
29334,0.14206968934978295
29335,0.011018001548416277
29336,0.11329749711734212
29337,0.0074074334947038765
29338,1.0
29339,0.220016
29340,0.11765439842709507
29341,0.48557644225763863
29342,0.19903300188335318
29343,0.349908
29344,0.5854980991961166
29345,0.350009
29346,0.31763730738790125
29347,0.220016
29348,0.19620742010236478
29349,1.0
29350,0.465292473919245
29351,0.46265586739129705
29352,0.06022480310275522
29353,0.220016
29354,0.10580615448524906
29355,0.03144907617983303
29356,0.06520565437301483
29357,0.024794900587583164
29358,0.05949948369529783
29359,0.009653274504593108
29360,0.012289169203171437
29361,0.10011841971391647
29362,0.220016
29363,0.1685047237033016
29364,0.11580721688845248
29365,0.219997
29366,0.2026160535220881
29367,0.349908
29368,0.350009
29369,0.06325640230038715
29370,0.219997
29371,0.349908
29372,0.033526074239216996
29373,0.07913280549605378
29374,1.0
29375,1.0
29376,0.9612326530965452
29377,0.009015689648317974
29378,0.01834898675903475
29379,0.0005229723094714368
29380,0.08236052669233138
29381,0.4894501119200986
29382,0.12270087261406504
29383,0.004723905959544676
29384,0.06317621047148819
29385,0.0863535179683176
29386,0.11204005509669109
29387,0.05066607269098896
29388,0.015723202302648523
29389,0.9396886425180674
29390,0.02641577546472733
29391,0.03978572921417691
29392,0.17344989146261994
29393,0.13864321155338089
29394,0.07089853515366104
29395,0.10760043132529347
29396,0.3513021569903715
29397,0.220016
29398,0.08306164967278704
29399,0.220016
29400,0.2054069935109073
29401,0.2188647035272207
29402,1.0
29403,1.0
29404,0.9531858534388686
29405,0.021218163334191006
29406,0.220016
29407,0.021348157718491086
29408,0.030178093040969727
29409,0.6705457959102415
29410,0.07701954168067614
29411,0.3215160621753994
29412,0.04038383686092457
29413,0.13432617153378543
29414,0.005949707911911099
29415,0.219997
29416,0.17488135158942975
29417,0.219997
29418,0.219997
29419,0.7952719088128584
29420,0.7913229285505909
29421,0.349908
29422,0.219997
29423,0.17681233311048744
29424,0.09553678221372823
29425,0.21594683156771904
29426,0.13694072657671308
29427,0.08969914313053032
29428,0.009772255607751287
29429,0.220016
29430,0.219997
29431,0.10325119436289266
29432,0.15540358535159615
29433,0.015865062973377836
29434,1.0
29435,1.0
29436,1.0
29437,0.219997
29438,0.03223289194109245
29439,0.350009
29440,0.7432032267126301
29441,0.034051723651680466
29442,0.012801268614168393
29443,0.030817346200210132
29444,0.11262758212858225
29445,0.17914670473332264
29446,0.07900025756495513
29447,0.5533002374092763
29448,1.0
29449,0.07776864324431138
29450,0.10887637842318336
29451,0.1758182446035385
29452,0.219997
29453,0.12948062608378563
29454,0.350009
29455,0.24748961307931955
29456,0.049894944292258284
29457,0.1643108528173176
29458,0.16810746712426813
29459,0.219997
29460,0.03538213882844836
29461,0.350009
29462,0.350009
29463,0.220016
29464,0.11877314576131787
29465,0.010059226471444627
29466,0.11498719318157674
29467,0.01523749221354132
29468,0.0988860956698108
29469,0.219997
29470,0.09081261797257761
29471,0.0760973353317122
29472,0.0035907006076522775
29473,0.02462695545081902
29474,0.06183791939885595
29475,0.10596396924236158
29476,0.350009
29477,1.0
29478,0.349908
29479,0.349908
29480,0.18832808682134952
29481,0.219997
29482,0.1909437068876412
29483,0.9584199384008804
29484,0.0658464534893969
29485,0.08745852815985793
29486,0.05700574659656789
29487,0.1878558958989183
29488,0.219997
29489,0.219997
29490,0.519466720052262
29491,0.349908
29492,0.219997
29493,1.0
29494,0.14924010933720044
29495,0.00021626781304108598
29496,0.219997
29497,0.26213543874208245
29498,0.011630196429738008
29499,0.0028030489418862017
29500,0.8483570518064987
29501,0.0885378385730716
29502,0.029044691733569668
29503,0.09682877627511344
29504,0.05161963575174784
29505,0.2219964160965434
29506,0.5699876758077191
29507,0.349908
29508,0.7889174393060588
29509,0.349908
29510,0.219997
29511,0.219997
29512,0.4212326361454185
29513,0.07442256120566483
29514,0.18635919364514453
29515,0.0937932114264389
29516,0.0683871733875914
29517,0.6053329529801655
29518,0.254432388112501
29519,0.1471939807664871
29520,0.8825159561175199
29521,0.4573874124795778
29522,0.09410019920178181
29523,0.349908
29524,0.18109706279014715
29525,0.010822035227688138
29526,0.01645753902300361
29527,0.01310238925336815
29528,0.00960523815882683
29529,0.05688787986250399
29530,0.09408634063205872
29531,0.1651846043844634
29532,0.1474957936770154
29533,0.8052939809430668
29534,1.0
29535,0.6571530527540184
29536,0.40467343918868504
29537,0.7486329906024131
29538,0.20662843473373982
29539,0.05274673209451881
29540,0.0465048769439434
29541,0.219997
29542,0.3429854265698353
29543,0.07002537372811182
29544,0.0629829537589094
29545,0.09951398394047166
29546,0.21934333767798928
29547,0.0510770701338068
29548,0.04835412249218238
29549,0.19761691143959054
29550,0.07385931959794043
29551,0.06652861101315827
29552,0.06115853992988934
29553,0.1112329628650522
29554,0.08618371750359326
29555,0.09146673621168071
29556,0.350009
29557,0.24815348294966147
29558,0.350009
29559,1.0
29560,1.0
29561,0.34242084319475263
29562,0.219997
29563,0.027436999255920934
29564,0.0774500365359619
29565,0.20508062374891747
29566,0.01798863658376311
29567,0.01380609068623462
29568,0.030872175839906188
29569,1.0
29570,0.03565652781178336
29571,0.08904361379882333
29572,0.10188232993031712
29573,0.205943315510046
29574,0.220016
29575,0.05571590657072205
29576,0.1111119336551388
29577,0.02628344607525657
29578,0.07961785724263266
29579,0.013268722490412572
29580,0.02594929547913648
29581,0.10319059199807665
29582,0.1468100925580115
29583,1.0
29584,0.5180445313244071
29585,0.349908
29586,1.0
29587,0.6124137569424187
29588,0.8383771860177093
29589,0.219997
29590,0.0548074457090012
29591,0.10161319570106546
29592,0.03584091905223384
29593,0.12359275410014875
29594,0.07755285818409804
29595,0.06597421594263142
29596,0.10829359474383346
29597,0.6411194239218748
29598,0.219997
29599,0.5188160421414643
29600,0.04007940619809052
29601,0.15889589588373867
29602,0.219997
29603,0.14930041490609622
29604,0.219997
29605,0.03188965008062541
29606,0.04342165191696615
29607,0.037509788440486885
29608,0.219997
29609,1.0
29610,0.442712924379291
29611,1.0
29612,0.47404399750334025
29613,0.5345156903474482
29614,0.24447445325309142
29615,0.24242751455429343
29616,0.18772503817724892
29617,0.03135800630975924
29618,0.03373232226977363
29619,0.016267322095993436
29620,0.022967338467851622
29621,0.219997
29622,0.219997
29623,0.219997
29624,0.42694957601844
29625,0.01649247567772924
29626,0.05767039320115754
29627,0.014932115735064224
29628,0.4050011607244526
29629,0.1132805451406044
29630,0.10393724233922894
29631,0.349908
29632,0.04451132864807629
29633,0.0015692304255473704
29634,0.31498742019933235
29635,0.2910885672518691
29636,0.10527938438929531
29637,0.219997
29638,0.1426513594960152
29639,0.1376324625957053
29640,0.0776007473033501
29641,0.20558681200641232
29642,0.219997
29643,0.014148093329431188
29644,0.220016
29645,0.013808193011681106
29646,0.11193523374147664
29647,0.04847144382303322
29648,0.011885303052316267
29649,0.20957640772288041
29650,0.05449885650430915
29651,0.035175533313106924
29652,0.060959748416591644
29653,0.219997
29654,0.349908
29655,1.0
29656,0.16995449789237158
29657,0.016978304812039012
29658,0.03514531279120793
29659,0.00952233630029141
29660,0.11930430833055375
29661,0.1714754731110525
29662,0.018183587974799385
29663,0.03455498573751779
29664,0.047321617751617105
29665,0.018907954774422583
29666,0.02736758590565922
29667,0.006030250312051351
29668,0.03844336388815299
29669,0.13959970167021762
29670,0.21547131539418105
29671,0.623175358246954
29672,0.057527529371873276
29673,0.07664034046495502
29674,0.09173656890947414
29675,0.1827522891689145
29676,0.6211603200867286
29677,0.219997
29678,0.006732633315311042
29679,0.220016
29680,0.021083020611771662
29681,0.10504440976858846
29682,0.023529849750672346
29683,0.08692631427340484
29684,0.2627903586292273
29685,0.10635955330921833
29686,0.018087211686193688
29687,0.04873035732713784
29688,0.019549409063891805
29689,0.219997
29690,0.010358813081390009
29691,0.02466157690932738
29692,0.219997
29693,0.09828935891226329
29694,0.0687954372128761
29695,0.0624737688394254
29696,0.03125935317754313
29697,0.09833264263456598
29698,0.5754095911305283
29699,0.057432895544597316
29700,0.021278258837466115
29701,0.051735977549874836
29702,0.08268158273683994
29703,0.01947324960902499
29704,0.06433473870746341
29705,0.220016
29706,0.03561115409724499
29707,0.219997
29708,0.07176044495194836
29709,0.04279465124579762
29710,0.00018291745487583911
29711,0.11348949766635266
29712,0.08732995866183865
29713,0.08547086085530783
29714,0.4141489891393178
29715,0.11463130176592218
29716,0.219997
29717,0.005465829986076266
29718,0.09422648053391945
29719,0.19415632888718187
29720,0.008061816378373329
29721,0.349908
29722,0.7197377206173822
29723,0.17246506952156174
29724,0.078328714033042
29725,0.016275396369529814
29726,0.08436224310610817
29727,0.07569013580988608
29728,0.11469609815805128
29729,0.20485822366118714
29730,0.20641315587445508
29731,0.16150824701388047
29732,1.0
29733,0.09684581141923557
29734,0.024319721043311093
29735,0.09191112286097493
29736,0.0662150179087021
29737,0.003953282274294997
29738,0.07057574359291416
29739,0.5111546105711254
29740,0.11683301331930179
29741,0.2394166322987866
29742,0.04323248129856302
29743,0.02855785541663198
29744,0.17350165676515522
29745,0.021687316944175524
29746,0.12874865069867195
29747,0.04102574968483677
29748,0.0556164808755381
29749,0.09830379427709213
29750,0.14730868911564335
29751,0.036665400075934614
29752,0.1331080765369841
29753,0.219997
29754,0.026391017915365828
29755,0.057475651191363115
29756,0.04548293170123485
29757,0.14510379914175348
29758,0.1303245510187133
29759,0.05569512668774099
29760,0.10758207369827266
29761,1.0
29762,0.04948654484944672
29763,0.10469328117001298
29764,0.07792013372744995
29765,0.06838719396682794
29766,0.05098738194530212
29767,0.045256528392927535
29768,0.020856044901089523
29769,0.034269860781397585
29770,0.350009
29771,0.0851146283497198
29772,0.009644148597183374
29773,0.005881348235752196
29774,0.003060071935936699
29775,0.011478014248615217
29776,0.025043718265644662
29777,0.12317804359279319
29778,0.13596079976526462
29779,0.07858749151127507
29780,0.016497843063492182
29781,0.13093558686288895
29782,0.038236507006872
29783,0.00677196454276363
29784,0.10742750213256944
29785,0.6263134941720044
29786,0.006636641286545472
29787,0.01877927302340353
29788,0.007728452054119408
29789,0.05112402623281879
29790,0.01045676965309795
29791,0.024908761477651642
29792,0.219997
29793,0.10916065129558375
29794,0.02100289942350183
29795,0.02179962997466156
29796,0.14661920052747174
29797,0.349908
29798,0.14335237604760487
29799,0.04137674262647165
29800,0.08644457498783975
29801,0.035965997772032535
29802,0.11521619433901022
29803,0.016369747781044323
29804,0.12092779954041565
29805,0.349908
29806,0.350009
29807,0.010556447464745345
29808,0.016233808085743692
29809,0.031624676705110585
29810,0.018596820549284392
29811,0.008952291912421383
29812,0.013079046099990367
29813,0.06577927342348532
29814,0.012304088760827054
29815,0.01787542049057658
29816,0.05515747781524703
29817,0.07519166953365844
29818,0.17870963187220285
29819,0.1345983384124283
29820,0.007497571344317799
29821,0.219997
29822,0.013010054404384264
29823,0.349908
29824,0.014050853146780399
29825,0.012795154771969564
29826,0.00907055665426645
29827,0.014842424723601286
29828,0.025706427913955193
29829,0.034963985060852444
29830,0.04425929141596762
29831,0.025883432253967033
29832,0.007825357558921785
29833,0.014447444846122854
29834,0.012238559564429995
29835,0.17537681408021902
29836,0.006733208823033932
29837,0.0688793640109712
29838,0.043488189347343796
29839,0.036305535802708615
29840,0.029867179492965804
29841,0.06332671350132343
29842,0.02497036909855921
29843,0.010149858196724933
29844,0.21598317294358405
29845,0.06554595771754292
29846,0.030988765271488156
29847,0.006757925561394642
29848,0.014990073727827326
29849,0.06086515400235882
29850,0.04875466760563461
29851,0.20984420325131742
29852,0.02326982102077711
29853,0.07862004052164338
29854,0.834425411166297
29855,0.05893341230129728
29856,0.10864010015572775
29857,0.09407103257508742
29858,0.10771345329774953
29859,0.04954374664820639
29860,0.020149280900113607
29861,0.219997
29862,0.219997
29863,0.219997
29864,0.0063688271127825165
29865,0.02586217057581474
29866,0.06840471675314064
29867,0.016006904407850655
29868,0.002988661079114412
29869,0.07575935722662888
29870,0.012227824490907934
29871,0.13519103975180685
29872,0.21289503713661703
29873,0.349908
29874,0.005202612412620686
29875,0.051289833824212976
29876,0.006568665617479254
29877,0.007300427825185623
29878,0.09429385805056761
29879,0.06654849727697322
29880,0.05155825481973845
29881,0.027167384972168612
29882,0.04436569125101574
29883,0.008804173004642596
29884,0.019886885814589608
29885,0.045054876319597315
29886,0.349908
29887,0.349908
29888,0.02326180631594704
29889,0.10599910316018657
29890,8.901478586183318e-05
29891,0.0035418385148691424
29892,0.052152175203103564
29893,0.026565299599016535
29894,0.007455612168800165
29895,0.0013415169080453243
29896,0.051196633235661836
29897,0.05535328335021097
29898,0.034418414073269246
29899,0.061897113310067586
29900,0.16085198597140907
29901,0.0005567774932578808
29902,0.219997
29903,0.01129627825581501
29904,0.04039913293310869
29905,0.349908
29906,0.3520383966901897
29907,0.07719277966709126
29908,0.2945468611215588
29909,0.030585590106418085
29910,0.2331998251376906
29911,0.07300172680854342
29912,0.23289531218033094
29913,0.09415602452616473
29914,0.04100610218323885
29915,0.219997
29916,0.020846982870483775
29917,0.0422010197888893
29918,0.04977343360193361
29919,0.2581626930433981
29920,0.0465584333634081
29921,1.0
29922,0.220016
29923,0.04996767198808308
29924,0.349908
29925,0.02508355510217717
29926,0.050293625556480356
29927,0.0948948431740678
29928,0.16829282163048775
29929,0.23932996415972865
29930,0.706927585840662
29931,0.6153323975161095
29932,0.06971152553613431
29933,0.05247268314581724
29934,0.21012606733971573
29935,0.219997
29936,0.011953876927672311
29937,0.023073236018473903
29938,0.05288495146426998
29939,0.07750937438161855
29940,0.13715121692966936
29941,0.14188206622938485
29942,0.05421112881178966
29943,0.6411236546686159
29944,0.22647313540544878
29945,0.350009
29946,0.633682438876199
29947,0.219997
29948,0.6334323452809603
29949,0.12614246418450853
29950,0.219997
29951,0.219997
29952,0.14019072891035564
29953,0.031173599173582856
29954,0.09226046331671676
29955,0.032114862701939854
29956,0.219997
29957,0.219997
29958,0.046817909111855696
29959,0.03156280981949814
29960,0.07581559235220077
29961,0.220016
29962,0.058384646374007074
29963,0.08969101450730298
29964,0.10704631884030032
29965,0.1919354884973483
29966,0.041106551339131304
29967,0.01307760988352472
29968,0.04018861115595863
29969,0.2735073409040426
29970,0.06854093468000715
29971,0.19322623746437015
29972,0.06847960132633854
29973,0.05709833935116934
29974,0.0012750204503679044
29975,0.596320255790344
29976,0.11372555950358257
29977,0.01426521335039609
29978,0.09080819173901128
29979,0.219997
29980,0.349908
29981,0.219997
29982,0.09443648195040553
29983,0.02101819444282519
29984,0.004772431655250341
29985,0.07282244537919139
29986,0.016615308898468642
29987,0.07937642357599012
29988,0.07796822083145918
29989,0.08164723479477448
29990,0.08302040552063891
29991,0.349908
29992,0.349908
29993,0.024782001480261696
29994,0.350009
29995,0.05364289474057661
29996,0.02481786956778265
29997,0.349908
29998,0.06436055737596305
29999,0.1029470296238653
30000,0.017490528070149697
30001,0.220016
30002,0.022623802039868527
30003,0.01470110334395206
30004,0.220016
30005,0.5321802394300559
30006,0.219997
30007,0.027617332988805608
30008,0.0039804669835125485
30009,0.010021335631035595
30010,0.11703641680176184
30011,0.03448471743191909
30012,0.0332094622566664
30013,0.1931481406521355
30014,0.17345196315435302
30015,0.12169394555952041
30016,0.06854438028128668
30017,0.1256891842318119
30018,0.007070234665647098
30019,0.017732822094830913
30020,0.06370161402106936
30021,0.07304156630288638
30022,0.08052470095941272
30023,0.07328292537937359
30024,0.219997
30025,0.13372377820017126
30026,0.220016
30027,0.04207173945955938
30028,0.03102351621619027
30029,0.07506258255661201
30030,0.04261780500645378
30031,0.011236819236147005
30032,0.010666947288035156
30033,0.08407117688943236
30034,0.023735894878389
30035,0.041505630090352436
30036,0.9753772365269074
30037,0.5337620049939719
30038,0.008835722372843451
30039,0.09545423889707874
30040,0.09070464294003264
30041,0.11292598231045763
30042,0.04787271696137596
30043,0.07397759749412726
30044,0.022365632632726548
30045,0.01956128776031754
30046,0.04442456222971896
30047,0.3077165322342852
30048,0.0279928551452822
30049,0.03378899462173258
30050,0.06441802863464909
30051,0.23469579912530364
30052,0.09906791791249736
30053,0.2962435250666763
30054,0.2868877826524851
30055,0.350009
30056,0.15430216708264322
30057,0.01475337061841365
30058,0.005518003774702589
30059,0.09238414646949832
30060,0.09178985737856293
30061,0.27318045227782145
30062,0.1635546587560621
30063,0.7690382618889817
30064,0.08171415182341572
30065,0.03374659017769218
30066,0.09321717086949174
30067,0.1467861412638704
30068,0.05396572259140346
30069,0.02752655088738821
30070,0.02027142382663598
30071,0.05226311775473927
30072,0.035735139231776285
30073,0.04527902340076034
30074,0.04401377089963716
30075,0.1409665645273666
30076,0.09185027978416578
30077,0.219997
30078,0.11739861192794543
30079,0.15436871239655764
30080,0.46975030630641545
30081,0.5020640807547773
30082,0.11079030442383575
30083,0.010510852488994853
30084,0.10272910301369134
30085,0.016618659248687332
30086,0.06023101465476499
30087,0.02561287500403011
30088,0.20472884639489106
30089,0.0797163739640389
30090,0.15512697138006543
30091,0.12210248584995334
30092,0.07559614921407543
30093,0.003282384971952382
30094,0.049209676590170184
30095,0.02952128917596016
30096,0.023846798823930322
30097,0.21192478802910217
30098,0.019894897171600714
30099,0.155242393183431
30100,0.040427951188544906
30101,0.03744648094675874
30102,0.024702467160692097
30103,0.07499922195098367
30104,0.10353494387847623
30105,0.20396010900600503
30106,0.220016
30107,0.1914511473747378
30108,0.40865904641909795
30109,0.26884270441831615
30110,0.3085302566805899
30111,0.01001463275925904
30112,0.09237271454782232
30113,0.05708308554581731
30114,0.07251388878215616
30115,0.07676498255303645
30116,0.019527359369203003
30117,0.09329637909163464
30118,0.05980075922986573
30119,0.08488814969141777
30120,0.11324157289024916
30121,0.06385465738819161
30122,0.0682312361653814
30123,0.02853176491048843
30124,0.17260027630852767
30125,0.02220453345631265
30126,0.10246237981896648
30127,0.219997
30128,0.08860322625367786
30129,0.220016
30130,0.7683732855465667
30131,0.19831643337912663
30132,0.15952538857061174
30133,0.08479844947208036
30134,0.12216779423418014
30135,0.12258713011839992
30136,0.14327894595950197
30137,0.08500294746157702
30138,0.015979399897989657
30139,0.062069344660246634
30140,0.349908
30141,0.1519768861300365
30142,0.07425573564933835
30143,0.022771976445764033
30144,0.06776938583293476
30145,0.028658939706159837
30146,0.031082050380109753
30147,0.012879297468499598
30148,0.08448455608779082
30149,0.349908
30150,0.14236504969583122
30151,0.10085208898143874
30152,0.11732901667998569
30153,1.0
30154,0.12886569326793354
30155,0.05264679097265701
30156,0.2836452456579735
30157,0.08725072739492327
30158,0.34456954458698197
30159,0.349908
30160,0.14678807309945657
30161,0.09516819315685864
30162,0.16676753276426004
30163,0.12757485783211958
30164,0.2188019511090363
30165,0.05548510648965666
30166,0.20531501262176582
30167,0.1176044769409567
30168,0.019337864536161875
30169,0.001612797575031744
30170,0.02004387190033361
30171,0.01649587277091043
30172,0.05438750480201583
30173,0.12645728740913292
30174,0.17789253658942822
30175,0.00031804481297879303
30176,0.12872547991262218
30177,0.219997
30178,0.349908
30179,0.16629834863183765
30180,0.026442070851866457
30181,0.218730397086425
30182,0.219997
30183,0.350009
30184,0.12696370421488967
30185,0.08740312066206399
30186,0.034355686572075196
30187,0.11500921676738113
30188,0.7873618670320492
30189,0.05325132395810356
30190,0.14729788824912504
30191,0.5734302545994506
30192,0.2735659894748184
30193,0.004640473562920562
30194,0.013771750510754853
30195,0.0009101062502873003
30196,0.060683552074181996
30197,0.09702224259004454
30198,0.40948187163195177
30199,0.43137223538899205
30200,0.016068748149991114
30201,0.15059505302447534
30202,0.21614934497031033
30203,0.219997
30204,0.219997
30205,0.19582170267353224
30206,0.219997
30207,0.46125909033813156
30208,0.12824266165134726
30209,0.016223773891751773
30210,0.21054594679376512
30211,0.1323760033206885
30212,0.07696154217348206
30213,0.349908
30214,1.0
30215,0.02190482721264903
30216,0.5449422020528377
30217,0.020167846671183993
30218,0.0987890695771943
30219,0.3843954240096075
30220,0.005156779847056649
30221,0.0937245556193616
30222,0.13272542760296133
30223,0.009592687329128302
30224,0.1287115459917002
30225,0.0074074334947038765
30226,1.0
30227,0.220016
30228,0.13299081799709186
30229,0.4920726197245373
30230,0.219997
30231,0.349908
30232,0.5744728141370373
30233,0.4848779066454551
30234,0.219997
30235,0.1760711464482563
30236,0.13290569690953152
30237,1.0
30238,0.3640534174600196
30239,0.46434007856429727
30240,0.030984764203200788
30241,0.16973959437188454
30242,0.18473467582557299
30243,0.014213211377765914
30244,0.08159261147800398
30245,0.009653274504593108
30246,0.012935274833522699
30247,0.012289169203171437
30248,0.06882188590672504
30249,0.2082441425923781
30250,0.1770314639887223
30251,0.1252756056650566
30252,0.2022214018171213
30253,0.219997
30254,0.3074693234124497
30255,0.220016
30256,0.005435658549325671
30257,0.17023382849534086
30258,0.350009
30259,0.03636577494951319
30260,1.0
30261,1.0
30262,0.9761979528854371
30263,0.009015689648317974
30264,0.0305561586453807
30265,0.018488286272350787
30266,0.21097031734899807
30267,0.5470452867829491
30268,0.1452335979071238
30269,0.017642079000796878
30270,0.05331115244319769
30271,0.017891760544912174
30272,0.07166889289904205
30273,0.10062188747951659
30274,0.08849844246939166
30275,0.04899003505867942
30276,0.8129617685282565
30277,0.02641577546472733
30278,0.11144697979168039
30279,0.19799959488343494
30280,0.15880044071489935
30281,0.09892327983157859
30282,0.10405391333647127
30283,0.349908
30284,0.220016
30285,0.02398405531054865
30286,0.220016
30287,0.17320509083817434
30288,0.20403706460890436
30289,1.0
30290,0.9101443853119647
30291,0.9983426642944822
30292,0.220016
30293,0.036068541814251495
30294,0.012468541762957367
30295,0.6157267543293162
30296,0.05875477584263228
30297,0.219997
30298,0.09383715759970808
30299,0.20194393977508107
30300,0.0023901846915211555
30301,0.219997
30302,0.15329064816835355
30303,0.219997
30304,0.219997
30305,0.7789334027161536
30306,0.9321668791929257
30307,0.267391241605641
30308,0.19173655255962824
30309,0.09670577953294376
30310,0.07192746773575474
30311,0.11161871661252146
30312,0.12816953217222515
30313,0.058546639000083486
30314,0.219997
30315,0.219997
30316,0.09227756234076501
30317,0.21908770825667725
30318,0.03319994280505236
30319,1.0
30320,1.0
30321,1.0
30322,0.15674830539745913
30323,0.11590903045651303
30324,0.350009
30325,0.019247815820825066
30326,0.6482794768784937
30327,0.017829396173685494
30328,0.0018219620943533406
30329,0.027725442957380525
30330,0.05948896222031295
30331,0.1821599036822915
30332,0.12968647802592295
30333,0.536207056414571
30334,1.0
30335,0.07137631554901566
30336,0.17399342073486582
30337,0.14010398353324782
30338,0.219997
30339,0.12178604641159825
30340,0.350009
30341,0.303182802038386
30342,0.046231195512667904
30343,0.09092499122778751
30344,0.1540633713318362
30345,0.219997
30346,0.09303188247725327
30347,0.0632513042372486
30348,0.3159296970088748
30349,0.36773484378540133
30350,0.220016
30351,0.1444350750083859
30352,0.03586977348573616
30353,0.219997
30354,0.01523749221354132
30355,0.11565019561007751
30356,0.219997
30357,0.07700495590130531
30358,0.10245923017482368
30359,0.05085286130359689
30360,0.035834186375872226
30361,0.0841738693858063
30362,0.350009
30363,1.0
30364,0.349908
30365,0.219997
30366,0.219997
30367,0.219997
30368,0.219997
30369,1.0
30370,0.10083882846655358
30371,0.036925785725888546
30372,0.02697073392871424
30373,0.06346819789124385
30374,0.21071318606229728
30375,0.145064945566457
30376,0.30108612526658235
30377,0.5918788065850238
30378,0.349908
30379,0.22803449355858296
30380,1.0
30381,0.13275566051071025
30382,0.019119651210508445
30383,0.13778473660578677
30384,0.349908
30385,0.008846645258088807
30386,0.04110406711861478
30387,1.0
30388,0.08163996128627524
30389,0.04988940421237331
30390,0.1014854800050729
30391,0.03337986608885099
30392,0.220016
30393,0.47848601053272266
30394,0.349908
30395,0.5652689667123529
30396,0.349908
30397,0.219997
30398,0.219997
30399,0.3993095739049182
30400,0.011436535342154337
30401,0.1612409246021136
30402,0.0284123425729173
30403,0.05757371615128468
30404,0.6831504818682923
30405,0.2484170557920792
30406,0.10819834098093946
30407,0.9151556951001547
30408,0.349908
30409,0.007845060057369818
30410,0.14690721681977995
30411,0.219997
30412,0.05945548182748242
30413,0.0540880151072348
30414,0.013251671319320682
30415,0.01310238925336815
30416,0.04072815952378779
30417,0.04697255534105836
30418,0.12038517460102514
30419,0.14644645714437446
30420,0.19815212076740124
30421,0.7154401919338239
30422,1.0
30423,0.6307130550205244
30424,0.349908
30425,0.9025754895722589
30426,0.219997
30427,0.14090962101005028
30428,0.11295877677429537
30429,0.219997
30430,0.41142355160772653
30431,0.0988404968785785
30432,0.03283527041018663
30433,0.15888432235080005
30434,0.18514041677491164
30435,0.03257589658112058
30436,0.06621781165035596
30437,0.16904670449572942
30438,0.03936927870412691
30439,0.0492698357904585
30440,0.02817942497679121
30441,0.029262782646409642
30442,0.037057990780449274
30443,0.12766682674114382
30444,0.05342339705231317
30445,0.07244401891577996
30446,0.350009
30447,0.2436834656451664
30448,0.350009
30449,1.0
30450,1.0
30451,0.49790906354260395
30452,0.22609297807193962
30453,0.036793959620947794
30454,0.014587957519783557
30455,0.07811813918126882
30456,0.18192147610310955
30457,0.0030582898993534546
30458,0.04659438176302423
30459,1.0
30460,0.00712176141017057
30461,0.014318211508237757
30462,0.220016
30463,0.09804983196284796
30464,0.220016
30465,0.09205546779217323
30466,0.06468050561527765
30467,0.0056364136444822435
30468,0.04997409159154761
30469,0.04986230758262445
30470,0.11460290816222347
30471,0.13987359971100283
30472,1.0
30473,0.5313887012968344
30474,0.349908
30475,1.0
30476,0.637427158663575
30477,0.8225782855250925
30478,0.219997
30479,0.04973977172842141
30480,0.0647696410691512
30481,0.03584091905223384
30482,0.12365691138620974
30483,0.08213757010613121
30484,0.040578411667905954
30485,0.05207867648172522
30486,0.7109672495753185
30487,0.219997
30488,0.5572754904919094
30489,0.07150233873331051
30490,0.10171246661091365
30491,0.219997
30492,0.19398454075425706
30493,0.219997
30494,0.026485240669422993
30495,0.0016837362863021546
30496,0.01594716251130528
30497,0.219997
30498,1.0
30499,0.384619590034004
30500,1.0
30501,0.515427554227462
30502,0.5984637672932388
30503,0.219997
30504,0.349908
30505,0.219997
30506,0.007695511812437028
30507,0.020799550894366237
30508,0.016267322095993436
30509,0.04982089487524491
30510,0.020306230947820733
30511,0.2086727548922621
30512,0.219997
30513,0.219997
30514,0.349908
30515,0.06744200313459886
30516,0.12670406585266128
30517,0.349908
30518,0.07691276890792195
30519,0.08719159886272908
30520,0.40579948082941736
30521,0.07467581905535725
30522,0.25028066393707565
30523,0.3358929720221872
30524,0.14076700454029095
30525,0.219997
30526,0.219997
30527,0.11540243455339191
30528,0.07067994995828787
30529,0.2003347092638468
30530,0.19482425101388742
30531,0.043930238020000734
30532,0.029710405215536594
30533,0.220016
30534,0.10943321785912347
30535,0.05322097498153459
30536,0.010118259693288455
30537,0.13391886179973647
30538,0.04296195992567089
30539,0.06382402348007796
30540,0.05405205282411559
30541,0.219997
30542,0.5105457245993262
30543,1.0
30544,0.19825769318628436
30545,0.03845651901980157
30546,0.010745537031541331
30547,0.05420372643139594
30548,0.10334986466336393
30549,0.21461307528704524
30550,0.018398056119733365
30551,0.019781783710363283
30552,0.11417899773182172
30553,0.02736758590565922
30554,0.015241869916895152
30555,0.02183163042540591
30556,0.16963046290536263
30557,0.13583718965062364
30558,0.7572350917734676
30559,0.04220783085738831
30560,0.008970994770685867
30561,0.09315005771294162
30562,0.128990824895822
30563,0.16537368501241473
30564,0.8147354712330495
30565,0.18848524008926065
30566,0.0005404095024784055
30567,0.220016
30568,0.1037809015837792
30569,0.03402872055860583
30570,0.10723940604762044
30571,0.1620217428360933
30572,0.04547258845754716
30573,0.07805175778010805
30574,0.016901986162801794
30575,0.31421819134804163
30576,0.00898695172115064
30577,0.012730925770245214
30578,0.024131367569274687
30579,0.023209888420398797
30580,0.219997
30581,0.13879653623582217
30582,0.061325034405993746
30583,0.03385888513749125
30584,0.03796265899696118
30585,0.1013464316108113
30586,0.349908
30587,0.07193031407922522
30588,0.04609782557605419
30589,0.12303803413682331
30590,0.030736787471836224
30591,0.13149191126007384
30592,0.220016
30593,0.05804481496087197
30594,0.30286655104700855
30595,0.02796196537636601
30596,0.021834701657412716
30597,0.019343253586562165
30598,0.10045320165895057
30599,0.09072737745658609
30600,0.05233493174147272
30601,0.46430197450367483
30602,0.11463130176592218
30603,0.349908
30604,0.03871410015521313
30605,0.12367212535289944
30606,0.14810805601508858
30607,0.010268777177590024
30608,0.349908
30609,0.766212964196368
30610,0.220016
30611,0.11942635978194993
30612,0.12955590794447455
30613,0.14416081793869448
30614,0.15501744028204867
30615,0.219997
30616,0.13730823376274512
30617,0.07277027085874378
30618,1.0
30619,0.02710242347173442
30620,0.10711819525552403
30621,0.005623208234766339
30622,0.07841936343267635
30623,0.10660308254870121
30624,0.02654937411598372
30625,0.022916864609141815
30626,0.10967791789975471
30627,0.5797429341791699
30628,0.119566754195768
30629,0.2275941256196712
30630,0.04958203635267999
30631,0.19194105508274845
30632,0.001209546610461794
30633,0.07522398442560216
30634,0.06268288323843683
30635,0.09848156840831712
30636,0.06538068618977178
30637,0.08332866630068818
30638,0.043333029247654205
30639,0.023082698035535518
30640,0.11734577538281704
30641,0.01830513851291859
30642,0.219997
30643,0.027095893390788887
30644,0.105933025796734
30645,0.07427011106696545
30646,0.13781717094701196
30647,0.010914694209232132
30648,0.013261967114594443
30649,0.0418463516432566
30650,1.0
30651,0.09156930330794573
30652,0.18599876275799299
30653,0.039118827216546824
30654,0.054737891508733975
30655,0.10112878105290685
30656,0.03150296364685169
30657,0.021964400216799445
30658,0.015527722584051981
30659,0.25706388654621215
30660,0.0487361990815823
30661,0.009644148597183374
30662,0.005881348235752196
30663,0.019634495084304714
30664,0.012770627882384642
30665,0.025043718265644662
30666,0.05010425267853212
30667,0.1987144327018346
30668,0.220016
30669,0.04807659272450351
30670,0.037026922940819905
30671,0.4193266635353518
30672,0.015746052063883492
30673,0.04325800824225173
30674,0.01335396250180608
30675,0.027202278220715248
30676,0.01943724495414404
30677,0.11276759953454661
30678,0.008396750497894657
30679,0.05418635211282519
30680,0.25269868844112053
30681,0.1363011025007517
30682,0.026980714476613744
30683,0.04398117059960021
30684,0.010091958158795957
30685,0.17599457091894877
30686,0.3214418269344554
30687,0.15271539046059482
30688,0.07899100515817879
30689,0.10149579882710821
30690,0.026191742738146798
30691,0.11082958725363387
30692,0.02503354060601818
30693,0.08784189390423619
30694,0.26007415133521966
30695,0.219997
30696,0.017679303736276204
30697,0.045049945941000674
30698,0.018596820549284392
30699,0.036793483900884424
30700,0.012647638022468608
30701,0.011055790057325645
30702,0.02360954924798347
30703,0.014947330823458463
30704,0.08894170357261733
30705,0.11515894879863617
30706,0.11982549528454321
30707,0.1459971970503836
30708,0.20681520559724173
30709,0.013010054404384264
30710,0.349908
30711,0.014050853146780399
30712,0.04118634141731561
30713,0.0139377020039614
30714,0.009996455714562376
30715,0.017059173047873785
30716,0.024625153977568412
30717,0.023915728609925167
30718,0.01856015324922099
30719,0.007241297360015618
30720,0.039765532236174045
30721,0.009005592198373043
30722,0.029284462543591315
30723,0.219997
30724,0.0371339659705133
30725,0.0394146517544459
30726,0.049082705990880625
30727,0.01929546298042912
30728,0.004194605579534667
30729,0.024394053553914337
30730,0.010149858196724933
30731,0.219997
30732,0.025598006677003224
30733,0.022020719953052968
30734,0.006757925561394642
30735,0.080523128017379
30736,0.04472668503474952
30737,0.11889160499460079
30738,0.02326982102077711
30739,0.07862004052164338
30740,0.6304020590430787
30741,0.043253112199318905
30742,0.07342839953277039
30743,0.16434396187251088
30744,0.06059409169297811
30745,0.05145601625319919
30746,0.01336968152516668
30747,0.219997
30748,0.00561411220741807
30749,0.18264431207278153
30750,0.219997
30751,0.0250839605345861
30752,0.04101395746085689
30753,0.06415771553885241
30754,0.027198058275722452
30755,0.019778908493669013
30756,0.016709215264395946
30757,0.043321276617086374
30758,0.0243858360869752
30759,0.1266177196368339
30760,0.10512753974801715
30761,0.06587682981675448
30762,0.011200039707886352
30763,0.219997
30764,0.028381965147074816
30765,0.03266386071606594
30766,0.014106580844690717
30767,0.006568665617479254
30768,0.044686995977514805
30769,0.05876110104518925
30770,0.10325048830883193
30771,0.05920434098840116
30772,0.04298937589728445
30773,0.010212709467961694
30774,0.022804614887725692
30775,0.4129304307371003
30776,0.3125893251050664
30777,0.014179038847648567
30778,0.028861096624487968
30779,0.12937845212067564
30780,0.030305451585244864
30781,0.008721949713310551
30782,0.0929515062788848
30783,0.05298860709111383
30784,0.0490802001314659
30785,0.06430108989575128
30786,0.17249699898177165
30787,0.01748467151061748
30788,0.051196633235661836
30789,0.07423898192854814
30790,0.022442066937420752
30791,0.061897113310067586
30792,0.1555861733544622
30793,0.09073530023051225
30794,0.5029174217583116
30795,0.056014833630387346
30796,0.144171555873326
30797,0.41610138881363146
30798,0.49803319812020885
30799,0.03430460012909545
30800,0.318396753838643
30801,0.219997
30802,0.350009
30803,0.05153585234530608
30804,0.219997
30805,0.043258064212117364
30806,0.03870243208873884
30807,0.349908
30808,0.009378173614084594
30809,0.019054110645910255
30810,0.026790774170564954
30811,0.350009
30812,0.04984489320840319
30813,1.0
30814,0.23447278906028804
30815,0.0007038250587833712
30816,0.349908
30817,0.034466019771770245
30818,0.04280336960457669
30819,0.08239216176952692
30820,0.07340032485826854
30821,0.005322449703611194
30822,0.0592464154751001
30823,0.13435819665320825
30824,0.7081919866373567
30825,0.995313286804128
30826,0.8310259885214273
30827,0.034845078553730986
30828,0.219997
30829,0.219997
30830,0.48411856860623986
30831,0.09135613118462138
30832,0.10781234910828238
30833,0.05428478643997844
30834,0.220016
30835,0.05421112881178966
30836,0.48344795854984585
30837,0.220016
30838,0.349908
30839,0.9833072773158605
30840,0.18342016345403991
30841,0.022288317193087055
30842,0.8291436708271038
30843,0.12470745323223167
30844,0.219997
30845,0.15570662393862986
30846,0.0760984269493067
30847,0.02104803081891752
30848,0.16926440578332244
30849,0.13974519717283937
30850,0.1947204427667694
30851,0.220016
30852,0.026357359081497413
30853,0.053052953281088236
30854,0.21324310229607354
30855,0.220016
30856,0.09626954806433934
30857,0.1803344556380756
30858,0.15398071768927468
30859,0.219997
30860,0.005584129498325642
30861,0.04018861115595863
30862,0.0936694269619885
30863,0.219997
30864,0.219997
30865,0.39435399722585046
30866,0.020558844179608637
30867,0.08414682266661272
30868,0.01910687323836529
30869,0.02548302203108742
30870,0.021379447194825367
30871,0.4415370065158437
30872,0.062170856219849316
30873,0.14853786522017795
30874,0.7132551454634828
30875,0.349908
30876,0.015971328936111216
30877,0.219997
30878,0.18002036192642637
30879,0.017304312645732366
30880,0.016615308898468642
30881,0.027980797141668744
30882,0.15709583135553754
30883,0.08977937313834904
30884,0.349908
30885,0.350009
30886,0.220016
30887,0.07438540192489443
30888,0.03344690205093656
30889,0.39702792104634416
30890,0.10421818468375751
30891,0.08946031007467863
30892,0.016845709249879746
30893,0.219997
30894,0.053295908395623856
30895,0.1231448933371479
30896,0.3199019056366353
30897,0.7117835904131218
30898,0.219997
30899,0.03394475086753763
30900,0.030231676123698956
30901,0.062215889121288025
30902,0.07532909134169372
30903,0.05888695628443927
30904,0.003441024552831346
30905,0.219997
30906,0.16216812607159448
30907,0.19837636687702276
30908,0.08223139181722092
30909,0.13215049426743347
30910,0.017732822094830913
30911,0.08278594392335373
30912,0.06420077151464113
30913,0.05312505129795516
30914,0.0813992715022691
30915,0.219997
30916,0.06308098109111089
30917,0.220016
30918,0.0017362337010375826
30919,0.02135340683233257
30920,0.061794259158651936
30921,0.038184983071881715
30922,0.0029896518671850033
30923,0.03313356755124746
30924,0.09611883358055553
30925,0.07837899402588547
30926,0.9192886008053542
30927,0.349908
30928,0.06573652091025717
30929,0.09702071484838369
30930,0.10923022820946296
30931,0.0794388108107227
30932,0.0526113865481295
30933,0.0656988127552911
30934,0.046895184548041216
30935,0.22398452259339457
30936,0.061022888077537536
30937,0.048523693250886776
30938,0.05210975680790094
30939,0.219997
30940,0.14670047658366253
30941,0.350009
30942,0.350009
30943,0.350009
30944,0.08048176817529652
30945,0.06450649299715921
30946,0.023479911305337418
30947,0.10632768905654906
30948,0.08304730668619939
30949,0.349908
30950,0.08034488163056853
30951,0.5632835512902984
30952,0.11878172982164249
30953,0.04806606567417946
30954,0.14314966884440858
30955,0.023569907537304084
30956,0.0407747051354909
30957,0.02239330911230989
30958,0.012914086200559024
30959,0.14703796720791562
30960,0.04299150465160515
30961,0.031248392301008798
30962,0.02687362634383441
30963,0.04447061258283162
30964,0.10421086703522321
30965,0.08040418143763434
30966,0.12133788367552908
30967,0.1495103900980357
30968,0.19936610378300967
30969,0.4352162948571894
30970,0.5592426312585687
30971,0.16375686010869234
30972,0.008207559586058328
30973,0.17411365677573043
30974,0.041115327221599135
30975,0.06602819801061227
30976,0.010895925069769311
30977,0.12824993411112737
30978,0.11827265325508864
30979,0.0934752101730725
30980,0.11501787212902981
30981,0.19501261549113968
30982,0.037725367255708735
30983,0.07036465308319842
30984,0.024288922681534444
30985,0.007416285957344496
30986,0.025323297326471365
30987,0.219997
30988,0.1364226423657174
30989,0.005444571028130108
30990,0.002845771916794037
30991,0.08692186983170685
30992,0.13550271895600752
30993,0.12041328942614808
30994,0.16418161015028773
30995,0.15306757348192543
30996,0.349908
30997,0.324487016082373
30998,0.3111610009829387
30999,0.010928202626929921
31000,0.13026594317470233
31001,0.005598470056662073
31002,0.07251491172590922
31003,0.040488468213553556
31004,0.04814498028713591
31005,0.0440618795355009
31006,0.041720137853943726
31007,0.05915903347357233
31008,0.08120991770753509
31009,0.01780392193192347
31010,0.10945179570672656
31011,0.09467448951188905
31012,0.030297351045937827
31013,0.08142012195092461
31014,0.02853176491048843
31015,0.04962776084090109
31016,0.16883428056463165
31017,0.02923122475257491
31018,0.07603272188116109
31019,0.219997
31020,0.08092594391316174
31021,0.25178023095855245
31022,0.9197373505778002
31023,0.12297057534862968
31024,0.16284292220092655
31025,0.08458575951353833
31026,0.1785904098268169
31027,0.13356612714924163
31028,0.14606049138109967
31029,0.053785296293356516
31030,0.349908
31031,0.14874999579522233
31032,0.09718925470267062
31033,0.04564411306210538
31034,0.09966563053289722
31035,0.02012833088754274
31036,0.035597849239435105
31037,0.030083209516641337
31038,0.0013047775579564172
31039,0.09458764714658573
31040,0.349908
31041,0.14047919309613527
31042,0.09263474717563819
31043,0.15651873934752697
31044,1.0
31045,0.1479205974126845
31046,0.0013606284808401615
31047,0.220016
31048,0.11075714295679709
31049,0.34855117262991403
31050,0.349908
31051,0.09814611612539506
31052,0.01038721145267934
31053,0.1438629994576056
31054,0.1639563190455164
31055,0.219997
31056,0.220016
31057,0.029687928069193646
31058,0.220016
31059,0.06320747701457248
31060,0.013476381225103206
31061,0.08906099810446425
31062,0.02004387190033361
31063,0.031175890549933277
31064,0.04569012966330298
31065,0.150645945506274
31066,0.09263761532670352
31067,0.01741318271849249
31068,0.16983440594101384
31069,0.219997
31070,0.349908
31071,0.12108251220878989
31072,0.024347277814650535
31073,0.1958393336466249
31074,0.219997
31075,0.350009
31076,0.1363266574606546
31077,0.13838882896209048
31078,0.027432061718114298
31079,0.12147546969793306
31080,0.6426410933545896
31081,0.006474360857866822
31082,0.219997
31083,0.47793217619511486
31084,0.220016
31085,0.015464588975131102
31086,0.021428337418179434
31087,0.05509339553290479
31088,0.14622475825077583
31089,0.3536524121603677
31090,0.44560916436641956
31091,0.016068748149991114
31092,0.16896307161141777
31093,0.219997
31094,0.3345767595726456
31095,0.201389985823575
31096,0.17614517540104146
31097,0.219997
31098,0.43501830644023204
31099,0.13346914728078274
31100,0.020855159727899423
31101,0.09273315237530817
31102,0.19275835100854186
31103,0.06275218309796585
31104,0.219997
31105,1.0
31106,0.057598987353097465
31107,0.4274797908660345
31108,0.020167846671183993
31109,0.08762617174480042
31110,0.2917586448377608
31111,0.01999954988645821
31112,0.07363185953333462
31113,0.08757614590005908
31114,0.04004859050177913
31115,0.14354806693725433
31116,1.0
31117,0.220016
31118,0.12158681678470412
31119,0.349908
31120,0.219997
31121,0.349908
31122,0.6569116958234793
31123,0.4963146808444977
31124,0.349908
31125,0.219997
31126,0.1218061002356748
31127,1.0
31128,0.4683615905379044
31129,0.5302875897473056
31130,0.07014229708021924
31131,0.11701833330441017
31132,0.2015166769115122
31133,0.026449038912710165
31134,0.029750149805054086
31135,0.0240105224626185
31136,0.09607830329777528
31137,0.009653274504593108
31138,0.012935274833522699
31139,0.0030896956834841525
31140,0.05887943729268447
31141,0.10372958552925225
31142,0.20382761426433027
31143,0.20596221312801272
31144,0.219997
31145,0.2026478542333026
31146,0.22875148059961797
31147,0.23572835977451193
31148,0.016979004105253038
31149,0.169708526884817
31150,0.350009
31151,0.028003831272496855
31152,0.07623804455673401
31153,1.0
31154,1.0
31155,1.0
31156,0.009015689648317974
31157,0.020472930471561835
31158,0.14674581076000323
31159,0.47409890614896194
31160,0.13892735113881127
31161,0.04824303628976891
31162,0.09312494724776038
31163,0.006437980694321011
31164,0.08432611029600684
31165,0.10434693702274238
31166,0.07655939931865963
31167,0.06649970631032148
31168,0.9023918308718722
31169,0.02641577546472733
31170,0.07053969627289042
31171,0.219997
31172,0.18975821019935846
31173,0.05751497905341905
31174,0.10543568080911116
31175,0.503406167678726
31176,0.2669182317429953
31177,0.0435558533775425
31178,0.220016
31179,0.219997
31180,0.219997
31181,1.0
31182,1.0
31183,0.9850822696351154
31184,0.05052270219179355
31185,0.220016
31186,0.034567580564883744
31187,0.02340888026736574
31188,0.7927488195517994
31189,0.10997530085497254
31190,0.219997
31191,0.11687398026284274
31192,0.219997
31193,0.01703245557061232
31194,0.219997
31195,0.219997
31196,0.219997
31197,0.219997
31198,0.9782891207251635
31199,0.9697954679801911
31200,0.24395523921294548
31201,0.1650332060276495
31202,0.08664846078150702
31203,0.05709998394633762
31204,0.1936879271694292
31205,0.15619469787247142
31206,0.04252832278427679
31207,0.022486636016424096
31208,0.219997
31209,0.219997
31210,0.06631397910752525
31211,0.219997
31212,0.06149226782216937
31213,1.0
31214,1.0
31215,1.0
31216,0.219997
31217,0.07041375026622258
31218,0.219997
31219,0.8338426371889682
31220,0.026201970744535966
31221,0.01437749304085325
31222,0.014117941526927255
31223,0.032492369641484706
31224,0.04534791435130263
31225,0.18588650613700397
31226,0.026982787862042914
31227,0.5365923585543617
31228,1.0
31229,0.05889659359244325
31230,0.20294541046753825
31231,0.1546319074990704
31232,0.2078670045844336
31233,0.08321425100699806
31234,0.350009
31235,0.349908
31236,0.049479026530773525
31237,0.14194014858134238
31238,0.1811163629733168
31239,0.20187441269976403
31240,0.05431413696319513
31241,0.020844225619491258
31242,0.350009
31243,0.3656388108812178
31244,0.220016
31245,0.17490045349440977
31246,0.012219842685747941
31247,0.21511159468751767
31248,0.019138854874977844
31249,0.1811101988632225
31250,0.219997
31251,0.04385436647299102
31252,0.06042035342121555
31253,0.005516287577120269
31254,0.015977770623413153
31255,0.01944413115486614
31256,0.03703276970084714
31257,0.10055502588390589
31258,0.350009
31259,1.0
31260,0.349908
31261,0.219997
31262,0.219997
31263,0.219997
31264,0.1680311330944369
31265,1.0
31266,0.13944326843925414
31267,0.03548058969853687
31268,0.026297208241971515
31269,0.19418833357703227
31270,0.16913756820253986
31271,0.219997
31272,0.44610217661560836
31273,0.349908
31274,0.19902387759498102
31275,1.0
31276,0.17323390999931396
31277,0.014279581839323511
31278,0.147685101360936
31279,0.31599239703291554
31280,0.016044361005982024
31281,0.09244546500488217
31282,1.0
31283,0.10058520482197529
31284,0.015411707981189477
31285,0.11462303475141157
31286,0.04980779441810482
31287,0.11577933936196766
31288,0.5447273107141155
31289,0.349908
31290,0.6211029539578494
31291,0.349908
31292,0.21403083133294293
31293,0.21080747300796893
31294,0.349908
31295,0.037031672001530756
31296,0.219997
31297,0.1152038812301682
31298,0.04657489981233816
31299,0.7904157139154013
31300,0.350009
31301,0.11429936213567725
31302,0.9952524939034544
31303,0.44940304915979157
31304,0.12732488325726815
31305,0.219997
31306,0.17537835873908508
31307,0.06978641768372756
31308,0.01645753902300361
31309,0.001249991197221495
31310,0.01310238925336815
31311,0.025491311728137102
31312,0.06533572325821307
31313,0.13312555500450723
31314,0.17425554133383583
31315,0.18714245649181382
31316,0.7159930130467559
31317,1.0
31318,0.772988880540932
31319,0.349908
31320,0.9015560003367581
31321,0.20019770487113814
31322,0.08740091182638314
31323,0.08495994734171729
31324,0.21306127338303119
31325,0.350009
31326,0.052514486447059534
31327,0.01890607104787155
31328,0.07562665957987462
31329,0.219997
31330,0.024429388220378923
31331,0.04293770811925668
31332,0.14923098157251996
31333,0.030281831036463626
31334,0.07994427755432292
31335,0.010363714115277067
31336,0.02817942497679121
31337,0.029262782646409642
31338,0.037713390433619126
31339,0.21747598786412134
31340,0.07772099078632912
31341,0.0911186912342674
31342,0.350009
31343,0.23047359736389048
31344,0.350009
31345,1.0
31346,1.0
31347,0.438584245762433
31348,0.220016
31349,0.06913377432434019
31350,0.030747495585264555
31351,0.062040123495288986
31352,0.219997
31353,0.009516069821901093
31354,1.0
31355,0.05023956948576314
31356,0.029921671735507808
31357,0.16008500787876095
31358,0.10483245566554097
31359,0.220016
31360,0.04236449510822794
31361,0.06119835388566001
31362,0.03667185404776747
31363,0.1259854699794163
31364,0.12896385042949204
31365,1.0
31366,0.6346825163494244
31367,0.32718021777459694
31368,1.0
31369,0.5993136962782839
31370,0.8035698662276669
31371,0.219997
31372,0.06911325553133132
31373,0.0189694811993988
31374,0.07872072783878573
31375,0.13001973684477056
31376,0.024780636640381208
31377,0.07882943313334935
31378,0.7109265777970761
31379,0.219997
31380,0.3612527570329042
31381,0.027694212322230002
31382,0.13695103818789062
31383,0.219997
31384,0.17657931285670833
31385,0.25358889530589107
31386,0.09002166786546974
31387,0.01544727345672447
31388,0.013966315131139655
31389,0.03595247727508411
31390,0.20771982537042863
31391,1.0
31392,0.43328544106003203
31393,1.0
31394,0.4402866319163364
31395,0.4825705282819806
31396,0.219997
31397,0.23407586377501957
31398,0.219997
31399,0.03373232226977363
31400,0.020799550894366237
31401,0.022908133112809186
31402,0.07341856195119134
31403,0.03961395520321816
31404,0.219997
31405,0.219997
31406,0.21320794716783745
31407,0.350009
31408,0.013199245346377649
31409,0.17951391727515886
31410,0.350009
31411,0.039289717380686595
31412,0.10626389394536805
31413,0.349908
31414,0.01988742677805778
31415,0.0015692304255473704
31416,0.2668307150266088
31417,0.26013176700998114
31418,0.07774441569824758
31419,0.219997
31420,0.13314165020497748
31421,0.17864390621427567
31422,0.07012259785448062
31423,0.219997
31424,0.18676035772381697
31425,0.027243681892630066
31426,0.220016
31427,0.01278952967039985
31428,0.1823824165515456
31429,0.08005798919367768
31430,0.022580642609765066
31431,0.17702917050499684
31432,0.02914497926512616
31433,0.09444938561563748
31434,0.05513360351884798
31435,0.219997
31436,0.4965962252439925
31437,1.0
31438,0.219997
31439,0.026935131973041218
31440,0.00012730186194970486
31441,0.10909436918288946
31442,0.10943612577880553
31443,0.19838013990861425
31444,0.018183587974799385
31445,0.025106481760677934
31446,0.019781783710363283
31447,0.05141117976087185
31448,0.036382470167794924
31449,0.003417606045300559
31450,0.0034513121297961003
31451,0.18791856849911084
31452,0.1576349471146279
31453,0.7822674684905009
31454,0.0327689257362345
31455,0.027089227201094124
31456,0.053378616665445
31457,0.12725110112401766
31458,0.11249488514235356
31459,0.7066544262286149
31460,0.219997
31461,0.003836979742747024
31462,0.219997
31463,0.14039919066386541
31464,0.023529849750672346
31465,0.09585691755040467
31466,0.219997
31467,0.07713162102346528
31468,0.02375688463200381
31469,0.016901986162801794
31470,0.219997
31471,0.07869325832038794
31472,0.010315711853126379
31473,0.024131367569274687
31474,0.041825989577808115
31475,0.219997
31476,0.08023742294358595
31477,0.08035397302378756
31478,0.038487159611471124
31479,0.03338352990959451
31480,0.08064602223822068
31481,0.349908
31482,0.02924376644494042
31483,0.009691517357067513
31484,0.048076644363743676
31485,0.04811997247264252
31486,0.08850170521066045
31487,0.349908
31488,0.0790584572763178
31489,0.219997
31490,0.10103591359295866
31491,0.04776201124542819
31492,0.006073288125137274
31493,0.15856920341522074
31494,0.12379583379461705
31495,0.04095584695455953
31496,0.349908
31497,0.024735561857313106
31498,0.349908
31499,0.029975487832145088
31500,0.13221267773835746
31501,0.11333127131662535
31502,0.349908
31503,0.8725382637773035
31504,0.220016
31505,0.13474344523066992
31506,0.14590988936337018
31507,0.10607395518490717
31508,0.12449485767324313
31509,0.219997
31510,0.16090802307116986
31511,0.11509743222805113
31512,1.0
31513,0.02710242347173442
31514,0.149553887427111
31515,0.05036990686401541
31516,0.07251611469984363
31517,0.12222231823599196
31518,0.008591556035206427
31519,0.03360430785973388
31520,0.09647761659420422
31521,0.4070536489310801
31522,0.06984211484787083
31523,0.2584397718444653
31524,0.0698134320357773
31525,0.10068283072510592
31526,0.01950553575623768
31527,0.07579666909217085
31528,0.041752983903278654
31529,0.06588549477761783
31530,0.07974916110387374
31531,0.0961007685942143
31532,0.041255369582434406
31533,0.1249282189033491
31534,0.011353375705875546
31535,0.1988594232863132
31536,0.017861994740876835
31537,0.0790101563850543
31538,0.017930706806225036
31539,0.07811533887083011
31540,0.1676086834151182
31541,0.12414574773269382
31542,0.00565681169186044
31543,0.029145280866810678
31544,1.0
31545,0.05509309525253861
31546,0.21166314392210228
31547,0.1426724812826271
31548,0.04879456966815642
31549,0.03320683156409261
31550,0.0598888610491413
31551,6.434104442041804e-05
31552,0.350009
31553,0.024185908915232597
31554,0.009644148597183374
31555,0.005881348235752196
31556,0.011478014248615217
31557,0.006881076619370766
31558,0.09963587434292573
31559,0.19346663464125297
31560,0.03692920759090173
31561,0.1098381998848658
31562,0.036236476101633296
31563,0.03500836533269589
31564,0.060679801618840436
31565,0.4157620632815392
31566,0.022970365971281454
31567,0.01744763913384953
31568,0.058291568737247446
31569,0.11408347507250843
31570,0.23691509921228382
31571,0.09287525842933783
31572,0.06428003430630193
31573,0.011063594811634233
31574,0.219997
31575,0.219997
31576,0.220016
31577,0.18215520688594267
31578,0.05920694218706958
31579,0.06740497755289461
31580,0.019174296914231614
31581,0.05448458702679603
31582,0.26994147174156297
31583,0.2707206382158992
31584,0.010556447464745345
31585,0.02707897916378129
31586,0.0019998216831552634
31587,0.018596820549284392
31588,0.016424836983390086
31589,0.01720921379272143
31590,0.0056336604088413796
31591,0.0698265805256907
31592,0.1003606153068094
31593,0.15058649207994332
31594,0.21288726360005583
31595,0.07862004052164338
31596,0.01987745456330878
31597,0.219997
31598,0.013010054404384264
31599,0.349908
31600,0.03404494452239495
31601,0.016508537519764475
31602,0.012160086116272211
31603,0.023915728609925167
31604,0.008852100366315247
31605,0.011469209712629509
31606,0.11721282603845809
31607,0.00744981184909385
31608,0.1458587141210314
31609,0.06766140443026354
31610,0.10713875520121748
31611,0.02012989944709133
31612,0.10064776559622467
31613,0.014350942774340524
31614,0.04001112347305753
31615,0.20323991011155798
31616,0.016845889697625602
31617,0.02546487891248883
31618,0.006757925561394642
31619,0.08387196492758364
31620,0.219997
31621,0.01015818008227121
31622,0.014951031741806715
31623,0.741563005530463
31624,0.07483370006817651
31625,0.09950904220184463
31626,0.18404618472137438
31627,0.05998480149634754
31628,0.03338150600321883
31629,0.015187862135471854
31630,0.219997
31631,0.031102921479330022
31632,0.219997
31633,0.01352821504120138
31634,0.219997
31635,0.044031854668890154
31636,0.003078590853062122
31637,0.05422560798584196
31638,0.0358747568632996
31639,0.007612026126822743
31640,0.01658336393653669
31641,0.0008994328417684065
31642,0.01592727822898145
31643,0.0006000839076936471
31644,0.002402291140998384
31645,0.03167898420948751
31646,0.14707670868102748
31647,0.1642688557537681
31648,0.028584529817932743
31649,0.219997
31650,0.03266386071606594
31651,0.017324641525866845
31652,0.06031005781226919
31653,0.09249344339848652
31654,0.005573457398487474
31655,0.05402113140248744
31656,0.04148344023801717
31657,0.219997
31658,0.2518619527591797
31659,0.014179038847648567
31660,0.20594509635880984
31661,0.027965220771922546
31662,0.048608066768438776
31663,0.03055372913454746
31664,0.17706940914810732
31665,0.028049709899256408
31666,0.0862426768663873
31667,0.08209584800629911
31668,0.01748467151061748
31669,0.01986272268914387
31670,0.05535328335021097
31671,0.0832629441446341
31672,0.14075563638224006
31673,0.0770025136657083
31674,0.056846363121346256
31675,0.6221035500672621
31676,0.2085519215782725
31677,0.220016
31678,0.350009
31679,0.350009
31680,0.03320743215694255
31681,0.10497675631074031
31682,0.220016
31683,0.16116935754678258
31684,0.350009
31685,0.03282402196607014
31686,0.220016
31687,0.0024030687931731113
31688,0.02243522894714746
31689,0.220016
31690,0.02141223236323568
31691,0.3178314841318942
31692,1.0
31693,0.220016
31694,0.019440759550084213
31695,0.06286652253343067
31696,0.219997
31697,0.1536144539886319
31698,0.04051463437507494
31699,0.09741433170820336
31700,0.056821046548209304
31701,0.15814218030150706
31702,0.349908
31703,0.58204854090058
31704,0.5208085793646149
31705,0.009044598994195283
31706,0.11697483354095414
31707,0.1745782526596059
31708,0.342586626185186
31709,0.04843618862234739
31710,0.06049289796235427
31711,0.1019430188505067
31712,0.1688772202537396
31713,0.44521144728566336
31714,0.219997
31715,0.349908
31716,0.7985427020135017
31717,0.219997
31718,0.00599515526918254
31719,0.6483029800630039
31720,0.03840707552191104
31721,0.10586342713265985
31722,0.349908
31723,0.14185141707707632
31724,0.06158346291295657
31725,0.036583190633499525
31726,0.09790062989528364
31727,0.04101205699060128
31728,0.220016
31729,0.219997
31730,0.219997
31731,0.046817909111855696
31732,0.10884308612412463
31733,0.134091894976399
31734,0.349908
31735,0.15531030127609866
31736,0.009687349213022011
31737,0.01860082862145896
31738,0.16049362334729408
31739,0.15454819009264523
31740,0.219997
31741,0.03864931499550476
31742,0.04499738573913993
31743,0.15345221302970286
31744,0.04018861115595863
31745,0.27379519165450533
31746,0.219997
31747,0.42380465459975303
31748,0.03451641246319406
31749,0.05925130672911856
31750,0.07113340186442442
31751,0.017403136693670176
31752,0.021379447194825367
31753,0.9495504181589532
31754,0.18137303190411908
31755,0.09962958338663677
31756,0.3944795679766303
31757,0.6642103487931147
31758,0.015971328936111216
31759,0.13731038841647347
31760,0.16967358054878676
31761,0.010663222883201137
31762,0.044319326223067855
31763,0.060283617580187354
31764,0.058747401488782186
31765,0.11157118440452711
31766,0.13000939409429801
31767,0.38703811306620584
31768,0.6849191631765091
31769,0.220016
31770,0.050977060448945496
31771,0.014854908643907875
31772,0.059699703444241976
31773,0.058539635389842255
31774,0.08097234251188833
31775,0.36764509010832985
31776,0.059457747691982824
31777,0.02998253673319594
31778,0.016845709249879746
31779,0.15666939468671431
31780,0.06701374915000763
31781,0.220016
31782,0.8625955004500953
31783,0.219997
31784,0.0012204588953980257
31785,0.07610506481761847
31786,0.1721663162040188
31787,0.09171264852191487
31788,0.03276269872986979
31789,0.219997
31790,0.220016
31791,0.12096873253990019
31792,0.07144808339803657
31793,0.08815164798589928
31794,0.017732822094830913
31795,0.05736097496097808
31796,0.04396382260659718
31797,0.04350018697087544
31798,0.020056588420076904
31799,0.219997
31800,0.13292560551794533
31801,0.220016
31802,0.021916208566312902
31803,0.04498952897416754
31804,0.003129811264251993
31805,0.03013359801340932
31806,0.024060140989091934
31807,0.05264391152113998
31808,0.08026318013234586
31809,0.0349120987866277
31810,0.009055868001841725
31811,0.04584945542377067
31812,0.9293511958796197
31813,0.5037441127291576
31814,0.0735937614397449
31815,0.06386838591780701
31816,0.004979161202640474
31817,0.12566819800385287
31818,0.07947662317508422
31819,0.0676043314494772
31820,0.06344795561384375
31821,0.03530135926940796
31822,0.05488608925543209
31823,0.220016
31824,0.056446271819732746
31825,0.027701820412129215
31826,0.07562939504154619
31827,0.21294747080611945
31828,0.18699404926932056
31829,0.350009
31830,0.29245547912605824
31831,0.2779728409341326
31832,0.08069591478972592
31833,0.07791301981057643
31834,0.03797062401053752
31835,0.06298969371087883
31836,0.05284701860623176
31837,0.350009
31838,0.12556396681132764
31839,0.5822095560350196
31840,0.13907857862590836
31841,0.06143092938473829
31842,0.09838269877824901
31843,0.009091246657936437
31844,0.014218110812922156
31845,0.02752655088738821
31846,0.014659814111477787
31847,0.11590440416484972
31848,0.04254889189049307
31849,0.07652546252039905
31850,0.1712503343980873
31851,0.06623897372538547
31852,0.10493346244930003
31853,0.07019042114398762
31854,0.17494649981997754
31855,0.349908
31856,0.4126290024071356
31857,0.219997
31858,0.034738422073102175
31859,0.12550070999880197
31860,0.023891640493263505
31861,0.08702069371067865
31862,0.0965461358193643
31863,0.11725458075948784
31864,0.13480892122044216
31865,0.05498646453531802
31866,0.20918380788487306
31867,0.04550333561288395
31868,0.0973618826233206
31869,0.034250656306635846
31870,0.02676901598377284
31871,0.219997
31872,0.016096491870186767
31873,0.032000494531326334
31874,0.10325975275569657
31875,0.00766335823044722
31876,0.015426155409649941
31877,0.006457958763684023
31878,0.02581672744976326
31879,0.02416889430883481
31880,0.18975257339912613
31881,0.06726205622620582
31882,0.219997
31883,0.17223208875707371
31884,0.42559068947646195
31885,0.350009
31886,0.3476541055659024
31887,0.02180392719018283
31888,0.177160683722707
31889,0.018408291415115765
31890,0.05712745665846616
31891,0.102555115166281
31892,0.05725735259109985
31893,0.0016343868621167608
31894,0.09410714548084959
31895,0.07744493491290912
31896,0.01780392193192347
31897,0.07026764565843899
31898,0.067631919200333
31899,0.03452001541484903
31900,0.008659450474621454
31901,0.010659799931004242
31902,0.02853176491048843
31903,0.013453773983257302
31904,0.02210282060678058
31905,0.219997
31906,0.008224817524132956
31907,0.07495171955371276
31908,0.219997
31909,0.0790732628545245
31910,0.219997
31911,0.7604289366612805
31912,0.18955498685605826
31913,0.219997
31914,0.08399570482258097
31915,0.16694856499127833
31916,0.12684538441140755
31917,0.1683312491909964
31918,0.10101181525570631
31919,0.03728544966798733
31920,0.349908
31921,0.18459580901884973
31922,0.06540072739948781
31923,0.10212859585730207
31924,0.0625743611292628
31925,0.043693417670805916
31926,0.029677685122059004
31927,0.04019688277457595
31928,0.09899281155379416
31929,0.349908
31930,0.11376472847516302
31931,0.10575943281130157
31932,0.18473101174364448
31933,1.0
31934,0.20565826371680343
31935,0.015737838415126555
31936,0.220016
31937,0.08991647700161579
31938,0.20349285363809902
31939,0.349908
31940,0.09217106350154808
31941,0.04282231463902007
31942,0.08706461400663155
31943,0.1965714110367197
31944,0.17151168626023933
31945,0.219997
31946,0.034669356258107964
31947,0.16317732099915302
31948,0.08544296511149418
31949,0.01628450141664769
31950,0.0666669210763581
31951,0.02109201680747937
31952,0.061084969724444625
31953,0.01431389951264579
31954,0.16898730593358122
31955,0.10461737531393196
31956,0.025129625647857964
31957,0.10693022622281845
31958,0.219997
31959,0.349908
31960,0.219997
31961,0.03901025571900535
31962,0.2056440973307974
31963,0.34664648987067853
31964,0.31615680960014864
31965,0.09759795312145544
31966,0.0626357063281686
31967,0.034355686572075196
31968,0.10511228570254234
31969,0.5822495599838159
31970,0.07046696697973909
31971,0.219997
31972,0.5087408362579927
31973,0.23180996077784272
31974,0.01902119945322885
31975,0.002171754452454731
31976,0.021428337418179434
31977,0.0382275126557343
31978,0.11766242268085174
31979,0.4167379935864116
31980,0.3869265357757705
31981,0.19529803989643013
31982,0.219997
31983,0.22266451719927163
31984,0.310911650289826
31985,0.21722009609329068
31986,0.219997
31987,0.4376933511457385
31988,0.1496519307584975
31989,0.09151822737924316
31990,0.15871836869675846
31991,0.08554331366039132
31992,0.219997
31993,1.0
31994,0.1307952916232553
31995,0.010790279315533351
31996,0.5848395032588117
31997,0.0063388011768592024
31998,0.0809405916656101
31999,0.349908
32000,0.023822611292738244
32001,0.02104223960882272
32002,0.05713585427898243
32003,0.12070902289827881
32004,0.013822147091496397
32005,0.10564670705957886
32006,0.0074074334947038765
32007,1.0
32008,0.11071670665361745
32009,0.14510633221307556
32010,0.638749684127538
32011,0.219997
32012,0.219997
32013,0.5943216523721804
32014,0.49278644543478944
32015,0.219997
32016,0.15457289202265417
32017,0.12637140481285145
32018,1.0
32019,0.48886719417767394
32020,0.45964358014532747
32021,0.00943045127960985
32022,0.036994096740769276
32023,0.220016
32024,0.026344661836956475
32025,0.1767423161926421
32026,0.023396062179579652
32027,0.009281360226343087
32028,0.05406328660486402
32029,0.011977459988635121
32030,0.05703296811065664
32031,0.13847898083666055
32032,0.20552735843083064
32033,0.2075107131847978
32034,0.15629768039291764
32035,0.17692299976925227
32036,0.3190242058060975
32037,0.23468677340216207
32038,0.142588789177447
32039,0.349908
32040,0.028003831272496855
32041,0.04540123041558204
32042,1.0
32043,1.0
32044,1.0
32045,0.009015689648317974
32046,0.02146156570770545
32047,0.219997
32048,0.479541644719229
32049,0.06669253954540788
32050,0.02382367787170634
32051,0.042470237852557595
32052,0.02531898749993039
32053,0.05646290050426199
32054,0.15204235719829723
32055,0.02566591299493636
32056,0.8679181161563662
32057,0.011282341481597196
32058,0.047670951080564156
32059,0.11065872092252915
32060,0.15642228269772943
32061,0.09287016462294913
32062,0.07139426359129152
32063,0.48258853123206974
32064,0.28400674237775
32065,0.035047086556776026
32066,0.2608496295466288
32067,0.219997
32068,0.219997
32069,1.0
32070,1.0
32071,0.9152326387252432
32072,0.14291186506463555
32073,0.036875406121114514
32074,0.002460675805256827
32075,0.7690891215099216
32076,0.13106999814196454
32077,0.2745995381418049
32078,0.11166148636852152
32079,0.19117975330606968
32080,0.01391203341359734
32081,0.219997
32082,0.1703203107837867
32083,0.219997
32084,0.219997
32085,0.7957836866526653
32086,1.0
32087,0.349908
32088,0.2140733521826641
32089,0.10319523810412551
32090,0.07585653444714298
32091,0.16013326620863816
32092,0.0796643909069552
32093,0.03039838162995564
32094,0.220016
32095,0.219997
32096,0.057282171446054526
32097,0.219997
32098,0.0014658058253139102
32099,1.0
32100,1.0
32101,1.0
32102,0.219997
32103,0.07871207458742956
32104,0.2889003390433671
32105,0.8171333086134656
32106,0.028125647298092988
32107,0.02102279384330914
32108,0.028191872709100115
32109,0.015117150079108101
32110,0.1401843931151339
32111,0.07951887957599046
32112,0.47159566078734777
32113,1.0
32114,0.11971299026679652
32115,0.16893131306634315
32116,0.11049460460593859
32117,0.219997
32118,0.0962395001569388
32119,0.23513317438765904
32120,0.349908
32121,0.043480213298847575
32122,0.1330970380138954
32123,0.18834327018087896
32124,0.219997
32125,0.08116165832935546
32126,0.05150506075599892
32127,0.37888555022543996
32128,0.421801797245233
32129,0.220016
32130,0.19485184304233644
32131,0.03586977348573616
32132,0.13931925015204438
32133,0.01523749221354132
32134,0.12808439067185756
32135,0.220016
32136,0.054889262685523715
32137,0.023524935454143872
32138,0.018452650213730777
32139,0.012988301109882958
32140,0.03772939231648866
32141,0.10854868334687448
32142,0.07866265889360793
32143,0.350009
32144,1.0
32145,0.349908
32146,0.219997
32147,0.21018529766986954
32148,0.219997
32149,0.17342493643540144
32150,1.0
32151,0.12205751939314123
32152,0.015965053052881966
32153,0.012234799527047882
32154,0.039357068880553105
32155,0.19160849033066196
32156,0.219997
32157,0.219997
32158,0.5123316327040607
32159,0.39078759442828903
32160,0.19527360486770917
32161,1.0
32162,0.18268230419877185
32163,0.009093885682446078
32164,0.220016
32165,0.1659134366972529
32166,0.021137937994501664
32167,0.09146698449845772
32168,1.0
32169,0.06893012016793543
32170,0.06153189671900807
32171,0.06024627278363521
32172,0.06566952265129158
32173,0.18825031341435644
32174,0.6861520442823178
32175,0.5497533970870374
32176,0.6386386407253153
32177,0.5334017170850277
32178,0.219997
32179,0.219997
32180,0.48918483714047767
32181,0.037031672001530756
32182,0.17342883890269442
32183,0.05779719490307165
32184,0.08779500102557014
32185,0.7721372312914154
32186,0.310371822975365
32187,0.09709885364906691
32188,0.7161080060569309
32189,0.349908
32190,0.2188887472232072
32191,0.219997
32192,0.219997
32193,0.054139447139229954
32194,0.01645753902300361
32195,0.02815205973801994
32196,0.07149305928855881
32197,0.11452112643604104
32198,0.14688123160780686
32199,0.17943543332776077
32200,0.6644701218511663
32201,1.0
32202,0.5166069437277677
32203,0.437382012958146
32204,0.8919019172539976
32205,0.19137391380754007
32206,0.08945204320537858
32207,0.08649850272081334
32208,0.2762442448138293
32209,0.350009
32210,0.08889575246415032
32211,0.0375162520055647
32212,0.10547012326019437
32213,0.219997
32214,0.027240385971773494
32215,0.024984469147194915
32216,0.11201919518833647
32217,0.014627514460608912
32218,0.02817942497679121
32219,0.02175495284890739
32220,0.061100965483680325
32221,0.17488523528219602
32222,0.06535725878961911
32223,0.09765871310686997
32224,0.3809074287566323
32225,0.23618342390412606
32226,0.350009
32227,1.0
32228,1.0
32229,0.4031550563254782
32230,0.220016
32231,0.009309445654478941
32232,0.05389194336604166
32233,0.042263724065640065
32234,0.023035068025031923
32235,0.2085931613364952
32236,0.02047887344069005
32237,0.026759656017405254
32238,1.0
32239,0.12036089328621166
32240,0.011387288261095583
32241,0.1469882052362056
32242,0.12424759051642952
32243,0.219997
32244,0.06251148151230104
32245,0.09248451169717285
32246,0.008648962178541185
32247,0.009196058392488507
32248,0.08156410096279111
32249,0.12564508427040977
32250,0.219997
32251,1.0
32252,0.6638000340035246
32253,0.349908
32254,1.0
32255,0.6085229668778317
32256,0.7020150244878087
32257,0.219997
32258,0.07319739507868074
32259,0.11380154153701533
32260,0.06644308093993323
32261,0.06428966378241653
32262,0.06496316496679785
32263,0.08279268665228792
32264,0.06884906445223546
32265,0.47205422546793563
32266,0.219997
32267,0.39390559317663915
32268,0.054078464099968936
32269,0.14755367308797754
32270,0.219997
32271,0.219997
32272,0.219997
32273,0.09598112795580942
32274,0.0437319577760295
32275,0.002708804962571936
32276,0.219997
32277,1.0
32278,0.3826217862798833
32279,1.0
32280,0.4138529933417388
32281,0.5455134346811784
32282,0.219997
32283,0.349908
32284,0.13453177184408258
32285,0.008945554720636406
32286,0.016267322095993436
32287,0.037516668969451265
32288,0.034045592726577534
32289,0.219997
32290,0.219997
32291,0.2124809016052944
32292,0.349908
32293,0.042513147978376034
32294,0.14350999431775424
32295,0.350009
32296,0.07555077115141179
32297,0.11387238815696969
32298,0.020822200318620275
32299,0.017474580658676495
32300,0.138289609730871
32301,0.39167778181228463
32302,0.017693338977500115
32303,0.220016
32304,0.219997
32305,0.08602196908883813
32306,0.219997
32307,0.16515477037078335
32308,0.10341015513071357
32309,0.08546013146889578
32310,0.219997
32311,0.15088381545350174
32312,0.09314188501706376
32313,0.012472631730713273
32314,0.220016
32315,0.017735958595557377
32316,0.14411899644744317
32317,0.10121114071021675
32318,0.028905561469859162
32319,0.219997
32320,0.05347724922128784
32321,0.10888911547256572
32322,0.004336095629402945
32323,0.05343544016943516
32324,0.219997
32325,0.5049650807126984
32326,1.0
32327,0.219997
32328,0.06244335690259384
32329,0.03514531279120793
32330,0.12101657229431101
32331,0.021517806346969228
32332,0.13271865846770967
32333,0.220016
32334,0.04355684805531675
32335,0.19964709485777643
32336,0.019781783710363283
32337,0.06605999611871204
32338,0.02736758590565922
32339,0.025566252331226873
32340,0.12352377950044688
32341,0.11467169531291134
32342,0.747286395730626
32343,0.004060130820268723
32344,0.027089227201094124
32345,0.02900516327260699
32346,0.11812287441739766
32347,0.14276878593650566
32348,0.9482449820104243
32349,0.219997
32350,0.008444342947269218
32351,0.28513456394042813
32352,0.0772877674705162
32353,0.09970998822772432
32354,0.219997
32355,0.07538926656079475
32356,0.018087211686193688
32357,0.025864723532062275
32358,0.016901986162801794
32359,0.24027944968187476
32360,0.18325549688051562
32361,0.008050223229396802
32362,0.024131367569274687
32363,0.04003675340779362
32364,0.219997
32365,0.05389233598067694
32366,0.11211642133460045
32367,0.036840965891910306
32368,0.045005709259877125
32369,0.05292850707614567
32370,0.3458651914733786
32371,0.038389361882638896
32372,0.00931077430018572
32373,0.016339876584908257
32374,0.038755754981758914
32375,0.08786087622867923
32376,0.34480346978935406
32377,0.14002874863538217
32378,0.259218847975819
32379,0.18695080725977717
32380,0.018029451338463592
32381,0.019343253586562165
32382,0.03879106755390856
32383,0.12345663607409195
32384,0.03108496738492692
32385,0.39061334373807327
32386,0.11463130176592218
32387,0.219997
32388,0.01608655925387821
32389,0.18645055443865907
32390,0.08238725357927565
32391,0.01705195046400894
32392,0.349908
32393,0.8352260886978697
32394,0.2663148466653421
32395,0.15905111013978424
32396,0.11629009939342044
32397,0.032918194835180305
32398,0.13778618805853496
32399,0.219997
32400,0.1617725028526459
32401,0.08833558694478881
32402,1.0
32403,0.02710242347173442
32404,0.1337308734647039
32405,0.02161376076350842
32406,0.16483585661239014
32407,0.07235312084971997
32408,0.0014106443075964595
32409,0.219997
32410,0.4779183708286666
32411,0.05145467966419711
32412,0.220016
32413,0.06689095208657804
32414,0.08108082082551755
32415,0.02680028964232074
32416,0.12937718934237233
32417,0.05773018152175504
32418,0.007792164676519448
32419,0.09001423610082904
32420,0.10978418027264765
32421,0.11779146154313223
32422,0.004349842867176934
32423,0.006628441128901456
32424,0.08580828388230985
32425,0.219997
32426,0.0010350824817692721
32427,0.08529317324128703
32428,0.013594500402538354
32429,0.0554787304071611
32430,0.11178030665568772
32431,0.13805433614999912
32432,0.01474490939143386
32433,0.01923081879320531
32434,0.08025173112055645
32435,1.0
32436,0.03700997309030864
32437,0.2039039020544777
32438,0.1379557898809098
32439,0.0874001015721204
32440,0.05579178837485725
32441,0.09929692951578874
32442,0.021433267756993606
32443,0.027889427012862178
32444,0.350009
32445,0.0034504127336756965
32446,0.03663548832673717
32447,0.3009091789893134
32448,0.023230451563876882
32449,0.21897998990804873
32450,0.0007911722878644412
32451,0.007433939010938636
32452,0.050907781051702496
32453,0.350009
32454,0.040839048443581716
32455,0.033021979236462926
32456,0.11575587143748275
32457,0.05141627637057176
32458,0.01045676965309795
32459,0.05790178705819007
32460,0.350009
32461,0.053857296596515086
32462,0.02179962997466156
32463,0.219997
32464,0.1884679803942759
32465,0.196420008718107
32466,0.16830168228670864
32467,0.09889805350752152
32468,0.04861872573600077
32469,0.06692958137144206
32470,0.0038257667993823476
32471,0.03683935973996631
32472,0.22179982692096187
32473,0.2842127202725982
32474,0.07449511963338526
32475,0.002660593967479044
32476,0.00014076976881628262
32477,0.06329627615842462
32478,0.014947330823458463
32479,0.030799686682422646
32480,0.13006539555342567
32481,0.1494085760194151
32482,0.09421979308262951
32483,0.007497571344317799
32484,0.17454872528285534
32485,0.013010054404384264
32486,0.29371070387681375
32487,0.014050853146780399
32488,0.06403066344963083
32489,0.0031296183576554667
32490,0.0332825313926541
32491,0.016508537519764475
32492,0.012111137944448506
32493,0.018214089433041657
32494,0.012783718164918294
32495,0.009383583127959533
32496,0.08579460653594013
32497,0.014447444846122854
32498,0.08615756065205904
32499,0.07865576621531746
32500,0.02012989944709133
32501,0.05529553885670886
32502,0.010739097585325232
32503,0.010149858196724933
32504,0.219997
32505,0.0013304098505949914
32506,0.009875875749749775
32507,0.04084302144379259
32508,0.02889189653045187
32509,0.15215543604802273
32510,0.02326982102077711
32511,0.07862004052164338
32512,0.014951031741806715
32513,0.349908
32514,0.13970322060422932
32515,0.15889347890907474
32516,0.12210726874218815
32517,0.02015208600887678
32518,0.0768658048114487
32519,0.03432001422862724
32520,0.005928642677662922
32521,0.219997
32522,0.016404790988764392
32523,0.219997
32524,0.219997
32525,0.05759977350295716
32526,0.010814208841354164
32527,0.01404797956946293
32528,0.06022905191439655
32529,0.007114936583268606
32530,0.020488044815996618
32531,0.014015123497673598
32532,0.015212711759386455
32533,0.004489265294494368
32534,0.014555318946337416
32535,0.05380527537770916
32536,0.01604249362663498
32537,0.01903938191703908
32538,0.0021730699272584494
32539,0.18439287643620805
32540,0.09320889115729122
32541,0.008616498416616544
32542,0.219997
32543,0.04380728165481944
32544,0.006986128883175313
32545,0.06060529208888582
32546,0.07334239523459166
32547,0.002864201044911933
32548,0.026676604235699067
32549,0.1061549401329606
32550,0.012014505386993583
32551,0.01632000447115942
32552,0.03039972027984697
32553,0.349908
32554,0.349908
32555,0.219997
32556,0.025292863804186733
32557,0.010043375037086532
32558,0.012124938948092663
32559,0.048608066768438776
32560,0.03055372913454746
32561,0.06772616376061621
32562,0.06004732265185202
32563,0.0363376729884261
32564,0.06480468034502752
32565,0.07887656045250145
32566,0.10618280906846755
32567,0.05535328335021097
32568,0.07423898192854814
32569,0.034669061438306746
32570,0.219997
32571,0.16941276121939397
32572,0.06037896419640132
32573,0.009998708233388118
32574,0.5909638572001661
32575,0.07448275825218259
32576,0.219997
32577,0.006322697957017795
32578,0.220016
32579,0.350009
32580,0.030717134402603128
32581,0.055967960437661717
32582,0.220016
32583,0.219997
32584,0.350009
32585,0.10862754667222226
32586,0.350009
32587,0.219997
32588,0.12485249882416957
32589,1.0
32590,0.18657946739814985
32591,0.13862855040771566
32592,0.10449981558350656
32593,0.349908
32594,0.1803319899558772
32595,0.043259628798857475
32596,0.06796974735194546
32597,0.025051944396098254
32598,0.06609612877860149
32599,0.16691609223351977
32600,0.349908
32601,0.9712057270230874
32602,0.5712401055043673
32603,0.023932087424545043
32604,0.16148015179337782
32605,0.19097818749116452
32606,0.219997
32607,0.1422099574115322
32608,0.05101054247067449
32609,0.11994745658653017
32610,0.219997
32611,0.007863373695961573
32612,0.5453054540341975
32613,0.219997
32614,0.349908
32615,0.7628302264613256
32616,0.14154807084245496
32617,0.03212669991294454
32618,0.6751840888065448
32619,0.14012900169926873
32620,0.349908
32621,0.20255387477551162
32622,0.06853521598462538
32623,0.012548961262156249
32624,0.219997
32625,0.1356680883645938
32626,0.2596751857927508
32627,0.220016
32628,0.10056751395188818
32629,0.02449842114190735
32630,0.10416787149051979
32631,0.27232826416363876
32632,0.15951209682991022
32633,0.04629125812552916
32634,0.10834405055596141
32635,0.149196710495509
32636,0.20742700248794727
32637,0.03258638764428106
32638,0.11271378014025642
32639,0.009453064491044126
32640,0.03939648712236342
32641,0.12232289288528675
32642,0.29715402200279145
32643,0.12267679687706091
32644,0.350009
32645,0.04615586856582046
32646,0.07274798180387262
32647,0.023365315590502148
32648,0.017403136693670176
32649,0.45597364047679234
32650,0.1931800764408686
32651,0.16711321783382996
32652,0.350009
32653,0.870427792557909
32654,0.16105844595798757
32655,0.13623977457389944
32656,0.017399131684275742
32657,0.022032642137352454
32658,0.08486179862328062
32659,0.14961824346561495
32660,0.220016
32661,0.349908
32662,0.5456938770859096
32663,0.220016
32664,0.11288310856433523
32665,0.04938457757777604
32666,0.028352015242267607
32667,0.07754969211800218
32668,0.349908
32669,0.020159986396565358
32670,0.06310152182811804
32671,0.016845709249879746
32672,0.017490528070149697
32673,0.028051823395501257
32674,0.06701374915000763
32675,0.13763561961917473
32676,0.349908
32677,0.7810761022388387
32678,0.219997
32679,0.030231676123698956
32680,0.13876233105029356
32681,0.154209731476549
32682,0.09063293290013667
32683,0.219997
32684,0.216947977912676
32685,0.11413360818193484
32686,0.10642767314707118
32687,0.07469832236891467
32688,0.0486360685450955
32689,0.0414113992158197
32690,0.020467960195125857
32691,0.219997
32692,0.08750521535075428
32693,0.22902460952213066
32694,0.026849507684454554
32695,0.03752049798453316
32696,0.07599064368515979
32697,0.031173823968600634
32698,0.021131166091334905
32699,0.031222921221522107
32700,0.09398169436673758
32701,0.041317450765778696
32702,0.04007810725066207
32703,0.8565553636799917
32704,0.5286917884093325
32705,0.04730814260414162
32706,0.025739890125289506
32707,0.15650848448262739
32708,0.05411552911035446
32709,0.03742939748964797
32710,0.03360420042081101
32711,0.022365632632726548
32712,0.01408840747518346
32713,0.2252446089941226
32714,0.05020244521236917
32715,0.014619889345017607
32716,0.08064375632373343
32717,0.14477161195215563
32718,0.10591215035082271
32719,0.350009
32720,0.350009
32721,0.350009
32722,0.053685097704697954
32723,0.04446307478794309
32724,0.043603982273869434
32725,0.07838577932567892
32726,0.06515188290989624
32727,0.34959697840434995
32728,0.12497916208573073
32729,0.8929619974153615
32730,0.17495850155685364
32731,0.0004732044879328026
32732,0.1492023019290173
32733,0.05199782361953513
32734,0.1068945387528315
32735,0.021056749253227945
32736,0.012914086200559024
32737,0.08609964445323816
32738,0.05313401732334244
32739,0.06385480235234134
32740,0.1206137294526872
32741,0.09333643561984126
32742,0.220016
32743,0.07744052661696706
32744,0.219997
32745,0.349908
32746,0.38528002626899577
32747,0.15895270138725504
32748,0.052339008557628255
32749,0.15544819465334325
32750,0.014679479345282699
32751,0.06782446208735592
32752,0.04149880177609138
32753,0.013278092616130065
32754,0.13716013085374423
32755,0.07178905157841192
32756,0.18612803409291664
32757,0.052642563086902947
32758,0.14556586422290094
32759,0.09208128768003693
32760,0.12818098112907386
32761,0.03978317468937676
32762,0.0212658109825532
32763,0.219997
32764,0.15853621159150785
32765,0.05151251107476697
32766,0.0032816313074689875
32767,0.03174792582444738
32768,0.026688617929879446
32769,0.1568350226471612
32770,0.13515004193523386
32771,0.219997
32772,0.2032101857695289
32773,0.350009
32774,0.29927216127306
32775,0.3328700139716055
32776,0.02180392719018283
32777,0.17373871236631383
32778,0.07784362581904576
32779,0.14669262818115217
32780,0.15535306052133366
32781,0.16869714680766376
32782,0.05500670247423694
32783,0.01780392193192347
32784,0.06374454926824462
32785,0.08161368593315678
32786,0.0825710197567269
32787,0.0008709936762249821
32788,0.010659799931004242
32789,0.219997
32790,0.009351157401041105
32791,0.10160634469875351
32792,0.219997
32793,0.10398364267939085
32794,0.219997
32795,0.7544696840516304
32796,0.19657174730592822
32797,0.220016
32798,0.13031633945148202
32799,0.1819493197482566
32800,0.06351784857920775
32801,0.1640689868947183
32802,0.05008563136499962
32803,0.013352984824684383
32804,0.022529863308627572
32805,0.349908
32806,0.219997
32807,0.056618092735428324
32808,0.07493620299352638
32809,0.07909370414771012
32810,0.0799624506152276
32811,0.005979479069441742
32812,0.03547304611408195
32813,0.09879717875448618
32814,0.8943824410080432
32815,0.08635451057724519
32816,0.08026112237313777
32817,0.16066967264298695
32818,1.0
32819,0.10437886378841305
32820,0.01696676227765756
32821,0.220016
32822,0.11351616647061487
32823,0.17024631473448423
32824,0.349908
32825,0.09728003091307189
32826,0.019010057241454385
32827,0.1532670832864612
32828,0.219997
32829,0.15221394130988322
32830,0.22756035516310613
32831,0.0576397127277036
32832,0.220016
32833,0.12223121505659588
32834,0.013476381225103206
32835,0.07228028298470855
32836,0.030074675505688472
32837,0.219997
32838,0.07513459603315299
32839,0.01130235200339174
32840,0.20679188075447055
32841,0.219997
32842,0.349908
32843,0.2104520112691155
32844,0.04030599931904486
32845,0.14735831798681281
32846,0.219997
32847,0.220016
32848,0.07922198879455293
32849,0.022007064811951044
32850,0.09593188850268161
32851,0.009964917996962258
32852,0.19507779479491325
32853,0.7388195788787699
32854,0.015614017520595908
32855,0.219997
32856,0.5291894497445043
32857,0.220016
32858,0.04867501205335107
32859,0.026685959858782304
32860,0.001775050196241024
32861,0.05953433084038323
32862,0.09714983505790646
32863,0.39244730632568237
32864,0.35029857369244133
32865,0.10362966226599053
32866,0.1465450421956921
32867,0.219997
32868,0.219997
32869,0.18609666789651885
32870,0.20593397182607187
32871,0.4569486666300389
32872,0.1421170374556254
32873,0.05282696110661824
32874,0.1586171622763959
32875,0.13877575540775008
32876,0.219997
32877,1.0
32878,0.10855794313529452
32879,0.5231152805423217
32880,0.020167846671183993
32881,0.055221179410178366
32882,0.349908
32883,0.02841136343655466
32884,0.06366995891469196
32885,0.1709670135585536
32886,0.007389288695010478
32887,0.0741202433532536
32888,1.0
32889,0.055093876212778566
32890,0.15598182773109703
32891,0.5337609757869242
32892,0.20032463207344597
32893,0.219997
32894,0.5731231330548621
32895,0.48737312348868606
32896,0.000951076336392729
32897,0.219997
32898,0.11431071076635864
32899,0.219997
32900,1.0
32901,0.5679995779614517
32902,0.5812166907421367
32903,0.05355633025058918
32904,0.220016
32905,0.08567540161693646
32906,0.025912747992534617
32907,0.017664884068441043
32908,0.016993001878378478
32909,0.007807225535567722
32910,0.07739839517265668
32911,0.012289169203171437
32912,0.0700780990942427
32913,0.15513903674198418
32914,0.14984921024152242
32915,0.09470192664438067
32916,0.219997
32917,0.16981497409442894
32918,0.3282734154017934
32919,0.220016
32920,0.04785552065086358
32921,0.1252826597323308
32922,0.3097741613469151
32923,0.042569795285506785
32924,0.10960349539575517
32925,1.0
32926,1.0
32927,0.9119258930618178
32928,0.009015689648317974
32929,0.02167967722423328
32930,0.21221725476304823
32931,0.42639685583201764
32932,0.14771230551962056
32933,0.05773877431125104
32934,0.06964289927392221
32935,0.06557872876651151
32936,0.09364583658868456
32937,0.01840949516845889
32938,0.9186447754883701
32939,0.02641577546472733
32940,0.07145415459316107
32941,0.1879140362335285
32942,0.13595178260779356
32943,0.05881453935607813
32944,0.11525806888155918
32945,0.46309848751209104
32946,0.26475860337014007
32947,0.010332830627830828
32948,0.16446287037658636
32949,0.16964547886812326
32950,0.16208096587218065
32951,1.0
32952,1.0
32953,0.9961209149409481
32954,0.014779541824848143
32955,0.0035498834885959746
32956,0.10639863912024239
32957,0.03552182981728428
32958,0.7974295644627101
32959,0.09572881247085459
32960,0.22410091222948336
32961,0.046409796550932976
32962,0.17298233752964018
32963,0.022896094858181247
32964,0.219997
32965,0.1250226006000601
32966,0.26477977084802007
32967,0.219997
32968,0.8643512540830223
32969,1.0
32970,0.220016
32971,0.219997
32972,0.14466634984790627
32973,0.09909532782023715
32974,0.13889791788675346
32975,0.09416114376514755
32976,0.03887194456270055
32977,0.12454828209263208
32978,0.20048684369183026
32979,0.05594823682443289
32980,0.219997
32981,0.037070825821643956
32982,1.0
32983,1.0
32984,1.0
32985,0.10198764259316594
32986,0.0647899322721319
32987,0.220016
32988,0.8061935892632186
32989,0.04761947164980136
32990,0.019810580092477003
32991,0.026503607938699558
32992,0.04712918353012973
32993,0.1449003532990997
32994,0.08339420590934882
32995,0.5816215215887488
32996,1.0
32997,0.05174104146480626
32998,0.20970508621373962
32999,0.14738307652535654
33000,0.19144751978067692
33001,0.10550333372081495
33002,0.220016
33003,0.349908
33004,0.1617807639248805
33005,0.12740269148713348
33006,0.219997
33007,0.11077720379968624
33008,0.04972849722622614
33009,0.350009
33010,0.350009
33011,0.2535751078793769
33012,0.21406570920562387
33013,0.03586977348573616
33014,0.17782384121776906
33015,0.14521886849955926
33016,0.219997
33017,0.028438931590354037
33018,0.032439120749110095
33019,0.02077794537663529
33020,0.042757197482191395
33021,0.0683421821962755
33022,0.0573966362287389
33023,0.350009
33024,1.0
33025,0.349908
33026,0.219997
33027,0.1579841288496133
33028,0.219997
33029,0.219997
33030,1.0
33031,0.14729423780497908
33032,0.04596469198571693
33033,0.05069687992065343
33034,0.041431768506704186
33035,0.20420842791817997
33036,0.219997
33037,0.19815878316685814
33038,0.41204930573715215
33039,0.3020791877738819
33040,0.219997
33041,1.0
33042,0.220016
33043,0.220016
33044,0.2529559806096522
33045,0.01666691579445513
33046,0.0496547147461539
33047,0.9155798927281338
33048,0.07976659879768287
33049,0.039913079564329164
33050,0.031298506059272736
33051,0.0727294436720603
33052,0.219997
33053,0.5314800730263215
33054,0.5286720656374025
33055,0.349908
33056,0.5739888067519124
33057,0.219997
33058,0.219997
33059,0.42357843694735736
33060,0.037031672001530756
33061,0.21645321896476727
33062,0.15389379994943722
33063,0.039322846948560294
33064,0.7904822553093557
33065,0.220016
33066,0.04491890482275921
33067,0.9396777154097474
33068,0.45722966215739785
33069,0.219997
33070,0.219997
33071,0.18840229736956093
33072,0.01645753902300361
33073,0.014667176175971533
33074,0.0008633108270946634
33075,0.03704831060241053
33076,0.10535542060393799
33077,0.18810074990745795
33078,0.112795348033859
33079,0.6139050072422432
33080,1.0
33081,0.519617286732203
33082,0.349908
33083,0.9196188855627454
33084,0.21635546345232595
33085,0.0929006213124515
33086,0.07939900622984568
33087,0.20631945087016987
33088,0.350009
33089,0.12877649350441747
33090,0.0375162520055647
33091,0.13661785005781676
33092,0.1817996834246922
33093,0.027240385971773494
33094,0.051484632625542835
33095,0.07982937207930291
33096,0.03042324321443743
33097,0.008114967953570792
33098,0.2077491366838082
33099,0.08978664467615594
33100,0.11257671218848544
33101,0.350009
33102,0.220016
33103,0.350009
33104,1.0
33105,1.0
33106,0.349908
33107,0.220016
33108,0.053513826610230325
33109,0.007522940592258152
33110,0.06162119110900792
33111,0.21889437505977272
33112,0.07165686997001249
33113,1.0
33114,0.14133849385419991
33115,0.02247979541709704
33116,0.1195762413849423
33117,0.10842740787118377
33118,0.219997
33119,0.046203453873104434
33120,0.0327252041625507
33121,0.02628344607525657
33122,0.05252625866053621
33123,0.021514387308770238
33124,0.0322753637853343
33125,0.03723557124545911
33126,0.11796126524338403
33127,0.17627283342937575
33128,1.0
33129,0.6045677643657088
33130,0.3793010180831445
33131,1.0
33132,0.6973245439527102
33133,0.5995069083122441
33134,0.219997
33135,0.06235048343754737
33136,0.05177794024015235
33137,0.05124739476621734
33138,0.09083441235164123
33139,0.05411965846632249
33140,0.07246062937707295
33141,0.039521521898526625
33142,0.6847465693841223
33143,0.19144771997451218
33144,0.46743751870631556
33145,0.048605317309141374
33146,0.219997
33147,0.219997
33148,0.219997
33149,0.22069283159507985
33150,0.11874217537445658
33151,0.04019545146215472
33152,0.021421049479109007
33153,0.1816068070313853
33154,1.0
33155,0.38979360622525827
33156,1.0
33157,0.4456368177195372
33158,0.349908
33159,0.219997
33160,0.349908
33161,0.07852945295431905
33162,0.027020947788269353
33163,0.04982089487524491
33164,0.034045592726577534
33165,0.21457402958317656
33166,0.20836141075251272
33167,0.1833186176048699
33168,0.349908
33169,0.030203703730729854
33170,0.14462184808730608
33171,0.3433617946581606
33172,0.08838164188597201
33173,0.020822200318620275
33174,0.11773135584578466
33175,0.4328823722548362
33176,0.05344039510747149
33177,0.350009
33178,0.219997
33179,0.1354767910648735
33180,0.219997
33181,0.18167866415341202
33182,0.06668099567844056
33183,0.020759906370932647
33184,0.1996498782828233
33185,0.219997
33186,0.06862848033406188
33187,0.03241089403813212
33188,0.15622673753888824
33189,0.013808193011681106
33190,0.12137188621423052
33191,0.05477855205214077
33192,0.021643985269044024
33193,0.15312010061514558
33194,0.050225584876429474
33195,0.12621283463267238
33196,0.024882543867360274
33197,0.219997
33198,0.5478917015493026
33199,1.0
33200,0.219997
33201,0.026152689828526775
33202,0.02902888760814637
33203,0.019975102573579297
33204,0.08932313900816743
33205,0.11770100964577186
33206,0.1102982987137127
33207,0.02597237398580489
33208,0.0472195736240645
33209,0.10523006854779905
33210,0.006922222278219879
33211,0.03630912067707986
33212,0.011114349274914637
33213,0.09228248987430215
33214,0.07780935761422007
33215,0.729230012211313
33216,0.01586254366290487
33217,0.0182201067706365
33218,0.022077160320605017
33219,0.07323602474444378
33220,0.15289083226053055
33221,0.7116421730365475
33222,0.219997
33223,0.019674259564499873
33224,0.016355043506547436
33225,0.220016
33226,0.021083020611771662
33227,0.09154832173344288
33228,0.023529849750672346
33229,0.09011351733831409
33230,0.19836469228050158
33231,0.04885836402655394
33232,0.027709579140844456
33233,0.016901986162801794
33234,0.349908
33235,0.219997
33236,0.023546453099840606
33237,0.031699652687460035
33238,0.219997
33239,0.0768353222251536
33240,0.03495547737039343
33241,0.04373074811050529
33242,0.06165752688365604
33243,0.0396904415572575
33244,0.350009
33245,0.06550447591278964
33246,0.00183581987280661
33247,0.043517943912608124
33248,0.1067569140674825
33249,0.10576973198468208
33250,0.219997
33251,0.1942908422142315
33252,0.4100977687410713
33253,0.219997
33254,0.012481183316832808
33255,0.02081299531553983
33256,0.044534229188846836
33257,0.18392732689000652
33258,0.03572986800116122
33259,0.5088198053527886
33260,0.11463130176592218
33261,0.219997
33262,0.04627824369089183
33263,0.07402177542492988
33264,0.09332220479304143
33265,0.39572664316880146
33266,0.9371809025558244
33267,0.22023983338894562
33268,0.16695846267892261
33269,0.023675798195186358
33270,0.1129388147751273
33271,0.06806300774625217
33272,0.14496670576322016
33273,0.2141015779322483
33274,0.1466706518440622
33275,0.12814825129724966
33276,1.0
33277,0.02710242347173442
33278,0.14971058365037646
33279,0.19894832835833817
33280,0.10541212333039908
33281,0.04059836787066851
33282,0.17416327321413738
33283,0.4397405138174017
33284,0.09520775833695773
33285,0.23612645757187717
33286,0.06448493109278751
33287,0.013263524532717732
33288,0.12249008948138722
33289,0.013720819070548515
33290,0.1230043838522799
33291,0.05015232584651903
33292,0.06610316220735639
33293,0.0875768810590303
33294,0.13280844442019152
33295,0.037120324837276265
33296,0.04208730052440732
33297,0.16139206391082966
33298,0.04103415179846263
33299,0.17832972092758878
33300,0.06511634543223951
33301,0.005731052043559281
33302,0.13698643431588572
33303,0.06158547550774851
33304,0.03316076839033945
33305,0.0369149812727153
33306,0.09436613350783424
33307,1.0
33308,0.032569671061378154
33309,0.219997
33310,0.1032486909500445
33311,0.0784658801699681
33312,0.08693120307771782
33313,0.05964634702410559
33314,0.007935601416259014
33315,0.027889427012862178
33316,0.371223278737121
33317,0.04016203134543464
33318,0.009644148597183374
33319,0.011478014248615217
33320,0.07291444498051587
33321,0.349908
33322,0.029004767185301417
33323,0.15888842682055662
33324,0.04569601686011339
33325,0.03500836533269589
33326,0.008076079500455906
33327,0.49330174154753376
33328,0.040839048443581716
33329,0.028017467249908754
33330,0.007728452054119408
33331,0.03455723668472338
33332,0.0827433653387442
33333,0.01045676965309795
33334,0.016459209174362915
33335,0.18268419183032814
33336,0.09973658782891594
33337,0.0032930075185274533
33338,0.219997
33339,0.219997
33340,0.20434729939787202
33341,0.10307809060697073
33342,0.06395433198610943
33343,0.05177466256173247
33344,0.10484452889381789
33345,0.029258610535043892
33346,0.1054684074944539
33347,0.1980483432255299
33348,0.219997
33349,0.010556447464745345
33350,0.01239062779644902
33351,0.08222903963192742
33352,0.04393529160762743
33353,0.016210279067756093
33354,0.01627530783803438
33355,0.20708732260658186
33356,0.12409711739532436
33357,0.17825689392301775
33358,0.219997
33359,0.4598331985236695
33360,0.014050853146780399
33361,0.001647997568349786
33362,0.04249569010470488
33363,0.011245243436456073
33364,0.022842615495945403
33365,0.023945567823792042
33366,0.014520317948294264
33367,0.014447444846122854
33368,0.219997
33369,0.06950983357935601
33370,0.051330759574888696
33371,0.02012989944709133
33372,0.01921882351718023
33373,0.0775968575744895
33374,0.021416849359503793
33375,0.020542132803363995
33376,0.010149858196724933
33377,0.219997
33378,0.056136800046546934
33379,0.034713484742443824
33380,0.055865565311918365
33381,0.010220554781695194
33382,0.219997
33383,0.02326982102077711
33384,0.07862004052164338
33385,0.014951031741806715
33386,0.7468767332151616
33387,0.219997
33388,0.08647401962818663
33389,0.19997193494957916
33390,0.02015208600887678
33391,0.1131273811035991
33392,0.02458090710386303
33393,0.016211316423555323
33394,0.219997
33395,0.022459704668494007
33396,0.16774715962594838
33397,0.219997
33398,0.046473235783977294
33399,0.07735719416479034
33400,0.0635514255477173
33401,0.031454966717521037
33402,0.014015123497673598
33403,0.015956915534224448
33404,0.08239591495164676
33405,0.04034396631962652
33406,0.01604249362663498
33407,0.012125847671318768
33408,0.18576680307172905
33409,0.10321769384952081
33410,0.349908
33411,0.010282540207694788
33412,0.003295785035577436
33413,0.04328337522253361
33414,0.012118629373777447
33415,0.06404089162149226
33416,0.023767273435581444
33417,0.05402465504298079
33418,0.032426639091828614
33419,0.019886885814589608
33420,0.06928581911383487
33421,0.349908
33422,0.349908
33423,0.028861096624487968
33424,0.219997
33425,0.021178775955028973
33426,0.025292863804186733
33427,0.05426005007210229
33428,0.00460260244888927
33429,0.019624156707555178
33430,0.06527988654235674
33431,0.04351163777567684
33432,0.02239438210787447
33433,0.03818337467641188
33434,0.05535328335021097
33435,0.07039037320123433
33436,0.055746168472962376
33437,0.219997
33438,0.056858125972726326
33439,0.12414734572094299
33440,0.4428815377325076
33441,0.08462591263265075
33442,0.19669211447704632
33443,0.0542164504523825
33444,0.349908
33445,0.349908
33446,0.005419575664830446
33447,0.349908
33448,0.213592709599984
33449,0.38069870019695584
33450,0.219997
33451,0.1678840622881624
33452,0.14801235695488732
33453,0.03609272492588908
33454,0.349908
33455,1.0
33456,0.220016
33457,0.12615977005026865
33458,0.219997
33459,0.349908
33460,0.19722707852295138
33461,0.00028104253324856245
33462,0.05096970429764103
33463,0.10424183699149911
33464,0.021009804761165683
33465,0.03243173060540901
33466,0.16809743269406277
33467,0.349908
33468,0.9041481391285007
33469,0.7703142159192389
33470,0.07895618628851041
33471,0.07605930087875291
33472,0.2165060938520556
33473,0.219997
33474,0.09509239005373968
33475,0.008860277481262033
33476,0.21147143422404385
33477,0.12051615083671105
33478,0.05421112881178966
33479,0.7202882523243365
33480,0.220016
33481,0.41788442539454235
33482,1.0
33483,0.25242808520732246
33484,0.6779981783138062
33485,0.18531025727816253
33486,0.219997
33487,0.18713546434076878
33488,0.04848181387404325
33489,0.03436722243647595
33490,0.219997
33491,0.011671827213778697
33492,0.08218563126159151
33493,0.16466115727664432
33494,0.219997
33495,0.028210118238180728
33496,0.10032332505035992
33497,0.21938540354081437
33498,0.23033024873706395
33499,0.1554029570571534
33500,0.04629125812552916
33501,0.027181561825902572
33502,0.09248441138707038
33503,0.14258002267239947
33504,0.0674736622029325
33505,0.075569022128098
33506,0.04018861115595863
33507,0.016761644718381152
33508,0.219997
33509,0.219997
33510,0.219997
33511,0.03451641246319406
33512,0.09368745352636676
33513,0.021003339017608813
33514,0.9891682407908002
33515,0.219997
33516,0.1823260292798048
33517,0.5298554347309617
33518,1.0
33519,0.009159327099891545
33520,0.14210507605965694
33521,0.11535320069494519
33522,0.016075863940034733
33523,0.09475462994126901
33524,0.022032642137352454
33525,0.03749762491124278
33526,0.07385167835730405
33527,0.219997
33528,0.12846775928315077
33529,0.349908
33530,0.7940730008945149
33531,0.350009
33532,0.09615471042029872
33533,0.008550703552191884
33534,0.011491694791392693
33535,0.04403331819043256
33536,0.349908
33537,0.019999604756576396
33538,0.219997
33539,0.06440582310244493
33540,0.349908
33541,0.7792344701077585
33542,0.2807647328053363
33543,0.027617332988805608
33544,0.010635747652173707
33545,0.09644465173675354
33546,0.15531634947479883
33547,0.03380753876566369
33548,0.219997
33549,0.2159817638994326
33550,0.139941782916793
33551,0.1343527676287281
33552,0.10786841176407251
33553,0.06518646439584036
33554,0.02757079656461105
33555,0.03941141758703145
33556,0.051659960816135136
33557,0.18832743252434983
33558,0.15519933868249702
33559,0.220016
33560,0.022011159289915608
33561,0.006840351287211343
33562,0.040407320899220216
33563,0.01568719808448186
33564,0.013294438686480482
33565,0.05342949551444161
33566,0.09178352379943397
33567,0.022318952991101183
33568,0.03266231850889783
33569,0.8435372684554513
33570,0.5056141484445689
33571,0.08695699045713551
33572,0.05081788818939796
33573,0.04257863664855512
33574,0.13060295435061137
33575,0.08326560852163742
33576,0.04599324347588009
33577,0.022365632632726548
33578,0.026627867297159435
33579,0.0068245896929323155
33580,0.22125867851718847
33581,0.07787364042211449
33582,0.0583309164348456
33583,0.04005060133464608
33584,0.01001904481027317
33585,0.1292832284349196
33586,0.09749545932448979
33587,0.350009
33588,0.350009
33589,0.350009
33590,0.05397804720724614
33591,0.07604821498995779
33592,0.006072747512675114
33593,0.10564458458770269
33594,0.019087370340768534
33595,0.23560706554725658
33596,0.04329521351954331
33597,0.7545092656311009
33598,0.09719736613311915
33599,0.03374659017769218
33600,0.1436929085668239
33601,0.04094226834065637
33602,0.10413458739351072
33603,0.02752655088738821
33604,0.012914086200559024
33605,0.018857951091653165
33606,0.17009686358294995
33607,0.04046732679999002
33608,0.049483470648040324
33609,0.15741382774422677
33610,0.030858041764777522
33611,0.1718523776046691
33612,0.130852607482253
33613,0.2129604497062087
33614,0.349908
33615,0.5670820327748299
33616,0.13936895518002296
33617,0.041205539956044736
33618,0.15872304267993637
33619,0.0015131807525766965
33620,0.06324904290137238
33621,0.0022096550258305274
33622,0.16435528666792337
33623,0.12581405127643217
33624,0.0951106066010154
33625,0.10696314582852208
33626,0.18013896591941167
33627,0.12044951258831695
33628,0.07409771908079288
33629,0.023846798823930322
33630,0.039815101137708385
33631,0.219997
33632,0.04265285768113952
33633,0.14002066581625758
33634,0.10680137787978487
33635,0.01666616627810071
33636,0.04108559927309103
33637,0.06816397935187529
33638,0.19509185391592626
33639,0.10164496753317184
33640,0.18123668518247765
33641,0.18630051913590676
33642,0.350009
33643,0.219997
33644,0.349908
33645,0.02180392719018283
33646,0.16071912418244122
33647,0.013897396285748409
33648,0.07646012848378617
33649,0.11085213372859125
33650,0.10670665196190629
33651,0.08921803294468039
33652,0.06350060808745553
33653,0.10557950815135382
33654,0.04024732822325244
33655,0.0958996286014468
33656,0.09052156304979218
33657,0.030424230244182678
33658,0.04685724067080505
33659,0.20017722670663318
33660,0.018593805702455266
33661,0.0926132124712488
33662,0.219997
33663,0.05667058831066293
33664,0.20490706786635576
33665,0.7107993669927912
33666,0.190141482317275
33667,0.19489410773233024
33668,0.1093952163950847
33669,0.19511268387967717
33670,0.1492925452863619
33671,0.1294721707205227
33672,0.03954014540417243
33673,0.015333480441005638
33674,0.01727443975717627
33675,0.05013290171798551
33676,0.349908
33677,0.12750938850632662
33678,0.08233799749722376
33679,0.091162791837419
33680,0.0168266710482853
33681,0.0004900873867875134
33682,0.029677685122059004
33683,0.010177805318703851
33684,0.11204857898808311
33685,0.8485835180550304
33686,0.07859478650167435
33687,0.08998770984008302
33688,0.15060304122923515
33689,1.0
33690,0.1840212444646302
33691,0.01097564117938277
33692,0.220016
33693,0.11853415969517031
33694,0.219997
33695,0.349908
33696,0.04614841442762865
33697,0.08890243244754233
33698,0.219997
33699,0.15086406537499883
33700,0.219997
33701,0.027512469894896717
33702,0.220016
33703,0.08911001558982545
33704,0.03804414719072587
33705,0.012849707251087248
33706,0.1800899876594735
33707,0.07115343423809434
33708,0.003162735678265539
33709,0.19013599561721686
33710,0.13121560638631477
33711,0.349908
33712,0.1103560253104637
33713,0.05393739436144638
33714,0.17599221861594874
33715,0.219997
33716,0.2958644846612137
33717,0.07208215693777119
33718,0.1210153365439675
33719,0.008983086974101533
33720,0.14707156997629348
33721,0.7978520697783373
33722,0.010389398529863978
33723,0.219997
33724,0.5609089500559162
33725,0.220016
33726,0.036032134174662916
33727,0.021428337418179434
33728,0.001741169851609345
33729,0.03831113485627427
33730,0.072021834391251
33731,0.350009
33732,0.350009
33733,0.0823010143149394
33734,0.18139316010481388
33735,0.349908
33736,0.3111704797723091
33737,0.17871549073687862
33738,0.19787418567128656
33739,0.349908
33740,0.11638626579459524
33741,0.042477158670632176
33742,0.1817458190355432
33743,0.14140977904160704
33744,0.349908
33745,1.0
33746,0.06104565473935522
33747,0.4878901254575649
33748,0.018711676410176636
33749,0.04835850849891982
33750,0.219997
33751,0.023822611292738244
33752,0.02666226557244243
33753,0.09219580789337421
33754,0.05460297371113497
33755,0.008144873638926544
33756,0.05794814541168892
33757,0.8856806375916763
33758,0.0347618802179026
33759,0.0984224312172844
33760,0.5738447845168256
33761,0.219997
33762,0.219997
33763,0.651210749434799
33764,0.3984201603498207
33765,0.038294321914585414
33766,0.219997
33767,0.07267331705056422
33768,0.1831229134635839
33769,1.0
33770,0.5363829225836892
33771,0.349908
33772,0.06505017016038103
33773,0.220016
33774,0.10687505533971119
33775,0.022817741074439495
33776,0.06077912971710708
33777,0.04829091921698001
33778,0.05588603146491932
33779,0.012935274833522699
33780,0.0026230007037908076
33781,0.05182562267490545
33782,0.16541088876401108
33783,0.09582163833632713
33784,0.1217316817037333
33785,0.219997
33786,0.11858436274314675
33787,0.219997
33788,0.19869316582570595
33789,0.1083040983696149
33790,0.349908
33791,0.028003831272496855
33792,0.09132435284142276
33793,1.0
33794,1.0
33795,1.0
33796,0.03506935839138957
33797,0.19874551337465665
33798,0.4955087673433378
33799,0.14921432062992052
33800,0.0657660976258125
33801,0.014041342699951562
33802,0.0601175811506961
33803,0.05043831930326298
33804,0.06455608256428502
33805,0.011186020066131773
33806,0.8312527551789005
33807,0.007246585088375477
33808,0.05911021985159865
33809,0.16670283834079552
33810,0.17024940208697517
33811,0.09354919398922319
33812,0.11498310444244733
33813,0.44239270203629333
33814,0.219997
33815,0.009724906655198718
33816,0.07133918601061674
33817,0.1530735244147415
33818,0.10368695261355779
33819,1.0
33820,1.0
33821,0.9339703701421428
33822,0.10783277920362262
33823,0.03719281048963046
33824,0.8380891183582193
33825,0.09888371327345916
33826,0.220016
33827,0.009366128414066673
33828,0.12733660108919753
33829,0.035295657219953536
33830,0.21435748982458516
33831,0.16705926795006912
33832,0.219997
33833,0.219997
33834,0.8199686781634987
33835,1.0
33836,0.219997
33837,0.20486163815630606
33838,0.16864194638147206
33839,0.05064509389461036
33840,0.16394271165876909
33841,0.09949815613526133
33842,0.029589963459274393
33843,0.034898232739181044
33844,0.10661686039860993
33845,0.1688138374817863
33846,0.07182128112954861
33847,0.219997
33848,0.020421225483355634
33849,1.0
33850,1.0
33851,1.0
33852,0.15029252856433062
33853,0.025317792221769414
33854,0.22331803908666323
33855,0.8859814942986652
33856,0.018220195185664916
33857,0.025267038975432334
33858,0.009014984849822064
33859,0.15714276484347917
33860,0.11724483785129995
33861,0.5335980816009436
33862,1.0
33863,0.07888539418191276
33864,0.219997
33865,0.18195162025960512
33866,0.219997
33867,0.09121865851693517
33868,0.220016
33869,0.3207947834856143
33870,0.0329458954262839
33871,0.049587271838146256
33872,0.12814420019455702
33873,0.16471601712704112
33874,0.09005397123675637
33875,0.07246781686691015
33876,0.350009
33877,0.350009
33878,0.23120726447723386
33879,0.16333618482223738
33880,0.03586977348573616
33881,0.12396368948667627
33882,0.09956923561466764
33883,0.219997
33884,0.1104123995109128
33885,0.07856953285716115
33886,0.04671688358375299
33887,0.0007130946037680191
33888,0.06727984549771344
33889,0.04933025792462589
33890,0.350009
33891,1.0
33892,0.219997
33893,0.2908866300349597
33894,0.18466668830282712
33895,0.20327789389059264
33896,0.20769446563629196
33897,1.0
33898,0.08826394488929822
33899,0.020019783190765097
33900,0.006834759285986007
33901,0.057783813177305
33902,0.17571051570320537
33903,0.219997
33904,0.219997
33905,0.47590180178185987
33906,0.349908
33907,0.15107830308240416
33908,1.0
33909,0.16635171985500796
33910,0.024292778809518887
33911,0.24258429167103707
33912,0.3239313167660017
33913,0.03647627483867013
33914,0.05062777538625731
33915,0.349908
33916,0.03932806438098524
33917,0.01142614692533454
33918,0.05063685138894749
33919,0.049277709465493404
33920,0.21791054402705273
33921,0.5412695657401299
33922,0.5065260347935818
33923,0.349908
33924,0.5223224268006228
33925,0.219997
33926,0.219997
33927,0.350009
33928,0.0028394686783817387
33929,0.002741300419656559
33930,0.219997
33931,0.07763703146143756
33932,0.06993290898259738
33933,0.8388963216896798
33934,0.220016
33935,0.011181685952561296
33936,0.7666895195513203
33937,0.349908
33938,0.219997
33939,0.1642384820383265
33940,0.1974740158057266
33941,0.04949773113170437
33942,0.017823736953854388
33943,0.01179062063752352
33944,0.027422040526488747
33945,0.12125614756874152
33946,0.13733125318552966
33947,0.11012204263378525
33948,0.6277079324940328
33949,1.0
33950,0.6010107805144753
33951,0.349908
33952,1.0
33953,0.16100668987118866
33954,0.07365485595267672
33955,0.09617224812726136
33956,0.20158897888120705
33957,0.349908
33958,0.09054764196848077
33959,0.0375162520055647
33960,0.1266217083937852
33961,0.19808424545529904
33962,0.04592591823781686
33963,0.06192899177042744
33964,0.06041591242616394
33965,0.013806405718597339
33966,0.005626530637208871
33967,0.01994680802376756
33968,0.06143190717779062
33969,0.11872553102526755
33970,0.07128334088424529
33971,0.12680257949848597
33972,0.350009
33973,0.24023352871017759
33974,0.350009
33975,1.0
33976,1.0
33977,0.349908
33978,0.19684904904616307
33979,0.031171518803512502
33980,0.02758689656143491
33981,0.026801787491529182
33982,0.219997
33983,0.018182368107995086
33984,1.0
33985,0.07620097564882271
33986,0.02689796930738772
33987,0.13794013109164738
33988,0.13701617147596415
33989,0.220016
33990,0.09803040174555097
33991,0.03888373384964432
33992,0.02628344607525657
33993,0.04875408543587277
33994,0.00587412928025441
33995,0.041115507712662376
33996,0.10993531681714414
33997,0.18301721145316777
33998,1.0
33999,0.4782061713623409
34000,0.350009
34001,1.0
34002,0.667116988222076
34003,0.7674911924793919
34004,0.1830470104557336
34005,0.03737688884795067
34006,0.060455042230141816
34007,0.028860047088716822
34008,0.1255279399624226
34009,0.02691544835850075
34010,0.07726881749698059
34011,0.18747094382458618
34012,0.5981131590211927
34013,0.15640494907691002
34014,0.3740912633496414
34015,0.06190524647012191
34016,0.20874843706351837
34017,0.20356451452597218
34018,0.219997
34019,0.220016
34020,0.09982706085792578
34021,0.0185058158303972
34022,0.04532823215578138
34023,0.21682613710008442
34024,1.0
34025,0.4159226907731916
34026,1.0
34027,0.350009
34028,0.349908
34029,0.20267670766510296
34030,0.349908
34031,0.08017193316626198
34032,0.01943232940094751
34033,0.04575140592358361
34034,0.016267322095993436
34035,0.0790375367016055
34036,4.135793270490056e-05
34037,0.165432029469695
34038,0.219997
34039,0.19486084942689286
34040,0.349908
34041,0.020722253640251286
34042,0.09186164921511951
34043,0.27276141282727895
34044,0.05521750014897195
34045,0.020822200318620275
34046,0.017474580658676495
34047,0.0826241149426812
34048,0.32744902704191436
34049,0.023496088941508557
34050,0.350009
34051,0.220016
34052,0.1423540618511987
34053,0.219997
34054,0.03754442601839139
34055,0.20508197000502815
34056,0.06592376502527479
34057,0.058758771097731526
34058,0.20789372304538264
34059,0.219997
34060,0.05294510791720084
34061,0.011193199664414968
34062,0.220016
34063,0.005340242092914262
34064,0.07861495662152435
34065,0.0335714565046126
34066,0.18601116145967447
34067,0.02160608814320601
34068,0.1578278805584131
34069,0.0926122823280293
34070,0.219997
34071,0.349908
34072,1.0
34073,0.219997
34074,0.018621325298456837
34075,0.012397474564209927
34076,0.042740702720731646
34077,0.03514531279120793
34078,0.06540814870789982
34079,0.0520346234001694
34080,0.18279306075967777
34081,0.011041214103665693
34082,0.04281243179841914
34083,0.019781783710363283
34084,0.0958756266627015
34085,0.05771055205289113
34086,0.008860425915321015
34087,0.01908768867482673
34088,0.18009842388270653
34089,0.08709616118577534
34090,0.8237814526712466
34091,0.02328698227124078
34092,0.04891807001110017
34093,0.04046534447813989
34094,0.07550456881884582
34095,0.17121128824407644
34096,0.6949121322081382
34097,0.219997
34098,0.23598403940523893
34099,0.021083020611771662
34100,0.022521025704544537
34101,0.023529849750672346
34102,0.07531208935392378
34103,0.219997
34104,0.10679568423785306
34105,0.015985114641282574
34106,0.018087211686193688
34107,0.027709579140844456
34108,0.016901986162801794
34109,0.349908
34110,0.11662335887414269
34111,0.006273557759845282
34112,0.03949760910050024
34113,0.18767081785254722
34114,0.05385479453691477
34115,0.00694356341927986
34116,0.006454426910919854
34117,0.03867479899336081
34118,0.058552471400077695
34119,0.350009
34120,0.048594386377156705
34121,0.03591937781093444
34122,0.07826550972043349
34123,0.09477355073926506
34124,0.09792438565921537
34125,0.29838982977045014
34126,0.1449367434516433
34127,0.349908
34128,0.14443698646232592
34129,0.0036565908130558357
34130,0.010266496646908572
34131,0.08821289581826347
34132,0.219997
34133,0.026674533511198213
34134,0.4056683947391019
34135,0.219997
34136,0.02019216709401102
34137,0.13698842562961497
34138,0.03173521187382475
34139,0.02573262690028562
34140,0.4847437315388929
34141,0.9559684363652152
34142,0.30090533532221386
34143,0.219997
34144,0.00763056734014416
34145,0.12688020265664796
34146,0.04065613506398126
34147,0.12238036196210428
34148,0.19924804291818282
34149,0.10816458801101672
34150,0.1333356376301291
34151,1.0
34152,0.02710242347173442
34153,0.06251669641779117
34154,0.024319721043311093
34155,0.05692826697033511
34156,0.09997384330893049
34157,0.023746362305815057
34158,0.219997
34159,0.5695318633268499
34160,0.10384717912567866
34161,0.2279030297002221
34162,0.050031923952177676
34163,0.219997
34164,0.04936037425062875
34165,0.11222123861203345
34166,0.04338356519850352
34167,0.020471973482214235
34168,0.07540556655584321
34169,0.09647409780148607
34170,0.03462670199518398
34171,0.09402780395243426
34172,0.013574535827760905
34173,0.03328722104947169
34174,0.219997
34175,0.053716748925655124
34176,0.1612768347609799
34177,0.04371135084425941
34178,0.017947193586231144
34179,0.1409542325642845
34180,0.06058503910015061
34181,0.09293355179958766
34182,1.0
34183,0.05550382844740334
34184,0.219997
34185,0.02925083224477281
34186,0.034927264062234974
34187,0.043665591982971166
34188,0.04342678320870726
34189,0.0034953158022308774
34190,0.441064303686243
34191,0.005722082856020326
34192,0.011478014248615217
34193,0.07181782038240155
34194,0.34760585895331947
34195,0.09371528910337372
34196,0.12339885102354795
34197,0.06973923494452276
34198,0.03500836533269589
34199,0.07633500375622454
34200,0.349908
34201,0.02705433022702806
34202,0.028017467249908754
34203,0.01165578929778564
34204,0.01943724495414404
34205,0.04077044551651387
34206,0.01045676965309795
34207,0.0222799238235587
34208,0.220016
34209,0.045720907429989036
34210,0.026434004553068498
34211,0.1657671950095278
34212,0.219997
34213,0.219997
34214,0.1393968305959717
34215,0.1157105540676366
34216,0.026742223935845133
34217,0.09561834925471548
34218,0.023023192745980924
34219,0.17026616925418128
34220,0.219997
34221,0.219997
34222,0.02008709962528547
34223,0.04593275965997056
34224,0.012647638022468608
34225,0.018610559980209457
34226,0.025990891664704825
34227,0.024355894866506165
34228,0.03164244927364288
34229,0.028283996573858328
34230,0.16609795694791515
34231,0.05986399624481848
34232,0.219997
34233,0.03039300175955169
34234,0.21180476691178143
34235,0.46979321595603935
34236,0.0017776500622453113
34237,0.012764257631108873
34238,0.011787790915366449
34239,0.0505368047006193
34240,0.012783718164918294
34241,0.01114292509541675
34242,0.03201309537477442
34243,0.021583046469866016
34244,0.022434484107764028
34245,0.014447444846122854
34246,0.17490557272900029
34247,0.05589201461982212
34248,0.1016886964447178
34249,0.02012989944709133
34250,0.08081243253699802
34251,0.09511629646311637
34252,9.624377356008257e-05
34253,0.010149858196724933
34254,0.219997
34255,0.017671811660466444
34256,0.04768755968036147
34257,0.04719744833602319
34258,0.16795316436692206
34259,0.039833262153107174
34260,0.015240051032248474
34261,0.014951031741806715
34262,0.694626042231756
34263,0.09782526022887389
34264,0.065250588307456
34265,0.219997
34266,0.02015208600887678
34267,0.09995011630606002
34268,0.033522400369921775
34269,0.016211316423555323
34270,0.219997
34271,0.02856531249928038
34272,0.219997
34273,0.2908312645870486
34274,0.03556229807567641
34275,0.013999365419389427
34276,0.10935801720428288
34277,0.026603650689434138
34278,0.0071322947456638995
34279,0.014555318946337416
34280,0.04892469399845634
34281,0.01604249362663498
34282,0.219997
34283,0.06800971181186602
34284,0.011200039707886352
34285,0.349908
34286,0.03116420828178284
34287,0.012854166258255277
34288,0.012118629373777447
34289,0.006568665617479254
34290,0.07615868814914731
34291,0.005045951107772458
34292,0.06007508169835082
34293,0.0026329050772813155
34294,0.045931556101056516
34295,0.016433752211565043
34296,0.019886885814589608
34297,0.010003817585623685
34298,0.349908
34299,0.219997
34300,0.0473144247568136
34301,0.219997
34302,0.025292863804186733
34303,0.029677285677652633
34304,0.031277832959912044
34305,0.048608066768438776
34306,0.07185498345736221
34307,0.038723989075764485
34308,0.02063927016703926
34309,0.05535328335021097
34310,0.20018604616566024
34311,0.026147852484593365
34312,0.4057738290961575
34313,0.06268662034097623
34314,0.08943691094331123
34315,0.12044873529788133
34316,0.219997
34317,0.5368786642389117
34318,0.059234393923634054
34319,0.26004664945886385
34320,0.1340597182684173
34321,0.362617544595003
34322,0.13586634250863658
34323,0.219997
34324,0.15776555562952851
34325,0.012876188532042683
34326,0.21523588085778134
34327,0.350009
34328,1.0
34329,0.349908
34330,0.16189920326441107
34331,0.0817691631025912
34332,0.349908
34333,0.15115981499151857
34334,0.004714728623054299
34335,0.06950600001185546
34336,0.006598151950043324
34337,0.013537848583175976
34338,0.04045435335609293
34339,0.11640658294430486
34340,0.349908
34341,0.7380254460466852
34342,0.6413693250607324
34343,0.016888265818281508
34344,0.029066949932150365
34345,0.21996868444010195
34346,0.31487002895872546
34347,0.0998125241598873
34348,0.06075583131836774
34349,0.219997
34350,0.219997
34351,0.023101099760226444
34352,0.49581889897592396
34353,0.27633653980484724
34354,0.349908
34355,0.7705247040920499
34356,0.19171050528339992
34357,0.05214374233448512
34358,0.7215938693816726
34359,0.1708119713921415
34360,0.219997
34361,0.11779136920575606
34362,0.1393159910029905
34363,0.005200847648162724
34364,0.219997
34365,0.12921213187610237
34366,0.219997
34367,0.08043140226728708
34368,0.046817909111855696
34369,0.11936364040389785
34370,0.15907609468346504
34371,0.349908
34372,0.1015971718184708
34373,0.02985369347216004
34374,0.08366224242728976
34375,0.14960869598183563
34376,0.05957514726544707
34377,0.027826412285260484
34378,0.005926194161874086
34379,0.027975332644135514
34380,0.219997
34381,0.21155811233052668
34382,0.219997
34383,0.0012495381468432384
34384,0.030273429779259172
34385,0.047511052352294636
34386,0.04245017891407023
34387,0.026495594170723655
34388,0.8593455803255041
34389,0.219997
34390,0.220016
34391,0.5684722284803524
34392,0.855455993447186
34393,0.1567946093782529
34394,0.10743480246967749
34395,0.03004678537974828
34396,0.06010638980818371
34397,0.036932936996800655
34398,0.01595194268580778
34399,0.219997
34400,0.0680233914839017
34401,0.092246940882136
34402,0.219997
34403,0.6969062962464387
34404,0.024782001480261696
34405,0.350009
34406,0.051647612280270684
34407,0.06706664218014535
34408,0.05108990837789014
34409,0.349908
34410,0.029646958344179714
34411,0.03482119010791292
34412,0.219997
34413,0.02917201669634533
34414,0.4564690413285144
34415,0.6872873050510097
34416,0.219997
34417,0.027617332988805608
34418,0.030231676123698956
34419,0.11776981000919533
34420,0.15844305577108225
34421,0.219997
34422,0.2010949188769343
34423,0.12845877237145717
34424,0.15425619951904126
34425,0.10719148194007196
34426,0.007070234665647098
34427,0.03456598920799292
34428,0.1364245267455917
34429,0.022922283615769045
34430,0.03249213369054285
34431,0.04796157292781103
34432,0.2191013970235455
34433,0.166302659297068
34434,0.220016
34435,0.008394209382826928
34436,0.05396823123932367
34437,0.029207722535151442
34438,0.01202830603825983
34439,0.024060140989091934
34440,0.0475825706341253
34441,0.0743102765506123
34442,0.055039214305056615
34443,0.09126943998857841
34444,0.6777176542119503
34445,0.5830911479612474
34446,0.105881191902161
34447,0.08154727476851222
34448,0.018308747773799344
34449,0.1778078862120601
34450,0.07894090354484343
34451,0.08392823351570103
34452,0.026078274775647992
34453,0.05514435366156089
34454,0.05312968841906835
34455,0.19070635755186235
34456,0.08111939914103077
34457,0.04648677106218076
34458,0.01001904481027317
34459,0.07816404427188225
34460,0.11198091378141055
34461,0.220016
34462,0.2990988375782965
34463,0.350009
34464,0.0587186599428178
34465,0.12944217862075125
34466,0.010008730141759174
34467,0.07312704186234599
34468,0.058638705522750766
34469,0.2929424084822876
34470,0.09409028366217982
34471,0.9481637180843951
34472,0.15382458259445037
34473,0.026093339055366364
34474,0.20219529404899758
34475,0.06733116484052659
34476,0.08469829242910017
34477,0.042073208851351115
34478,0.012914086200559024
34479,0.018857951091653165
34480,0.14360304471741497
34481,0.013298525323009769
34482,0.05832449799611914
34483,0.008693746330354782
34484,0.015212268265048646
34485,0.17059781118127196
34486,0.14192537695129664
34487,0.09958245367644376
34488,0.20413272650057018
34489,0.349908
34490,0.5467586699063378
34491,0.1616230625627818
34492,0.06080485619501689
34493,0.12259458245165474
34494,0.041910660514587146
34495,0.042819989201405236
34496,0.010895925069769311
34497,0.004739278477342025
34498,0.219997
34499,0.11041651418025768
34500,0.1485797441788092
34501,0.09088434685698916
34502,0.1528919537014747
34503,0.03595399549800748
34504,0.06649715468609563
34505,0.044148247678129915
34506,0.007665301379975384
34507,0.219997
34508,0.01219768722520056
34509,0.13618715267687803
34510,0.05703303085931219
34511,0.0016049929917291463
34512,0.03027502007393366
34513,0.038987687580207986
34514,0.15289070316130585
34515,0.07370689341197646
34516,0.1529689296846588
34517,0.17335887709035422
34518,0.350009
34519,0.3317500743946691
34520,0.3455718053085838
34521,0.01088527571613294
34522,0.219997
34523,0.020991956561218154
34524,0.08809629587824772
34525,0.09706148818417126
34526,0.1516177570478359
34527,0.07522871609759071
34528,0.17694774092691604
34529,0.09363742764020055
34530,0.13591744268170652
34531,0.1025847279769349
34532,0.05429478002680685
34533,0.02210282060678058
34534,0.12521981153729522
34535,0.009225768670325383
34536,0.09000074259375868
34537,0.219997
34538,0.13145067968838703
34539,0.18671175438857376
34540,0.7986698528651885
34541,0.14306795542164324
34542,0.14703686570385274
34543,0.041573457779303685
34544,0.16703060845918985
34545,0.09095898307395557
34546,0.11967602354638307
34547,0.07039114165630352
34548,0.04892859381058059
34549,0.349908
34550,0.13806947005418285
34551,0.09946656719817856
34552,0.06393949082590346
34553,0.11065153527889196
34554,0.047219865189185375
34555,0.00884308941191334
34556,0.011787919434046761
34557,0.11880815100413958
34558,0.913872944954028
34559,0.10116520621516291
34560,0.09900483303514701
34561,0.10760085271555309
34562,1.0
34563,0.09472725980350606
34564,0.006890957906818729
34565,0.17886582407508198
34566,0.09841653699740938
34567,0.219997
34568,0.49348882655052423
34569,0.0827523137854813
34570,0.01553689351804784
34571,0.10069601695887702
34572,0.14808710728263633
34573,0.17445099131863212
34574,0.219997
34575,0.06660626151039176
34576,0.18977097986155014
34577,0.11039720260691212
34578,0.06897535848823637
34579,0.16146073343202705
34580,0.07970381944017757
34581,0.028798811909560046
34582,0.16350098580772685
34583,0.16790308810900348
34584,0.349908
34585,0.11735856248104913
34586,0.0269239895246259
34587,0.14305581558321528
34588,0.219997
34589,0.26196440734648346
34590,0.0858706842087624
34591,0.09855649068375476
34592,0.08290849521292372
34593,0.014792944735315812
34594,0.17864874379252868
34595,0.7338871840804588
34596,0.03952764531591764
34597,0.21824695144631162
34598,0.6570191108109873
34599,0.22231306325818811
34600,0.019987279878029524
34601,0.013771750510754853
34602,0.00032564525250243737
34603,0.06293623869727936
34604,0.09732483918167113
34605,0.4045481493921096
34606,0.350009
34607,0.09332684749841043
34608,0.1819126378932035
34609,0.349908
34610,0.10418777460929793
34611,0.12361610635221329
34612,0.219997
34613,0.349908
34614,0.12098495671332936
34615,0.0478582208572732
34616,0.219997
34617,0.14571944252766242
34618,0.349908
34619,1.0
34620,0.061008665547045565
34621,0.46239531900593867
34622,0.037201805501212125
34623,0.04549561726903479
34624,0.31552055143947866
34625,0.023822611292738244
34626,0.008056050703532446
34627,0.09705044815774955
34628,0.05572989310836725
34629,0.058376073343131336
34630,0.11770789595323103
34631,0.8403360727283082
34632,0.022273235033265962
34633,0.150661777106556
34634,0.349908
34635,0.20574774704778648
34636,0.3264499497600956
34637,0.592648405237826
34638,0.350009
34639,0.349908
34640,0.21515243260061012
34641,0.17125512772645796
34642,1.0
34643,0.6540162925548624
34644,0.350009
34645,0.05281322927746526
34646,0.1567235936534215
34647,0.0624243516019805
34648,0.058852715744211935
34649,0.062208789914453534
34650,0.05261181533647079
34651,0.012935274833522699
34652,0.005238069167394875
34653,0.029249014852276194
34654,0.13531584461162946
34655,0.21257386131024658
34656,0.1442180037658765
34657,0.219997
34658,0.10528452223447769
34659,0.219997
34660,0.220016
34661,0.03839308163686028
34662,0.15438085967284632
34663,0.4174054835794288
34664,0.01780249149367701
34665,0.14926224756325207
34666,1.0
34667,1.0
34668,1.0
34669,0.219997
34670,0.5971471118096751
34671,0.219997
34672,0.017454878372475193
34673,0.043699674306172394
34674,0.014041342699951562
34675,0.016431323281153612
34676,0.05304991957495464
34677,0.0809989307299485
34678,0.008690552534168923
34679,1.0
34680,0.019952816521942286
34681,0.08342204268350413
34682,0.12771300989381879
34683,0.16739268498695553
34684,0.01446594882702827
34685,0.09995981558652438
34686,0.349908
34687,0.21139981906746164
34688,0.05732751704449203
34689,0.1689068328717341
34690,0.14518292346689726
34691,0.17639168061562885
34692,1.0
34693,1.0
34694,0.7670211662532191
34695,0.014779541824848143
34696,0.02117161550335176
34697,0.07604820971865917
34698,0.005426751685375025
34699,0.012468541762957367
34700,0.8503881355826195
34701,0.08762791718812597
34702,0.299996568751601
34703,0.07559588567576646
34704,0.2062076055565283
34705,0.1873192055336962
34706,0.18542496847256842
34707,0.219997
34708,0.219997
34709,0.7098022179651504
34710,1.0
34711,0.219997
34712,0.219997
34713,0.16313899721799235
34714,0.09766000244198968
34715,0.10934066361108531
34716,0.08649126104836426
34717,0.043326386734182924
34718,0.04745107556880798
34719,0.14204163836292288
34720,0.16000094870496967
34721,0.06215648365520809
34722,0.219997
34723,0.02251053804822039
34724,1.0
34725,1.0
34726,1.0
34727,0.11689470391187311
34728,0.05550098788435146
34729,0.22414153806757872
34730,0.019247815820825066
34731,0.8066848442146901
34732,0.006147176973172921
34733,0.006776551534885236
34734,0.010654557457295287
34735,0.06592768792556132
34736,0.15802434509285046
34737,0.07716553416431697
34738,0.44860439974128685
34739,1.0
34740,0.11954284918841294
34741,0.14530925612247866
34742,0.10055449973031388
34743,0.219997
34744,0.06930923249148524
34745,0.32256598182708834
34746,0.2081212097374322
34747,0.037098166402108966
34748,0.14495682324685497
34749,0.13273759259389306
34750,0.15682442631531296
34751,0.0339583549400874
34752,0.38508134266575667
34753,0.350009
34754,0.220016
34755,0.09821869346850896
34756,0.03586977348573616
34757,0.1570688144537742
34758,0.09998655860956415
34759,0.2573757919359752
34760,0.09488682332854491
34761,0.06788736325640624
34762,0.045893471323241626
34763,0.0057579880856121115
34764,0.06730805844809146
34765,0.018742647081505064
34766,0.350009
34767,1.0
34768,0.3441031569217066
34769,0.349908
34770,0.14631851763107734
34771,0.26326079166612587
34772,0.219997
34773,1.0
34774,0.07213477450392149
34775,0.051408656772892206
34776,0.07986714054392281
34777,0.031124406331866184
34778,0.202875377234038
34779,0.220016
34780,0.349908
34781,0.5184322988537513
34782,0.28638851056016035
34783,0.16078321408183033
34784,1.0
34785,0.220016
34786,0.024292778809518887
34787,0.2295968012685924
34788,0.219997
34789,0.06402148487676897
34790,0.09527030516573576
34791,0.219997
34792,0.06933874006584374
34793,0.02482764761798589
34794,0.01094064776547079
34795,0.0745146727148907
34796,0.20616667992749835
34797,0.4866469224988101
34798,0.454218585677807
34799,0.349908
34800,0.349908
34801,0.219997
34802,0.219997
34803,0.37640586449760777
34804,0.004211582108270859
34805,0.219997
34806,0.15880366406639418
34807,0.13813763414241853
34808,0.613911710311646
34809,0.350009
34810,0.06490543352719248
34811,0.7424152014935559
34812,0.627293387896613
34813,0.007845060057369818
34814,0.20809182182279262
34815,0.219997
34816,0.219997
34817,0.04342837815382326
34818,0.01645753902300361
34819,0.0013441767172242293
34820,0.0232357288887559
34821,0.001096293412238161
34822,0.09937169737796929
34823,0.160331194879132
34824,0.12097497990972318
34825,0.220016
34826,0.6569517804026376
34827,1.0
34828,0.7717366307403958
34829,0.349908
34830,0.9469451682533172
34831,0.17746929491206428
34832,0.010046497132338086
34833,0.05332299345301894
34834,0.06435804933780108
34835,0.220016
34836,0.219997
34837,0.08717411935457185
34838,0.014760051122564963
34839,0.11171773666117593
34840,0.16010572881277252
34841,0.049296036084340814
34842,0.044023868767322505
34843,0.07241905638711553
34844,0.04617905172207266
34845,0.08251051767564879
34846,0.11999205382621474
34847,0.15914251596281945
34848,0.3822745654968814
34849,0.2276934238005614
34850,0.350009
34851,1.0
34852,1.0
34853,0.349908
34854,0.19015889841190317
34855,0.07755580898070413
34856,0.0546770196426443
34857,0.015813682796042255
34858,0.219997
34859,0.0252304687255558
34860,1.0
34861,0.1507644581367746
34862,0.03779422524431239
34863,0.1545947621317296
34864,0.1764946081889546
34865,0.350009
34866,0.10422606883570978
34867,0.079264630266814
34868,0.02628344607525657
34869,0.09886888070079188
34870,0.05215961565189664
34871,0.14278730061038797
34872,0.08470192343885839
34873,1.0
34874,0.4574968078267763
34875,0.349908
34876,1.0
34877,0.584868304080509
34878,0.7624859784340635
34879,0.219997
34880,0.015330096647353221
34881,0.0037280877713182082
34882,0.010769557999088188
34883,0.10366459517802305
34884,0.08796596136901652
34885,0.05043924205004743
34886,0.07969324381782153
34887,0.8635060038531781
34888,0.13310523955839654
34889,0.349908
34890,0.1022271072985541
34891,0.18041640836648914
34892,0.220016
34893,0.349908
34894,0.2373840534248033
34895,0.015135195046907553
34896,0.008829831021710362
34897,0.05115336768553497
34898,0.208986087792935
34899,1.0
34900,0.42797765205741
34901,1.0
34902,0.527211288405305
34903,0.4165825353124157
34904,0.21142139013430755
34905,0.219997
34906,0.003907450965148172
34907,0.03590370957595821
34908,0.026391095614205065
34909,0.014737233577629242
34910,0.034045592726577534
34911,0.21268212399541758
34912,0.219997
34913,0.15200732812709697
34914,0.349908
34915,0.01745265168505289
34916,0.02708901422144888
34917,0.350009
34918,0.014390485445498463
34919,0.01438195149009519
34920,0.10118165299759374
34921,0.349908
34922,0.024440835223376037
34923,0.220016
34924,0.18742064683426024
34925,0.18783737959970898
34926,0.219997
34927,0.051452335930634974
34928,0.2184080364319685
34929,0.12606178764639775
34930,0.05126384607202318
34931,0.220016
34932,0.17003958363023192
34933,0.06609963232059976
34934,0.0019074556295237714
34935,0.220016
34936,0.013808193011681106
34937,0.1823511596301327
34938,0.1077227942467689
34939,0.0701233535681606
34940,0.14413577612005962
34941,0.0248283279382108
34942,0.03782643840111143
34943,0.013905873389106404
34944,0.219997
34945,0.349908
34946,1.0
34947,0.219997
34948,0.007663135079649312
34949,0.026152689828526775
34950,0.029136167070967726
34951,0.032099011361698765
34952,0.0800153846910756
34953,0.07647155662348286
34954,0.19466644068111724
34955,0.018183587974799385
34956,0.04281243179841914
34957,0.00817821632668158
34958,0.06160437661021711
34959,0.060683578934902664
34960,0.007982674713472113
34961,0.04104686604111554
34962,0.011114349274914637
34963,0.18265099127074746
34964,0.08538394764762432
34965,0.622765959280218
34966,0.02328698227124078
34967,0.027089227201094124
34968,0.04346139708918506
34969,0.08754810112616938
34970,0.19830441953530895
34971,0.7442389384979569
34972,0.219997
34973,0.28365257208777683
34974,0.04433342309076494
34975,0.10712698665687814
34976,0.21047955446351527
34977,0.04245985791783992
34978,0.015985114641282574
34979,0.027709579140844456
34980,0.349908
34981,0.08294980774785164
34982,0.023900069088065967
34983,0.024131367569274687
34984,0.04322298705311084
34985,0.219997
34986,0.049575307390291444
34987,0.04718582394394998
34988,0.005009518196142579
34989,0.014689819795092233
34990,0.11732816897552954
34991,0.350009
34992,0.029322880307221202
34993,0.008071071183472795
34994,0.07834008036815333
34995,0.09438390848724566
34996,0.05254531298284129
34997,0.11360482202326369
34998,0.220016
34999,0.12287239506742381
35000,0.28798786307381624
35001,0.09460640302210276
35002,0.016037316979876926
35003,0.02443756839370701
35004,0.053181742016278885
35005,0.12438434045658146
35006,0.012706762304049612
35007,0.44020012066428765
35008,0.024735561857313106
35009,0.349908
35010,0.002844414248969957
35011,0.0627961991109639
35012,0.042111045328966895
35013,0.349908
35014,0.7784404813365867
35015,0.22441076903064205
35016,0.21129850436100017
35017,0.016099452663809844
35018,0.21791999764032796
35019,0.03717478041526703
35020,0.08820303396677355
35021,0.14682950249921312
35022,0.2164979888785875
35023,0.21738789428074953
35024,1.0
35025,0.02710242347173442
35026,0.12628635650632283
35027,0.07321674991244972
35028,0.08715847892490698
35029,0.0361670497509876
35030,0.219997
35031,0.7072470630038676
35032,0.11709926999804296
35033,0.220016
35034,0.02524996580406673
35035,0.219997
35036,0.033182888986059936
35037,0.15268564438385446
35038,0.01179371984533754
35039,0.011999802315967012
35040,0.06275994611011242
35041,0.10539604954474387
35042,0.015514541221508053
35043,0.04772645306179545
35044,0.10664819307477143
35045,0.036481085373099936
35046,0.219997
35047,0.12153941166591355
35048,0.006960282388122562
35049,0.028698912738988898
35050,0.17031912880219405
35051,0.12780566694905257
35052,0.13919077211198735
35053,1.0
35054,0.07745646829745216
35055,0.2588166961492888
35056,0.05272322328922677
35057,0.04838495693547983
35058,0.04167647545251031
35059,0.019992232188421992
35060,0.0038782429833532513
35061,0.018560633567883754
35062,0.5516177765449605
35063,0.00893328110787706
35064,0.011478014248615217
35065,0.0006517964805092597
35066,0.025043718265644662
35067,0.056542704552562786
35068,0.219997
35069,0.0850351980626954
35070,0.219997
35071,0.052101495435442756
35072,0.03500836533269589
35073,0.06262068239263717
35074,0.5565240857794617
35075,0.019132372911643422
35076,0.01784438602337676
35077,0.007728452054119408
35078,0.0049235740309836054
35079,0.042224390779131406
35080,0.01045676965309795
35081,0.010120218193751829
35082,0.219997
35083,0.06253403363141248
35084,0.06628230496045596
35085,0.219997
35086,0.21462559772893153
35087,0.21078780703004693
35088,0.2183657545415279
35089,0.1356809644713444
35090,0.03109339124331487
35091,0.14389288801406527
35092,0.05387278729900013
35093,0.219997
35094,0.219997
35095,0.21952223499533938
35096,0.03628971778286147
35097,0.001259785352092147
35098,0.01754229415869186
35099,0.03892413179655455
35100,0.014367424860154722
35101,0.014899373881858679
35102,0.04709199430617589
35103,0.019662515634962702
35104,0.014947330823458463
35105,0.0326714532010303
35106,0.1908693580346467
35107,0.07143953620948384
35108,0.219997
35109,0.015439769885806238
35110,0.3201603329938762
35111,0.013010054404384264
35112,0.48487581697604937
35113,0.01786900866724486
35114,0.031242602691695442
35115,0.033758532742663334
35116,0.016508537519764475
35117,0.01841914025155899
35118,0.012783718164918294
35119,0.03258282508630898
35120,0.0296743601063614
35121,0.019510224802009174
35122,0.0022618228208131147
35123,0.21826783315068699
35124,0.04708910653898804
35125,0.08106221561462267
35126,0.02012989944709133
35127,0.01921882351718023
35128,0.06825675697446633
35129,0.010486182139398071
35130,0.012240487276778476
35131,0.219997
35132,0.025623187746652294
35133,0.043111090502943775
35134,0.00043159059212707413
35135,0.02272099321223101
35136,0.14029626709537787
35137,0.07862004052164338
35138,0.001996710484011317
35139,0.015240051032248474
35140,0.014951031741806715
35141,0.349908
35142,0.10764176287138202
35143,0.07617930056489623
35144,0.219997
35145,0.08059505485623342
35146,0.04706370991906751
35147,0.2104529207409455
35148,0.020578668618636536
35149,0.21332312251921068
35150,0.219997
35151,0.0036250931056751087
35152,0.0300154980674479
35153,0.1432608131364478
35154,0.08891939884843966
35155,0.029403719090968127
35156,0.01592727822898145
35157,0.219997
35158,0.11886995988492838
35159,0.219997
35160,0.010677636719910634
35161,0.04328337522253361
35162,0.02041354187266387
35163,0.06610475141043473
35164,0.019502282592415415
35165,0.011526047685595774
35166,0.038590879531366716
35167,0.1307830614476016
35168,0.023410964737697472
35169,0.07126011180105411
35170,0.349908
35171,0.349908
35172,0.08610642024540792
35173,0.219997
35174,0.021297271594306937
35175,0.012124938948092663
35176,0.048608066768438776
35177,0.16318995817578522
35178,0.15282131259539225
35179,0.052648417991454595
35180,0.051196633235661836
35181,0.05535328335021097
35182,0.05300734432986412
35183,0.15501816395429246
35184,0.21789783831999895
35185,0.04833911245118771
35186,0.038092386751380644
35187,0.5021066480976591
35188,0.03381997969686681
35189,0.219997
35190,0.06611596103891187
35191,0.350009
35192,0.2745329461393813
35193,0.13685867209990463
35194,0.0226983740181963
35195,0.02169324449666878
35196,0.350009
35197,0.14428581219914102
35198,0.38845141982419606
35199,0.13586634250863658
35200,0.3661272403424354
35201,0.219997
35202,0.219997
35203,0.021861293444290227
35204,0.017677352459042745
35205,0.349908
35206,0.03155300612836547
35207,1.0
35208,0.33179759263888675
35209,0.04893763442729479
35210,0.349908
35211,0.09204386040085272
35212,0.02676871986702945
35213,0.09660573636951772
35214,0.01343401345756916
35215,0.02880322996507641
35216,0.008320910482705326
35217,0.11650085406973117
35218,0.4618642117153075
35219,0.7044200837858074
35220,0.5434466125197915
35221,0.06971152553613431
35222,0.0636686915453463
35223,0.04144726472452063
35224,0.220016
35225,0.219997
35226,0.01302263489341141
35227,0.021605213786185896
35228,0.06487720972063434
35229,0.07583773065633016
35230,0.13960852811942132
35231,0.349908
35232,0.008318214947780175
35233,0.5520512309736127
35234,0.220016
35235,0.3452867334633279
35236,0.9323344288795722
35237,0.16580223684412204
35238,0.5324924474914484
35239,0.02899000474697288
35240,0.1342544101595645
35241,0.219997
35242,0.07065054796005364
35243,0.13476893861896797
35244,0.005984356548540062
35245,0.219997
35246,0.06736310714335526
35247,0.146114566388636
35248,0.219997
35249,0.0508786299735701
35250,0.053052953281088236
35251,0.18962330622125886
35252,0.2936550913811609
35253,0.06761896505153273
35254,0.09317169081059246
35255,0.09460284881455927
35256,0.10327125885280622
35257,0.009968744562787079
35258,0.0232790377464603
35259,0.12961010596898181
35260,0.14931638282238058
35261,0.0780362411503143
35262,0.219997
35263,0.03451641246319406
35264,0.06043475843009544
35265,0.092096653833164
35266,0.04034222772504125
35267,0.022446866952239908
35268,0.06211783032228616
35269,0.6446361645429622
35270,0.18164377003383428
35271,0.220016
35272,0.557671542946638
35273,0.7445609504021578
35274,0.1734506037042538
35275,0.20580062076005237
35276,0.07016638556628478
35277,0.07193296670046734
35278,0.11287544811754611
35279,0.220016
35280,0.02707121376304096
35281,0.219997
35282,0.5259535156782498
35283,0.350009
35284,0.08329607122543808
35285,0.05109086183278383
35286,0.06364252286089893
35287,0.349908
35288,0.005860142756572679
35289,0.05412047737406115
35290,0.219997
35291,0.350009
35292,0.6616185533631785
35293,0.219997
35294,0.05086528310614644
35295,0.030231676123698956
35296,0.09534346886264806
35297,0.19417367791768217
35298,0.015648047606676103
35299,0.048487689608318375
35300,0.01716760508694281
35301,0.20368192571859142
35302,0.20509257582623291
35303,0.12532046822960505
35304,0.13776938105774994
35305,0.08856532555138104
35306,0.0763052553848438
35307,0.04248672056490318
35308,0.06782753464400293
35309,0.050758848660305354
35310,0.219997
35311,0.0829205068684146
35312,0.12567709292998674
35313,0.021916208566312902
35314,0.01642983228313552
35315,0.08149821634783744
35316,0.028773917706377463
35317,0.016323563801895282
35318,0.039580401113321756
35319,0.07385322949440574
35320,0.04121229338901452
35321,0.1667762778700908
35322,0.7596983946064643
35323,0.6268072334430912
35324,0.10824219598206054
35325,0.043438256321754
35326,0.032138128539958864
35327,0.17984516658720762
35328,0.07435859384605362
35329,0.023442264921556728
35330,0.10914496943626532
35331,0.012473808802246066
35332,0.10177216266230113
35333,0.23691657428692248
35334,0.04629550103002129
35335,0.017199503251752336
35336,0.04648677106218076
35337,0.10142055785446855
35338,0.08545038716499814
35339,0.28326603695433594
35340,0.24223909105556898
35341,0.350009
35342,0.06823308362187638
35343,0.04847282964514013
35344,0.02522991396909494
35345,0.05162077927072111
35346,0.04281623346897687
35347,0.014771318887615043
35348,0.293127003574866
35349,0.10069008270857878
35350,0.7373991947314036
35351,0.15647840019515585
35352,0.030605238144173718
35353,0.1439360968172374
35354,0.047650497128808755
35355,0.11215667571712012
35356,0.032449182533290724
35357,0.012914086200559024
35358,0.15170866576503933
35359,0.06716145249823588
35360,0.026437923348257147
35361,0.11061240606690602
35362,0.04721141060266672
35363,0.14400497673117363
35364,0.0839623534936677
35365,0.15688816046566825
35366,0.349908
35367,0.46885375502116733
35368,0.10839645536146651
35369,0.02181807276526961
35370,0.15343348441617588
35371,0.04048422425703228
35372,0.08062796475727452
35373,0.19914752421939186
35374,0.21023955861038085
35375,0.16039139366495997
35376,0.012063202371608519
35377,0.1436893660173426
35378,0.011936081432676196
35379,0.01114823635293871
35380,0.023099724916354546
35381,0.02208107844152909
35382,0.219997
35383,0.016096491870186767
35384,0.04265285768113952
35385,0.10161140505873721
35386,0.09161367211862342
35387,0.03445868218621164
35388,0.01242274107701357
35389,0.11405872941967987
35390,0.09031451047417721
35391,0.18540076412596337
35392,0.14649113470913677
35393,0.350009
35394,0.3141137884118338
35395,0.349908
35396,0.02180392719018283
35397,0.17677349316084934
35398,0.05312628236065293
35399,0.10813381031756585
35400,0.12704672936449057
35401,0.051585091869122614
35402,0.01381304368118324
35403,0.219997
35404,0.04389430268929658
35405,0.15440282978457376
35406,0.008493380369560925
35407,0.09650556703701364
35408,0.010659799931004242
35409,0.00696678918026031
35410,0.030379619389049966
35411,0.1778690365832883
35412,0.026005740282269995
35413,0.047176532441032336
35414,0.219997
35415,0.07382738953252736
35416,0.1841499233937663
35417,0.7933448920011623
35418,0.12979472985402257
35419,0.1482604847218797
35420,0.09870715956316689
35421,0.219997
35422,0.11046039268241654
35423,0.1266944473449985
35424,0.081209015771082
35425,0.30835687378569315
35426,0.219997
35427,0.07263177227293532
35428,0.042372030703382926
35429,0.08451774011048489
35430,0.028658939706159837
35431,0.057846352171389594
35432,0.03146646808642611
35433,0.032687672040498425
35434,0.0673933214918245
35435,0.349908
35436,0.08781118890063787
35437,0.08400667426811322
35438,0.1302387506424834
35439,1.0
35440,0.219997
35441,0.013194828094381819
35442,0.220016
35443,0.09643672626350669
35444,0.2854753968272918
35445,0.349908
35446,0.10240275424358189
35447,0.12120793719688625
35448,0.21862113892435175
35449,0.10246042218240577
35450,0.21244993444819543
35451,0.0496820266119165
35452,0.220016
35453,0.04008267624360547
35454,0.08634929047035679
35455,0.002953800921368654
35456,0.015061252072826726
35457,0.14135789660384399
35458,0.04354731538693126
35459,0.03289819544126866
35460,0.1404804574702324
35461,0.14394620427693106
35462,0.349908
35463,0.07351916684859111
35464,0.03182263407889433
35465,0.14152088445536146
35466,0.219997
35467,0.26113418638906327
35468,0.11325808496969011
35469,0.11171406263496694
35470,0.08659190035909418
35471,0.07701860012136375
35472,0.8283592332929304
35473,0.0059849036503899595
35474,0.219997
35475,0.6266708370876981
35476,0.219997
35477,0.019987279878029524
35478,0.026685959858782304
35479,0.021428337418179434
35480,0.051426449724840895
35481,0.08465914493410966
35482,0.349908
35483,0.350009
35484,0.110853974997523
35485,0.1760493919781762
35486,0.219997
35487,0.23455733636480436
35488,0.18401724779098186
35489,0.219997
35490,0.3941577661405775
35491,0.13212903529620074
35492,0.00624462467913203
35493,0.05350598862642392
35494,0.10068460873622477
35495,0.219997
35496,0.1583940064798296
35497,0.219997
35498,1.0
35499,0.08108045564217405
35500,0.44301266457162686
35501,0.007171391963243768
35502,0.036108293382568483
35503,0.31251771385539273
35504,0.07602529520793716
35505,0.05898290982505225
35506,0.025774437154294644
35507,0.1373345882384545
35508,0.0074074334947038765
35509,0.9220339895083951
35510,0.04282441991079634
35511,0.1422286949749718
35512,0.349908
35513,0.219997
35514,0.349908
35515,0.349908
35516,0.350009
35517,0.038294321914585414
35518,0.219997
35519,0.219997
35520,0.1470381131496927
35521,1.0
35522,0.6024327145393695
35523,0.350009
35524,0.018864903900454384
35525,0.13102651630277978
35526,0.15601115223638154
35527,0.10051447970785535
35528,0.04321132831408508
35529,0.016993001878378478
35530,0.01601089587321011
35531,0.08184884157834074
35532,0.012935274833522699
35533,0.010716569430807175
35534,0.018076740515977064
35535,0.11249793737540802
35536,0.20322399760995366
35537,0.179245621151089
35538,0.1684828986574023
35539,0.10298777577671124
35540,0.24935613144577273
35541,0.18383049235436144
35542,0.0014169197362764532
35543,0.219997
35544,0.349908
35545,0.0008581119523292664
35546,0.13486552482258332
35547,1.0
35548,1.0
35549,1.0
35550,0.009015689648317974
35551,0.05042695925949174
35552,0.05727213324311333
35553,0.18692150135858185
35554,0.5580427684954432
35555,0.13132578838206438
35556,0.024714721783451354
35557,0.0374378405615217
35558,0.03564195536617942
35559,0.062179332154595035
35560,0.11345326169461187
35561,0.004146929606296954
35562,0.7910039780806942
35563,0.016792341167750913
35564,0.03465382317129631
35565,0.1665476490536866
35566,0.10895387268114695
35567,0.06517431486305461
35568,0.04333689472466113
35569,0.349908
35570,0.1985525109687729
35571,0.033372174776745096
35572,0.219997
35573,0.20527404854003029
35574,0.15329158516685287
35575,1.0
35576,1.0
35577,0.8221120076113299
35578,0.021218163334191006
35579,0.13552207323015783
35580,0.03719281048963046
35581,0.007176310794803995
35582,0.8060700745992514
35583,0.048708866984080924
35584,0.3139200622539085
35585,0.11389242365101016
35586,0.19498828952242273
35587,0.01560335727973491
35588,0.09263878994222627
35589,0.13526827953241893
35590,0.219997
35591,0.219997
35592,0.6474357940084959
35593,1.0
35594,0.19576262036742328
35595,0.219997
35596,0.11613369713492327
35597,0.11319452926228336
35598,0.08752332636562139
35599,0.0992168231203093
35600,0.021758891814407627
35601,0.011985596520346042
35602,0.14551234705930774
35603,0.219997
35604,0.0824746315541267
35605,0.219997
35606,0.017960318600710703
35607,1.0
35608,1.0
35609,1.0
35610,0.10416243749435335
35611,0.10092645124437097
35612,0.220016
35613,0.6437904377295339
35614,0.034051723651680466
35615,0.014125921776162844
35616,0.008478788418519803
35617,0.012457545223368446
35618,0.030466891961781692
35619,0.08288585005531708
35620,0.10001387889528557
35621,0.4158616710574182
35622,1.0
35623,0.0799044289733143
35624,0.13035531257236324
35625,0.18078421727751098
35626,0.17918756492198962
35627,0.06838667889935258
35628,0.2935605618874321
35629,0.1731809186067638
35630,0.07733347167563376
35631,0.10466732267505514
35632,0.14685582420546994
35633,0.199259104036818
35634,0.06541477663467944
35635,0.0023276140958530525
35636,0.349908
35637,0.350009
35638,0.219997
35639,0.09905902559781574
35640,0.11381757902246784
35641,0.219997
35642,0.018959422366639136
35643,0.039232767865760375
35644,0.013672226451291342
35645,0.011373799769922775
35646,0.11838384118756402
35647,0.07475082750327167
35648,0.31335663233796496
35649,1.0
35650,0.23589699330719419
35651,0.219997
35652,0.219997
35653,0.219997
35654,0.219997
35655,1.0
35656,0.06357150841362416
35657,0.16116422860988872
35658,0.053404937502704836
35659,0.0611626923492654
35660,0.219997
35661,0.219997
35662,0.349908
35663,0.5506212441214253
35664,0.350009
35665,0.10780277073095801
35666,1.0
35667,0.220016
35668,0.024292778809518887
35669,0.1745227792841199
35670,0.219997
35671,0.04813634188039891
35672,0.05214192814930867
35673,0.666028620027289
35674,0.02787989635607925
35675,0.026303708549760184
35676,0.06408496892572273
35677,0.04963027481445069
35678,0.219997
35679,0.575484996346096
35680,0.4441958306673249
35681,0.6226360406125011
35682,0.350009
35683,0.219997
35684,0.219997
35685,0.5648218238014526
35686,0.03844720669081361
35687,0.219997
35688,0.1290581713742048
35689,0.09573625071244388
35690,0.8452840828051316
35691,0.349908
35692,0.03893841998691574
35693,0.7399367522874831
35694,0.599535257795963
35695,0.007845060057369818
35696,0.1340174052745054
35697,0.15908389474232582
35698,0.1133430482906054
35699,0.067365112695952
35700,0.012882322796652839
35701,0.026769751467136598
35702,0.0499826841689527
35703,0.13132922182755724
35704,0.15846110474623273
35705,0.15123746242421301
35706,0.5719098102793545
35707,1.0
35708,0.6705800110073399
35709,0.349908
35710,0.8800856346828667
35711,0.14331081264253023
35712,0.07743146569770605
35713,0.04329395002564981
35714,0.220016
35715,0.219997
35716,0.08051388254930206
35717,0.03590237349051925
35718,0.1250339780624969
35719,0.15029160168989467
35720,0.010878363873170793
35721,0.0730537790057178
35722,0.03117992853100159
35723,0.0370438182385008
35724,0.013257035400437886
35725,0.033986670623301754
35726,0.01994680802376756
35727,0.04701139820167571
35728,0.10018461751808848
35729,0.08431272034539088
35730,0.06316120510757625
35731,0.350009
35732,0.2798753376557624
35733,0.350009
35734,1.0
35735,1.0
35736,0.3491854479558494
35737,0.2151956060374509
35738,0.035640615889727834
35739,0.03501756396455227
35740,0.05794121630158977
35741,0.219997
35742,0.02418259453636232
35743,0.04585351196302519
35744,1.0
35745,0.1351912794472267
35746,0.028252059332429073
35747,0.07879167600107806
35748,0.219997
35749,0.2327045537601898
35750,0.08249974329750827
35751,0.1095182557149826
35752,0.02628344607525657
35753,0.06599806719462765
35754,0.04663073172960003
35755,0.14035773889288897
35756,0.1272546271729421
35757,1.0
35758,0.5431250421211429
35759,0.349908
35760,1.0
35761,0.6383173714911433
35762,0.8084137198943188
35763,0.219997
35764,0.035923254375242984
35765,0.01927601629870067
35766,0.023037804116612628
35767,0.17425328037882634
35768,0.14378397840553542
35769,0.10957165794557143
35770,0.220016
35771,0.5954039276835161
35772,0.16594890268368215
35773,0.349908
35774,0.06757080826895855
35775,0.16492537288284947
35776,0.219997
35777,0.219997
35778,0.2759234031988305
35779,0.05605542631833989
35780,0.006286659264265556
35781,0.017730125310077824
35782,0.017856982866199085
35783,0.040550887609562894
35784,0.2084062760899489
35785,1.0
35786,0.3815680924164338
35787,1.0
35788,0.4819650621851262
35789,0.4161250415035694
35790,0.20489838094165785
35791,0.219997
35792,0.05803814971728211
35793,0.029473503497984707
35794,0.020963925752370723
35795,0.08354833137753785
35796,0.034045592726577534
35797,0.13582565204155123
35798,0.10571010495155375
35799,0.11361790606746208
35800,0.349908
35801,0.023405032784702
35802,0.12138425723054735
35803,0.53661433377542
35804,0.03952575369824203
35805,0.010282377442870637
35806,0.09985065364664669
35807,0.349908
35808,0.041424789361493804
35809,0.2242694366127979
35810,0.219997
35811,0.17355581937950454
35812,0.219997
35813,0.03750343691066909
35814,0.17192265540373652
35815,0.1843155146132178
35816,0.06633756720054255
35817,0.17623902950404252
35818,0.009003543427644945
35819,0.219997
35820,0.03197016276308582
35821,0.025863747195245305
35822,0.228321884376181
35823,0.013808193011681106
35824,0.046316290072264364
35825,0.219997
35826,0.08321894379596795
35827,0.15378676858559276
35828,0.0786190448885419
35829,0.10080290189707249
35830,0.020396525091238155
35831,0.219997
35832,0.349908
35833,1.0
35834,0.219997
35835,0.03703958821773001
35836,0.018621325298456837
35837,0.026152689828526775
35838,0.02648588448223874
35839,0.039625964367542066
35840,0.07575946944698662
35841,0.08560449560231957
35842,0.220016
35843,0.02125258579921494
35844,0.030438872426508775
35845,0.07819184779500021
35846,0.0546137308609202
35847,0.0012789091368580294
35848,0.1629371882226624
35849,0.11323674614430887
35850,0.6035164054125768
35851,0.019278970638923924
35852,0.03374236711224062
35853,0.10763169603574281
35854,0.17079392257576853
35855,0.785980284059664
35856,0.219997
35857,0.08157775479356098
35858,0.05273829323355125
35859,0.219997
35860,0.09173658775598358
35861,0.0853720713969509
35862,0.20121489953082722
35863,0.11684830568265138
35864,0.018087211686193688
35865,0.027709579140844456
35866,0.016901986162801794
35867,0.384179459696526
35868,0.019173189042667606
35869,0.024131367569274687
35870,0.047770594526342684
35871,0.18158882415771724
35872,0.025430431900274286
35873,0.02436876693835304
35874,0.027609038930048516
35875,0.043764012562213246
35876,0.06309961739876614
35877,0.24004350806426328
35878,0.021343740724775573
35879,0.056103239295100554
35880,0.14609706900790984
35881,0.02908037364255645
35882,0.18754168477529726
35883,0.220016
35884,0.05360188876116137
35885,0.30360365621116875
35886,0.0988442414710884
35887,0.034045232655034764
35888,0.017970585710840325
35889,0.06902967619830411
35890,0.1515670465003493
35891,0.05132394849397282
35892,0.349908
35893,0.349908
35894,0.016304114025061222
35895,0.1321846241515359
35896,0.0662198160135815
35897,0.007186606168280744
35898,0.349908
35899,0.7988959427444516
35900,0.220016
35901,0.21008628987995287
35902,0.1479668115722698
35903,0.080865638519412
35904,0.164950335618243
35905,0.219997
35906,0.10835943573800183
35907,0.16157231948420156
35908,1.0
35909,0.14799058790626715
35910,0.08685405113136317
35911,0.07149704621810185
35912,0.045047498667328295
35913,0.219997
35914,0.5351506839772442
35915,0.07278188069436711
35916,0.23074202898898338
35917,0.033935066643555445
35918,0.219997
35919,0.009194348240480299
35920,0.130403036682858
35921,0.027037459208020694
35922,0.029383582176723846
35923,0.13129619103184537
35924,0.12725602316699028
35925,0.04624796503552414
35926,0.21628586336472724
35927,0.007675194122676074
35928,0.046566469241412396
35929,0.349908
35930,0.06497210809651223
35931,0.07862289425889636
35932,0.012789343468609986
35933,0.04154780117853261
35934,0.21200308631405393
35935,0.1986166613735408
35936,1.0
35937,0.10752416291151003
35938,0.220016
35939,0.13592497182670304
35940,0.06632617893465821
35941,0.06720116473225056
35942,0.030420202257667908
35943,0.010375081084649719
35944,0.5515426841214749
35945,0.004946614489222957
35946,0.009644148597183374
35947,0.011478014248615217
35948,0.0469279327767658
35949,0.019297437795944845
35950,0.12878523066401573
35951,0.20768239471189726
35952,0.08199189468575374
35953,0.1655564625651801
35954,0.07112630585244711
35955,0.03500836533269589
35956,0.008076079500455906
35957,0.06624813269847639
35958,0.44341016097870706
35959,0.04722391972253085
35960,0.007728452054119408
35961,0.018809417978893538
35962,0.05199240121876805
35963,0.03204655266182285
35964,0.044735609723161665
35965,0.219997
35966,0.11469580326804577
35967,0.02179962997466156
35968,0.022303678218423762
35969,0.19884231632845326
35970,0.219997
35971,0.219997
35972,0.16790370711361727
35973,0.07107566814265007
35974,0.01135711377547426
35975,0.12348458126236662
35976,0.039057851509887075
35977,0.16705793521158968
35978,0.219997
35979,0.28911165117605636
35980,0.010556447464745345
35981,0.022036369431641643
35982,0.021228548967932578
35983,0.01754229415869186
35984,0.03207832077923518
35985,0.017118085291457672
35986,0.026658896107703067
35987,0.014239405231230495
35988,0.032737291190156746
35989,0.021125496308661142
35990,0.10177240179440118
35991,0.04476747037205974
35992,0.1315086289122471
35993,0.21212073847341986
35994,0.32748031843346076
35995,0.013010054404384264
35996,0.349908
35997,0.033758532742663334
35998,0.016508537519764475
35999,0.027264735557408968
36000,0.05497240198794914
36001,0.022554653693867915
36002,0.011500332301634688
36003,0.0022377697665554243
36004,0.012238559564429995
36005,0.11643379178384332
36006,0.038006226947516264
36007,0.1928880015180892
36008,0.06499276299855059
36009,0.02352330843147999
36010,0.010486182139398071
36011,0.041374016395686206
36012,0.219997
36013,0.02941449386515499
36014,0.11126045282489411
36015,0.014990073727827326
36016,0.05006474341353033
36017,0.05940052967723571
36018,0.2050871213419986
36019,0.020665361943718624
36020,0.349908
36021,0.1488507139402197
36022,0.1709591731260402
36023,0.16982093189570382
36024,0.02015208600887678
36025,0.09812663691009282
36026,0.0577565049848663
36027,0.1727500138083688
36028,0.039891179149696136
36029,0.1957488455260003
36030,0.219997
36031,0.02787649165235497
36032,0.022412296944882927
36033,0.1189587105669714
36034,0.08711148561759277
36035,0.046018526654857325
36036,0.04182917110575742
36037,0.219997
36038,0.13353539680412244
36039,0.219997
36040,0.03894623566035148
36041,0.04328337522253361
36042,0.006568665617479254
36043,0.017324641525866845
36044,0.06998507232791454
36045,0.01810703867857182
36046,0.048168762591789115
36047,0.016433752211565043
36048,0.04251613956136152
36049,0.349908
36050,0.349908
36051,0.05960403042223833
36052,0.20303348863296664
36053,0.027965220771922546
36054,0.08523514908067975
36055,0.08854518126802913
36056,0.05472228548711477
36057,0.06480468034502752
36058,0.10074074136486591
36059,0.04122278270904785
36060,0.19769417426553829
36061,0.03161582507262697
36062,0.06302618571934818
36063,0.06923065068497301
36064,0.08782730257537429
36065,0.4554354040688133
36066,0.06268662034097623
36067,0.09692187573015996
36068,0.11010899563103542
36069,0.2844343315902269
36070,0.350009
36071,0.017391763720986834
36072,0.012791515527175949
36073,0.05027418983461199
36074,0.24204679530549456
36075,0.09824818587056258
36076,0.39835389159844536
36077,0.13586634250863658
36078,0.15739847232095028
36079,0.19105276236149343
36080,0.219997
36081,0.010021098269500435
36082,0.350009
36083,1.0
36084,0.2908215471138121
36085,0.10214789894417015
36086,0.06317599525739916
36087,0.349908
36088,0.05212487077035533
36089,0.03268251320193621
36090,0.13981344438460236
36091,0.04336036108859803
36092,0.025051944396098254
36093,0.11055819585060286
36094,0.30641527389545764
36095,0.7693983340662496
36096,0.5729008055567838
36097,0.13319966168011824
36098,0.18001513845661823
36099,0.220016
36100,0.19852419311335945
36101,0.037017558989356485
36102,0.08397021335496964
36103,0.06466320739446851
36104,0.11045004653705084
36105,0.18229255980450293
36106,0.6155400021857158
36107,0.220016
36108,0.220016
36109,0.8299090419175028
36110,0.16486902756401126
36111,0.03212669991294454
36112,0.4475467095410754
36113,0.02899000474697288
36114,0.13820307520509265
36115,0.219997
36116,0.05642575725145973
36117,0.1421371222667282
36118,0.06650444797459103
36119,0.17833577333194892
36120,0.1767704244738174
36121,0.1785488350955604
36122,0.219997
36123,0.046817909111855696
36124,0.07141055353294029
36125,0.219997
36126,0.33908548334331795
36127,0.10960906166275779
36128,0.03274132231381919
36129,0.0901776400801016
36130,0.11977234312506506
36131,0.14458950383825406
36132,0.06716465272671145
36133,0.15046480424948272
36134,0.052064530901551206
36135,0.219997
36136,0.10270052765172104
36137,0.18181352101360662
36138,0.12653096220034432
36139,0.11049076102883477
36140,0.02548302203108742
36141,0.7077724699283955
36142,0.220016
36143,0.1618454317343126
36144,0.350009
36145,0.589903552355243
36146,0.1580090280575166
36147,0.13023906939059174
36148,0.03004678537974828
36149,0.06161082997460095
36150,0.11190531887167585
36151,0.1499916400449377
36152,0.06848631291357431
36153,0.04579430646252304
36154,0.349908
36155,0.6156836847557425
36156,0.350009
36157,0.1574631496613673
36158,0.014854908643907875
36159,0.01618978847566358
36160,0.06698560159441411
36161,0.349908
36162,0.029646958344179714
36163,0.0018304759723297985
36164,0.017490528070149697
36165,0.10692851790150061
36166,0.02724050203084175
36167,0.35905115236402124
36168,0.6895344081516798
36169,0.19414055347893647
36170,0.030570125825617016
36171,0.05608430595005223
36172,0.16652970149535692
36173,0.219997
36174,0.026026091084538162
36175,0.046475825970403756
36176,0.004389451422719021
36177,0.19853603299550315
36178,0.219997
36179,0.17474747933598034
36180,0.155578810239861
36181,0.06597090319336393
36182,0.10372667739515858
36183,0.03884895894577306
36184,0.05756177367950749
36185,0.041305667564814325
36186,0.219997
36187,0.11922610009953787
36188,0.219997
36189,0.021916208566312902
36190,0.03316157275323246
36191,0.041804537187703515
36192,0.018695894305759405
36193,0.022807230032391226
36194,0.034164514864667234
36195,0.054703936892541216
36196,0.030891647975811575
36197,0.11007698300568453
36198,0.8105870441152189
36199,0.6691881684494241
36200,0.05500624484638657
36201,0.07669033789736882
36202,0.018670174415623568
36203,0.18711151582349167
36204,0.1109276348741297
36205,0.023442264921556728
36206,0.17245490416273473
36207,0.01956128776031754
36208,0.08820976146767316
36209,0.349908
36210,0.012689370302035777
36211,0.0498756779784198
36212,0.002258816628237267
36213,0.036368476394566106
36214,0.10867163819899087
36215,0.32855809484484744
36216,0.2225167284506086
36217,0.25323611706516064
36218,0.1000110347685985
36219,0.08785894932434428
36220,0.014128897454568556
36221,0.042054521706090496
36222,0.053660247017500294
36223,0.349908
36224,0.1561144160256886
36225,0.6600655080405243
36226,0.13694554394171116
36227,0.10617104145958207
36228,0.039936292873919275
36229,0.060333706976219814
36230,0.08149410548689852
36231,0.0763505573734649
36232,0.022731217042071112
36233,0.11081745220398292
36234,0.04962045190498703
36235,0.14805241215545517
36236,0.12826210515320108
36237,0.14642923977242775
36238,0.23317227266027207
36239,0.5237223126526314
36240,0.07600959376285776
36241,0.015312777489734726
36242,0.08929648574878647
36243,0.006739835944641463
36244,0.026317565159525116
36245,0.12941294777452414
36246,0.07367311331742396
36247,0.11094459628408973
36248,0.05715503721118094
36249,0.1632135522550499
36250,0.03438297605993184
36251,0.02392889873576476
36252,0.005144313497467128
36253,0.219997
36254,0.01947015657488479
36255,0.03912611918688569
36256,0.11410088710139948
36257,0.06458812170407649
36258,0.0253693820284835
36259,0.026325017259143615
36260,0.11089191700559203
36261,0.14619099752200254
36262,0.1127328279778942
36263,0.1764040044963024
36264,0.349908
36265,0.30927115607823324
36266,0.29097176042887657
36267,0.02180392719018283
36268,0.15158358990774312
36269,0.06459289423021858
36270,0.12986444086696616
36271,0.14430625934816746
36272,0.016861845946590796
36273,0.020772750244352555
36274,0.10826892250251795
36275,0.219997
36276,0.00964962106155537
36277,0.0906464897073021
36278,0.05581201756026109
36279,0.16732730345068542
36280,0.027916394533718553
36281,0.07307475524844494
36282,0.219997
36283,0.08542659702239831
36284,0.220016
36285,0.8769091944086357
36286,0.15273524378364134
36287,0.17613183941293176
36288,0.08186881682957124
36289,0.11449840949016774
36290,0.08769978459152028
36291,0.12691553880256937
36292,0.12503526590443675
36293,0.016422280253312643
36294,0.06713128198931012
36295,0.32958382756397797
36296,0.20494223311996237
36297,0.08070398352623545
36298,0.0003958514386624056
36299,0.04925154382267195
36300,0.02160303996452666
36301,0.006512791462588444
36302,0.0010087713910642087
36303,0.08000026543012202
36304,0.7955751247282824
36305,0.0740183752041018
36306,0.09813417204007872
36307,0.09819307828256368
36308,1.0
36309,0.219997
36310,0.008647737261563537
36311,0.16970695036383468
36312,0.10143490028085923
36313,0.280728642517441
36314,0.504401093367499
36315,0.0980480888128802
36316,0.05758034889443128
36317,0.21692096030077473
36318,0.13783434773906825
36319,0.08948400307168992
36320,0.219997
36321,0.019230733284674378
36322,0.220016
36323,0.08532047842184665
36324,0.06961474313958257
36325,0.003463054279285123
36326,0.03572610879084513
36327,0.04517113974103078
36328,0.06329243873047949
36329,0.05953618728785139
36330,0.12115477514295961
36331,0.1595345868914559
36332,0.349908
36333,0.13710243341855657
36334,0.021170640313846835
36335,0.14819945280361638
36336,0.219997
36337,0.219997
36338,0.0939355679050791
36339,0.1018088738919837
36340,0.08723533256314925
36341,0.0717994181316491
36342,0.6583501010501407
36343,0.005219970423729343
36344,0.1894467381386509
36345,0.349908
36346,0.219997
36347,0.019987279878029524
36348,0.026685959858782304
36349,0.013748157092942505
36350,0.06158552670381025
36351,0.022166074409276572
36352,0.349908
36353,0.350009
36354,0.13131756549026746
36355,0.17382711231404457
36356,0.219997
36357,0.220016
36358,0.13405273388872832
36359,0.219997
36360,0.407104087052163
36361,0.09306415031796145
36362,0.08625266577221823
36363,0.219997
36364,0.11126917752357753
36365,0.349908
36366,1.0
36367,0.12391987207889484
36368,0.42990109744357985
36369,0.020167846671183993
36370,0.05122634797573974
36371,0.219997
36372,0.07407957291884472
36373,0.08695720767962788
36374,0.02391731731834288
36375,0.12030384156129005
36376,0.0074074334947038765
36377,0.9704761210603894
36378,0.08642201302845333
36379,0.20437870961129373
36380,0.349908
36381,0.219997
36382,0.219997
36383,0.349908
36384,0.219997
36385,0.038294321914585414
36386,0.349908
36387,0.220016
36388,0.14733552155244703
36389,1.0
36390,0.44243090206009755
36391,0.3665915062771361
36392,0.017139727911397097
36393,0.220016
36394,0.15723741018786777
36395,0.0294668624005037
36396,0.03547822140757424
36397,0.016993001878378478
36398,0.01801321406294504
36399,0.04160933649504201
36400,0.022564230961926824
36401,0.02695729239692872
36402,0.07760328012911748
36403,0.14710436349261696
36404,0.12681604524710557
36405,0.17877797960051606
36406,0.11494596731446233
36407,0.18719989559706737
36408,0.13006654867908424
36409,0.02151242613776594
36410,0.14330528886135377
36411,0.349908
36412,0.10025511655591512
36413,1.0
36414,1.0
36415,0.895967749940902
36416,0.009015689648317974
36417,0.04345960435654943
36418,0.12247526705611261
36419,0.5433800490538865
36420,0.182268506769483
36421,0.009416020292333238
36422,0.054006883101175636
36423,0.0018136409905365782
36424,0.023823698220504858
36425,0.06674091445378282
36426,0.04316077481530744
36427,0.10208662573330506
36428,0.8973904535725569
36429,0.02641577546472733
36430,0.04560667863868089
36431,0.14402322815647856
36432,0.09181866697755418
36433,0.04926729600320082
36434,0.05681192834439393
36435,0.46735325141627976
36436,0.15014293358524447
36437,0.21022932881321524
36438,0.17207664554479044
36439,0.15651381776099269
36440,1.0
36441,1.0
36442,0.6870309621081944
36443,0.01623704539166326
36444,0.12103310369453174
36445,0.03719281048963046
36446,0.0066912890527315244
36447,0.548344891010277
36448,0.025973700030802516
36449,0.27312482765861235
36450,0.1600643690767186
36451,0.21484384922346644
36452,0.00992622124333976
36453,0.20947194003072755
36454,0.15760780085844872
36455,0.219997
36456,0.219997
36457,0.7493424850739868
36458,1.0
36459,0.219997
36460,0.21176413358856042
36461,0.0707103612765874
36462,0.10983840932989453
36463,0.10871776795036694
36464,0.0951675869827785
36465,0.054405017598768285
36466,0.15475770261657673
36467,0.21040839611441403
36468,0.11574268975474937
36469,0.18860219508751747
36470,0.02630349738679536
36471,1.0
36472,1.0
36473,1.0
36474,0.03325513777356868
36475,0.1254813226704605
36476,0.220016
36477,0.7059876614822267
36478,0.043046713353190595
36479,0.027063119787426513
36480,0.03923520948752881
36481,0.05742541806701703
36482,0.12237568633332453
36483,0.5497548749038916
36484,1.0
36485,0.07102920785990835
36486,0.15626144410169276
36487,0.09433655791372336
36488,0.1544638450795059
36489,0.03897067078649979
36490,0.22038215527138835
36491,0.1999549289831362
36492,0.053235382857757564
36493,0.12077533104060752
36494,0.21218111209503812
36495,0.13858816726265855
36496,0.08173798924780902
36497,0.5785236810247169
36498,0.4627945191289699
36499,0.1915977636380704
36500,0.0905281985559099
36501,0.12311326290205013
36502,0.04292997327839559
36503,0.219997
36504,0.029325301913343944
36505,0.06300755065199222
36506,0.0783562460916048
36507,0.021260030400520474
36508,0.0612880062974888
36509,0.07569206115113832
36510,0.350009
36511,1.0
36512,0.219997
36513,0.219997
36514,0.219997
36515,0.219997
36516,0.219997
36517,1.0
36518,0.10486920368034633
36519,0.06268032148447142
36520,0.03651858459242657
36521,0.136692068899782
36522,0.21600235016510955
36523,0.39956495367582623
36524,0.349908
36525,0.31504658875721225
36526,0.1673011718191638
36527,1.0
36528,0.220016
36529,0.024292778809518887
36530,0.0660643473026918
36531,0.219997
36532,0.015943880270205456
36533,0.045661410616774284
36534,1.0
36535,0.05636822954471395
36536,0.013099371293537552
36537,0.03017603177633916
36538,0.044626605992560964
36539,0.219997
36540,0.6006952414237057
36541,0.349908
36542,0.5295981218558459
36543,0.45438286781171844
36544,0.20084160735739318
36545,0.18982940875029083
36546,0.349908
36547,0.037031672001530756
36548,0.219997
36549,0.06555911027202826
36550,0.13122817165317918
36551,0.6975354402118216
36552,0.349908
36553,0.09083589824248596
36554,0.7529749901752059
36555,0.5228675748132098
36556,0.007845060057369818
36557,0.12948055355619623
36558,0.219997
36559,0.10614888878434156
36560,0.059880989000383376
36561,0.011965617332749104
36562,0.04072815952378779
36563,0.07242564032075048
36564,0.13056065785443063
36565,0.11814262883632444
36566,0.219997
36567,0.6914146737422012
36568,1.0
36569,0.6386704306816569
36570,0.349908
36571,0.8085394456703782
36572,0.2043812800842015
36573,0.03354754629535113
36574,0.05471300680717276
36575,0.10434816182277463
36576,0.220016
36577,0.219997
36578,0.09037296719723088
36579,0.08534938532973685
36580,0.09024526529223117
36581,0.18161851416688288
36582,0.04432824317539363
36583,0.07375577750036397
36584,0.13495922951147504
36585,0.02242155991226946
36586,0.027004929801605293
36587,0.01994680802376756
36588,0.047078700237389595
36589,0.05730357397031375
36590,0.09860792608812848
36591,0.08042495991961834
36592,0.350009
36593,0.32114183861267276
36594,0.350009
36595,1.0
36596,1.0
36597,0.349908
36598,0.219997
36599,0.0573546504961619
36600,0.02758689656143491
36601,0.03494781159713528
36602,0.18530293066816445
36603,0.023596663126939588
36604,0.05055873972066048
36605,1.0
36606,0.1016897172704132
36607,0.01745937711941337
36608,0.07550073495559209
36609,0.14836809987798058
36610,0.220016
36611,0.0734820741418702
36612,0.04764371397216727
36613,0.0014072767555230216
36614,0.08960393906114153
36615,0.03658161221574883
36616,0.020578263731481788
36617,0.032510926126107106
36618,0.1743592044056106
36619,0.07310647378607621
36620,1.0
36621,0.5525504789812518
36622,0.349908
36623,1.0
36624,0.349908
36625,0.349908
36626,0.219997
36627,0.041107905167179964
36628,0.023201438341738514
36629,0.023245078436554642
36630,0.1249593611011443
36631,0.13761058351766037
36632,0.04855242607394335
36633,0.0839682320315729
36634,0.76691075257257
36635,0.219997
36636,0.470097793029818
36637,0.024259629632473124
36638,0.1877380644875591
36639,0.219997
36640,0.219997
36641,0.220016
36642,0.09220618289419616
36643,0.04342165191696615
36644,0.007355711063581885
36645,0.03949306728520931
36646,0.20886577084788796
36647,1.0
36648,0.350009
36649,1.0
36650,0.5135095575191647
36651,0.4503778384840583
36652,0.2044784442266244
36653,0.219997
36654,0.052586728083083976
36655,0.07119068883419907
36656,0.010525661219063754
36657,0.034045592726577534
36658,0.16769320637849192
36659,0.12859761834491942
36660,0.055818845594256906
36661,0.349908
36662,0.04643183577220959
36663,0.1550659511937853
36664,0.5237552041529119
36665,0.1084691399139264
36666,0.020822200318620275
36667,0.017474580658676495
36668,0.20637301758288215
36669,0.349908
36670,0.012335810407280967
36671,0.2976911576958392
36672,0.219997
36673,0.09084115368038315
36674,0.219997
36675,0.05050765833087248
36676,0.15069180440939442
36677,0.1771110543896052
36678,0.053582815859227764
36679,0.219997
36680,0.2116013928536139
36681,0.03364785560276201
36682,0.17548960680569559
36683,0.013808193011681106
36684,0.05160179857726282
36685,0.2330804283092175
36686,0.049947209503428826
36687,0.1481179048951286
36688,0.06338347215374031
36689,0.10713174568242828
36690,0.055973018060006784
36691,0.20994876777269314
36692,0.349908
36693,1.0
36694,0.219997
36695,0.009423601742513487
36696,0.018621325298456837
36697,0.020370093335559867
36698,0.029136167070967726
36699,0.005444974378030371
36700,0.11407233801894563
36701,0.036102126449174876
36702,0.220016
36703,0.018183587974799385
36704,0.014719879895684839
36705,0.020878306098904644
36706,0.050539459584298056
36707,0.045630204219021725
36708,0.01593667040491826
36709,0.02429069561851588
36710,0.15824727519566864
36711,0.11824471960198107
36712,0.720577957930098
36713,0.02328698227124078
36714,0.027089227201094124
36715,0.036906175768346636
36716,0.056607617561452966
36717,0.133625803060093
36718,0.7437718510790884
36719,0.219997
36720,0.01788163353076636
36721,0.03844039393997222
36722,0.2893247660074254
36723,0.07471216947124473
36724,0.09317738381576737
36725,0.219997
36726,0.027709579140844456
36727,0.350009
36728,0.04700741362088549
36729,0.024131367569274687
36730,0.04650491624662197
36731,0.19849562797747847
36732,0.03182939619965101
36733,0.0655799504999912
36734,0.027609038930048516
36735,0.02436259128121719
36736,0.07814262137893686
36737,0.18855059349406447
36738,0.04376622009577406
36739,0.10130345054825185
36740,0.03666797699427682
36741,0.052157635008829965
36742,0.11628725381201405
36743,0.2771393348054887
36744,0.009270705370969367
36745,0.349908
36746,0.09236415637692219
36747,0.019343253586562165
36748,0.08770369730425519
36749,0.14270696669201965
36750,0.11463130176592218
36751,0.349908
36752,0.349908
36753,0.004847918471136054
36754,0.0704268073033616
36755,0.07009576886219841
36756,0.45162695688791443
36757,0.9154457316307354
36758,0.1686023756092079
36759,0.219997
36760,0.023675798195186358
36761,0.12627684451368754
36762,0.13545965804020987
36763,0.1112518174317246
36764,0.12669399192124003
36765,0.14392829847410052
36766,0.17614322914616948
36767,1.0
36768,0.021123721133428256
36769,0.11356096143610868
36770,0.058462503058139194
36771,0.09137674762222392
36772,0.10825754369037996
36773,0.219997
36774,0.4964962667167721
36775,0.05671969760514781
36776,0.29652633428414665
36777,0.03808871750082941
36778,0.219997
36779,0.033667985704215544
36780,0.11214442361850446
36781,0.018829139749874397
36782,0.03917453114658418
36783,0.0444346968387802
36784,0.13529194299775735
36785,0.04976857615050541
36786,0.03004709949452866
36787,0.20325803339195442
36788,0.044756753191528546
36789,0.219997
36790,0.07048904081855391
36791,0.022391627277698757
36792,0.041253127792262374
36793,0.18344414958672225
36794,0.12712832251674716
36795,0.07542693550200269
36796,0.07169768070130869
36797,0.07395604045301082
36798,1.0
36799,0.15307347857411502
36800,0.219997
36801,0.09053572963458131
36802,0.12829346246264509
36803,0.060113248860874186
36804,0.0179601113118057
36805,0.02843833158754063
36806,0.5008984266950063
36807,0.009059139686215679
36808,0.009644148597183374
36809,0.005881348235752196
36810,0.011478014248615217
36811,0.05624392703800122
36812,0.349908
36813,0.219997
36814,0.07881734702493062
36815,0.06664236326079735
36816,0.349908
36817,0.00147321156185549
36818,0.0746479240710092
36819,0.05733740475941308
36820,0.01840282957705144
36821,0.0019933057160857644
36822,0.22678857210653397
36823,0.08710844145324309
36824,0.006433983235330104
36825,0.044510335839225736
36826,0.2077018568555042
36827,0.219997
36828,0.219997
36829,0.11517806371597711
36830,0.12154296141307144
36831,0.04106094731875119
36832,0.0671706996489347
36833,0.1241772588487289
36834,0.219997
36835,0.25774870261178706
36836,0.010556447464745345
36837,0.028441594235426648
36838,0.02325881500779843
36839,0.018596820549284392
36840,0.022012932811555065
36841,0.02047772700976956
36842,0.02360954924798347
36843,0.11030360627670484
36844,0.12198320477003044
36845,0.11219646610915218
36846,0.13191247519080435
36847,0.06667930123836058
36848,0.220016
36849,0.013010054404384264
36850,0.349908
36851,0.020808379658776056
36852,0.007950453637677064
36853,0.031864761970904376
36854,0.012783718164918294
36855,0.0012919669860124953
36856,0.03311863309223032
36857,0.021583046469866016
36858,0.012238559564429995
36859,0.1062085042633817
36860,0.05424326668447435
36861,0.219997
36862,0.019331975315752387
36863,0.1389406620436762
36864,0.037359142258599855
36865,0.219997
36866,0.03913451309774414
36867,0.07327042039671619
36868,0.014990073727827326
36869,0.10456399770547316
36870,0.017201496395451793
36871,0.0640752077184443
36872,0.219997
36873,0.349908
36874,0.13718583648231777
36875,0.05992247981216962
36876,0.09470340853787118
36877,0.05753570429850367
36878,0.048706143145239265
36879,0.219997
36880,0.04472304661039512
36881,0.219997
36882,0.219997
36883,0.06151118979787268
36884,0.04607243915123919
36885,0.03574570512510217
36886,0.002579819907824573
36887,0.0254455562534015
36888,0.008696246005087336
36889,0.021287327285853804
36890,0.03887760987380109
36891,0.01604249362663498
36892,0.219997
36893,0.18797049653708492
36894,0.006523165504119798
36895,0.219997
36896,0.03511904278142971
36897,0.024520815028141754
36898,0.006568665617479254
36899,0.017324641525866845
36900,0.10879892427593225
36901,0.03855049262150974
36902,0.05304836388269811
36903,0.12498721859239753
36904,0.016039554379250084
36905,0.219997
36906,0.5162704643551459
36907,0.08255267240613057
36908,0.29195534104151666
36909,0.023903715216220235
36910,0.048608066768438776
36911,0.01903254623985083
36912,0.061671946043645065
36913,0.07612492743726475
36914,0.11840019664846736
36915,0.07423898192854814
36916,0.04752508884203162
36917,0.01069206691068606
36918,0.1555861733544622
36919,0.00169731933517983
36920,0.03446934580091962
36921,0.5331616095129758
36922,0.11643537536302002
36923,0.012854275047656858
36924,0.06563776154282447
36925,0.349908
36926,0.33971429512530626
36927,0.039664745982808225
36928,0.0748990670645403
36929,0.02169324449666878
36930,0.350009
36931,0.011036903264210298
36932,0.350009
36933,0.01548559172453203
36934,0.137064904289638
36935,0.219997
36936,0.18632336553003181
36937,0.01562131316553801
36938,0.004430608321579637
36939,0.350009
36940,0.010741502118913738
36941,1.0
36942,0.220016
36943,0.06922288673646622
36944,0.349908
36945,0.03941118355816669
36946,0.014965216096640279
36947,0.08877081093143054
36948,0.006847180635770596
36949,0.20980619909356585
36950,0.28556838405719787
36951,0.9679164001327033
36952,0.7559915252391022
36953,0.06971152553613431
36954,0.13063493298353998
36955,0.08259582906776843
36956,0.06772137172631118
36957,0.030743613795731102
36958,0.08454367661038072
36959,0.219997
36960,0.05421112881178966
36961,0.7026094639836477
36962,0.219997
36963,0.349908
36964,0.8293729650095251
36965,0.219997
36966,0.5000376708665109
36967,0.219997
36968,0.219997
36969,0.05905253005630013
36970,0.10081615663689372
36971,0.08786631332634441
36972,0.19819415041614968
36973,0.04101205699060128
36974,0.219997
36975,0.219997
36976,0.1645893957666736
36977,0.046817909111855696
36978,0.0903742660852044
36979,0.219997
36980,0.2563823791551831
36981,0.08544960272666376
36982,0.04629125812552916
36983,0.06145497515554908
36984,0.0941914804663701
36985,0.020375821173949992
36986,0.04018861115595863
36987,0.08792907089983976
36988,0.219997
36989,0.13031093832262033
36990,0.29318993649229397
36991,0.10445188682045717
36992,0.018601887212663395
36993,0.001458773459299889
36994,0.018888470630581224
36995,0.737101984150059
36996,0.220016
36997,0.01426521335039609
36998,0.2032728159933512
36999,0.4527783987524749
37000,0.5709134401087816
37001,0.009159327099891545
37002,0.18015249097146416
37003,0.21960499820867377
37004,0.03134640392860208
37005,0.06762604526732642
37006,0.02858571879258975
37007,0.08267531047363458
37008,0.13909949305182356
37009,0.13209546079181328
37010,0.349908
37011,0.6808582533987986
37012,0.220016
37013,0.1101501879011068
37014,0.039209378949087735
37015,0.07651053605877592
37016,0.349908
37017,0.048864468394479346
37018,0.010434204212155988
37019,0.06785710032259255
37020,0.349908
37021,0.7141877345766574
37022,0.1590246690674959
37023,0.01496564990889797
37024,0.029144173220966595
37025,0.10484912780852758
37026,0.14741778438631636
37027,0.049019451113008886
37028,0.0019435289153321572
37029,0.20307575877782857
37030,0.219997
37031,0.10305864577972793
37032,0.09435824810837258
37033,0.11291537979151135
37034,0.017732822094830913
37035,0.0489402847533818
37036,0.038959583583439684
37037,0.04162709236291053
37038,0.06594060908228697
37039,0.2934228528412244
37040,0.12109935935477066
37041,0.1477890800101126
37042,0.011369229819823452
37043,0.059138160583920636
37044,0.02815837537874019
37045,0.0008932643522318082
37046,0.01718457575449077
37047,0.05958232856920392
37048,0.0615613335256175
37049,0.04493327996961363
37050,0.8329678021448217
37051,0.8130759735458796
37052,0.04427339221917984
37053,0.09589814723965197
37054,0.044418639377772
37055,0.16872952341868794
37056,0.07643320802289089
37057,0.050864626958997065
37058,0.1519264574237632
37059,0.006693946407900154
37060,0.024587147189214422
37061,7.181175574452642e-05
37062,0.014686963373746609
37063,0.219997
37064,0.020478962752299188
37065,0.051013533594777734
37066,0.016426594784796095
37067,0.0677709087558891
37068,0.12262554069509164
37069,0.21204640467831093
37070,0.269678970589179
37071,0.2564206206888702
37072,0.08629066591230354
37073,0.06303317271518268
37074,0.024892539345079782
37075,0.057469106201660465
37076,0.06713185316655106
37077,0.349908
37078,0.10250684747451802
37079,0.7231286385393846
37080,0.20843670467990175
37081,0.16748372744642662
37082,0.05733471771392832
37083,0.10582357903789222
37084,0.006342421831685583
37085,0.012914086200559024
37086,0.06565021834846438
37087,0.013298525323009769
37088,0.027068673866472485
37089,0.05033786336324727
37090,0.1519806169068436
37091,0.06860668434274467
37092,0.0865205630085725
37093,0.04992961826357511
37094,0.11824449898402266
37095,0.2968603088831666
37096,0.5703563401156189
37097,0.09928604582693225
37098,0.02172332809563956
37099,0.08307519703308143
37100,0.04740069304506238
37101,0.219997
37102,0.06781312472586516
37103,0.1479536175916189
37104,0.026872001177671242
37105,0.1807338959378095
37106,0.0489057249142808
37107,0.04490607882768996
37108,0.016843590558432642
37109,0.219997
37110,0.11178790979466414
37111,0.05304917789834674
37112,0.030621477948510674
37113,0.02202706418972814
37114,0.137079138987097
37115,0.09409980108356422
37116,0.17608873059638452
37117,0.09897660379637477
37118,0.285393873917417
37119,0.32911760564393816
37120,0.219997
37121,0.001817988167442871
37122,0.12664751496684862
37123,0.01138560493445853
37124,0.05390016184985832
37125,0.07029132217676207
37126,0.11852219361481518
37127,0.012787009761924317
37128,0.08668747134351719
37129,0.14805398332337405
37130,0.11486048231924506
37131,0.02566806408147564
37132,0.016086967398096636
37133,0.10186161454029823
37134,0.010659799931004242
37135,0.1946294932645659
37136,0.010306321153494499
37137,0.06996328938313723
37138,0.219997
37139,0.04020660946144134
37140,0.14452478693366022
37141,0.944161694819431
37142,0.19221378578092424
37143,0.11782035078006464
37144,0.12753366500047628
37145,0.11761866080310597
37146,0.1021641194203236
37147,0.10241799252966877
37148,0.05651236644382141
37149,0.015333480441005638
37150,0.016422280253312643
37151,0.032887529011588444
37152,0.349908
37153,0.219997
37154,0.049511428682935274
37155,0.05028635959382595
37156,0.06595946141406665
37157,0.004622342964038033
37158,0.029677685122059004
37159,0.010120191578405853
37160,0.10730178222047101
37161,0.749664044023337
37162,0.13581913665049905
37163,0.07115734218380038
37164,0.11680113181587155
37165,1.0
37166,0.219997
37167,0.15519605582715038
37168,0.13468594826316857
37169,0.220016
37170,0.4772631862868433
37171,0.07372653202033595
37172,0.026478554825566412
37173,0.10678802977190202
37174,0.11888328982536116
37175,0.1427006174537529
37176,0.219997
37177,0.01938565986225591
37178,0.220016
37179,0.05631126038381753
37180,0.07704127872188944
37181,0.016709597802761794
37182,0.045613248308651044
37183,0.0652086948185968
37184,0.08389783005369786
37185,0.007939456917362942
37186,0.16242962689844
37187,0.18988098088768757
37188,0.349908
37189,0.124404547430591
37190,0.04025061294957578
37191,0.18839435502476326
37192,0.219997
37193,0.219997
37194,0.10986339811189298
37195,0.08118440057561617
37196,0.06312302592274453
37197,0.05488041048163115
37198,0.8604434065162144
37199,0.01317697013728678
37200,0.219997
37201,0.47196197943349655
37202,0.219997
37203,0.026685959858782304
37204,0.05102116705141457
37205,0.014261548821260782
37206,0.06908678033957293
37207,0.06806095573415527
37208,0.3115964724367469
37209,0.350009
37210,0.08760999942714306
37211,0.18005011266689783
37212,0.219997
37213,0.20351174683621542
37214,0.17348119506237916
37215,0.219997
37216,0.383835432563869
37217,0.0909311079466374
37218,0.0378033953440445
37219,0.05882598010021767
37220,0.11648961667316755
37221,0.07812977477975414
37222,0.349908
37223,1.0
37224,0.12031507132332886
37225,0.350009
37226,0.013007232790563289
37227,0.014841716791454882
37228,0.219997
37229,0.003342500815367817
37230,0.07075444705833425
37231,0.10386265360314145
37232,0.009119739233327468
37233,0.09130467543548736
37234,1.0
37235,0.08233553135383011
37236,0.12480589005104022
37237,0.349908
37238,0.219997
37239,0.219997
37240,0.349908
37241,0.24407126390177328
37242,0.038294321914585414
37243,0.23885965598096864
37244,0.219997
37245,0.10263800996591618
37246,1.0
37247,0.492989206482696
37248,0.349908
37249,0.03374798137630712
37250,0.14482922256186395
37251,0.201789528785773
37252,0.03144907617983303
37253,0.032994093684540635
37254,0.054532543560189356
37255,0.012935274833522699
37256,0.016306512189558496
37257,0.0784740958366337
37258,0.12604555379004992
37259,0.11417882825073945
37260,0.07276522597650315
37261,0.15142896487713264
37262,0.0937764671574625
37263,0.15938505262638983
37264,0.09600661090787634
37265,0.03839308163686028
37266,0.14837670336346007
37267,0.349908
37268,0.03560823202147686
37269,1.0
37270,1.0
37271,0.868589540254418
37272,0.009015689648317974
37273,0.030136595030827128
37274,0.024850483663962045
37275,0.11597634843816967
37276,0.46011151696929475
37277,0.18168469823646521
37278,0.04910957942219172
37279,0.017816338200780723
37280,0.01322742588853954
37281,0.03654431895621556
37282,0.028149843688551366
37283,0.052747628500546664
37284,0.00033340662795020525
37285,1.0
37286,0.006183103057168712
37287,0.031152233913817638
37288,0.220016
37289,0.12394180826282059
37290,0.0743977665767138
37291,0.033851965590027976
37292,0.349908
37293,0.10416731299530343
37294,0.18644175824948994
37295,0.15689916549313523
37296,0.12343063399098277
37297,1.0
37298,1.0
37299,0.6044553561111454
37300,0.04051106432085173
37301,0.1174384762537242
37302,0.03719281048963046
37303,0.012922522007158871
37304,0.7268422608313495
37305,0.01169780809734225
37306,0.24075498684394545
37307,0.06421081792238313
37308,0.21262424630389765
37309,0.032233554169956734
37310,0.219997
37311,0.11069451079735682
37312,0.219997
37313,0.219997
37314,0.7964626494454368
37315,1.0
37316,0.20082607727620544
37317,0.18631330381094185
37318,0.05837679533812892
37319,0.07885694168183825
37320,0.1687547283470426
37321,0.12044619433246384
37322,0.06916177695414857
37323,0.15753009592199813
37324,0.2017278690585464
37325,0.07430441276835481
37326,0.10612807220892419
37327,0.04381496152519226
37328,1.0
37329,1.0
37330,1.0
37331,0.04845272065163667
37332,0.350009
37333,0.6097450869519346
37334,0.011680574320870208
37335,0.012801268614168393
37336,0.027063119787426513
37337,0.026503607938699558
37338,0.05402027483828926
37339,0.028422493859557873
37340,0.12200546852038192
37341,0.6144940911322881
37342,1.0
37343,0.04719203857387005
37344,0.18982422032599347
37345,0.07539376546565911
37346,0.1793822257587855
37347,0.09543160917148119
37348,0.219997
37349,0.1775942055086379
37350,0.11481882987630099
37351,0.03621307155557873
37352,0.14096625119285308
37353,0.136913244800605
37354,0.04178633928726345
37355,0.5043222560130026
37356,0.350009
37357,0.1841392809238102
37358,0.03586977348573616
37359,0.06308033135094543
37360,0.07933663119354856
37361,0.18336618131484317
37362,0.024898188113053613
37363,0.08342694391097091
37364,0.014998906522494125
37365,0.025586749972499014
37366,0.0319077999186224
37367,0.0839910235750417
37368,0.06873455423458256
37369,0.349573095849456
37370,1.0
37371,0.17438839689673155
37372,0.219997
37373,0.219997
37374,0.219997
37375,0.219997
37376,1.0
37377,0.11714281474442147
37378,0.048615205538426895
37379,0.219997
37380,0.2161144730788934
37381,0.2963735663714336
37382,0.4517052046969298
37383,0.2755318988231671
37384,0.11007362914264895
37385,1.0
37386,0.220016
37387,0.18887850806770798
37388,0.1516014363386125
37389,0.005250672081973215
37390,0.021185134605843117
37391,1.0
37392,0.03630978661039794
37393,0.009414779158150184
37394,0.03838077039226832
37395,0.06920330406638685
37396,0.219997
37397,0.4572316519787061
37398,0.349908
37399,0.349908
37400,0.34759898029207636
37401,0.13115071174471013
37402,0.18250030878710802
37403,0.349908
37404,0.045485239551863184
37405,0.037031672001530756
37406,0.219997
37407,0.0905310064401743
37408,0.1292969359875477
37409,0.5397643161328014
37410,0.4075532042865856
37411,0.05170116145060347
37412,0.639390774519679
37413,0.349908
37414,0.007845060057369818
37415,0.08741075881866828
37416,0.13157687323828562
37417,0.08547859941756973
37418,0.01310238925336815
37419,0.03455206733482133
37420,0.11516486441937458
37421,0.14072147847770067
37422,0.12512569181934857
37423,0.6066099536411003
37424,1.0
37425,0.7134031061240043
37426,0.349908
37427,0.8324785803147887
37428,0.08484923963382113
37429,0.026842823442811775
37430,0.09923553888915121
37431,0.10915239068016047
37432,0.15108166947438603
37433,0.349908
37434,0.07642196219137937
37435,0.01106897832305928
37436,0.008745535027446657
37437,0.14048689720296514
37438,0.025059609176696696
37439,0.07769389509234521
37440,0.014176467852177826
37441,0.0484069599852628
37442,0.02817942497679121
37443,0.01994680802376756
37444,0.06374313230296239
37445,0.09904924150176474
37446,0.10999025317596928
37447,0.04053821415584121
37448,0.350009
37449,0.219997
37450,0.350009
37451,1.0
37452,1.0
37453,0.349908
37454,0.20210224142058308
37455,0.06281551670454462
37456,0.031381376209466745
37457,0.1550957894354788
37458,0.00115829790059445
37459,0.07585795358834249
37460,1.0
37461,0.12236288788264965
37462,0.06818241262347619
37463,0.14864125210776932
37464,0.2623156548380541
37465,0.06492648530253156
37466,0.06177474124006819
37467,0.09002087475098702
37468,0.01727345081403181
37469,0.0025167201940602298
37470,0.057336823615752326
37471,0.1626469558596551
37472,0.09114345413681346
37473,1.0
37474,0.5244981369433568
37475,0.349908
37476,1.0
37477,0.5833249144145257
37478,0.349908
37479,0.219997
37480,0.0382981471409582
37481,0.043794958899633696
37482,0.002562490402587096
37483,0.02696904135590933
37484,0.11120046346149982
37485,0.0469765620924504
37486,0.10208133298316256
37487,0.6334564907258787
37488,0.2374071459634309
37489,0.3308780858849668
37490,0.02265021539940632
37491,0.10043703561177998
37492,0.219997
37493,0.219997
37494,0.220016
37495,0.17506981475942923
37496,0.04342165191696615
37497,0.023599558551363916
37498,0.1521806278426756
37499,1.0
37500,0.350009
37501,1.0
37502,0.6320603607529641
37503,0.349908
37504,0.19092908692726807
37505,0.219997
37506,0.06706464673834842
37507,0.0219407201785868
37508,0.024016258579891085
37509,0.020799550894366237
37510,0.034045592726577534
37511,0.11714076440984186
37512,0.19160605119952398
37513,0.06424654953861625
37514,0.219997
37515,0.019309857411936755
37516,0.13457390541747416
37517,0.46291216286031905
37518,0.07638849123808113
37519,0.017474580658676495
37520,0.13991847108054864
37521,0.349908
37522,0.041424789361493804
37523,0.219997
37524,0.1889563390229216
37525,0.09307683426594299
37526,0.219997
37527,0.08141234621700333
37528,0.15696708191454298
37529,0.0996210920464513
37530,0.26360033188860627
37531,0.219997
37532,0.03628091135579539
37533,0.03936075863323961
37534,0.17141587882204834
37535,0.1830885096914406
37536,0.013056502421118872
37537,0.13297117525602684
37538,0.06179555976231598
37539,0.03452136212711777
37540,0.035507202245481206
37541,0.21905164062014057
37542,0.35197277726588866
37543,1.0
37544,0.219997
37545,0.01691799507797535
37546,0.007442745430738727
37547,0.00043779910190665336
37548,0.013828037200844846
37549,0.12055891037053641
37550,0.0025865359568502076
37551,0.09642374546305574
37552,0.18562936589680684
37553,0.018183587974799385
37554,0.026357563910933655
37555,0.01393599674336435
37556,0.015241869916895152
37557,0.009585501866558713
37558,0.14189454372219457
37559,0.13243654789500867
37560,0.6923350559979413
37561,0.02328698227124078
37562,0.027089227201094124
37563,0.030507609398515965
37564,0.11336890615376931
37565,0.1403422764065517
37566,0.7609366441788834
37567,0.219997
37568,0.019674259564499873
37569,0.016355043506547436
37570,0.2502613624541396
37571,0.023529849750672346
37572,0.15578246159426043
37573,0.30058186629055955
37574,0.050728997857431506
37575,0.018087211686193688
37576,0.016901986162801794
37577,0.3262784143919946
37578,0.04479385431954978
37579,0.029991740116287698
37580,0.17429893713790054
37581,0.012133432402511064
37582,0.09912616725279784
37583,0.04826298349335465
37584,0.060889212345256884
37585,0.14355833528303408
37586,0.011474131865473941
37587,0.12540317396825604
37588,0.043333635993280044
37589,0.07219294204782255
37590,0.11879552223378012
37591,0.2926221311825869
37592,0.06359505219341755
37593,0.34432265033732273
37594,0.11702334316969866
37595,0.07117550872677986
37596,0.01186036820576596
37597,0.05421607051097909
37598,0.18125977147413874
37599,0.013820403618458333
37600,0.5428110555185387
37601,0.349908
37602,0.0013434909691612063
37603,0.09523968364609765
37604,0.07138356200242704
37605,0.009550959595094988
37606,0.5020199938606482
37607,0.9447155266866262
37608,0.219997
37609,0.219997
37610,0.11266305178662296
37611,0.1727840969350412
37612,0.09468438694186332
37613,0.044023559978208025
37614,0.15965780077610378
37615,0.12363964888921208
37616,1.0
37617,0.11039837278642145
37618,0.024319721043311093
37619,0.10703984715922414
37620,0.13027424728903453
37621,0.002048141696252322
37622,0.219997
37623,0.49048450823218837
37624,0.06559845376779785
37625,0.2613876219555273
37626,0.06469092956798851
37627,0.018348752110547747
37628,0.219997
37629,0.017160086040350245
37630,0.07224758727521802
37631,0.023538775081610546
37632,0.014581160135998302
37633,0.06251313690635936
37634,0.10105891572755739
37635,0.007643123167305331
37636,0.1367244430169914
37637,0.219997
37638,0.05655653335987621
37639,0.06985141929285073
37640,0.03851505871531199
37641,0.1703140839959097
37642,0.11343107812001735
37643,0.03316076839033945
37644,0.052553412556574294
37645,0.0901985561931648
37646,1.0
37647,0.11006398475737392
37648,0.219997
37649,0.20127235776162142
37650,0.17437526047991148
37651,0.05062295417329766
37652,0.01818655099383822
37653,0.0042876642594070315
37654,0.349908
37655,0.02736304376361199
37656,0.005881348235752196
37657,0.011478014248615217
37658,0.05890447184563946
37659,0.350009
37660,0.016497843063492182
37661,0.17378729678176316
37662,0.03500836533269589
37663,0.008076079500455906
37664,0.047468855059259456
37665,0.349908
37666,0.021043733136083407
37667,0.036495688763317234
37668,0.03216647729060976
37669,0.01374643785735455
37670,0.04684614774251552
37671,0.219997
37672,0.06854641711147783
37673,0.01623643104201257
37674,0.197027238907579
37675,0.328755561390936
37676,0.12329307385810878
37677,0.20787057254431782
37678,0.10478322895956148
37679,0.003920106314376765
37680,0.06898527299764523
37681,0.15439750824336426
37682,0.28738192094928794
37683,0.21169550652746028
37684,0.010556447464745345
37685,0.022171400776695032
37686,0.02008709962528547
37687,0.018596820549284392
37688,0.00020222542706704343
37689,0.022567243024247414
37690,0.13262234425509437
37691,0.219997
37692,0.14003995950782702
37693,0.15124151178719425
37694,0.18903236249704067
37695,0.013010054404384264
37696,0.4224879411429428
37697,0.017111721938667026
37698,0.031242602691695442
37699,0.03585146229480249
37700,0.0024179925085112686
37701,0.004767911055668744
37702,0.027599752342777825
37703,0.012783718164918294
37704,0.02281930598178009
37705,0.13033052350061566
37706,0.030684499524070614
37707,0.021583046469866016
37708,0.012238559564429995
37709,0.06589813717128029
37710,0.06078264280095571
37711,0.16114090617176366
37712,0.11198315889862724
37713,0.010486182139398071
37714,0.018858749387232136
37715,0.219997
37716,0.06175243863209503
37717,0.061179341068963035
37718,0.1459697965464421
37719,0.016614762972246108
37720,0.05094941812485379
37721,0.219997
37722,0.349908
37723,0.13491405337032536
37724,0.056475985287832736
37725,0.1142648213032708
37726,0.05102993715999044
37727,0.036338199521617744
37728,0.219997
37729,0.07731867320083166
37730,0.219997
37731,0.219997
37732,0.062032563086072676
37733,0.018851766519774823
37734,0.04056596433944509
37735,0.06923141870779916
37736,0.023653482664395167
37737,0.0005998812290756318
37738,0.0499923685308858
37739,0.219997
37740,0.09368735400554744
37741,0.006523165504119798
37742,0.349908
37743,0.008727935141244115
37744,0.07867243080140209
37745,0.024520815028141754
37746,0.008190810320557579
37747,0.0867563777753967
37748,0.04132227048637573
37749,0.0762044634172202
37750,0.016433752211565043
37751,0.019886885814589608
37752,0.219997
37753,0.349908
37754,0.023447931546195958
37755,0.219997
37756,7.989933455312158e-05
37757,0.01105295047605902
37758,0.0005709699901145366
37759,0.023056709111989808
37760,0.03909497891163767
37761,0.051196633235661836
37762,0.07216711342131917
37763,0.07423898192854814
37764,0.020391703392388296
37765,0.012385789916400776
37766,0.06253838448800758
37767,0.09223100591583441
37768,0.060569918092485776
37769,0.09552862825895223
37770,0.350009
37771,0.06268662034097623
37772,0.013358105487985293
37773,0.219997
37774,0.219997
37775,0.039664745982808225
37776,0.0748990670645403
37777,0.24118328024537028
37778,0.04514019860000591
37779,0.350009
37780,0.13586634250863658
37781,0.06862860108586206
37782,0.179407770038416
37783,0.219997
37784,0.219997
37785,0.01884552162902505
37786,1.0
37787,0.11591094209531916
37788,0.03922629335185102
37789,0.349908
37790,0.04231716456148659
37791,0.03163497081959985
37792,0.0627244649439423
37793,0.06342826002331774
37794,0.21638358817817066
37795,0.219997
37796,0.9009816003471889
37797,0.5575379162363738
37798,0.08970102937713383
37799,0.219997
37800,0.219997
37801,0.006399406619254804
37802,0.04256203646661227
37803,0.09534328803903547
37804,0.06564859649887131
37805,0.015965534612125996
37806,0.219997
37807,0.10640703731416801
37808,0.5252473884359106
37809,0.18696702590383565
37810,0.3107694086255869
37811,0.8118494726134224
37812,0.220016
37813,0.03212669991294454
37814,0.746985260838138
37815,0.011632054935365831
37816,0.14123949471883157
37817,0.20584207199157425
37818,0.04744615164221455
37819,0.15102671846252938
37820,0.05401565393383722
37821,0.11876831839456486
37822,0.0389105756787713
37823,0.219997
37824,0.219997
37825,0.219997
37826,0.2146964733548801
37827,0.350009
37828,0.058621506553363456
37829,0.04629125812552916
37830,0.03244818543934357
37831,0.07248432137497865
37832,0.08340418620715075
37833,0.018887374890194514
37834,0.04018861115595863
37835,0.07421568195562646
37836,0.219997
37837,0.08802331926307719
37838,0.349908
37839,0.20029042947486875
37840,0.032534265326505565
37841,0.0020890095289802808
37842,0.5486591128571624
37843,0.350009
37844,0.219997
37845,0.4931947859698813
37846,0.7499942094624276
37847,0.009159327099891545
37848,0.12673677867431182
37849,0.219997
37850,0.060840852895835955
37851,0.11281841167680842
37852,0.1298605091245328
37853,0.219997
37854,0.219997
37855,0.5403753898211724
37856,0.220016
37857,0.058151519197425755
37858,0.043476631901718577
37859,0.08151363551340465
37860,0.349908
37861,0.03781826741825288
37862,0.03781313603587376
37863,0.0012275191218170153
37864,0.2638876377377568
37865,0.06701374915000763
37866,0.3254090512810527
37867,0.9834415835249048
37868,0.15679505978538646
37869,0.022373192587635222
37870,0.0647496635975244
37871,0.12349633220126746
37872,0.008243274279629278
37873,0.16471495782808543
37874,0.219997
37875,0.12912940019404903
37876,0.14942337320370536
37877,0.04195124336062552
37878,0.011140064360109484
37879,0.07464963840727314
37880,0.02356470330928748
37881,0.024943655522252882
37882,0.349908
37883,0.08247650227064665
37884,0.16524589580951152
37885,0.021916208566312902
37886,0.08025858751524638
37887,0.005623986742120574
37888,0.023270091431222988
37889,0.027176573766047436
37890,0.04546452439018362
37891,0.10345714026242586
37892,0.029458525672391867
37893,0.1387578573731864
37894,0.8483953991644531
37895,0.5777355263409906
37896,0.035138674194745374
37897,0.02282972661373715
37898,0.17785893733874472
37899,0.047103398289512474
37900,0.009229878463633445
37901,0.07110334411513283
37902,0.022365632632726548
37903,0.219997
37904,0.02974172111334115
37905,0.06459306354498255
37906,0.05505170516049757
37907,0.1376089066718172
37908,0.12347864617036106
37909,0.219997
37910,0.219997
37911,0.220016
37912,0.0871097598718798
37913,0.03968493572128017
37914,0.023442751139641445
37915,0.09258422190736945
37916,0.04049510887379433
37917,0.01893476523974348
37918,0.349908
37919,0.09854205258358269
37920,0.8104982687626118
37921,0.13311502642693884
37922,0.03374659017769218
37923,0.1037752379453578
37924,0.04781635630802044
37925,0.13337011543116395
37926,0.013752507712332617
37927,0.012914086200559024
37928,0.018857951091653165
37929,0.14428340398266687
37930,0.04537914330119623
37931,0.007080304297479601
37932,0.012610594104850378
37933,0.1633612465525568
37934,0.0638819657481007
37935,0.18112172448724445
37936,0.03243035317517632
37937,0.15081995203523602
37938,0.219997
37939,0.5781274914701087
37940,0.12400354970120372
37941,0.025423588316830975
37942,0.14801699302287977
37943,0.02691410326430435
37944,0.05337494387624332
37945,0.010895925069769311
37946,0.20688564365089088
37947,0.08633946052889874
37948,0.16049689234565648
37949,0.05715503721118094
37950,0.1731204607914144
37951,0.04704296660611789
37952,0.04545567747235476
37953,0.04490607882768996
37954,0.1886581512660005
37955,0.016096491870186767
37956,0.10261292835213404
37957,0.015560445238162
37958,0.04261126070383783
37959,0.10302422253350751
37960,0.13707301113893144
37961,0.08180824383477495
37962,0.18386942923472518
37963,0.10562122045036032
37964,0.32586113224408825
37965,0.3059416951618029
37966,0.219997
37967,0.02113295002716553
37968,0.13926515757266042
37969,0.015210756210627965
37970,0.0875950581748241
37971,0.07792147122929882
37972,0.11613570858733381
37973,0.05259053589243576
37974,0.07616871278954108
37975,0.08265293749037153
37976,0.07526654651544681
37977,0.04511930946788368
37978,0.048918001845501366
37979,0.038970536453090523
37980,0.1057931585417425
37981,0.007963496463316538
37982,0.21225160916054672
37983,0.016419336056395843
37984,0.11831469352213013
37985,0.349908
37986,0.04317938490400187
37987,0.16078415578890526
37988,0.9298338909690997
37989,0.1304065472675121
37990,0.14774708991942484
37991,0.09463322641543633
37992,0.1472518771093056
37993,0.08206607614005794
37994,0.11919485767164352
37995,0.08358914149850838
37996,0.015333480441005638
37997,0.014073374856459589
37998,0.349908
37999,0.2102419704742291
38000,0.01640532275619749
38001,0.06282426792295864
38002,0.05182821460087866
38003,0.028658939706159837
38004,0.02532436867596546
38005,0.029677685122059004
38006,0.03449276948522607
38007,0.10188171964982629
38008,0.8927124107810015
38009,0.12005081443533788
38010,0.0907686303605322
38011,0.09077832923476432
38012,1.0
38013,0.219997
38014,0.02510646983363527
38015,0.09690724213858268
38016,0.10949790488925927
38017,0.25264312451826176
38018,0.45507091391345106
38019,0.09156527485025479
38020,0.033432284829498185
38021,0.09967034718214021
38022,0.10582726543720124
38023,0.1306980628982158
38024,0.20481764326504107
38025,0.02560757143125481
38026,0.1704059031672978
38027,0.07761319729378383
38028,0.10067312698915623
38029,0.02109201680747937
38030,0.049719619132837345
38031,0.11070606844344053
38032,0.10730667178152288
38033,0.03119803524439214
38034,0.13551298296435985
38035,0.10071104470652384
38036,0.349908
38037,0.14131730067812678
38038,0.04761977098324641
38039,0.16346155346229274
38040,0.219997
38041,0.2583368096701348
38042,0.07226369315990416
38043,0.10689932670819964
38044,0.024085766660063162
38045,0.020000806885299222
38046,0.8090032628140835
38047,0.03952764531591764
38048,0.219997
38049,0.5345326390941756
38050,0.20677109716050776
38051,0.0023528220293341064
38052,0.08323268199165934
38053,0.014261548821260782
38054,0.07181774114590617
38055,0.02078599979416312
38056,0.3316270625001442
38057,0.350009
38058,0.08748364452562205
38059,0.1362408858669137
38060,0.19005306797031754
38061,0.18141561441692222
38062,0.13580974574993906
38063,0.219997
38064,0.3652816122035312
38065,0.12256112828286068
38066,0.10370745414401604
38067,0.219997
38068,0.13629977846464833
38069,0.219997
38070,1.0
38071,0.011184932257596765
38072,0.5198295514729694
38073,0.06314556608756525
38074,0.219997
38075,0.0014604083028950743
38076,0.05233737410095782
38077,0.07982128929655684
38078,0.03542585127806191
38079,0.1235396133168365
38080,1.0
38081,0.07391569272083107
38082,0.0893412949963819
38083,0.349908
38084,0.219997
38085,0.219997
38086,0.349908
38087,0.3120568361363357
38088,0.038294321914585414
38089,0.17613114569236016
38090,0.219997
38091,0.16971283273688484
38092,1.0
38093,0.3509022928757997
38094,0.349908
38095,0.01244253962946332
38096,0.1197870323720557
38097,0.186055161773104
38098,0.01838515713360457
38099,0.05960386288205142
38100,0.012935274833522699
38101,0.019661559808019518
38102,0.08170199198743702
38103,0.17252277083643025
38104,0.07720576411686864
38105,0.17547680834161591
38106,0.16453045381520262
38107,0.09111724297745794
38108,0.1850386842475516
38109,0.1963755070942414
38110,0.03839308163686028
38111,0.11675728244342559
38112,0.219997
38113,0.04211539186249726
38114,0.04611520844605358
38115,1.0
38116,1.0
38117,0.8154026546298644
38118,0.009015689648317974
38119,0.0305561586453807
38120,0.024850483663962045
38121,0.15801961754369503
38122,0.5344461287875936
38123,0.07604802751108332
38124,0.0824425697885035
38125,0.012007317870062756
38126,0.014041342699951562
38127,0.06847902394757521
38128,0.11273547485639197
38129,0.012980901592514629
38130,0.012001541618393822
38131,1.0
38132,0.02641577546472733
38133,0.07085540224130464
38134,0.1721230747046106
38135,0.12788963702294376
38136,0.092803214903498
38137,0.10405024224652124
38138,0.349908
38139,0.219997
38140,0.15551500144857996
38141,0.14003723362512757
38142,0.08661679284959406
38143,1.0
38144,1.0
38145,0.5625919288673801
38146,0.15488728597864113
38147,0.027686214571525068
38148,0.7423500536909565
38149,0.05116383898696149
38150,0.2408510290457908
38151,0.14178563973372948
38152,0.15830554941178987
38153,0.021872306659967762
38154,0.219997
38155,0.08978754357227572
38156,0.21500111386793042
38157,0.219997
38158,0.7353715687204951
38159,1.0
38160,0.219997
38161,0.219997
38162,0.0893504318130465
38163,0.08408932597007251
38164,0.18461674482889642
38165,0.12996239888931901
38166,0.04431808831877908
38167,0.006693432727655434
38168,0.1499856220571263
38169,0.19476563225908916
38170,0.05961652203928068
38171,0.1616457336073841
38172,0.037070825821643956
38173,1.0
38174,1.0
38175,1.0
38176,0.10453714547716779
38177,0.220016
38178,0.6534514060000076
38179,0.02725263143609309
38180,0.012801268614168393
38181,0.022541054007670487
38182,0.07262143745949791
38183,0.02626816262859833
38184,0.6418965937591234
38185,1.0
38186,0.07513151791585848
38187,0.19931206850997035
38188,0.10844226647170906
38189,0.18994766835826038
38190,0.10052075759258748
38191,0.219997
38192,0.12652597421655037
38193,0.11471516047536474
38194,0.0427188713220815
38195,0.1060677362739462
38196,0.16630887016812795
38197,0.0394498834734247
38198,0.06878544552017392
38199,0.5374717101824584
38200,0.3044531948834765
38201,0.219997
38202,0.07619669001757588
38203,0.03586977348573616
38204,0.15199692724297853
38205,0.09854830469760645
38206,0.219997
38207,0.0483054766621267
38208,0.029919596953715502
38209,0.012351199283899722
38210,0.025586749972499014
38211,0.003970537535058639
38212,0.054221090481271564
38213,0.050762147948317765
38214,0.2343874436300695
38215,0.8114925177222527
38216,0.219997
38217,0.220016
38218,0.219997
38219,0.219997
38220,0.20435605885794872
38221,1.0
38222,0.07059396645957683
38223,0.01903657029526742
38224,0.219997
38225,0.2189706303506668
38226,0.350009
38227,0.350009
38228,0.3415237884663402
38229,0.10650964915950542
38230,1.0
38231,0.220016
38232,0.19135632039657022
38233,0.220016
38234,0.03687306597802508
38235,0.028148073061439405
38236,0.9335431013229558
38237,0.06560397596861058
38238,0.033556673709538846
38239,0.09322861684939907
38240,0.07827351456921
38241,0.219997
38242,0.575178604198063
38243,0.349908
38244,0.6122695486337147
38245,0.2711271461573965
38246,0.16329145547636587
38247,0.2077136543959266
38248,0.349908
38249,0.045710922165045575
38250,0.18899331063744312
38251,0.14026990711130663
38252,0.1243156928139559
38253,0.5770169840055226
38254,0.2893759109365668
38255,0.04284112043600576
38256,0.7455378017868608
38257,0.349908
38258,0.09201948776497665
38259,0.12889963481579306
38260,0.05830938300823344
38261,0.07369458011849618
38262,0.0524161642308494
38263,0.060110465577865764
38264,0.1475942786605651
38265,0.13225321304686144
38266,0.10126092083852668
38267,0.5753148637219535
38268,1.0
38269,0.5754446072256614
38270,0.349908
38271,0.82825326524399
38272,0.13519875142114893
38273,0.026842823442811775
38274,0.07370483055731417
38275,0.0725950560987354
38276,0.2167041505568224
38277,0.349908
38278,0.056595039397270945
38279,0.04020141180421227
38280,0.0038066797780060006
38281,0.18734988510368683
38282,0.044553573115641454
38283,0.01120630537092324
38284,0.1466545545962043
38285,0.017415833943820576
38286,0.025417088188722178
38287,0.0484069599852628
38288,0.002774539045922245
38289,0.04343127961122046
38290,0.07301668684673085
38291,0.05705164984953897
38292,0.05135397859989832
38293,0.349908
38294,0.26526874099934356
38295,0.350009
38296,1.0
38297,1.0
38298,0.349908
38299,0.128127552134357
38300,0.007872406444391291
38301,0.012176201514252624
38302,0.05054399583792782
38303,0.20445427955855094
38304,0.08125862919589612
38305,1.0
38306,0.06313147886798211
38307,0.007431952823996234
38308,0.06544598884182222
38309,0.2020007891916298
38310,0.350009
38311,0.053924270317738526
38312,0.052278903289113866
38313,0.005516395492778385
38314,0.049690725264689956
38315,0.030908557150626473
38316,0.04504268789879186
38317,0.15315178391968787
38318,0.09347194825674152
38319,1.0
38320,0.38864492509423026
38321,0.349908
38322,1.0
38323,0.5380404067014959
38324,0.349908
38325,0.219997
38326,0.038706918709908
38327,0.043794958899633696
38328,0.03584091905223384
38329,0.08261295047258936
38330,0.024765579528314534
38331,0.0070240597009665826
38332,0.11965782191470725
38333,0.49085487272148454
38334,0.220016
38335,0.349908
38336,0.061810889831645836
38337,0.220016
38338,0.219997
38339,0.219997
38340,0.13524179821896481
38341,0.1054412011328723
38342,0.04342165191696615
38343,0.007420058848660604
38344,0.13396974185118113
38345,1.0
38346,0.350009
38347,1.0
38348,0.7460787358676674
38349,0.349908
38350,0.20115644221404527
38351,0.219997
38352,0.02214947577235937
38353,0.02137083170074373
38354,0.020799550894366237
38355,0.016267322095993436
38356,0.14341659549284738
38357,0.17663813420597807
38358,0.035037348606222624
38359,0.33440048318505095
38360,0.032039550868823805
38361,0.08956073647590009
38362,0.349908
38363,0.0930910037472482
38364,0.020822200318620275
38365,0.017474580658676495
38366,0.08468056286974913
38367,0.349908
38368,0.009097865127186057
38369,0.219997
38370,0.219997
38371,0.09915328587376791
38372,0.219997
38373,0.07076076917337593
38374,0.219997
38375,0.07972204264122264
38376,0.046539092969234835
38377,0.220016
38378,0.15577217800040816
38379,0.10432652290227466
38380,0.008453968479785653
38381,0.10491492394432013
38382,0.010198553617899906
38383,0.219997
38384,0.04871671780858779
38385,0.04673526223445536
38386,0.11413400196047978
38387,0.03292270487759477
38388,0.030416370052841903
38389,0.05562824568112629
38390,0.219997
38391,0.29142575416097866
38392,1.0
38393,0.219997
38394,0.018621325298456837
38395,0.050128838700278344
38396,0.03339188615306444
38397,0.0570392914168503
38398,0.008865952531592388
38399,0.16203013655916004
38400,0.11293310108739575
38401,0.018183587974799385
38402,0.0020317586867104097
38403,0.017111016575415118
38404,0.04892658759274249
38405,0.1336575683950267
38406,0.1277759517515089
38407,0.7325249007145032
38408,0.02328698227124078
38409,0.027089227201094124
38410,0.03697787343372975
38411,0.10930245131879235
38412,0.13474027927507765
38413,0.8470181850258517
38414,0.219997
38415,0.016355043506547436
38416,0.2802440201621216
38417,0.11878909419317224
38418,0.219997
38419,0.010144155017328437
38420,0.018087211686193688
38421,0.33704715533422325
38422,0.017748525798537182
38423,0.1771218703451133
38424,0.06231236804657424
38425,0.054545980335042585
38426,0.008958341763214769
38427,0.02433636954875072
38428,0.092917221828977
38429,0.2576066092601556
38430,0.010568778680552695
38431,0.033099886347395246
38432,0.03216765261845173
38433,0.024018073532342213
38434,0.14904709138904815
38435,0.220016
38436,0.07012714206171274
38437,0.219997
38438,0.11726612741824752
38439,0.010913445936611718
38440,0.019473820223487644
38441,0.06900483771617187
38442,0.5855405014685494
38443,0.9460748299613451
38444,0.029948139970149626
38445,0.05893931721740556
38446,0.05166952580874013
38447,0.01862847169371264
38448,0.5159805817943477
38449,1.0
38450,0.219997
38451,0.18635414462166094
38452,0.012959193985788778
38453,0.07788543752901761
38454,0.07102224031688877
38455,0.16117263887239147
38456,0.14412528690242773
38457,0.18045969498376868
38458,0.11910165591534282
38459,1.0
38460,0.0593257896139953
38461,0.024319721043311093
38462,0.1557147419209292
38463,0.1018685678083205
38464,0.04446895930544194
38465,0.027053496543776288
38466,0.219997
38467,0.6335870802708
38468,0.03752943213268692
38469,0.22987350239945792
38470,0.04036254214428595
38471,0.219997
38472,0.016763820695092704
38473,0.002510060310995752
38474,0.03879757517443785
38475,0.03792176835967153
38476,0.017479222214672248
38477,0.08062783077812935
38478,0.12120938328962448
38479,0.03113734994209586
38480,0.13321990684855053
38481,0.00843770622463399
38482,0.009092536917186159
38483,0.219997
38484,0.06681536162429073
38485,0.08699602473003304
38486,0.16852350690544735
38487,0.062441427713489615
38488,0.022175090046614526
38489,0.0554891916974093
38490,1.0
38491,0.039589348760511095
38492,0.219997
38493,0.17752244711922285
38494,0.037090430016121535
38495,0.027888126948646
38496,0.0337922481903536
38497,0.021433267756993606
38498,0.349908
38499,0.014654128316962112
38500,0.011478014248615217
38501,0.025043718265644662
38502,0.03896365790866246
38503,0.350009
38504,0.016072582099423284
38505,0.15706205086355202
38506,0.07171361127684976
38507,0.08184395463846167
38508,0.5416851324539271
38509,0.040839048443581716
38510,0.04336073935752177
38511,0.03862956981443294
38512,0.02225310107175436
38513,0.0836396565221795
38514,0.20575719272811868
38515,0.0997214655949298
38516,0.00308900671491178
38517,0.07082639657807559
38518,0.2730434118090462
38519,0.08465104390150695
38520,0.18529553264204113
38521,0.15107953170259303
38522,0.012585146849204022
38523,0.09717708334040426
38524,0.02503354060601818
38525,0.18166799338933934
38526,0.219997
38527,0.220016
38528,0.010556447464745345
38529,0.04318535251772514
38530,0.02008709962528547
38531,0.018596820549284392
38532,0.031804617109038286
38533,0.00878838685317456
38534,0.009203702061081087
38535,0.06080582714044325
38536,0.219997
38537,0.219997
38538,0.07528596433680175
38539,0.20370980939310565
38540,0.349908
38541,0.03310265394839909
38542,0.022157433884678203
38543,0.023915728609925167
38544,0.02621756326930323
38545,0.017148284256360675
38546,0.007064925741574577
38547,0.06949700569999903
38548,0.03239926721254782
38549,0.14761855568310464
38550,0.08885345612088037
38551,0.018777440856510858
38552,0.219997
38553,0.06231894167082456
38554,0.0777416835531177
38555,0.0069514809233933265
38556,0.08628859232208026
38557,0.0279263684849029
38558,0.219997
38559,0.349908
38560,0.06249877697130941
38561,0.1274132171299081
38562,0.18496039192709404
38563,0.07376882071496547
38564,0.09155195713194338
38565,0.21237029203295182
38566,0.04309363975383057
38567,0.15628688268635713
38568,0.219997
38569,0.02285239539156478
38570,0.0009529374359489741
38571,0.05450664829560439
38572,0.03321999844377195
38573,0.01953686944433345
38574,0.0324460035873135
38575,0.005928658169661054
38576,0.219997
38577,0.20132395872504374
38578,0.047598606827571006
38579,0.219997
38580,0.036615974871743034
38581,0.07289894020311385
38582,0.052520610127976666
38583,0.1015551885197573
38584,0.0518426459763895
38585,0.219997
38586,0.219997
38587,0.027183370645546743
38588,0.17530351430889035
38589,0.025292863804186733
38590,0.00541929358946784
38591,0.0015212882083895979
38592,0.018620003873096206
38593,0.052152175203103564
38594,0.018052785210654242
38595,0.051196633235661836
38596,0.07545549804618099
38597,0.07423898192854814
38598,0.05300734432986412
38599,0.06628337525980414
38600,0.11718700903429888
38601,0.03086115498362019
38602,0.04788193821090594
38603,0.4935125781287928
38604,0.06268662034097623
38605,0.025253775615179795
38606,0.3374795362286292
38607,0.34158920448823793
38608,0.039664745982808225
38609,0.0748990670645403
38610,0.2732901872969648
38611,0.13567796671912988
38612,0.350009
38613,0.13586634250863658
38614,0.24874142305265293
38615,0.13346416355008456
38616,0.01562131316553801
38617,0.02141223236323568
38618,0.017786708767123724
38619,0.219997
38620,1.0
38621,0.220016
38622,0.029746160374953447
38623,0.350009
38624,0.12203954112157449
38625,0.018707133366517487
38626,0.025051944396098254
38627,0.17303714450382285
38628,0.219997
38629,0.9510999766121211
38630,0.5453011131617238
38631,0.06971152553613431
38632,0.024702735045842496
38633,0.29954983515318206
38634,0.219997
38635,0.02792174971326079
38636,0.04137205559914969
38637,0.10283172588487796
38638,0.015965534612125996
38639,0.219997
38640,0.47889075995462954
38641,0.220016
38642,0.22359559308544158
38643,0.7874977134690725
38644,0.219997
38645,0.03212669991294454
38646,0.5498126792290745
38647,0.1509831163205075
38648,0.14527826351714332
38649,0.10308348616223376
38650,0.04755601837114376
38651,0.07032134144615745
38652,0.1219743294754818
38653,0.09908827461309637
38654,0.219997
38655,0.219997
38656,0.046817909111855696
38657,0.219997
38658,0.350009
38659,0.08041626233656586
38660,0.06119448231270065
38661,0.08567053438833433
38662,0.08309702083586298
38663,0.016675747521866572
38664,0.14364559033534058
38665,0.219997
38666,0.2992788573901217
38667,0.12183177370920825
38668,0.0850086184749363
38669,0.0830283801187148
38670,0.03937805739309579
38671,0.5004230449809494
38672,0.185942126284709
38673,0.00898977080969858
38674,0.5694245545214992
38675,0.5290467405643037
38676,0.061756556099152454
38677,0.21370035827185974
38678,0.04915931086378111
38679,0.025904690169811256
38680,0.020128817889482967
38681,0.14740520225561807
38682,0.1875283556083269
38683,0.349908
38684,0.6490973797986345
38685,0.220016
38686,0.13763782596651197
38687,0.014854908643907875
38688,0.06589209596099337
38689,0.349908
38690,0.029646958344179714
38691,0.1050519196863248
38692,0.219997
38693,0.06701374915000763
38694,0.013328910860317233
38695,0.24518429394312816
38696,0.48458723676590615
38697,0.1823100500326311
38698,0.06018074739546901
38699,0.12920197812020084
38700,0.11143015288434199
38701,0.00468599830177957
38702,0.026026091084538162
38703,0.03223738852463792
38704,0.14551029623458855
38705,0.21051550306840774
38706,0.10412604847957758
38707,0.09226753403878742
38708,0.017882032230198307
38709,0.10222857755722509
38710,0.0870554279644633
38711,0.349908
38712,0.1326918063269978
38713,0.1771898893687235
38714,0.0007318351048538653
38715,0.09894811866589655
38716,0.030716590978371514
38717,0.06698203901211602
38718,0.026181370141573283
38719,0.03718709938294921
38720,0.10233414629084926
38721,0.08727524859472793
38722,0.1463735704106873
38723,0.7682192605627491
38724,0.6855351916281033
38725,0.030569416118306884
38726,0.03061773262444261
38727,0.04257863664855512
38728,0.12343478271715298
38729,0.03561032577425794
38730,0.038046877540826675
38731,0.011875194094484572
38732,0.053643720373301146
38733,0.19848651990998614
38734,0.06315674476379343
38735,0.054885953924761165
38736,0.0887996266658353
38737,0.08487352700908292
38738,0.13025865735316988
38739,0.219997
38740,0.349908
38741,0.220016
38742,0.08061801813623636
38743,0.0701498804133548
38744,0.05535780735039574
38745,0.11096714088817596
38746,0.07095575489901576
38747,0.01893476523974348
38748,0.349908
38749,0.051561916322989836
38750,0.7540754552037369
38751,0.06212970593311073
38752,0.11605449363047353
38753,0.09191911834659876
38754,0.05040993795138937
38755,0.09654660524087501
38756,0.0009502365187694
38757,0.033454529971492286
38758,0.04929219833755937
38759,0.03199196902377197
38760,0.1642735518208151
38761,0.010129134941065076
38762,0.13537344982997798
38763,0.08220430454105891
38764,0.10550796768726281
38765,0.219997
38766,0.5680392169908728
38767,0.13203878381855624
38768,0.026782844833010345
38769,0.18218881714730956
38770,0.033193202458015846
38771,0.042626479464336946
38772,0.2126254105060878
38773,0.08871185767219668
38774,0.11712668559238094
38775,0.010592572490447316
38776,0.11152972552036379
38777,0.03058191564276018
38778,0.04490607882768996
38779,0.02676901598377284
38780,0.14547380828029322
38781,0.016096491870186767
38782,0.03759885093631189
38783,0.04845345033431317
38784,0.012194309045763468
38785,0.036170368831797875
38786,0.0942136592305188
38787,0.08355643618920945
38788,0.12122420962616799
38789,0.14404387192724674
38790,0.134193774097613
38791,0.219997
38792,0.2951194604251695
38793,0.349908
38794,0.008112432557722886
38795,0.1463467235490524
38796,0.07692955666075162
38797,0.07492916942933318
38798,0.09037942102695677
38799,0.08785466342188071
38800,0.017357080479852544
38801,0.06844192519159786
38802,0.027263394244492905
38803,0.038970536453090523
38804,0.023224091232414992
38805,0.219997
38806,0.034956924852065085
38807,0.08078012931819022
38808,0.349908
38809,0.0976861079439413
38810,0.1587315581024818
38811,0.349908
38812,0.14370298060532283
38813,0.13999902152048174
38814,0.0480686001565609
38815,0.09778894743620886
38816,0.07484588556466942
38817,0.12603788186863077
38818,0.06168447468309696
38819,0.015333480441005638
38820,0.029570711099811763
38821,0.349908
38822,0.16927155409121822
38823,0.04231855581389253
38824,0.017295588331746832
38825,0.0206331097606844
38826,0.035597849239435105
38827,0.034723131341595465
38828,0.12711528923210308
38829,1.0
38830,0.08221777099078037
38831,0.06836700789004675
38832,0.12486904337484449
38833,1.0
38834,0.219997
38835,0.01087581797908678
38836,0.13548406507927443
38837,0.08189297834002367
38838,0.219997
38839,0.49588120990390366
38840,0.12358181563532007
38841,0.00012853514629242586
38842,0.06314928780898586
38843,0.07459077023401924
38844,0.11395065669631844
38845,0.21878790668822629
38846,0.03382497981853037
38847,0.1541844840732423
38848,0.0405480553635207
38849,0.08616881620687761
38850,0.00569606936040654
38851,0.029656132824880294
38852,0.11941783184716483
38853,0.07803936349477951
38854,0.02838265761537485
38855,0.10450544855374784
38856,0.13543283426505304
38857,0.349908
38858,0.12918970736118926
38859,0.04122709429368195
38860,0.08605731920200262
38861,0.19809443846889718
38862,0.219997
38863,0.0709220587773081
38864,0.11338733727377472
38865,0.026160180183440754
38866,0.012259185799587955
38867,0.07557807142429428
38868,0.7673030266878378
38869,0.008654375156142589
38870,0.219997
38871,0.350009
38872,0.1585162294516531
38873,0.026685959858782304
38874,0.014261548821260782
38875,0.042537397431309895
38876,0.016184174250501216
38877,0.350009
38878,0.349908
38879,0.1356615662652426
38880,0.09914801014250933
38881,0.219997
38882,0.219997
38883,0.13718293118954084
38884,0.219997
38885,0.350009
38886,0.10353790496927805
38887,0.033686907989177214
38888,0.19167764281679955
38889,0.08157853576211994
38890,0.349908
38891,1.0
38892,0.349908
38893,0.00012059652180154641
38894,0.220016
38895,0.219997
38896,0.06562831982490923
38897,0.008740794951206485
38898,0.0311812178204106
38899,0.09740007585420943
38900,0.023817340609350618
38901,0.07404499586444406
38902,1.0
38903,0.09248739329122929
38904,0.11415427628531848
38905,0.349908
38906,0.219997
38907,0.219997
38908,0.535680984100755
38909,0.219997
38910,0.022120537752180855
38911,0.219997
38912,0.219997
38913,0.12736227712423853
38914,1.0
38915,0.349908
38916,0.3289554261024324
38917,0.03703743454550152
38918,0.10144981525332081
38919,0.17222457221275642
38920,0.029750149805054086
38921,0.016993001878378478
38922,0.10531371658668648
38923,0.012935274833522699
38924,0.012289169203171437
38925,0.13669652152856218
38926,0.17813567164369543
38927,0.14092554740234423
38928,0.11305707376690155
38929,0.219997
38930,0.0744446844694015
38931,0.19632018948200033
38932,0.1902215521705134
38933,0.07189999576449407
38934,0.349908
38935,0.028003831272496855
38936,0.05383573300636825
38937,1.0
38938,1.0
38939,0.7265345099229263
38940,0.024850483663962045
38941,0.15611449915577388
38942,0.7252976980492939
38943,0.10662177397052205
38944,0.019681118294347585
38945,0.09169298727005681
38946,0.09396098962797503
38947,0.06903698984867475
38948,0.02609272214862295
38949,1.0
38950,0.05503732907168407
38951,0.025187537112903335
38952,0.1220138372480131
38953,0.13314644692292832
38954,0.05417341646123548
38955,0.109547484192091
38956,0.349908
38957,0.219997
38958,0.20179919705530305
38959,0.1339179096228876
38960,0.050638749299660155
38961,1.0
38962,1.0
38963,0.5154205697751504
38964,0.15844885131174333
38965,0.024415911850487113
38966,0.8359105650840295
38967,0.0942967870688038
38968,0.220016
38969,0.15477426289530022
38970,0.18197829842776414
38971,0.03203338651507265
38972,0.219997
38973,0.10096875610297139
38974,0.09401500492026406
38975,0.219997
38976,0.8897950327821676
38977,1.0
38978,0.219997
38979,0.21955518093264337
38980,0.0504256696207868
38981,0.05050380515070472
38982,0.1806103660291134
38983,0.099268198258474
38984,0.0358043841268796
38985,0.13716877809221165
38986,0.18291806300574787
38987,0.06358843964945177
38988,0.18874931557019198
38989,0.01015817614226346
38990,1.0
38991,1.0
38992,1.0
38993,0.006060766875196665
38994,0.1474957797658661
38995,0.220016
38996,0.0004888279794877934
38997,0.7981912955030454
38998,0.034051723651680466
38999,0.008079676989156006
39000,0.042207108060657667
39001,0.10646822294430841
39002,0.06318276221753343
39003,0.8680736404660071
39004,1.0
39005,0.07765560078839058
39006,0.14613558993473202
39007,0.1341710334790609
39008,0.16412921161664093
39009,0.05637648810099445
39010,0.29020821257402896
39011,0.12481223370953148
39012,0.09961455297802621
39013,0.08226622105108561
39014,0.19167756756213403
39015,0.2075052025777758
39016,0.06344402490508193
39017,0.06649598077978144
39018,0.349908
39019,0.349908
39020,0.1850450203618067
39021,0.1393407916902395
39022,0.09101138131200011
39023,0.18442648336841952
39024,0.0640477877693864
39025,0.0013306075443959256
39026,0.0319077999186224
39027,0.04683500199342405
39028,0.07690206015140852
39029,0.350009
39030,0.8384381927701945
39031,0.219997
39032,0.18540052310101546
39033,0.2820501781871857
39034,0.219997
39035,0.16768077849485308
39036,1.0
39037,0.0826668735309933
39038,0.033027958605820126
39039,0.01717952600386354
39040,0.219997
39041,0.219997
39042,0.3614368950416168
39043,0.349908
39044,0.219997
39045,0.10511163700475816
39046,1.0
39047,0.1983752494773758
39048,0.220016
39049,0.219997
39050,0.026980201502863777
39051,0.016729766243421186
39052,0.349908
39053,0.07206406628590899
39054,0.024699060039374277
39055,0.03588444258782277
39056,0.07187635269198978
39057,0.10974887433673013
39058,0.4507155336037701
39059,0.349908
39060,0.349908
39061,0.349908
39062,0.219997
39063,0.219997
39064,0.349908
39065,0.038749596703220396
39066,0.2114851413641839
39067,0.13814408345059412
39068,0.05715636356187987
39069,0.72853815102087
39070,0.24360722238914728
39071,0.02438307822486775
39072,0.7206980645623885
39073,0.2891879395833857
39074,0.1129955555710959
39075,0.17833473347095638
39076,0.046649008807007265
39077,0.049612311401369395
39078,0.027394739250757437
39079,0.07010104951997374
39080,0.07586488146157574
39081,0.11752570357466723
39082,0.16946521843323858
39083,0.6359899851611156
39084,1.0
39085,0.574439295588594
39086,0.4663845427035397
39087,0.750360007234089
39088,0.1584749452668599
39089,0.004655400136885987
39090,0.05762822784301509
39091,0.04423911867826813
39092,0.1372189254993608
39093,0.3476338172010513
39094,0.06253256107984505
39095,0.1068378547877362
39096,0.09085376025356225
39097,0.219997
39098,0.00873606215810564
39099,0.021867613710757926
39100,0.03042324321443743
39101,0.038343964454751696
39102,0.02817942497679121
39103,0.017188911087005574
39104,0.01835825073127982
39105,0.042550340254118704
39106,0.07713026760879359
39107,0.01640719477901258
39108,0.4856124564636847
39109,0.27656303379810354
39110,0.350009
39111,1.0
39112,1.0
39113,0.3066522890783138
39114,0.10588099186012202
39115,0.050184461747989066
39116,0.0032022926154912255
39117,0.08284736544181778
39118,0.16456644382975602
39119,0.056105473373390044
39120,1.0
39121,0.10095199470000657
39122,0.02689796930738772
39123,0.08461506587869219
39124,0.1305154338158036
39125,0.350009
39126,0.020880581794701085
39127,0.03211606919019749
39128,0.006685892111361954
39129,0.03494064680825422
39130,0.025482073766737348
39131,0.01997461447436794
39132,0.037063050315233464
39133,0.09480769611762908
39134,0.09760285893982976
39135,1.0
39136,0.44600626733664256
39137,0.4910095256859555
39138,1.0
39139,0.5690361124333488
39140,0.349908
39141,0.18590140732659963
39142,0.043794958899633696
39143,0.029986049811492548
39144,0.026243084924381932
39145,0.016531359670136744
39146,0.028970849906970696
39147,0.09385842217115602
39148,0.6717808530892581
39149,0.219997
39150,0.349908
39151,0.029433678836259095
39152,0.219997
39153,0.219997
39154,0.14205217845325946
39155,0.09802094577239695
39156,0.08952928232443662
39157,0.04342165191696615
39158,0.013966315131139655
39159,0.01771755496175232
39160,0.2068365594827387
39161,1.0
39162,0.350009
39163,1.0
39164,0.8302436638990232
39165,0.33773170287715354
39166,0.20754619672338442
39167,0.20373315621222243
39168,0.010545217891916968
39169,0.048282763119478246
39170,0.020799550894366237
39171,0.03262735270906411
39172,0.1625682796130639
39173,0.2104097379692432
39174,0.029668150163635918
39175,0.219997
39176,0.03948713185685394
39177,0.12637679395250534
39178,0.349908
39179,0.10297493010017673
39180,0.10481332982973936
39181,0.349908
39182,0.21150855568700194
39183,0.219997
39184,0.09083128237684904
39185,0.219997
39186,0.219997
39187,0.023252419352209796
39188,0.054411211887702614
39189,0.08824856272561321
39190,0.1085952753408962
39191,0.006750637275711449
39192,0.11585196776425444
39193,0.013808193011681106
39194,0.219997
39195,0.07023305901507956
39196,0.008069667779157727
39197,0.11025609625932424
39198,0.07586935078374986
39199,0.05058145479589052
39200,0.04031649750662729
39201,0.219997
39202,0.2913419196794902
39203,1.0
39204,0.219997
39205,0.018621325298456837
39206,0.025574225258925082
39207,0.03468073561226584
39208,0.03514531279120793
39209,0.11744240130835588
39210,0.20205426081509678
39211,0.17245222749924943
39212,0.012004081882156747
39213,0.07828456391131877
39214,0.02736758590565922
39215,0.04353498759556358
39216,0.10111860775380509
39217,0.1041231245769836
39218,0.087992833567593
39219,0.7126652093696682
39220,0.02328698227124078
39221,0.027089227201094124
39222,0.07551749410056488
39223,0.08073090826717462
39224,0.11719743565347349
39225,0.9888774538547757
39226,0.219997
39227,0.0050566309800304165
39228,0.3049658779301053
39229,0.09737875773962064
39230,0.03945441281008224
39231,0.15149715286554793
39232,0.219997
39233,0.012860914404131197
39234,0.32536779419585776
39235,0.018507123644334548
39236,0.21518528925647487
39237,0.0688568765929236
39238,0.0719885621609014
39239,0.014913632845342849
39240,0.04063439961265426
39241,0.11045752309572338
39242,0.4358912931392554
39243,0.043033152979487746
39244,0.005670050652364865
39245,0.01772441499258802
39246,0.06830142314840697
39247,0.10597549065304929
39248,0.219997
39249,0.06472400580665533
39250,0.2683626272018314
39251,0.08205057103639023
39252,0.06488738295830336
39253,0.01164270452497158
39254,0.08476769539596818
39255,0.03058871965184504
39256,0.349908
39257,0.7407656045957136
39258,0.07216016293940977
39259,0.0991961991506728
39260,0.592707746894138
39261,1.0
39262,0.219997
39263,0.219997
39264,0.007422860009769685
39265,0.0794438887121338
39266,0.11836066466957469
39267,0.1891505092374483
39268,0.1429073434797755
39269,0.13963423079134998
39270,0.12417312226297911
39271,1.0
39272,0.1349297472831781
39273,0.1581659371083119
39274,0.08767497642781777
39275,0.00038110639500388196
39276,0.13144309056860326
39277,0.5344461693619232
39278,0.06383418515730499
39279,0.219997
39280,0.033392035452730624
39281,0.219997
39282,0.010271887839180083
39283,0.06871903445462377
39284,0.022695803845327683
39285,0.007792164676519448
39286,0.002848100718808876
39287,0.11811937528551442
39288,0.14907249916988366
39289,0.027336032401226635
39290,0.06893682313314278
39291,0.019449001784664247
39292,0.0016473727920343574
39293,0.219997
39294,0.06950376232660915
39295,0.09686998143655402
39296,0.00025759432785409217
39297,0.1430318628970186
39298,0.08496862947277938
39299,0.06649099503108274
39300,1.0
39301,0.056631558277256924
39302,0.219997
39303,0.08927603085303727
39304,0.058424251486996606
39305,0.03969397927502236
39306,0.024347922384036987
39307,0.009584666182493347
39308,0.0143158655959781
39309,0.349908
39310,0.010190126126175161
39311,0.004119216196625501
39312,0.019297437795944845
39313,0.219997
39314,0.02830399495393739
39315,0.19076620332980243
39316,0.01895246261537795
39317,0.06799963530396413
39318,0.5241831205186952
39319,0.040839048443581716
39320,0.028017467249908754
39321,0.006028837926023112
39322,0.023676152971705722
39323,0.07002526727751292
39324,0.20229905030992
39325,0.09610953577722034
39326,0.02100289942350183
39327,0.010091958158795957
39328,0.097322522727167
39329,0.28538564635594416
39330,0.09241439176997264
39331,0.039513117121517706
39332,0.10796948063142303
39333,0.03744567246597009
39334,0.06140678586437417
39335,0.12323067196142581
39336,0.28348768229926646
39337,0.1491011663805616
39338,0.02008709962528547
39339,0.011399105095989615
39340,0.017044966657747854
39341,0.016463112730446827
39342,0.018840128745257905
39343,0.005944115877279238
39344,0.02360954924798347
39345,0.08425095917457472
39346,0.219997
39347,0.13618997662933433
39348,0.154252947762225
39349,0.219997
39350,0.349908
39351,0.012977368726402308
39352,0.023433413877412736
39353,0.04651972345751556
39354,0.0448583167118168
39355,0.020171131957128767
39356,0.02281930598178009
39357,0.029363759622950545
39358,0.01973337405625758
39359,0.012117272542390891
39360,0.014447444846122854
39361,0.025366173702501094
39362,0.15064040383909624
39363,0.029036874709836635
39364,0.13231484584550013
39365,0.219997
39366,0.06029485850794342
39367,0.028364849678301354
39368,0.025610858589952896
39369,0.2040518756507841
39370,0.007635064909386953
39371,0.5352849941754318
39372,0.029463283738857676
39373,0.07273723788579033
39374,0.13893139649467423
39375,0.02015208600887678
39376,0.10681160314342467
39377,0.060117260205324353
39378,0.007010711534582044
39379,0.219997
39380,0.03406046060709894
39381,0.219997
39382,0.219997
39383,0.039528405747389764
39384,0.028761142706419336
39385,0.011956627272762097
39386,0.020488044815996618
39387,0.019013192116432088
39388,0.04172994894692734
39389,0.012125847671318768
39390,0.219997
39391,0.219997
39392,0.219997
39393,0.017529157276704302
39394,0.016978869488480517
39395,0.07671803874031644
39396,0.043878470476158546
39397,0.027167384972168612
39398,0.08797662536390735
39399,0.05673872200015523
39400,0.349908
39401,0.349908
39402,0.038795815124763176
39403,0.191726786343214
39404,0.025292863804186733
39405,0.027965220771922546
39406,0.048608066768438776
39407,0.03055372913454746
39408,0.07868487606269427
39409,0.006820709018125653
39410,0.03268964397138379
39411,0.051196633235661836
39412,0.013522343172214372
39413,0.09067415550166745
39414,0.023208383440176734
39415,0.10262158650388656
39416,0.012449493227977889
39417,0.056846363121346256
39418,0.08762913448101468
39419,0.314670526030398
39420,0.018308021327735458
39421,0.219997
39422,0.07043701869449566
39423,0.219997
39424,0.349908
39425,0.04894859441221335
39426,0.0748990670645403
39427,0.2454617885322551
39428,0.1583926745636861
39429,0.244142567462636
39430,0.220016
39431,0.20740942160014167
39432,0.07082165568247038
39433,0.004183166865989245
39434,0.02271896232321134
39435,0.02141223236323568
39436,0.219997
39437,0.0465584333634081
39438,1.0
39439,0.09998891441458131
39440,0.07017385801107257
39441,0.29421830402931043
39442,0.15778000611664503
39443,0.020478141035855116
39444,0.014904589516223306
39445,0.1673359304016116
39446,0.16743602709054597
39447,0.7636526548445659
39448,0.5614086186693358
39449,0.08023598883078012
39450,0.1016340083560485
39451,0.219997
39452,0.27955719260136513
39453,0.013890938457933414
39454,0.06339685466640403
39455,0.036453836150557084
39456,0.06854696812443116
39457,0.219997
39458,0.4329016189119441
39459,0.1503396328241965
39460,0.3232391313530318
39461,0.9504442334085028
39462,0.220016
39463,0.03212669991294454
39464,0.4945406065172074
39465,0.17762095289541827
39466,0.1739447223246429
39467,0.030918484030577564
39468,0.008006252491515316
39469,0.0569336852099043
39470,0.18163976939703028
39471,0.1321114222785
39472,0.15782370375025664
39473,0.219997
39474,0.219997
39475,0.350009
39476,0.08226010521488107
39477,0.06156851689950722
39478,0.11695725883751214
39479,0.07710387068837674
39480,0.07934558754650772
39481,0.04282872150292395
39482,0.075569022128098
39483,0.04018861115595863
39484,0.19165715507929124
39485,0.219997
39486,0.219997
39487,0.029942836625913707
39488,0.018888470630581224
39489,0.7615427492285989
39490,0.15192062731046357
39491,0.220016
39492,0.4163597354059715
39493,0.5335830968604757
39494,0.009159327099891545
39495,0.09003309536236005
39496,0.14979454209560605
39497,0.011440105158715385
39498,0.03205058232894941
39499,0.09884422355580273
39500,0.016726319822029965
39501,0.1528937397520483
39502,0.219997
39503,0.4586799483874534
39504,0.024782001480261696
39505,0.220016
39506,0.17575845602570883
39507,0.17828119106604523
39508,0.349908
39509,0.009812808753277637
39510,0.219997
39511,0.06701374915000763
39512,0.219997
39513,0.6101073146989612
39514,0.19391201229420693
39515,0.01640920665587983
39516,0.062096140493675275
39517,0.010244032423244145
39518,0.12404672116415386
39519,0.026026091084538162
39520,0.029372055930978393
39521,0.16038735404575177
39522,0.12741196826535378
39523,0.09953676770534134
39524,0.14255996228999734
39525,0.048953365215463236
39526,0.0517748191217243
39527,0.051837647043234375
39528,0.0419505195498542
39529,0.031119564907707602
39530,0.219997
39531,0.13318303796403808
39532,0.15389690031514422
39533,0.010371674194793658
39534,0.1284461394977889
39535,0.0741528034524137
39536,0.022329622392466865
39537,0.03528386461212433
39538,0.09164915354524468
39539,0.0919593539247612
39540,0.07887438161612961
39541,0.7302460299209945
39542,0.7649900574142859
39543,0.060173942903984146
39544,0.013923602676797587
39545,0.08232739206815046
39546,0.021370623401733863
39547,0.023442264921556728
39548,0.10889462437334133
39549,0.007602377827800175
39550,0.219997
39551,0.09928202707556043
39552,0.07426034642746612
39553,0.07627520359172023
39554,0.01001904481027317
39555,0.06528185881945013
39556,0.09978411206896033
39557,0.220016
39558,0.350009
39559,0.220016
39560,0.06880336683755472
39561,0.07307918545820719
39562,0.05573585885426413
39563,0.07822745176754407
39564,0.09760068835383616
39565,0.01893476523974348
39566,0.47810243100857946
39567,0.04765526036384904
39568,0.8216070788779919
39569,0.08017833430300542
39570,0.006131854210980639
39571,0.09001213489713045
39572,0.05951337472661816
39573,0.07071879264900936
39574,0.014165091398662446
39575,0.041924892065671696
39576,0.012200523504494298
39577,0.029566291483985464
39578,0.04582621553081708
39579,0.05172059281371644
39580,0.15761229968399537
39581,0.0462645339851064
39582,0.128383092781636
39583,0.07049797456225464
39584,0.17949978594799224
39585,0.349908
39586,0.5640543836978095
39587,0.1232571317435233
39588,0.19431881252406652
39589,0.027184856850903476
39590,0.022706323933043303
39591,0.219997
39592,0.1482433517409008
39593,0.045616067002727245
39594,0.05715503721118094
39595,0.12356198775030414
39596,0.028806642606494213
39597,0.023846798823930322
39598,0.014399088937943776
39599,0.19452841958044179
39600,0.016096491870186767
39601,0.04094633188477048
39602,0.02290774158141095
39603,0.05751624823182247
39604,0.03539728699832867
39605,0.08820197412426002
39606,0.09997362148526034
39607,0.12956863918220668
39608,0.0925164203267684
39609,0.26635667188705126
39610,0.2260028918770136
39611,0.219997
39612,0.02180392719018283
39613,0.14852845112178775
39614,0.008380359582406034
39615,0.06506331612538996
39616,0.10405259303856353
39617,0.06879583448521447
39618,0.0037698200796938515
39619,0.0019504980028461506
39620,0.06477101048515764
39621,0.02449015738098884
39622,0.01780392193192347
39623,0.06052257090178821
39624,0.06990999545260249
39625,0.13993025523017963
39626,0.07906216856927815
39627,0.349908
39628,0.15956718237654333
39629,0.17336013077939125
39630,0.349908
39631,0.1917973322025658
39632,0.1355090221170358
39633,0.1416904015427823
39634,0.12902013165010223
39635,0.12794912122939844
39636,0.14597968935241465
39637,0.04696406850215069
39638,0.030869907028069073
39639,0.349908
39640,0.06910570357554126
39641,0.04754712126523527
39642,0.06580543420972383
39643,0.1034630359654519
39644,0.025572675399160628
39645,0.02570349781086921
39646,0.17879084404388976
39647,1.0
39648,0.19774810162501003
39649,0.023383004343841385
39650,0.07196911208365264
39651,1.0
39652,0.1951071145052633
39653,0.02510646983363527
39654,0.12841897214794182
39655,0.09598237417748036
39656,0.30951429157378024
39657,0.5996324692927342
39658,0.11192979587582332
39659,0.033432284829498185
39660,0.06178835290334216
39661,0.09080111028746933
39662,0.09180080103529635
39663,0.23491554235134288
39664,0.10604771671756451
39665,0.10088856200867798
39666,0.02013452996135785
39667,0.022818420179375434
39668,0.044527468285467366
39669,0.09634514599090586
39670,0.08261388191263058
39671,0.021024080184410418
39672,0.12022752334421596
39673,0.1739418609879521
39674,0.349908
39675,0.12455310196460698
39676,0.045729018769368496
39677,0.10477823885181352
39678,0.219997
39679,0.3113563946664407
39680,0.11854295889180069
39681,0.042378553503215496
39682,0.014792944735315812
39683,0.08620019356742632
39684,0.7844968545201649
39685,0.008274558771375846
39686,0.219997
39687,0.45667264407650754
39688,0.10371925703107869
39689,0.03654228755334451
39690,0.014261548821260782
39691,0.04295091290780965
39692,0.04359437515770423
39693,0.3982463227047895
39694,0.349908
39695,0.09071220914737023
39696,0.13629291871189492
39697,0.219997
39698,0.16824357284276284
39699,0.16524513742948455
39700,0.219997
39701,0.349908
39702,0.1518388044317568
39703,0.056428888272294156
39704,0.21166711867129653
39705,0.07108242894021127
39706,0.219997
39707,0.9472570042906511
39708,0.051289751120580596
39709,0.349908
39710,0.025864362068981156
39711,0.219997
39712,0.0022824589996154948
39713,0.03476543015485906
39714,0.12506038845337775
39715,0.023817340609350618
39716,0.06157773754100306
39717,1.0
39718,0.10308629482678251
39719,0.15650031963832398
39720,0.349908
39721,0.219997
39722,0.219997
39723,0.349908
39724,0.219997
39725,0.002580214026159982
39726,0.219997
39727,0.1575957007077668
39728,0.07814942120689936
39729,1.0
39730,0.5473581750969103
39731,0.349908
39732,0.039561811694995175
39733,0.1579092805162834
39734,0.09079944139214585
39735,0.029249980524256758
39736,0.002441586241104734
39737,0.029076864720544854
39738,0.07188623667621735
39739,0.012935274833522699
39740,0.030782391542959454
39741,0.17954558721017252
39742,0.21095045210097127
39743,0.0533746185519287
39744,0.1285325482605714
39745,0.19101653408725736
39746,0.08674093334244512
39747,0.16257100396923727
39748,0.14908523223029596
39749,0.09930024833083913
39750,0.219997
39751,0.028003831272496855
39752,0.08247059818881268
39753,1.0
39754,1.0
39755,0.8501618293675469
39756,0.014169499705014913
39757,0.013156924154014782
39758,0.15474485075373462
39759,0.695941045938923
39760,0.13742916331219207
39761,0.012007317870062756
39762,0.12184309707395788
39763,0.0886639600615362
39764,0.04198813741622579
39765,1.0
39766,0.08341110536003485
39767,0.07714775605680955
39768,0.2013286238616685
39769,0.07948839568086788
39770,0.09658091695560923
39771,0.07805886236527715
39772,0.5831676869965131
39773,0.219997
39774,0.1377131817613347
39775,0.11319125321773549
39776,0.08979528402800045
39777,1.0
39778,1.0
39779,0.542925745713349
39780,0.08023243108555021
39781,0.03719281048963046
39782,0.012468541762957367
39783,0.810420808446575
39784,0.05208861466009511
39785,0.219997
39786,0.13475613351197788
39787,0.18834333169885809
39788,0.02913752068140897
39789,0.2100195554297494
39790,0.11046404378422647
39791,0.18760613100810594
39792,0.219997
39793,1.0
39794,1.0
39795,0.219997
39796,0.20584504995417768
39797,0.10526480234187105
39798,0.05172069910428916
39799,0.0837529236614936
39800,0.12788984202256004
39801,0.062043409999683476
39802,0.0551664122064217
39803,0.12032941330414931
39804,0.17978986747213888
39805,0.219997
39806,0.037070825821643956
39807,1.0
39808,1.0
39809,1.0
39810,0.07092586277778398
39811,0.219997
39812,0.02042743968280463
39813,0.7508415514223906
39814,0.034051723651680466
39815,0.027063119787426513
39816,0.043481092718331185
39817,0.04121973249062487
39818,0.08468156694578902
39819,0.12389614608038652
39820,0.8220938196569231
39821,1.0
39822,0.06061967624843566
39823,0.12029042058487271
39824,0.13021629077755523
39825,0.17914974702515818
39826,0.09019427497663957
39827,0.20268629951248807
39828,0.14602844815028584
39829,0.05973036395010384
39830,0.1234783713902181
39831,0.07856843044874354
39832,0.1876937372436046
39833,0.349908
39834,0.2551621336425202
39835,0.18153792293055027
39836,0.06001738484831309
39837,0.10059569729252127
39838,0.049209897873849905
39839,0.21012083795638858
39840,0.05025470757075036
39841,0.0189978533224317
39842,0.055140628914717056
39843,0.00024004923254441536
39844,0.012201438414245076
39845,0.0657731687069521
39846,0.05048973488233816
39847,0.349908
39848,0.9672944580014887
39849,0.219997
39850,0.219997
39851,0.219997
39852,0.219997
39853,0.20182872958174425
39854,1.0
39855,0.09608306463591895
39856,0.026589976659701635
39857,0.219997
39858,0.1441642631237286
39859,0.30833623223290263
39860,0.4187508070728337
39861,0.219997
39862,0.08254158059148331
39863,1.0
39864,0.10915712332110097
39865,0.024292778809518887
39866,0.220016
39867,0.21778809046658323
39868,0.021442628022357656
39869,1.0
39870,0.029940999258592626
39871,0.025583307291218178
39872,0.03429003457749849
39873,0.06010620252822023
39874,0.10315962793075388
39875,0.4616689523053105
39876,0.349908
39877,0.349908
39878,0.349908
39879,0.18264580076388096
39880,0.219997
39881,0.349908
39882,0.009485402926075125
39883,0.1395738002746482
39884,0.17857012486735066
39885,0.11642922247665875
39886,0.5798617359111811
39887,0.349908
39888,0.7074752447888129
39889,0.349908
39890,0.08200089445228834
39891,0.13464477724182353
39892,0.16296715071774187
39893,0.018002636497371733
39894,0.0232357288887559
39895,0.02732866659445683
39896,0.07966667295735558
39897,0.06388613738121131
39898,0.11838353198469323
39899,0.220016
39900,0.7921663021378879
39901,1.0
39902,0.535355939356045
39903,0.349908
39904,0.9280739656061683
39905,0.13955439511471054
39906,0.09536622831057386
39907,0.05160415725813326
39908,0.16283284916451254
39909,0.349908
39910,0.06673537275799286
39911,0.03290448453824181
39912,0.08838345643693768
39913,0.219997
39914,0.04668383773115917
39915,0.044171791904664914
39916,0.03042324321443743
39917,0.01994680802376756
39918,0.02843127499967456
39919,0.044779434161332954
39920,0.042276107267446954
39921,0.09098910211673521
39922,0.349908
39923,0.220016
39924,0.350009
39925,1.0
39926,1.0
39927,0.349908
39928,0.1545904130355879
39929,0.06890674761048869
39930,0.032207687687932335
39931,0.09700184475976698
39932,0.1985780255302299
39933,0.08736907785211373
39934,1.0
39935,0.05818006214142769
39936,0.0045442571574932965
39937,0.11792276190990683
39938,0.15284525255063894
39939,0.350009
39940,0.11271010023271189
39941,0.08124022955056573
39942,0.023681549639066938
39943,0.02924586733551325
39944,0.015312309926370614
39945,0.017927399917517847
39946,0.019768536079262673
39947,0.12222599818396906
39948,0.1492618029029216
39949,1.0
39950,0.46268953735010027
39951,0.517601111258087
39952,1.0
39953,0.6208714084776424
39954,0.349908
39955,0.219997
39956,0.006624455698353071
39957,0.031117558795379703
39958,0.0012388020611827156
39959,0.08661227157822657
39960,0.00021412647314863627
39961,0.09664524915149836
39962,0.5875718820730235
39963,0.20620614335867601
39964,0.349908
39965,0.061723836030153745
39966,0.2035440793759206
39967,0.16241083527535538
39968,0.18194568777742517
39969,0.1809822171898326
39970,0.08048044599065059
39971,0.04342165191696615
39972,0.03476332781823788
39973,0.16913286660054644
39974,1.0
39975,0.3672781843312518
39976,1.0
39977,0.8661777347911417
39978,0.3032662239101631
39979,0.17786329868621492
39980,0.2107696479340715
39981,0.052950803400349696
39982,0.06042321217140651
39983,0.034045592726577534
39984,0.08475889844633566
39985,0.056717887583642816
39986,0.219997
39987,0.052131430584809346
39988,0.12096775551115048
39989,0.349908
39990,0.07509927583304597
39991,0.11064993316437809
39992,0.219997
39993,0.041424789361493804
39994,0.1878340655079957
39995,0.20178554624970707
39996,0.068362258297777
39997,0.219997
39998,0.02672474049970667
39999,0.219997
40000,0.1425815709284913
40001,0.05012077709920016
40002,0.1058739139320397
40003,0.12277539614606278
40004,0.10562104185968973
40005,0.013808193011681106
40006,0.2083017651004122
40007,0.03211840423187472
40008,0.052889878854209656
40009,0.13101732034422034
40010,0.06179387218333029
40011,0.10321061173246587
40012,0.04592811934502869
40013,0.219997
40014,0.3439302575068042
40015,1.0
40016,0.219997
40017,0.031810324705237605
40018,0.029136167070967726
40019,0.04353004694288365
40020,0.1385500932658326
40021,0.10984073235392953
40022,0.2045110531520286
40023,0.018183587974799385
40024,0.0832071573280485
40025,0.028347243206234506
40026,0.126750752143668
40027,0.10696603440164223
40028,0.7231494644150998
40029,0.02328698227124078
40030,0.027089227201094124
40031,0.042104420513016425
40032,0.07765323820949845
40033,0.06544086947301923
40034,0.9147558094645812
40035,0.219997
40036,0.219997
40037,0.04414722450871976
40038,0.023529849750672346
40039,0.12966515657576239
40040,0.2652408424024436
40041,0.015218718243408313
40042,0.2542488760427722
40043,0.006367292166503028
40044,0.019032648746638094
40045,0.21576772663436147
40046,0.077955943974894
40047,0.0659800097111632
40048,0.014620384905942469
40049,0.06978200939865908
40050,0.349908
40051,0.04525981646519329
40052,0.009579233667489698
40053,0.013134385612449746
40054,0.05254531298284129
40055,0.09125564589490451
40056,0.349908
40057,0.03496757411813299
40058,0.219997
40059,0.11406124772504715
40060,0.06657468476472529
40061,0.019343253586562165
40062,0.025577382730263862
40063,0.04453759947798844
40064,0.014467473459884844
40065,0.349908
40066,0.349908
40067,0.029948139970149626
40068,0.10643062118170556
40069,0.04939910426290651
40070,0.014987838882592598
40071,0.6237595738906724
40072,1.0
40073,0.219997
40074,0.219997
40075,0.004891946382474597
40076,0.09959590021303222
40077,0.16831673757933802
40078,0.11928334631428039
40079,0.15085699813485717
40080,0.11204494419372671
40081,0.13998698418844602
40082,1.0
40083,0.219997
40084,0.11704903029939792
40085,0.06011170280629123
40086,0.024918838242561518
40087,0.08943054573713269
40088,0.17510937942671848
40089,0.350009
40090,0.11163011831469213
40091,0.219997
40092,0.047560964685956233
40093,0.219997
40094,0.015955062252114502
40095,0.10875063790023323
40096,0.027773560220208354
40097,0.007792164676519448
40098,0.02066196411473962
40099,0.10892127709166198
40100,0.09872021995306901
40101,0.003689898809357609
40102,0.00954955921883598
40103,0.15034453714304272
40104,0.011351399993008795
40105,0.219997
40106,0.11021084652632973
40107,0.05585780929630215
40108,0.03795756451718004
40109,0.06734027229519016
40110,0.17214164226811643
40111,0.0888144524877048
40112,0.03316076839033945
40113,0.016347187242909268
40114,1.0
40115,0.15139341396544262
40116,0.0722160913731416
40117,0.057732692992297566
40118,0.09608384503629142
40119,0.021433267756993606
40120,0.349908
40121,0.003671864042364119
40122,0.009644148597183374
40123,0.005881348235752196
40124,0.011478014248615217
40125,0.219997
40126,0.1445589991962253
40127,0.390246305006508
40128,0.016781861123689575
40129,0.0075368587102259505
40130,0.01943724495414404
40131,0.029730233526586467
40132,0.09424593329903119
40133,0.13205509865248188
40134,0.06468387912505023
40135,0.008471865662237385
40136,0.030958686242568915
40137,0.0399164548659881
40138,0.219997
40139,0.07379044219161654
40140,0.14777972482001256
40141,0.014482190609943482
40142,0.02677959360120382
40143,0.10287945971567572
40144,0.1807554144283478
40145,0.10085298443632353
40146,0.219997
40147,0.005520174950676616
40148,0.014863995226206303
40149,0.01754229415869186
40150,0.011443251667192173
40151,0.026658896107703067
40152,0.02728751206223268
40153,0.022567243024247414
40154,0.02360954924798347
40155,0.007741350287067882
40156,0.1724629432146862
40157,0.16096454314460004
40158,0.08163021664318588
40159,0.006435030901169141
40160,0.13040602571730603
40161,0.349908
40162,0.01786900866724486
40163,0.014467273369629245
40164,0.028266109778226155
40165,0.012783718164918294
40166,0.03043515054027168
40167,0.01724148301354036
40168,0.021583046469866016
40169,0.07060469377470317
40170,0.02012989944709133
40171,0.037072181376584364
40172,0.219997
40173,0.021263508652929898
40174,0.019259721091656294
40175,0.00700830091794057
40176,0.01925895035289047
40177,0.025610858589952896
40178,0.219997
40179,0.5823608834220685
40180,0.03638727850001166
40181,0.04298735396810861
40182,0.059034815070056396
40183,0.0753054203844784
40184,0.04454399368267593
40185,0.016211316423555323
40186,0.20665765652582221
40187,0.03158866890335696
40188,0.15874530276362794
40189,0.219997
40190,0.02787649165235497
40191,0.024296152855322065
40192,0.01988015099317096
40193,0.07010916746485589
40194,0.027861643831596533
40195,0.02106722778432991
40196,0.07663879349005476
40197,0.012125847671318768
40198,0.219997
40199,0.15693803322537928
40200,0.219997
40201,0.01196274324035312
40202,0.028222401805586154
40203,0.04328337522253361
40204,0.006722825187160972
40205,0.06432941962060788
40206,0.024999208416497914
40207,0.1387884096213553
40208,0.219997
40209,0.34105198419502614
40210,0.15130318514619903
40211,0.031068450242512584
40212,0.048608066768438776
40213,0.03055372913454746
40214,0.052152175203103564
40215,0.037266615294324054
40216,0.0490802001314659
40217,0.07199062599791216
40218,0.0008732398546940579
40219,0.013876981958379542
40220,0.05535328335021097
40221,0.013520146373983025
40222,0.11956969212954123
40223,0.004065572947609278
40224,0.030032407725538918
40225,0.07309795249442298
40226,0.06860646702951982
40227,0.044320690294846685
40228,0.22128772938015553
40229,0.06268662034097623
40230,0.220016
40231,0.219997
40232,0.219997
40233,0.0748990670645403
40234,0.219997
40235,0.350009
40236,0.13586634250863658
40237,0.10280500080757543
40238,0.07222802306236537
40239,0.04100610218323885
40240,0.03870243208873884
40241,0.02141223236323568
40242,0.17228590834329485
40243,1.0
40244,0.12230150325197363
40245,0.07254220145317088
40246,0.21248080128380092
40247,0.20496048470310094
40248,0.03943025352084808
40249,0.03351951349621008
40250,0.023476832938634704
40251,0.219997
40252,0.14632944858071756
40253,0.7072041394543235
40254,0.4373301709205864
40255,0.06971152553613431
40256,0.04995443088305866
40257,0.17410926174187838
40258,0.32861344172010304
40259,0.06339685466640403
40260,0.048741141085016475
40261,0.219997
40262,0.06089020724158725
40263,0.350009
40264,0.13446354155916213
40265,0.219997
40266,0.9187892788104846
40267,0.2433608671534224
40268,0.03212669991294454
40269,0.6306765433476784
40270,0.06866176867043271
40271,0.12868437495127408
40272,0.06558727296957255
40273,0.04961598220761026
40274,0.20852786546177818
40275,0.1090230326513379
40276,0.19844849982715465
40277,0.219997
40278,0.046817909111855696
40279,0.19519207174793424
40280,0.350009
40281,0.08929586804623289
40282,0.046793283738808304
40283,0.12601152663412263
40284,0.017914664119999826
40285,0.05075189414769846
40286,0.15371979837868738
40287,0.219997
40288,0.219997
40289,0.04655071672830633
40290,0.349908
40291,0.29221121100404907
40292,0.219997
40293,0.3659537231156434
40294,0.5519929627961733
40295,0.009159327099891545
40296,0.1815531535866089
40297,0.14883242414827424
40298,0.032676566296254754
40299,0.04840813954656603
40300,0.0094408364258552
40301,0.04536051238019254
40302,0.10342985978376353
40303,0.13584488217025725
40304,0.16397809446352213
40305,0.219997
40306,0.47866891545270085
40307,0.04113015280648353
40308,0.13887597006913344
40309,0.0447168591178093
40310,0.42452835482726636
40311,0.06536397822609837
40312,0.1510612085824749
40313,0.017400687265056725
40314,0.0648903330575473
40315,0.219997
40316,0.6876787797855947
40317,0.21429669076453386
40318,0.0016782292265772514
40319,0.006868763687948231
40320,0.12064365151039581
40321,0.07263279251611396
40322,0.026026091084538162
40323,0.17346003918071246
40324,0.20284846650646285
40325,0.11646193346145717
40326,0.11932244616947117
40327,0.06827046420002228
40328,0.06304241940548794
40329,0.0641136860494753
40330,0.019927790948393906
40331,0.219997
40332,0.15448469222539052
40333,0.1564584305345577
40334,0.01648567872709392
40335,0.12638861315836555
40336,0.0443585227826102
40337,0.011115880834370307
40338,0.06416094180645877
40339,0.008818474802319424
40340,0.06889718835332698
40341,0.13124710109299836
40342,0.8803115176155106
40343,0.6809867869038773
40344,0.06458722353563254
40345,0.08007398031868372
40346,0.04257863664855512
40347,0.03192092688303721
40348,0.06355902077431941
40349,0.023442264921556728
40350,0.10505943469830875
40351,0.026267198965965185
40352,0.30149858167296156
40353,0.0542546429071286
40354,0.06856555051682599
40355,0.051830172299907315
40356,0.10384550531170905
40357,0.06978287513161784
40358,0.219997
40359,0.3188912537981017
40360,0.220016
40361,0.10654221831145068
40362,0.07928064709888717
40363,0.049825505108722204
40364,0.05605948643887562
40365,0.052932218486712125
40366,0.349908
40367,0.08841253922131682
40368,0.8610201194336224
40369,0.0894442667842134
40370,0.0966868451575989
40371,0.03412058453222846
40372,0.04639333170866624
40373,0.04683113658741045
40374,0.1305116931811457
40375,0.1702336983775522
40376,0.11588451713890209
40377,0.106531000673344
40378,0.30885598223998245
40379,0.5838450664271975
40380,0.18213251197064625
40381,0.04754696555424871
40382,0.1371160775448873
40383,0.009357453335580617
40384,0.219997
40385,0.020221867425967672
40386,0.10305471784831706
40387,0.027372143015048
40388,0.10500093424343683
40389,0.020444762563247884
40390,0.010505423926928477
40391,0.04490607882768996
40392,0.0061558042076226985
40393,0.219997
40394,0.0004917791657580712
40395,0.05417240394908353
40396,0.03968932551209617
40397,0.04561604057358596
40398,0.044647452474142986
40399,0.11166914566461236
40400,0.13981287760474198
40401,0.12548136763870735
40402,0.0969877718173681
40403,0.349908
40404,0.219997
40405,0.219997
40406,0.02180392719018283
40407,0.1636147192829184
40408,0.08620596110008517
40409,0.0633216742692195
40410,0.06124692041476883
40411,0.021611245480175234
40412,0.06027344975717297
40413,0.04213406809929714
40414,0.030135644034256986
40415,0.07303903523719059
40416,0.03589127265060915
40417,0.04642323143678834
40418,0.10541752211512369
40419,0.07752109724481471
40420,0.219997
40421,0.1344507049913993
40422,0.20656214241035223
40423,0.9210573077672829
40424,0.1615853368700117
40425,0.17176963741038362
40426,0.11465242997457221
40427,0.16837893504842036
40428,0.125191153130023
40429,0.1631392127616217
40430,0.059095454256307536
40431,0.012495716066618397
40432,0.349908
40433,0.18803710385713837
40434,0.04458267012045669
40435,0.073155391723716
40436,0.050920023811468706
40437,0.01813229431210607
40438,0.13083780941675993
40439,0.349908
40440,0.14897686522387638
40441,0.06369733472183137
40442,0.11479657393516686
40443,1.0
40444,0.14050057673463667
40445,0.0074651449804887075
40446,0.1561039292834032
40447,0.15134460413337786
40448,0.219997
40449,0.349908
40450,0.09861248115791672
40451,0.03867432859912912
40452,0.06498428747250486
40453,0.02887627760147853
40454,0.0826368310605817
40455,0.220016
40456,0.07237150842738968
40457,0.07531870223436599
40458,0.08532047842184665
40459,0.0462071437202155
40460,0.026030535361608934
40461,0.012149692530022078
40462,0.027357731548052638
40463,0.101618157805123
40464,0.09228966012012725
40465,0.032998251097571374
40466,0.20599323459518112
40467,0.17371194997169212
40468,0.349908
40469,0.14786423743898686
40470,0.034788203815708685
40471,0.09469203835111943
40472,0.219997
40473,0.2689753256485495
40474,0.12790913034276802
40475,0.09967071939783272
40476,0.014792944735315812
40477,0.07738427907956444
40478,0.6736576458704991
40479,0.024700246836945126
40480,0.219997
40481,0.6192432296876824
40482,0.13539899692030588
40483,0.04413205475007422
40484,0.0754752811592979
40485,0.3489869600789891
40486,0.3166210550951621
40487,0.12045986372584809
40488,0.1297130151541852
40489,0.219997
40490,0.20027974014670835
40491,0.16694068916520902
40492,0.19443192204995702
40493,0.349908
40494,0.04798474033239964
40495,0.052699438014773
40496,0.2038296919825687
40497,0.049625419551763264
40498,0.219997
40499,1.0
40500,0.08049323407237743
40501,0.33796799361800295
40502,0.020167846671183993
40503,0.03582221705636698
40504,0.219997
40505,0.07471022049586694
40506,0.060377741920801566
40507,0.009825392132623413
40508,0.04653294600370106
40509,1.0
40510,0.0974980204842783
40511,0.18562916634049437
40512,0.219997
40513,0.17313619160733273
40514,0.219997
40515,0.349908
40516,0.219997
40517,0.038294321914585414
40518,0.219997
40519,0.14897195918664002
40520,0.09605798826085236
40521,1.0
40522,0.37964845743050696
40523,0.349908
40524,0.019934728733138653
40525,0.219997
40526,0.013839348962953111
40527,0.09257368482957631
40528,0.029076864720544854
40529,0.0383983540992436
40530,0.03125888530286523
40531,0.015544362150141195
40532,0.14617994354407307
40533,0.17123765204949576
40534,0.1394689709799286
40535,0.11513941860867413
40536,0.17848945692560617
40537,0.06883325480229625
40538,0.16419661364099566
40539,0.15709878872627392
40540,0.03839308163686028
40541,0.17694026264369073
40542,0.2792276720000139
40543,0.0240629781564974
40544,1.0
40545,1.0
40546,0.9805728832923394
40547,0.04178873505245609
40548,0.219997
40549,0.537467631342615
40550,0.18765970525820108
40551,0.04516507904929627
40552,0.012007317870062756
40553,0.06955964903838828
40554,0.07533268719482661
40555,0.08880641911940772
40556,0.015723202302648523
40557,1.0
40558,0.06059112633204517
40559,0.04916446506908577
40560,0.18929543444747163
40561,0.09799050029302706
40562,0.08429186476051902
40563,0.035816198523108043
40564,0.219997
40565,0.12728784251637026
40566,0.219997
40567,0.10310160066969953
40568,0.18176217795565575
40569,1.0
40570,1.0
40571,0.5135857335937991
40572,0.06881512642692486
40573,0.03719281048963046
40574,0.012468541762957367
40575,0.914381658861654
40576,0.060880978383090874
40577,0.349908
40578,0.08036286699543453
40579,0.16868738314955137
40580,0.21181875488555385
40581,0.15843363794892062
40582,0.18054605250343397
40583,0.219997
40584,0.9391070146387457
40585,1.0
40586,0.219997
40587,0.219997
40588,0.06143171239905107
40589,0.08404999114135404
40590,0.10215106508927789
40591,0.14492997795803184
40592,0.06525756116391282
40593,0.03554843791281084
40594,0.14003325265185787
40595,0.14462820062943
40596,0.048638999292010064
40597,0.0803143693028554
40598,0.037070825821643956
40599,1.0
40600,1.0
40601,1.0
40602,0.0694680615905628
40603,0.1805587352577348
40604,0.019247815820825066
40605,0.6530365382272874
40606,0.034051723651680466
40607,0.019332299447467494
40608,0.020207976497524868
40609,0.08876208210784443
40610,0.10990921634354231
40611,0.7463025184729482
40612,1.0
40613,0.05975410010346825
40614,0.1104944645214167
40615,0.09156721079859179
40616,0.21296012978821863
40617,0.065370754304063
40618,0.21159115647292737
40619,0.10728627308516185
40620,0.07405775075220404
40621,0.12476183900188514
40622,0.06053216490702006
40623,0.1375496227035131
40624,0.03303509490258373
40625,0.32108850388097127
40626,0.21512161595523194
40627,0.17530379505588017
40628,0.051882560653553254
40629,0.03083908834122649
40630,0.0374515381800166
40631,0.03822210376514582
40632,0.13293517921281622
40633,0.023862567337907415
40634,0.02560519092667261
40635,0.07874632921851643
40636,0.004775810977985488
40637,0.028972007995006127
40638,0.08669853270395858
40639,0.09855630099753243
40640,0.28016862365551953
40641,0.9960954236219747
40642,0.219997
40643,0.220016
40644,0.219997
40645,0.219997
40646,0.20696786700107508
40647,1.0
40648,0.12233594674745724
40649,0.04198384013847054
40650,0.05150006857901893
40651,0.219997
40652,0.15929089843306127
40653,0.31552937512186674
40654,0.3878877341478554
40655,0.1953975304701657
40656,0.17955085929382547
40657,1.0
40658,0.19708522521617702
40659,0.024292778809518887
40660,0.1268054556321691
40661,0.220016
40662,0.008119924155909524
40663,0.016361332261530765
40664,1.0
40665,0.03378656537195223
40666,0.026957455271492913
40667,0.022661237270128292
40668,0.08319683914921523
40669,0.219997
40670,0.5332019674066806
40671,0.45971975206669236
40672,0.349908
40673,0.349908
40674,0.20966137180783223
40675,0.20866220953144765
40676,0.349908
40677,0.11461357243939117
40678,0.1609931925572175
40679,0.07850292434491858
40680,0.7387982881488923
40681,0.3171052311482692
40682,0.027061272023161474
40683,0.4474188183925159
40684,0.349908
40685,0.07875043679105599
40686,0.15005548487450676
40687,0.09668089815667617
40688,0.06241014891990129
40689,0.0232357288887559
40690,0.04072815952378779
40691,0.08514395179054612
40692,0.11950868952428087
40693,0.18938026101338207
40694,0.1745165489303002
40695,0.8066001814666086
40696,1.0
40697,0.349908
40698,0.349908
40699,0.9419209470675608
40700,0.1932643747419881
40701,0.026842823442811775
40702,0.05395434587936642
40703,0.08815085711187849
40704,0.21631725570324253
40705,0.3358802029279836
40706,0.07958399141779356
40707,0.008645413896071711
40708,0.026535268663063213
40709,0.219997
40710,0.0052338211413279
40711,0.039314008972330006
40712,0.03042324321443743
40713,0.010323757214324157
40714,0.02817942497679121
40715,0.02472117548673387
40716,0.01994680802376756
40717,0.024171433475198893
40718,0.053760054243307896
40719,0.025863848547371955
40720,0.09867194605393352
40721,0.349908
40722,0.219997
40723,0.42318960584666526
40724,1.0
40725,1.0
40726,0.349908
40727,0.1687478365881382
40728,0.06692310692077678
40729,0.023656060133708398
40730,0.07455845088553155
40731,0.11912945393560274
40732,1.0
40733,0.0664304840515778
40734,0.04232669998848151
40735,0.0685028933371453
40736,0.047153552060671976
40737,0.220016
40738,0.09252475082807911
40739,0.05294365976614205
40740,0.02628344607525657
40741,0.04743876234620955
40742,0.02284926428919442
40743,0.10125488434473072
40744,0.1258654052218477
40745,1.0
40746,0.5429135255260673
40747,0.5066325257029023
40748,1.0
40749,0.349908
40750,0.349908
40751,0.219997
40752,0.043794958899633696
40753,0.008564519771916837
40754,0.03348503131618608
40755,0.043252524648086065
40756,0.11243925291036155
40757,0.6132791090941379
40758,0.219997
40759,0.330540988380875
40760,0.04007940619809052
40761,0.16442418752343882
40762,0.12823061208007827
40763,0.15933706789043245
40764,0.1867494626445156
40765,0.10141054458112314
40766,0.04342165191696615
40767,0.020644312052801376
40768,0.17133536047099046
40769,1.0
40770,0.350009
40771,1.0
40772,1.0
40773,0.219997
40774,0.1632115734557305
40775,0.14480885891519393
40776,0.039326044415024526
40777,0.02137557910736614
40778,0.11674566170850337
40779,0.016267322095993436
40780,0.04982089487524491
40781,0.11627330186851391
40782,0.13156606637224091
40783,0.050545129616715596
40784,0.19192143455908006
40785,0.032039550868823805
40786,0.0519019108917469
40787,0.2848438705236202
40788,0.04225072350031828
40789,0.09710325807256487
40790,0.219997
40791,0.0016936933967166606
40792,0.0015692304255473704
40793,0.16469685195721928
40794,0.219997
40795,0.13067241558456477
40796,0.219997
40797,0.21754292254769042
40798,0.0703260380735331
40799,0.09566578777318692
40800,0.10054604910453142
40801,0.13544108431214394
40802,0.12095960849676467
40803,0.012734444250010461
40804,0.11495922377647474
40805,0.013808193011681106
40806,0.14201526740195508
40807,0.028639646705060966
40808,0.10423396917498169
40809,0.06673948403820745
40810,0.056092040704957546
40811,0.04453266838342698
40812,0.219997
40813,0.349908
40814,1.0
40815,0.219997
40816,8.540405753086971e-05
40817,0.1521936710870863
40818,0.03931640712055282
40819,0.101955521782428
40820,0.12472460246218425
40821,0.006433223170554369
40822,0.04281243179841914
40823,0.02736758590565922
40824,0.015241869916895152
40825,0.028347243206234506
40826,0.1547770946552107
40827,0.09329724574625484
40828,0.5197324838704009
40829,0.02328698227124078
40830,0.027089227201094124
40831,0.028479676239562948
40832,0.08946088817390684
40833,0.15102980604593005
40834,0.349908
40835,0.349908
40836,0.001474069910703813
40837,0.258233338853395
40838,0.01686560539622272
40839,0.02114420308383938
40840,0.09492165399717661
40841,0.23861108284870944
40842,0.042951204328588545
40843,0.2048945188380986
40844,0.003923514900638422
40845,0.21804004253539847
40846,0.10357216302920962
40847,0.05943478319964627
40848,0.03766733728217472
40849,0.019501355192691527
40850,0.10261026943962372
40851,0.219997
40852,0.03205082007243803
40853,0.017161689778458826
40854,0.02608584374487574
40855,0.05254531298284129
40856,0.0664792618591484
40857,0.28861864269711707
40858,0.07276130038184216
40859,0.220016
40860,0.10296777581950843
40861,0.03964309581580734
40862,0.05706479379367134
40863,0.03670529674181246
40864,0.349908
40865,0.11463130176592218
40866,0.349908
40867,0.014796716804716392
40868,0.05757115064359111
40869,0.061237658921686686
40870,0.014987838882592598
40871,0.785154048788566
40872,1.0
40873,0.20783071680214338
40874,0.219997
40875,0.010619881381428577
40876,0.11993628769285755
40877,0.11390983601909903
40878,0.11655233985956996
40879,0.14553217490815484
40880,0.11229763819655696
40881,0.14981624457212614
40882,1.0
40883,0.16387015322889734
40884,0.024319721043311093
40885,0.08933881204731452
40886,0.07707173873165397
40887,0.012241765329327952
40888,0.053164377247762296
40889,0.14868275950260273
40890,0.349908
40891,0.0029972553308526394
40892,0.219997
40893,0.219997
40894,0.04472611917646083
40895,0.12291779752429534
40896,0.01803471069097324
40897,0.08551655194246821
40898,0.10581308231222844
40899,0.15581171849860598
40900,0.023479527715409242
40901,0.07916232759113595
40902,7.831234430777964e-05
40903,0.349908
40904,0.0881022247551682
40905,0.09251286281599286
40906,0.034568031310808635
40907,0.04154780117853261
40908,0.0676556167541909
40909,0.09746098624062573
40910,0.03316076839033945
40911,0.011501447801972136
40912,1.0
40913,0.11580372792262932
40914,0.07333161131400052
40915,0.09008905060138614
40916,0.06625330221329627
40917,0.06620751191388033
40918,0.011956281335453988
40919,0.023927762672630106
40920,0.027889427012862178
40921,0.349908
40922,0.007054841681518435
40923,0.009644148597183374
40924,0.011478014248615217
40925,0.219997
40926,0.012186583988923706
40927,0.14669679815255413
40928,0.07256725130385532
40929,0.050869568429140734
40930,0.349908
40931,0.0063720766214024815
40932,0.04060264966458385
40933,0.02897066281669964
40934,0.01993283187036724
40935,0.056360600096090875
40936,0.17857876171614262
40937,0.08825276199933361
40938,0.02100289942350183
40939,0.022303678218423762
40940,0.0664137214364318
40941,0.15578098610001334
40942,0.10059645188765619
40943,0.05446880206412788
40944,0.037843301714723714
40945,0.02673783982471761
40946,0.09155846493199352
40947,0.02503354060601818
40948,0.12322176714830486
40949,0.18303797466281682
40950,0.219997
40951,0.008838298685465032
40952,0.02657414220248378
40953,0.10099367637522569
40954,0.06490064533417648
40955,0.1442999118004933
40956,0.028949869347493416
40957,0.18656088135912874
40958,0.349908
40959,0.031242602691695442
40960,0.004935943297798306
40961,0.022802358055799818
40962,0.04925059244889639
40963,0.09802808816708113
40964,0.050676987872705144
40965,0.05565685297599817
40966,0.02012989944709133
40967,0.05684857106586887
40968,0.19624626739488385
40969,0.06735904040868125
40970,0.04578212581971631
40971,0.010229810123040504
40972,0.02765598687789737
40973,0.08185814184344507
40974,0.349908
40975,0.06583355054424096
40976,0.013073949998942134
40977,0.08521822225048252
40978,0.057616171226005056
40979,0.021626494893840737
40980,0.015915565633144304
40981,0.219997
40982,0.013433744442564621
40983,0.17450875612218938
40984,0.010444167593386258
40985,0.219997
40986,0.02787649165235497
40987,0.10673853316815038
40988,0.014118957461449498
40989,0.014555318946337416
40990,0.04077710223815931
40991,0.219997
40992,0.18028150038283472
40993,0.219997
40994,0.020786554727154394
40995,0.09203458216148168
40996,0.05233756521416686
40997,0.06975914522327295
40998,0.349908
40999,0.349908
41000,0.13005627275451237
41001,0.048608066768438776
41002,0.0363376729884261
41003,0.06480468034502752
41004,0.08046318029838562
41005,0.05114983985785355
41006,0.07423898192854814
41007,0.07309795249442298
41008,0.219997
41009,0.06268662034097623
41010,0.01568373819521595
41011,0.219997
41012,0.219997
41013,0.039664745982808225
41014,0.0748990670645403
41015,0.21057544462787914
41016,0.219997
41017,0.13586634250863658
41018,0.09650261183089444
41019,0.050593239788838666
41020,0.02141223236323568
41021,0.20103604008301515
41022,0.0465584333634081
41023,1.0
41024,0.1427854960577154
41025,0.220016
41026,0.16564423838286194
41027,0.020646072955447327
41028,0.053897946172344516
41029,0.025051944396098254
41030,0.0010338213105157256
41031,0.3642850497406288
41032,0.46261319892101804
41033,0.06971152553613431
41034,0.11286585168872103
41035,0.021259235676877406
41036,0.219997
41037,0.219997
41038,0.0041828616094291135
41039,0.01801671394484108
41040,0.0320154116355187
41041,0.15760706090864174
41042,0.26995297233113325
41043,0.13784627919049353
41044,0.219997
41045,0.4328374235725538
41046,0.220016
41047,0.3969012357010775
41048,0.10826741302722781
41049,0.10855121604876966
41050,0.016594334663231743
41051,0.06759715209671069
41052,0.16981780408449462
41053,0.13055823762761604
41054,0.15299128265228976
41055,0.05682123065563901
41056,0.046817909111855696
41057,0.02480927872578361
41058,0.10859163024871966
41059,0.220016
41060,0.10333975270844105
41061,0.06353881112941084
41062,0.156984423749939
41063,0.05560859472422913
41064,0.03459953436145995
41065,0.0391654857038523
41066,0.219997
41067,0.219997
41068,0.06502701047656088
41069,0.022446866952239908
41070,0.219997
41071,0.219997
41072,0.17532278159767903
41073,0.350009
41074,0.4653292849766884
41075,0.12200275395566391
41076,0.07092753778233554
41077,0.09192704613281212
41078,0.021832820023703854
41079,0.031059818055266072
41080,0.13803773177153142
41081,0.219997
41082,0.5142819544458503
41083,0.019750568932119086
41084,0.0830941164917547
41085,0.08286911958740929
41086,0.03150552219506224
41087,0.052105648152989285
41088,0.219997
41089,0.04614635647104771
41090,0.10156645184104823
41091,0.062271762255604185
41092,0.16586115241274305
41093,0.49180134014091825
41094,0.219997
41095,0.027617332988805608
41096,0.030231676123698956
41097,0.07101685448280916
41098,0.16565469546993083
41099,0.15757121959591155
41100,0.17764696791464998
41101,0.17944762504450543
41102,0.12237666189335711
41103,0.026961811676421324
41104,0.11543513090195069
41105,0.08124037107119816
41106,0.07572448567400368
41107,0.055314954444518276
41108,0.219997
41109,0.1609902913577383
41110,0.1758296613802532
41111,0.004222852871328488
41112,0.08836504878660617
41113,0.05150083045468583
41114,0.051782396957102066
41115,0.06299453589941914
41116,0.007113639542340865
41117,0.03973713170528963
41118,0.03370156655317494
41119,0.08882913867874544
41120,1.0
41121,0.738250542187552
41122,0.04567270955260686
41123,0.024559059387881495
41124,0.10385877306063306
41125,0.0491145916702559
41126,0.007370457077232898
41127,0.10439695459611988
41128,0.022365632632726548
41129,0.04541920545030028
41130,0.342203809169079
41131,0.00706339183268191
41132,0.06653261600593263
41133,0.09126637847231295
41134,0.07877451187424911
41135,0.09366750124170796
41136,0.1740704041534134
41137,0.349908
41138,0.220016
41139,0.07256016710560745
41140,0.042628087482671474
41141,0.02187484550725284
41142,0.07946996454029867
41143,0.03486566513412927
41144,0.6057339374679773
41145,0.042114926334355894
41146,0.7564914986958373
41147,0.15604026489004805
41148,0.04453956574533944
41149,0.028641518803439372
41150,0.06279376923040682
41151,0.08118651651798622
41152,0.031248392301008798
41153,0.029744528216213494
41154,0.10592846395515838
41155,0.06781964390173395
41156,0.13716224725150375
41157,0.11321484062330477
41158,0.14948805043623953
41159,0.219997
41160,0.5247952359864084
41161,0.219997
41162,0.040627815849042674
41163,0.14337886338212333
41164,0.03765228449919353
41165,0.01798824738488749
41166,0.219997
41167,0.02033759031456017
41168,0.09664108715750967
41169,0.05715503721118094
41170,0.06482653472418425
41171,0.009369544166630953
41172,0.07107462345315171
41173,0.02676901598377284
41174,0.219997
41175,0.06852193390281222
41176,0.01845527128074434
41177,0.012315828375239988
41178,0.05040227055192776
41179,0.09855298508443326
41180,0.12182157182247066
41181,0.14192917704921904
41182,0.12848310884487915
41183,0.349908
41184,0.17843315210421964
41185,0.349908
41186,0.02180392719018283
41187,0.1857315339417413
41188,0.05013743627110478
41189,0.058040305434936455
41190,0.07825610276984071
41191,0.008613167005276846
41192,0.046837882454580385
41193,0.010104271614738557
41194,0.10237173214594168
41195,0.017567195447226687
41196,0.09804835792094607
41197,0.010659799931004242
41198,0.09968167699209796
41199,0.0863479167474401
41200,0.219997
41201,0.07979840960290002
41202,0.17773705802265533
41203,1.0
41204,0.13012563898289273
41205,0.13651324463433448
41206,0.11114033421675994
41207,0.11290641704529024
41208,0.09777586794318294
41209,0.1472279563216489
41210,0.08365936987241819
41211,0.016422280253312643
41212,0.349908
41213,0.08024607553809886
41214,0.04272975838414574
41215,0.09058576177967537
41216,0.0679183946357126
41217,0.003828128377231325
41218,0.0927356921623732
41219,0.219997
41220,0.14020376085788153
41221,0.04680080256096536
41222,0.15086822725872545
41223,1.0
41224,0.18733898471077431
41225,0.02510646983363527
41226,0.10332155958150353
41227,0.07253194624820222
41228,0.219997
41229,0.349908
41230,0.13068018654364053
41231,0.04206304355050703
41232,0.08762934568176722
41233,0.11314641586414442
41234,0.17301841151263514
41235,0.14309012580252295
41236,0.10306172759240748
41237,0.220016
41238,0.026407369947035648
41239,0.014424749548202798
41240,0.035416140131087674
41241,0.05810616072846219
41242,0.13883771624974095
41243,0.07501436823288224
41244,0.053603615187414404
41245,0.14363828343344298
41246,0.219997
41247,0.219997
41248,0.16243002027418393
41249,0.03464015780366732
41250,0.10105398598424922
41251,0.21171837087877854
41252,0.349908
41253,0.08997202253348703
41254,0.10509650595696476
41255,0.014792944735315812
41256,0.04047797511540432
41257,0.7320567113782351
41258,0.2445563458111755
41259,0.6585111163798707
41260,0.09078768366543882
41261,0.0016556150401110332
41262,0.015567883691514087
41263,0.07178381088883505
41264,0.0607738510886298
41265,0.350009
41266,0.2915860914314103
41267,0.08296150333191799
41268,0.17896225430584384
41269,0.219997
41270,0.2145671306155435
41271,0.15060114306131367
41272,0.219997
41273,0.3391210966524826
41274,0.0971929319783352
41275,0.06139841502774209
41276,0.21401926684087758
41277,0.04616868756781998
41278,0.18591221473187422
41279,1.0
41280,0.05179751779337995
41281,0.4170897553144418
41282,0.0299686204948174
41283,0.219997
41284,0.018850401926580225
41285,0.10324188196481891
41286,0.08675916260295542
41287,0.001640257354330886
41288,0.044215358359538055
41289,1.0
41290,0.09577654395800841
41291,0.132614909387986
41292,0.219997
41293,0.219997
41294,0.219997
41295,0.349908
41296,0.219997
41297,0.038294321914585414
41298,0.2342910827444071
41299,0.219997
41300,0.09134068830475066
41301,1.0
41302,0.4413475513831834
41303,0.349908
41304,0.06722566855649396
41305,0.220016
41306,0.0860423469353464
41307,0.008140939463902945
41308,0.02918316246473722
41309,0.12078992492356783
41310,0.1456539325587512
41311,0.05004145364015358
41312,0.07804322417079006
41313,0.13090902811898408
41314,0.07808620211754679
41315,0.18545112791249363
41316,0.17664971515348618
41317,0.03839308163686028
41318,0.06043605409520979
41319,0.350009
41320,0.028003831272496855
41321,0.14568737767095075
41322,1.0
41323,1.0
41324,0.923231961982686
41325,0.1454993626004003
41326,0.6097385121999659
41327,0.2037774938089757
41328,0.04246365106002067
41329,0.06352085184376038
41330,0.07932397069869664
41331,0.09055102781614835
41332,0.015723202302648523
41333,1.0
41334,0.03314815842999599
41335,0.08192550316670746
41336,0.2141405432646126
41337,0.06455138871012542
41338,0.008362729412575856
41339,0.046782159692638436
41340,0.219997
41341,0.12163480710124819
41342,0.035047086556776026
41343,0.14088523596847413
41344,0.1538998932757576
41345,0.07911408637969289
41346,1.0
41347,1.0
41348,0.7365580214191305
41349,0.07864499130752584
41350,0.03719281048963046
41351,0.012468541762957367
41352,0.9513190420909716
41353,0.04541163416397341
41354,0.349908
41355,0.10817915798659862
41356,0.14535972060879462
41357,0.025056709601088432
41358,0.11719536948755158
41359,0.13840720568750156
41360,0.18970375496857725
41361,0.219997
41362,0.9308578246670358
41363,1.0
41364,0.219997
41365,0.219997
41366,0.07551740814145474
41367,0.031084570566607354
41368,0.10476848972208064
41369,0.13857218346990038
41370,0.09583922428367841
41371,0.03099938729846906
41372,0.16061897616962367
41373,0.16260834367994328
41374,0.011306090877446821
41375,0.16119904238929214
41376,0.037070825821643956
41377,1.0
41378,1.0
41379,1.0
41380,0.08196902815444237
41381,0.1316809694643374
41382,0.9104386348313407
41383,0.03524202180881444
41384,0.03192303117463013
41385,0.04864103989080777
41386,0.10384010458419933
41387,0.06995990238128831
41388,0.7725059421251419
41389,1.0
41390,0.06990216747021444
41391,0.10126781527676618
41392,0.09635870211929062
41393,0.18893016259581172
41394,0.10118641886213589
41395,0.219997
41396,0.10799393089180488
41397,0.08029093325462495
41398,0.07167441601003716
41399,0.1604447954846186
41400,0.219997
41401,0.06344402490508193
41402,0.279886971994768
41403,0.3362530749047933
41404,0.1273144828570378
41405,0.0913041898870456
41406,0.026896288233276784
41407,0.06087017712681171
41408,0.220016
41409,0.02857553775529137
41410,0.024264581487337015
41411,0.04257275254114039
41412,0.025586749972499014
41413,0.024197817885071395
41414,0.06352335169412426
41415,0.11334614210119912
41416,0.29553326880075526
41417,1.0
41418,0.219997
41419,0.219997
41420,0.219997
41421,0.2024817434049537
41422,0.21586571739059215
41423,1.0
41424,0.11621515964777926
41425,0.04172710152870341
41426,0.1406805549206898
41427,0.18742792969247113
41428,0.349908
41429,0.588200957202599
41430,0.220016
41431,0.14115836823644456
41432,1.0
41433,0.21760009456303311
41434,0.024292778809518887
41435,0.17980601883438235
41436,0.219997
41437,0.013813512385409815
41438,0.06041942138669025
41439,1.0
41440,0.07708081145116784
41441,0.029012812490899237
41442,0.02861007855083853
41443,0.031606263484400966
41444,0.219997
41445,0.4454055925887102
41446,0.349908
41447,0.349908
41448,0.28762883656219956
41449,0.15366664520286413
41450,0.219997
41451,0.349908
41452,0.037031672001530756
41453,0.2008830576753337
41454,0.07565397937787756
41455,0.011233055017825582
41456,0.9510376127506532
41457,0.32647127055481634
41458,0.01117235373095199
41459,0.349908
41460,0.5204495275550153
41461,0.06451240583825889
41462,0.1458059497937004
41463,0.219997
41464,0.0232357288887559
41465,0.026124767836104366
41466,0.06528642057603419
41467,0.11338191113882608
41468,0.17862909212680778
41469,0.14452219022524157
41470,0.575319739721708
41471,1.0
41472,0.6543119287131601
41473,0.219997
41474,0.9372735452195875
41475,0.17780305990325684
41476,0.00959827153839062
41477,0.09009032351419549
41478,0.1312369586409836
41479,0.18087805156152173
41480,0.2882257611782401
41481,0.07293021328607736
41482,0.04856070466584623
41483,0.02394690245004469
41484,0.16237878831546618
41485,0.04668383773115917
41486,0.03191644466522452
41487,0.01124221145986022
41488,0.013428472995270741
41489,0.013833810641814307
41490,0.02817942497679121
41491,0.010932131487313488
41492,0.01994680802376756
41493,0.023547967381299
41494,0.055215037775413346
41495,0.02867258639572164
41496,0.0840254084930768
41497,0.3393313153724717
41498,0.219997
41499,0.35006831438236613
41500,1.0
41501,1.0
41502,0.219997
41503,0.17731934368065394
41504,0.09853186744666871
41505,0.10015027625854465
41506,0.014617345555251146
41507,0.06594285741473216
41508,1.0
41509,0.07416071151457738
41510,0.06155580560520432
41511,0.04585124793783015
41512,0.22691920388772233
41513,0.06530785005580193
41514,0.02628344607525657
41515,0.014864521871633733
41516,0.02270850129631181
41517,0.03464561458722124
41518,0.06593202034297514
41519,0.120754072002017
41520,1.0
41521,0.5531516584691342
41522,0.349908
41523,1.0
41524,0.349908
41525,0.349908
41526,0.219997
41527,0.05260877389968271
41528,0.043794958899633696
41529,0.007526051299698877
41530,0.015205770074009724
41531,0.06997719933202204
41532,0.0608390706278141
41533,0.6703529620912094
41534,0.0835632620465667
41535,0.5110188293430524
41536,0.04661707256131418
41537,0.219997
41538,0.219997
41539,0.14028674296256308
41540,0.17063832772715293
41541,0.08858687529995948
41542,0.020564725631775537
41543,0.17015759926536433
41544,1.0
41545,0.35249138758125803
41546,1.0
41547,0.8526307245395993
41548,0.219997
41549,0.13220055135607098
41550,0.12032270441083984
41551,0.04469084626550192
41552,0.012090691084991213
41553,0.016267322095993436
41554,0.04982089487524491
41555,0.08598310364020333
41556,0.1959369282668902
41557,0.06011027497525347
41558,0.219997
41559,0.06802119094433404
41560,0.349908
41561,0.08313326833834768
41562,0.017474580658676495
41563,0.10502270065824594
41564,0.219997
41565,0.027163956739353942
41566,0.0015692304255473704
41567,0.2968780156991639
41568,0.219997
41569,0.12312111986887286
41570,0.219997
41571,0.18233905154764404
41572,0.15089642902394457
41573,0.05012077709920016
41574,0.06265690093213458
41575,0.17887486617058346
41576,0.06436473671967449
41577,0.012734444250010461
41578,0.1329532067378339
41579,0.013808193011681106
41580,0.05307239596505471
41581,0.06856918837617232
41582,0.09035491182426848
41583,0.05325136368230566
41584,0.056932716896607734
41585,0.011919755118984634
41586,0.10137299823585912
41587,0.219997
41588,0.349908
41589,1.0
41590,0.219997
41591,0.029136167070967726
41592,0.008993562087073139
41593,0.0013778223641264377
41594,0.021517806346969228
41595,0.0691694830453537
41596,0.13977799580403472
41597,0.018183587974799385
41598,0.04281243179841914
41599,0.004318008715321852
41600,0.015241869916895152
41601,0.020780907081924718
41602,0.1492675378887814
41603,0.09961416364657648
41604,0.4854995239648673
41605,0.02328698227124078
41606,0.027089227201094124
41607,0.024935781112672712
41608,0.0877981600723004
41609,0.10843589758736259
41610,0.8804818864461104
41611,0.349908
41612,0.005247741203405375
41613,0.28614599753417796
41614,0.04176004960351951
41615,0.020820075573898346
41616,0.0924131240304518
41617,0.219997
41618,0.06314456818359632
41619,0.219997
41620,0.018764572509289094
41621,0.04712754546384273
41622,0.01733160613563505
41623,0.17838766727034486
41624,0.08940832884984183
41625,0.03637361816177377
41626,0.03742220220811451
41627,0.03438153311889954
41628,0.0560845548618426
41629,0.349908
41630,0.07562885296508333
41631,0.021278258837466115
41632,0.005504282389657046
41633,0.03819202937776534
41634,0.14114968375140033
41635,0.349908
41636,0.07276130038184216
41637,0.220016
41638,0.08388424768650977
41639,0.002880741496201252
41640,0.07762353183244138
41641,0.07072976093331694
41642,0.03670529674181246
41643,0.5630491935700791
41644,0.349908
41645,0.023817901277722032
41646,0.06497304501417145
41647,0.04509496597114364
41648,0.003822267678285777
41649,0.349908
41650,1.0
41651,0.219997
41652,0.219997
41653,0.025222549428624456
41654,0.11809030288484809
41655,0.04748957509903851
41656,0.13828017392990008
41657,0.07803595734486889
41658,0.13510007849660965
41659,0.219997
41660,1.0
41661,0.06110911408243484
41662,0.009653409361676442
41663,0.0676127341433986
41664,0.10271983471145396
41665,0.349908
41666,0.017750487679744242
41667,0.349908
41668,0.219997
41669,0.024352879592743827
41670,0.11822700364924876
41671,0.01933003749612512
41672,0.033931982433739245
41673,0.10102137684360805
41674,0.1999427329785445
41675,0.02662773182006034
41676,0.08077835119478086
41677,0.027425368488048125
41678,0.349908
41679,0.13231678411793413
41680,0.11409918818027784
41681,0.022391627277698757
41682,0.001978217885471557
41683,0.10106941896051216
41684,0.0812465739968676
41685,0.03249764619836334
41686,1.0
41687,0.018872730936740384
41688,0.18296164764831335
41689,0.0611112985628189
41690,0.08045105027782376
41691,0.05155659314041352
41692,0.024053952316676605
41693,0.012956157200477377
41694,0.027889427012862178
41695,0.29765376919960834
41696,0.03524166539600443
41697,0.007859985879786036
41698,0.219997
41699,0.09873829863708988
41700,0.052101495435442756
41701,0.06508871624084071
41702,0.349908
41703,0.01195876795900788
41704,0.0881063493647733
41705,0.349908
41706,0.09376607657704467
41707,0.02179962997466156
41708,0.009979588485514732
41709,0.13265575074938707
41710,0.219997
41711,0.012279532549177316
41712,0.1319598536265841
41713,0.0471083175648778
41714,0.04334249989169386
41715,0.1575884634433892
41716,0.220016
41717,0.02008709962528547
41718,0.018596820549284392
41719,0.01020408679593284
41720,0.021490508853596307
41721,0.026658896107703067
41722,0.0066062548940975735
41723,0.016533246708934874
41724,0.03627524114430417
41725,0.07100988937341435
41726,0.03759859476727045
41727,0.15839696410097967
41728,0.219997
41729,0.349908
41730,0.031242602691695442
41731,0.0263562647060738
41732,0.008587048484052328
41733,0.010631679785133127
41734,0.029869651294134988
41735,0.03628707582735167
41736,0.009171228790869299
41737,0.021583046469866016
41738,0.014447444846122854
41739,0.06403193676734893
41740,0.024960541542377694
41741,0.040631986522047595
41742,0.023093684281762103
41743,0.2026561972147485
41744,0.07626019201708399
41745,0.042535802053936984
41746,0.13221319383598817
41747,0.0063168732674153
41748,0.349908
41749,0.09450756395962501
41750,0.04747777302214205
41751,0.11841061612895469
41752,0.03980048323332992
41753,0.03118024648222177
41754,0.11393192127664423
41755,0.01558685508212559
41756,0.21022371963313774
41757,0.219997
41758,0.02787649165235497
41759,0.018851766519774823
41760,0.0026460467828843003
41761,0.05311103711644966
41762,0.006974305165128658
41763,0.036719095809851575
41764,0.031454966717521037
41765,0.19306310100622792
41766,0.1355943391417026
41767,0.047598606827571006
41768,0.219997
41769,0.02683167005563229
41770,0.04328337522253361
41771,0.06434752728878623
41772,0.05540683451782844
41773,0.349908
41774,0.219997
41775,0.004978265322699994
41776,0.1426671758441278
41777,0.027965220771922546
